"Date","NB_Accidents","NB_VEH_IMPLIQUES_ACCDN","NB_MORTS","NB_BLESSES_GRAVES","NB_BLESSES_LEGERS","NB_VICTIMES_TOTAL","nb_automobile_camion_leger","nb_camionLourd_tractRoutier","nb_outil_equipement","nb_tous_autobus_minibus","nb_bicyclette","nb_cyclomoteur","nb_motocyclette","nb_taxi","nb_urgence","nb_motoneige","nb_VHR","nb_autres_types","nb_veh_non_precise","NB_DECES_PIETON","NB_BLESSES_PIETON","NB_VICTIMES_PIETON","NB_DECES_MOTO","NB_BLESSES_MOTO","NB_VICTIMES_MOTO","NB_DECES_VELO","NB_BLESSES_VELO","NB_VICTIMES_VELO","Temp","Rel.Hum","Wind.Spd","Dew.Point.Temp","Stn_Press","Wind.Dir","weekdays","days","SeverityDeadly","SeverityLight Injury","SeverityMaterial High","SeverityMaterial Low","SeveritySevere Injury","as.factor(Accident_Type)31","as.factor(Accident_Type)32","as.factor(Accident_Type)33","as.factor(Accident_Type)34","as.factor(Accident_Type)35","as.factor(Accident_Type)36","as.factor(Accident_Type)37","as.factor(Accident_Type)38","as.factor(Accident_Type)39","as.factor(Accident_Type)40","as.factor(Accident_Type)41","as.factor(Accident_Type)42","as.factor(Accident_Type)43","as.factor(Accident_Type)44","as.factor(Accident_Type)45","as.factor(Accident_Type)46","as.factor(Accident_Type)47","as.factor(Accident_Type)48","as.factor(Accident_Type)49","as.factor(Accident_Type)50","as.factor(Accident_Type)51","as.factor(Accident_Type)52","as.factor(Accident_Type)53","as.factor(Accident_Type)54","as.factor(Accident_Type)55","as.factor(Accident_Type)59","as.factor(Accident_Type)71","as.factor(Accident_Type)72","as.factor(Accident_Type)73","as.factor(Accident_Type)74","as.factor(Accident_Type)75","as.factor(Accident_Type)99","Accident_CategoryFixed Object","Accident_CategoryMoving Object","Accident_CategoryNo Collision","Auth_Speed10","Auth_Speed100","Auth_Speed20","Auth_Speed30","Auth_Speed40","Auth_Speed50","Auth_Speed60","Auth_Speed70","Auth_Speed80","Auth_Speed90","Surface_CondDry","Surface_CondHard snow","Surface_CondIce","Surface_CondMud","Surface_CondOil","Surface_CondSand or gravel","Surface_CondSlush","Surface_CondSnow","Surface_CondWater accumulation","Surface_CondWet","IlluminationDay and clear","IlluminationDay and semi-dark","IlluminationNight and dark","IlluminationNight and lighted","EnvironmentCommercial","EnvironmentForest","EnvironmentIndustrial","EnvironmentPark","EnvironmentResidential","EnvironmentRural","EnvironmentSchool area","WeatherBlack Ice","WeatherClear Sky","WeatherCloudy","WeatherDrizzle","WeatherFoggy","WeatherHeavy Rain","WeatherSnow","WeatherSnowstorms","WeatherStrong Wind","cluster_id_0","cluster_id_1","cluster_id_2","cluster_id_3","cluster_id_4","cluster_id_5"
"2012-01-01",61,129,0,1,19,20,99,0,1,0,0,0,0,6,0,0,0,0,23,0,4,4,0,0,0,0,0,0,46.5125,5454.41666666667,292.291666666667,-48.5458333333333,6108.18416666667,1161.65217391304,61,366,0,11,22,27,1,48,4,0,0,0,0,0,0,0,0,0,2,0,0,0,0,0,0,1,0,0,0,0,0,0,0,0,0,0,0,1,0,3,52,1,0,0,0,2,10,27,0,0,0,0,4,0,1,1,0,0,12,11,0,22,10,4,0,37,12,0,0,0,42,0,0,0,16,21,8,2,0,2,0,0,6,5,17,8,5,20
"2012-01-02",47,89,0,0,8,8,64,1,0,0,0,0,0,0,0,0,0,0,24,0,2,2,0,0,0,0,0,0,8.8125,2994.29166666667,421.041666666667,-279.454166666667,4654.0575,1096.66666666667,0,0,0,7,19,21,0,34,3,0,0,0,0,0,0,0,1,1,0,0,0,0,0,0,0,1,0,0,1,0,0,0,1,0,0,0,0,0,1,5,37,1,1,0,0,2,5,11,0,1,0,0,18,0,10,0,0,0,0,1,0,10,20,2,0,19,21,0,1,1,22,1,0,0,28,9,2,0,0,0,0,0,1,11,8,7,8,12
"2012-01-03",68,127,0,0,12,12,88,8,0,0,0,0,0,3,2,0,0,1,25,0,5,5,0,0,0,0,0,0,-981.183333333333,3785.33333333333,524.166666666667,-1456.33333333333,6849.75333333333,1742.5,0,68,0,9,25,34,0,50,3,0,0,0,0,0,0,1,0,0,1,0,0,0,0,0,1,1,1,0,1,0,0,0,1,0,0,0,0,0,1,6,54,1,0,0,0,0,8,22,1,1,0,0,42,1,7,0,0,0,0,1,0,5,32,1,2,20,33,0,5,0,23,0,0,0,50,5,0,0,0,2,0,0,7,10,13,11,13,14
"2012-01-04",75,144,0,0,8,8,100,6,1,1,0,0,0,1,3,0,0,1,31,0,1,1,0,0,0,0,0,0,-1006.5625,5087.5,396.875,-1358.75,7558.84375,1756.25,0,150,0,6,30,39,0,60,3,0,0,0,0,0,1,0,1,0,1,0,0,0,0,0,0,1,0,0,3,0,0,0,0,0,0,0,0,0,0,6,64,0,0,0,0,1,10,19,0,0,0,0,31,1,13,0,0,0,3,10,0,8,40,3,0,23,44,0,1,0,23,0,1,1,35,12,0,0,0,18,0,0,13,11,11,14,9,17
"2012-01-05",92,177,0,1,14,15,134,2,0,1,0,0,0,0,3,0,0,2,35,0,5,5,0,0,0,0,0,0,-536.283333333333,6367.16666666667,498.333333333333,-987.85,9202.95166666667,1864,0,276,0,12,28,51,1,72,7,0,0,0,0,0,0,0,1,0,1,0,0,0,0,0,0,0,2,0,2,0,0,0,2,0,0,0,0,0,1,8,79,1,2,0,0,2,9,42,1,0,0,0,15,3,8,0,0,0,3,20,0,32,45,7,1,25,43,0,2,1,36,1,1,0,52,17,0,0,0,11,0,0,13,7,15,13,20,24
"2012-01-06",65,122,0,0,11,11,89,3,1,0,0,0,0,2,4,0,0,0,23,0,2,2,0,0,0,0,0,0,-726.645833333333,5210.83333333333,566.041666666667,-906.75,6496.425,306.041666666667,0,260,0,10,26,29,0,47,3,0,0,0,0,0,1,0,1,0,0,2,1,0,0,0,0,1,1,0,0,0,0,0,1,0,0,0,0,1,0,7,51,1,0,0,0,1,3,25,1,0,0,0,3,2,5,0,0,0,11,24,0,14,39,4,0,16,37,0,4,0,21,0,0,0,17,26,0,1,0,16,0,0,7,5,16,15,6,16
"2012-01-07",73,145,0,1,18,19,110,4,0,1,0,0,0,1,1,0,0,2,26,0,3,3,0,0,0,0,0,0,-314.508333333333,6460.5,368.041666666667,-431.308333333333,7283.33166666667,1405.25,73,365,0,13,22,37,1,53,3,0,0,0,0,0,0,0,1,1,0,0,0,0,0,0,0,2,0,0,0,0,0,0,0,0,0,0,0,1,0,4,56,1,0,0,0,3,11,28,0,0,0,0,5,2,6,0,0,0,7,19,0,29,37,8,1,25,37,0,0,0,33,1,1,3,20,22,10,1,0,11,0,0,4,7,17,18,9,18
"2012-01-08",68,133,0,0,5,5,96,1,0,0,0,0,0,3,1,0,0,1,31,0,0,0,0,0,0,0,0,0,-384.766666666667,4822.33333333333,348.5,-685.95,6887.465,1688.66666666667,68,408,0,3,34,31,0,54,1,0,0,0,0,0,0,0,1,0,0,1,0,0,0,0,0,2,0,0,0,0,0,0,0,0,0,0,0,0,0,4,55,0,0,0,0,2,13,19,0,0,0,0,9,2,3,0,0,0,4,9,0,28,26,4,0,23,28,0,1,0,34,1,1,0,36,15,0,0,0,2,0,0,7,4,23,12,11,11
"2012-01-09",66,127,0,1,7,8,83,8,0,0,1,0,0,4,2,0,0,2,27,0,3,3,0,0,0,0,1,1,-256.85,4878.5,363,-520.575,6665.3125,1308,0,0,0,5,21,39,1,50,4,1,0,0,0,1,0,0,3,0,0,0,0,0,0,0,0,0,0,0,0,0,0,0,1,0,0,0,0,0,0,4,56,0,0,0,0,0,8,27,1,0,0,0,15,0,5,0,0,0,8,7,1,19,32,7,0,19,25,0,5,1,30,0,1,0,33,19,0,0,0,3,0,0,4,4,21,16,9,12
"2012-01-10",80,155,0,2,14,16,112,2,1,4,1,0,0,1,4,0,0,2,28,0,5,5,0,0,0,0,1,1,-87.6666666666667,5603.33333333333,716.666666666667,-480.333333333333,8008.26666666667,1380,0,80,0,13,24,41,2,61,5,1,0,0,0,0,0,0,1,0,1,0,0,0,0,0,0,0,0,0,0,0,0,0,0,0,0,0,0,0,2,2,67,2,2,0,0,4,6,35,0,0,0,0,26,3,0,1,0,0,1,11,0,24,43,4,0,23,41,0,2,0,30,1,2,1,51,12,2,0,0,2,0,0,6,7,23,11,17,16
"2012-01-11",72,139,1,0,7,8,90,10,0,1,0,0,0,5,2,0,0,1,30,0,2,2,0,0,0,0,0,0,-925.2,4599,684,-1316.4,7282.68,321,0,144,1,6,21,44,0,56,2,0,0,0,0,0,0,0,1,0,0,0,0,0,0,0,0,0,0,0,0,0,0,0,2,0,0,0,0,0,1,3,58,1,0,0,0,2,6,30,2,0,0,0,36,2,0,0,0,0,0,7,0,14,34,1,0,27,28,0,5,0,28,0,2,0,38,19,0,0,0,3,0,0,5,5,20,13,8,21
"2012-01-12",125,242,0,0,23,23,169,7,6,7,3,0,0,2,4,0,0,1,43,0,4,4,0,0,0,0,2,2,-871.875,10432.2916666667,1531.25,-1164.58333333333,12489.7916666667,359.375,0,375,0,20,46,59,0,95,5,1,0,0,0,0,0,0,2,1,3,0,1,0,0,1,1,1,1,0,1,0,0,0,2,0,0,0,0,0,1,14,101,1,3,0,0,4,12,57,0,0,0,0,7,1,5,0,0,0,4,94,0,1,64,14,0,29,64,0,3,2,44,0,2,1,12,5,0,0,0,67,27,0,16,10,31,24,18,26
"2012-01-13",156,298,0,0,15,15,191,16,8,2,0,0,0,5,5,1,0,1,69,0,3,3,0,0,0,0,0,0,-689.65,14111.5,1326,-895.05,15333.89,1287,0,624,0,12,63,81,0,122,3,0,0,0,0,0,0,1,3,1,3,0,0,0,0,0,0,2,1,0,2,0,0,0,4,0,0,0,1,0,0,16,126,1,0,0,0,1,26,55,2,0,0,0,1,2,2,0,0,0,6,134,0,1,58,13,0,61,60,0,7,0,78,3,4,2,8,10,2,0,0,105,13,0,14,13,46,21,17,45
"2012-01-14",133,259,0,0,9,9,178,5,3,2,0,0,0,1,8,0,0,0,62,0,2,2,0,0,0,0,0,0,-2087.54583333333,9093.875,803.541666666667,-2687.70833333333,13360.5704166667,3458,133,665,0,7,46,80,0,108,4,0,0,0,0,0,2,0,0,2,1,0,1,0,0,0,2,0,0,0,1,0,0,0,2,0,1,0,0,0,1,9,114,2,1,0,1,2,24,47,0,1,0,0,3,10,7,0,0,0,3,97,0,7,59,8,1,52,47,0,3,0,75,1,2,0,79,21,1,0,0,23,1,0,13,7,34,26,17,36
"2012-01-15",115,230,0,0,11,11,158,1,1,2,0,0,0,1,8,0,0,0,59,0,0,0,0,0,0,0,0,0,-2040.77083333333,7546.875,742.708333333333,-2606.66666666667,11736.325,2721.66666666667,115,690,0,8,44,63,0,85,0,0,0,1,0,1,1,1,2,1,0,0,0,0,0,0,1,2,0,0,0,0,0,0,1,0,0,0,0,1,1,7,89,2,0,0,0,1,19,44,1,2,0,0,8,10,6,0,0,0,2,66,0,8,35,12,1,43,41,0,4,0,63,0,1,0,76,12,0,0,0,5,0,0,13,8,33,15,16,30
"2012-01-16",136,263,1,0,16,17,169,15,4,5,1,0,0,5,3,0,0,1,60,0,2,2,0,0,0,1,0,1,-1662.03333333333,10239.6666666667,929.333333333333,-2138.6,13831.71,2714.08695652174,0,0,1,12,44,79,0,107,3,1,0,0,0,0,0,0,1,2,0,0,0,0,0,0,1,1,1,0,1,0,0,0,2,0,0,0,0,0,2,9,111,2,0,0,0,3,19,50,0,0,0,0,10,9,3,0,0,0,7,72,0,16,67,9,0,34,47,0,5,1,63,0,3,0,88,8,1,0,0,10,2,0,13,9,32,25,23,34
"2012-01-17",165,318,0,1,24,25,217,8,3,7,1,0,0,4,3,0,0,2,73,0,7,7,0,0,0,0,0,0,-764.5,14774.375,749.375,-1006.5,16443.9,1081.66666666667,0,165,0,18,59,87,1,129,7,1,0,0,0,1,0,1,1,2,1,3,1,0,0,0,0,0,0,0,0,0,0,0,2,0,0,0,0,0,2,10,139,2,1,0,0,4,27,62,2,0,1,0,4,7,12,0,0,0,11,105,1,5,84,10,0,47,63,0,6,2,77,0,4,5,20,14,11,0,0,87,4,0,19,10,41,27,17,51
"2012-01-18",177,353,0,0,26,26,244,12,5,6,1,0,0,4,2,0,0,2,77,0,5,5,0,0,0,0,0,0,-1503.025,11482.875,1416,-2481.6875,17723.01,4520.875,0,354,0,20,71,86,0,147,4,1,0,0,0,0,0,0,2,3,1,2,0,0,0,1,1,2,0,0,0,0,0,0,2,0,0,0,0,0,1,14,152,1,2,0,0,2,22,67,0,0,0,0,10,9,63,0,0,0,8,65,0,6,98,9,3,45,66,0,8,1,87,1,1,1,112,19,0,0,0,16,0,10,30,17,43,22,28,37
"2012-01-19",144,289,0,0,22,22,207,13,5,0,0,0,0,5,3,0,0,1,55,0,7,7,0,0,0,0,0,0,-1349.4,9492,978,-2128.8,14527.14,2646,0,432,0,21,53,70,0,122,8,0,0,0,0,0,0,0,0,0,0,1,0,1,0,0,0,0,0,1,0,0,0,0,1,0,0,1,0,0,0,4,130,1,3,0,0,3,20,66,0,0,0,0,12,15,33,0,0,0,12,45,0,17,77,10,0,34,58,0,7,3,59,0,8,1,97,20,0,0,0,5,0,0,18,8,29,33,22,34
"2012-01-20",104,214,0,0,16,16,151,10,1,2,0,0,0,4,3,0,0,0,43,0,6,6,0,0,0,0,0,0,-1175.2,6287.66666666667,628.333333333333,-1820.43333333333,10521.3766666667,2673.66666666667,0,416,0,15,34,55,0,87,6,0,0,0,0,0,1,0,1,0,0,0,0,0,0,0,0,0,0,0,0,0,0,0,0,0,0,0,0,0,0,1,94,0,0,0,0,1,9,44,0,0,0,0,10,12,15,0,0,1,4,32,0,18,57,4,0,28,51,0,4,0,40,1,2,0,68,14,0,1,0,6,0,0,8,7,22,16,16,35
"2012-01-21",110,228,0,0,12,12,159,3,6,0,1,0,0,4,5,0,0,0,50,0,2,2,0,0,0,0,1,1,-1541.83333333333,6975.83333333333,641.666666666667,-2148.66666666667,11190.3,1714.16666666667,110,550,0,9,48,53,0,88,2,1,0,0,0,0,0,0,0,0,1,0,0,0,0,0,1,3,0,1,1,0,0,0,0,0,0,0,0,0,0,7,91,0,0,0,2,1,19,33,0,0,0,0,13,17,19,0,0,0,3,19,0,22,53,4,0,30,48,0,2,1,48,0,1,0,63,23,0,0,0,0,0,0,8,14,27,19,14,28
"2012-01-22",63,125,0,0,6,6,92,0,0,0,0,0,0,0,0,0,0,1,32,0,2,2,0,0,0,0,0,0,-783.0375,4793.25,288.75,-996.7125,6442.5375,994.875,63,378,0,6,27,30,0,52,2,0,0,0,0,0,0,0,0,0,1,0,0,0,0,0,1,0,0,1,1,0,0,0,0,0,0,0,0,0,0,4,54,0,0,0,0,0,8,22,0,0,0,0,11,2,11,0,0,0,7,9,0,14,24,0,0,26,24,0,2,0,31,0,0,0,40,11,0,0,0,0,0,0,6,5,18,15,9,10
"2012-01-23",97,185,0,3,21,24,124,7,1,2,0,0,0,3,1,0,0,1,46,0,9,9,0,0,0,0,0,0,-65.475,7949.95833333333,582,-329.8,9781.19708333333,2072.27272727273,0,0,0,17,20,58,2,77,11,0,0,0,0,1,0,1,0,0,0,0,0,0,0,0,0,0,0,0,1,0,0,0,0,0,0,0,0,0,1,1,90,1,0,0,0,3,16,36,0,1,0,0,8,2,3,0,0,0,2,12,0,51,44,3,1,30,43,0,2,0,41,0,2,0,34,17,21,0,5,1,0,0,12,5,25,19,14,22
"2012-01-24",96,189,0,1,11,12,126,5,2,2,1,0,0,0,4,0,0,0,49,0,4,4,0,0,0,0,0,0,287.6,7484,768,-49.6,9620.24,1968,0,96,0,10,32,53,1,78,5,0,0,0,0,0,0,0,0,1,0,0,0,0,0,1,0,0,0,0,1,0,0,0,2,0,0,0,0,0,1,5,83,1,0,0,0,2,9,25,0,0,0,0,14,2,7,0,0,0,0,2,1,51,58,4,0,18,51,0,1,0,30,0,6,0,38,31,8,0,1,1,0,0,9,11,30,14,8,24
"2012-01-25",75,144,0,0,14,14,96,6,1,3,0,0,0,1,3,0,0,0,34,0,4,4,0,0,0,0,0,0,-260.3125,4821.875,468.75,-695.9375,7602.96875,1840.625,0,150,0,12,28,35,0,53,5,0,0,0,0,0,0,0,1,0,2,1,0,0,0,1,0,1,0,0,0,0,0,0,2,0,0,0,0,0,0,8,58,0,0,0,0,0,8,28,0,1,0,0,36,0,7,0,0,0,2,1,0,11,40,2,0,18,29,0,5,0,30,0,2,1,50,5,1,0,0,0,0,0,9,6,21,18,9,12
"2012-01-26",85,169,0,0,13,13,127,7,1,1,1,0,0,4,1,0,0,0,27,0,2,2,0,0,0,0,0,0,-494.770833333333,5393.95833333333,538.333333333333,-996.979166666667,8605.71875,1260.83333333333,0,255,0,11,29,45,0,68,2,1,0,1,0,0,1,0,1,1,1,0,0,0,0,0,0,0,0,0,0,0,0,0,0,0,0,0,0,0,0,3,73,0,0,0,0,0,6,39,0,1,0,0,43,1,2,0,0,0,2,17,0,7,48,5,0,21,42,0,4,1,29,0,2,0,54,8,0,0,0,6,0,0,10,4,24,15,15,17
"2012-01-27",186,381,0,0,40,40,283,13,4,1,0,0,0,7,4,0,0,1,68,0,6,6,0,0,0,0,0,0,-279,17042.25,1356.25,-495.225,18438.8,2086.4347826087,0,744,0,30,89,67,0,154,7,0,0,0,0,0,0,0,2,1,4,1,1,0,1,0,0,1,0,0,1,0,0,0,1,0,0,0,1,0,1,13,161,2,3,0,0,3,26,90,1,0,0,0,6,3,71,1,0,0,21,45,1,26,49,24,1,101,93,0,7,1,78,0,3,21,16,22,39,2,1,64,4,0,28,16,47,30,24,41
"2012-01-28",80,156,0,1,14,15,111,4,1,1,1,0,0,5,4,0,0,0,29,0,1,1,0,0,0,0,0,0,45,6270,520,-222.333333333333,8000.43333333333,1610,80,400,0,11,23,45,1,63,1,1,0,0,0,0,0,0,3,1,1,1,0,0,0,0,0,0,0,0,0,0,0,0,1,0,0,0,0,1,2,7,65,3,1,0,0,0,11,34,0,0,0,0,4,5,14,0,0,0,5,18,1,22,34,1,1,33,41,0,5,1,30,1,0,1,41,19,0,0,0,4,0,1,9,6,22,11,11,21
"2012-01-29",71,137,0,0,7,7,98,1,0,0,0,0,0,1,1,0,0,0,36,0,2,2,0,0,0,0,0,0,-42.6,4366.5,594.625,-508.241666666667,7113.78583333333,1567.91666666667,71,426,0,6,28,37,0,50,3,0,0,0,0,0,0,0,1,1,0,1,0,0,0,0,1,0,0,0,0,0,0,0,1,0,0,1,0,0,0,5,53,1,0,0,0,2,10,23,0,0,0,0,15,3,10,0,0,0,6,13,0,12,32,2,0,24,28,0,2,0,36,0,0,0,48,6,1,0,0,1,0,1,5,7,19,7,13,20
"2012-01-30",85,164,0,0,10,10,113,6,1,0,0,0,0,0,6,0,0,2,36,0,7,7,0,0,0,0,0,0,-596.770833333333,5153.125,417.916666666667,-1144.3125,8599.6625,1993.95833333333,0,0,0,9,30,46,0,66,6,0,0,0,0,0,0,1,2,2,0,0,0,0,0,0,0,0,0,0,1,0,0,0,0,0,0,0,0,0,1,5,73,1,3,0,0,1,9,23,0,0,0,1,42,2,9,0,0,1,1,11,0,5,50,5,1,17,49,0,2,1,24,0,1,0,62,8,0,0,0,1,0,0,7,8,23,18,7,22
"2012-01-31",119,236,0,0,22,22,165,11,3,2,0,0,0,3,3,0,0,2,47,0,2,2,0,0,0,0,0,0,-926.7125,9549.75,1100.75,-1266.35833333333,12018.5041666667,803.25,0,119,0,16,40,63,0,90,2,0,1,0,0,0,1,1,1,0,1,0,0,1,0,0,0,0,0,0,0,0,0,0,1,1,0,0,0,1,0,4,95,2,2,0,0,0,11,44,0,0,0,0,5,3,7,0,0,0,5,68,0,15,48,5,0,46,49,0,0,3,51,0,6,0,19,16,2,0,1,57,6,0,15,17,28,19,14,26
"2012-02-01",115,221,0,0,18,18,144,7,4,1,0,0,0,6,2,0,0,2,55,0,3,3,0,0,0,0,0,0,-575,10460.2083333333,981.923076923077,-718.75,11515.525,247.692307692308,0,230,0,13,44,58,0,87,3,0,0,0,0,0,0,0,3,0,2,2,0,0,0,0,1,2,0,0,3,1,0,0,2,0,0,0,0,1,0,16,90,1,0,0,0,0,13,45,2,0,0,1,3,4,15,0,0,0,10,45,0,20,49,12,0,34,46,0,4,0,55,0,1,11,21,28,14,0,1,19,1,0,13,12,28,18,21,23
"2012-02-02",108,217,1,2,15,18,149,10,3,2,1,0,0,3,1,0,0,0,48,0,5,5,0,0,0,0,0,0,-770.4,8167.5,687.610714285714,-1159.65,10950.93,2005.13942307692,0,324,1,12,28,66,1,92,8,1,0,0,0,0,0,0,1,1,0,0,0,0,0,0,0,0,0,0,0,0,0,0,0,0,0,0,0,0,0,2,101,0,2,0,0,2,11,40,0,0,0,0,10,5,5,0,0,0,10,31,0,33,53,3,0,41,43,0,1,2,49,0,5,0,63,26,1,0,0,4,0,0,12,5,25,23,19,24
"2012-02-03",113,234,0,0,11,11,159,9,5,1,1,0,0,1,4,0,0,1,53,0,3,3,0,0,0,0,0,0,-634.683333333333,9035.29166666667,527.333333333333,-964.7375,11513.57,2373,0,452,0,9,46,58,0,91,5,1,0,0,0,0,0,0,0,1,1,0,0,0,0,0,0,0,0,0,0,0,0,0,0,0,0,0,0,0,1,2,97,1,1,0,0,1,12,43,0,0,0,0,7,2,6,0,0,0,4,30,0,39,62,8,1,25,45,0,6,1,50,0,0,0,48,26,1,1,0,14,0,0,13,7,30,19,15,29
"2012-02-04",86,172,0,0,13,13,125,5,1,3,0,0,0,2,2,0,0,0,34,0,2,2,0,0,0,0,0,0,-566.883333333333,5898.16666666667,516,-984.341666666667,8741.07583333333,2755.58333333333,86,430,0,12,33,41,0,75,2,0,0,0,0,0,0,1,0,1,2,0,0,0,1,0,0,0,0,0,0,0,0,0,1,0,0,0,0,0,2,5,78,2,0,0,0,6,14,23,1,0,0,0,19,3,3,0,0,0,1,18,0,25,36,1,0,36,34,0,2,1,36,0,3,0,66,7,0,0,0,1,0,0,9,3,22,16,12,24
"2012-02-05",54,108,0,0,7,7,80,0,0,0,0,0,0,0,0,0,0,0,28,0,2,2,0,0,0,0,0,0,-381.6,3917.25,348.75,-605.25,5464.305,1129.5,54,324,0,7,26,21,0,39,3,0,0,0,0,0,1,0,0,0,2,0,0,0,0,0,0,1,1,0,0,0,0,0,0,0,0,0,0,0,0,4,43,0,1,0,0,1,6,17,0,0,0,0,18,3,3,0,0,0,2,9,0,11,21,0,0,27,22,0,1,0,29,0,0,0,32,12,0,0,0,1,0,0,6,5,13,11,7,12
"2012-02-06",83,163,0,0,15,15,105,6,2,2,2,0,0,2,1,0,0,1,42,0,1,1,0,0,0,0,1,1,146.2875,5893,567.166666666667,-245.8875,8314.49041666667,1753.375,0,0,0,10,31,42,0,65,1,2,0,0,0,0,0,0,1,1,1,1,0,0,0,0,0,1,0,0,0,0,0,0,0,0,0,0,0,0,1,5,68,1,0,0,0,0,10,28,2,0,0,0,18,2,2,0,0,0,1,6,0,43,49,3,0,17,45,0,2,1,28,0,2,0,40,33,0,0,0,0,0,0,13,3,24,11,12,20
"2012-02-07",81,164,0,0,12,12,110,10,0,3,1,0,0,3,4,0,0,0,33,0,2,2,0,0,0,0,1,1,-344.925,4171.5,637.875,-1057.05,8193.25125,1684.125,0,81,0,10,37,34,0,60,2,1,0,0,0,0,0,0,0,0,0,0,0,0,0,0,0,1,0,0,0,0,0,0,1,0,0,0,0,1,2,2,63,3,2,0,0,3,11,30,2,0,0,0,47,2,6,0,0,0,2,3,0,10,49,1,0,20,37,0,8,1,31,1,1,0,67,4,0,0,0,0,0,0,8,6,22,20,7,18
"2012-02-08",82,162,0,0,11,11,112,11,0,2,0,0,0,2,0,0,0,1,34,0,4,4,0,0,0,0,0,0,-497.808333333333,4212.75,591.083333333333,-1212.575,8305.13083333333,1807.41666666667,0,164,0,11,34,37,0,67,6,0,0,0,0,0,0,0,0,1,0,0,0,0,0,0,0,1,0,0,1,0,0,0,0,0,0,0,0,0,0,3,73,0,0,0,0,3,10,34,0,0,0,0,49,3,6,0,0,0,1,2,0,11,49,2,0,18,34,0,2,1,35,0,3,0,65,6,0,0,0,0,0,0,12,3,21,12,7,27
"2012-02-09",91,174,0,0,28,28,130,5,0,4,4,0,0,3,2,0,0,0,26,0,8,8,0,0,0,0,1,1,-74.3166666666667,6009.79166666667,614.25,-591.120833333333,9162.44875,1948.91666666667,0,273,0,24,26,41,0,69,9,4,0,0,0,0,0,0,0,1,1,0,0,0,0,0,0,0,0,0,0,0,0,0,1,0,0,0,0,0,0,3,82,0,0,0,0,1,8,40,0,0,0,0,54,3,4,0,0,0,2,1,0,16,63,5,1,16,56,0,0,1,31,0,1,0,80,3,0,0,0,0,0,0,6,9,25,18,17,16
"2012-02-10",85,166,0,0,18,18,108,4,0,4,0,0,0,0,7,0,0,0,43,0,3,3,0,0,0,0,0,0,23.7291666666667,5840.20833333333,655.208333333333,-412.604166666667,8547.3875,1767.29166666667,0,340,0,14,31,40,0,68,4,0,0,0,0,0,0,1,0,1,0,1,0,0,0,0,1,0,0,0,0,0,0,0,1,0,0,0,0,0,1,4,73,1,1,0,0,3,11,29,0,0,0,0,44,4,6,0,0,1,0,5,0,13,46,4,0,24,43,0,3,0,31,0,1,0,51,19,1,0,0,2,0,0,15,4,19,17,10,20
"2012-02-11",90,182,0,0,15,15,133,4,0,2,0,0,0,3,2,0,0,0,38,0,1,1,0,0,0,0,0,0,-1041.75,6116.25,926.25,-1473.375,9036.075,840,90,450,0,11,37,42,0,67,3,0,0,0,0,0,0,0,0,0,1,2,0,0,1,1,0,0,0,0,0,0,0,0,3,0,0,1,0,0,1,8,70,2,2,0,0,1,14,32,0,2,0,0,32,5,5,0,0,0,2,20,0,17,28,5,2,46,41,0,2,1,41,1,1,0,52,14,0,0,0,13,0,0,6,10,33,12,12,17
"2012-02-12",61,121,0,0,6,6,87,1,1,1,0,0,0,1,2,0,0,0,28,0,1,1,0,0,0,0,0,0,-845.104166666667,3238.08333333333,462.583333333333,-1308.19583333333,6107.52333333333,1685.125,61,366,0,4,29,28,0,44,4,0,0,0,0,0,0,0,0,2,0,0,1,0,0,0,1,1,1,0,0,0,0,0,0,0,0,0,0,0,0,6,48,0,0,0,0,0,5,28,0,0,0,0,31,1,5,0,0,0,0,4,0,9,24,1,0,22,25,0,1,0,29,0,0,0,42,9,0,0,0,0,0,0,11,2,16,12,8,12
"2012-02-13",82,168,0,0,11,11,110,6,0,2,0,0,0,2,3,0,0,0,45,0,3,3,0,0,0,0,0,0,-595.183333333333,4554.41666666667,464.666666666667,-1217.35833333333,8207.51666666666,1465.75,0,0,0,10,29,43,0,65,3,0,0,0,0,0,0,0,0,0,0,0,0,0,0,0,0,0,0,0,1,0,0,0,0,0,0,0,0,0,0,1,68,0,1,0,1,0,14,25,0,0,0,0,53,3,7,0,0,0,0,2,0,3,41,3,2,23,36,0,2,1,31,0,3,0,49,17,0,0,0,1,0,0,9,5,26,10,13,19