"Date","NB_Accidents","NB_VEH_IMPLIQUES_ACCDN","NB_MORTS","NB_BLESSES_GRAVES","NB_BLESSES_LEGERS","NB_VICTIMES_TOTAL","nb_automobile_camion_leger","nb_camionLourd_tractRoutier","nb_outil_equipement","nb_tous_autobus_minibus","nb_bicyclette","nb_cyclomoteur","nb_motocyclette","nb_taxi","nb_urgence","nb_motoneige","nb_VHR","nb_autres_types","nb_veh_non_precise","NB_DECES_PIETON","NB_BLESSES_PIETON","NB_VICTIMES_PIETON","NB_DECES_MOTO","NB_BLESSES_MOTO","NB_VICTIMES_MOTO","NB_DECES_VELO","NB_BLESSES_VELO","NB_VICTIMES_VELO","Temp","Rel.Hum","Wind.Spd","Dew.Point.Temp","Stn_Press","Wind.Dir","weekdays","days","SeverityDeadly","SeverityLight Injury","SeverityMaterial High","SeverityMaterial Low","SeveritySevere Injury","as.factor(Accident_Type)31","as.factor(Accident_Type)32","as.factor(Accident_Type)33","as.factor(Accident_Type)34","as.factor(Accident_Type)35","as.factor(Accident_Type)36","as.factor(Accident_Type)37","as.factor(Accident_Type)38","as.factor(Accident_Type)39","as.factor(Accident_Type)40","as.factor(Accident_Type)41","as.factor(Accident_Type)42","as.factor(Accident_Type)43","as.factor(Accident_Type)44","as.factor(Accident_Type)45","as.factor(Accident_Type)46","as.factor(Accident_Type)47","as.factor(Accident_Type)48","as.factor(Accident_Type)49","as.factor(Accident_Type)50","as.factor(Accident_Type)51","as.factor(Accident_Type)52","as.factor(Accident_Type)53","as.factor(Accident_Type)54","as.factor(Accident_Type)55","as.factor(Accident_Type)59","as.factor(Accident_Type)71","as.factor(Accident_Type)72","as.factor(Accident_Type)73","as.factor(Accident_Type)74","as.factor(Accident_Type)75","as.factor(Accident_Type)99","Accident_CategoryFixed Object","Accident_CategoryMoving Object","Accident_CategoryNo Collision","Auth_Speed10","Auth_Speed100","Auth_Speed20","Auth_Speed30","Auth_Speed40","Auth_Speed50","Auth_Speed60","Auth_Speed70","Auth_Speed80","Auth_Speed90","Surface_CondDry","Surface_CondHard snow","Surface_CondIce","Surface_CondMud","Surface_CondOil","Surface_CondSand or gravel","Surface_CondSlush","Surface_CondSnow","Surface_CondWater accumulation","Surface_CondWet","IlluminationDay and clear","IlluminationDay and semi-dark","IlluminationNight and dark","IlluminationNight and lighted","EnvironmentCommercial","EnvironmentForest","EnvironmentIndustrial","EnvironmentPark","EnvironmentResidential","EnvironmentRural","EnvironmentSchool area","WeatherBlack Ice","WeatherClear Sky","WeatherCloudy","WeatherDrizzle","WeatherFoggy","WeatherHeavy Rain","WeatherSnow","WeatherSnowstorms","WeatherStrong Wind","cluster_id_0","cluster_id_1","cluster_id_2","cluster_id_3","cluster_id_4","cluster_id_5"
"2012-03-29",74,148,0,0,12,12,95,5,1,1,2,0,0,3,1,0,0,2,38,0,1,1,0,0,0,0,2,2,152.316666666667,5102.91666666667,736.916666666667,-244.816666666667,7416.40333333333,724.583333333333,0,222,0,11,19,44,0,60,1,2,0,0,0,0,0,0,0,0,1,0,0,0,0,0,0,1,0,1,2,0,0,0,0,0,0,0,0,0,1,5,63,1,2,0,1,1,5,28,0,0,0,0,51,0,0,0,0,0,0,0,0,9,43,1,0,13,38,0,1,1,28,0,2,0,29,29,1,0,0,1,0,0,8,4,18,20,13,11
"2012-03-30",107,205,0,2,28,30,144,5,0,5,4,1,0,5,2,0,0,0,39,0,4,4,0,0,0,0,4,4,27.6416666666667,5171.66666666667,869.375,-1020.06666666667,10797.77125,2376.29166666667,0,428,0,16,30,59,2,80,5,2,0,0,0,0,0,1,0,1,2,1,0,0,0,1,0,2,0,0,0,0,0,0,1,0,0,0,0,0,2,8,88,2,1,0,0,2,13,41,0,0,0,0,93,0,0,0,0,0,0,0,0,2,66,3,2,22,59,0,3,0,35,1,2,0,86,6,1,0,0,0,0,0,9,11,23,23,10,31
"2012-03-31",70,140,0,0,17,17,99,4,1,3,1,0,0,3,0,0,0,1,28,0,1,1,0,0,0,0,1,1,219.333333333333,3082.91666666667,393.75,-569.916666666667,7048.62083333333,761.25,70,350,0,13,20,37,0,62,1,1,0,0,0,0,0,0,1,0,0,0,0,0,0,0,0,0,0,0,0,0,0,0,0,0,0,0,0,1,1,1,64,2,1,0,0,0,8,25,0,1,0,0,61,0,0,0,0,1,0,0,0,0,47,0,0,15,39,0,2,0,26,0,0,0,57,2,0,0,0,0,0,0,6,5,17,13,12,17
"2012-04-01",56,118,1,0,8,9,85,4,0,1,2,1,0,2,2,0,0,0,21,0,2,2,0,0,0,0,1,1,192.966666666667,3630.66666666667,266,-159.833333333333,5598.50666666667,1110.66666666667,56,336,1,7,22,26,0,44,3,2,0,0,0,0,1,2,0,0,0,0,0,0,0,0,0,0,0,0,0,0,0,0,0,0,0,0,0,0,1,0,52,1,1,0,0,5,9,22,0,0,0,0,30,0,0,0,0,0,0,0,0,20,30,1,0,20,27,0,2,0,23,0,1,0,23,10,16,0,0,0,0,0,3,4,16,11,9,13
"2012-04-02",91,178,0,1,19,20,122,9,0,4,1,0,1,5,4,0,0,0,32,0,6,6,0,0,0,0,0,0,360.5875,4136.70833333333,1076.83333333333,-802.316666666667,9114.18083333334,1558.375,0,0,0,15,29,46,1,73,7,1,0,0,0,0,0,0,0,1,0,0,0,0,0,0,0,2,1,0,1,0,0,0,2,1,0,0,0,0,2,7,81,3,1,0,2,1,9,34,0,0,0,0,69,0,2,0,0,1,0,0,0,8,60,0,2,14,41,0,4,0,34,1,3,0,72,5,3,0,0,0,0,0,15,8,24,13,11,20
"2012-04-03",89,174,0,0,13,13,123,9,0,0,2,0,0,5,2,0,0,0,33,0,5,5,0,0,0,0,1,1,466.508333333333,2454.91666666667,737.958333333333,-1085.8,8926.55166666666,1661.33333333333,0,89,0,11,34,44,0,68,4,2,0,0,0,0,0,0,0,0,2,0,0,0,0,0,0,1,1,0,2,0,0,0,1,0,0,0,0,0,0,7,74,0,0,0,0,6,10,31,0,0,0,0,76,0,0,1,0,0,0,0,0,0,54,0,1,19,42,0,6,0,27,0,7,0,71,4,0,0,0,0,0,0,6,8,28,15,15,17
"2012-04-04",74,151,0,0,13,13,101,5,0,1,2,0,0,1,3,0,0,0,38,0,0,0,0,0,0,0,1,1,482.85,3333.08333333333,678.333333333333,-355.2,7363.58583333333,1387.5,0,148,0,11,25,38,0,61,2,1,0,0,0,0,0,0,0,0,0,1,0,0,0,0,0,1,0,0,0,0,0,0,1,0,0,0,0,0,1,3,64,1,1,0,0,1,6,34,0,0,0,0,66,0,0,0,0,0,0,0,0,0,48,3,0,13,36,0,1,0,31,0,1,0,49,13,0,0,0,0,0,0,5,5,26,17,9,12
"2012-04-05",78,160,0,0,17,17,110,9,0,1,6,1,0,5,2,0,0,0,26,0,1,1,0,0,0,0,6,6,340.275,3461.25,949,-546,7817.9725,1787.5,0,234,0,14,16,48,0,62,1,6,0,0,0,0,0,0,0,1,0,0,0,0,0,0,0,0,0,0,0,0,0,0,0,0,0,0,0,0,0,1,69,0,1,0,0,1,9,32,1,0,0,0,67,0,0,0,0,0,0,0,0,0,53,2,0,12,40,0,2,1,25,0,4,0,60,8,0,0,0,0,0,0,6,6,25,16,5,20
"2012-04-06",74,143,0,1,9,10,100,4,0,4,0,1,0,1,2,0,0,2,29,0,2,2,0,0,0,0,0,0,360.75,2580.75,792.416666666667,-742.775,7455.83916666667,724.583333333333,0,296,0,9,23,41,1,56,2,1,0,0,0,0,1,0,0,2,1,0,0,0,0,0,0,1,1,0,0,0,0,0,0,0,0,0,0,0,1,5,60,1,0,0,0,1,5,37,0,0,0,0,63,0,0,0,0,0,0,0,0,0,46,1,0,19,39,0,0,0,28,0,0,0,61,3,0,0,0,0,0,0,5,4,20,16,10,19
"2012-04-07",62,127,0,0,16,16,94,2,1,1,1,1,2,3,0,0,0,0,22,0,3,3,0,0,0,0,1,1,364.766666666667,2113.16666666667,570.916666666667,-547.15,6260.42416666667,465,62,310,0,13,23,26,0,54,4,1,0,0,0,0,0,0,1,0,0,0,0,0,0,0,0,1,0,0,0,0,0,0,0,0,0,0,0,0,0,2,59,0,1,0,0,0,8,28,0,0,0,0,54,0,0,0,0,0,0,0,0,0,36,1,0,17,30,0,2,0,24,0,0,0,31,23,0,0,0,0,0,0,1,3,19,8,13,18
"2012-04-08",41,90,0,1,15,16,72,0,0,0,2,0,1,2,0,0,0,1,12,0,0,0,0,1,1,0,2,2,350.208333333333,1576.79166666667,297.25,-208.416666666667,4096.25875,475.95652173913,41,246,0,8,15,17,1,31,0,2,0,0,0,0,1,0,0,0,0,0,0,0,1,0,0,0,1,0,1,0,0,0,0,0,1,0,0,0,0,3,34,1,0,0,0,0,6,21,0,0,0,0,37,0,0,0,0,0,0,0,0,0,27,2,0,9,15,0,2,0,23,0,0,0,26,11,0,0,0,0,0,0,3,1,10,6,2,19
"2012-04-09",71,143,0,0,11,11,102,2,0,1,0,0,0,2,3,0,0,3,30,0,0,0,0,0,0,0,0,0,500.254166666667,4517.375,366.833333333333,32.5416666666667,7013.40958333333,1615.25,0,0,0,8,24,39,0,54,0,0,0,0,0,0,0,0,0,0,0,1,2,0,0,0,0,1,1,0,0,0,0,0,2,0,0,0,0,0,1,7,54,1,1,0,1,2,6,22,0,0,0,0,26,0,0,0,0,0,0,0,0,26,36,4,1,12,30,0,4,0,29,0,1,0,16,17,19,0,0,0,0,0,10,4,15,19,10,13
"2012-04-10",62,124,0,0,11,11,88,3,0,0,0,0,0,2,2,0,0,0,29,0,3,3,0,0,0,0,0,0,373.291666666667,4686.16666666667,369.416666666667,121.416666666667,6153.08666666667,1384.66666666667,0,62,0,10,20,32,0,49,3,0,0,0,0,0,0,1,0,0,0,0,0,0,0,0,0,0,0,0,0,0,0,0,1,0,0,0,0,1,1,1,53,2,1,0,0,1,7,24,0,0,0,0,45,0,0,0,0,0,0,0,0,6,43,2,0,7,28,0,4,0,24,0,1,0,29,19,3,0,0,0,0,0,3,3,20,11,5,20
"2012-04-11",65,132,0,0,12,12,88,5,0,1,1,1,2,2,1,0,0,1,30,0,1,1,0,1,1,0,0,0,439.5625,4585.20833333333,463.125,99.6666666666667,6517.63125,880.208333333333,0,130,0,11,12,42,0,57,1,1,0,0,0,0,0,0,0,0,1,0,0,0,0,0,0,0,0,0,0,0,0,0,0,0,1,0,0,0,0,1,59,1,0,0,1,4,9,22,0,0,0,0,47,0,0,0,0,0,0,0,0,8,47,1,0,6,31,0,2,0,24,0,1,0,38,12,3,0,0,0,0,0,9,9,13,12,7,15
"2012-04-12",82,157,0,0,15,15,114,5,0,0,0,0,1,1,3,0,0,1,32,0,2,2,0,1,1,0,0,0,662.833333333333,4082.91666666667,666.25,-162.291666666667,8276.1575,1089.91666666667,0,246,0,12,35,35,0,65,3,0,0,0,0,0,0,0,0,0,2,0,0,0,0,0,0,0,0,0,1,0,0,0,0,0,0,0,0,0,2,3,68,2,1,0,0,1,10,23,1,0,0,0,59,0,0,0,0,1,0,0,0,0,49,1,0,11,43,0,2,0,25,0,1,0,57,3,0,0,0,0,0,0,7,13,19,12,13,18
"2012-04-13",90,170,0,1,11,12,120,4,1,1,2,0,3,3,3,0,0,1,32,0,6,6,0,1,1,0,0,0,955.5,2973.75,491.25,-503.25,9093.45,2535.65217391304,0,360,0,10,38,41,1,66,6,1,0,0,0,0,0,0,0,0,3,0,0,0,0,0,0,3,1,0,0,0,0,0,2,0,0,0,0,1,2,9,73,3,1,0,0,0,14,28,0,1,0,0,71,0,0,0,0,1,0,0,0,1,54,1,0,21,41,0,3,1,39,0,0,0,70,1,0,0,0,0,0,0,8,6,22,10,12,32
"2012-04-14",80,165,0,2,19,21,121,3,0,2,3,1,2,2,2,0,0,0,29,0,4,4,0,0,0,0,3,3,931,3276.66666666667,706.666666666667,-142.333333333333,8060.36666666667,1936.66666666667,80,400,0,17,31,30,2,63,3,3,0,0,0,0,0,0,1,0,0,0,0,0,0,0,0,0,0,0,0,0,0,0,2,0,0,0,0,0,0,3,69,0,1,0,0,2,7,32,0,0,0,0,71,0,0,0,0,0,0,0,0,0,47,1,0,23,39,0,0,1,35,0,1,0,67,5,0,0,0,0,0,0,7,3,22,11,16,21
"2012-04-15",51,101,0,0,8,8,71,0,0,0,1,0,1,0,0,0,0,0,28,0,1,1,0,0,0,0,1,1,796.025,3200.25,363.375,422.6625,5116.46875,1096.5,51,306,0,6,15,30,0,41,1,1,0,0,0,0,0,1,1,0,0,0,0,0,0,0,0,0,1,0,1,0,0,0,0,0,0,0,0,0,0,3,44,0,0,0,0,2,12,11,0,0,0,0,39,0,0,0,0,0,0,0,0,1,29,0,0,13,20,0,0,0,28,0,1,0,29,12,0,0,0,0,0,0,4,4,14,13,5,11
"2012-04-16",72,141,0,0,22,22,95,8,0,2,5,0,0,4,5,0,0,0,22,0,2,2,0,0,0,0,4,4,1584.9,4371,513,946.5,7200.09,1389,0,0,0,16,19,37,0,58,2,5,0,0,0,0,0,2,0,0,0,0,0,0,0,0,0,0,0,0,0,0,0,0,2,0,0,0,0,0,0,2,67,0,0,0,0,0,8,24,0,0,0,0,58,0,0,0,0,0,0,0,0,6,43,5,0,13,28,0,5,2,27,0,2,0,47,10,3,0,0,0,0,0,3,5,19,15,7,23
"2012-04-17",85,174,0,0,12,12,120,2,0,2,4,0,1,5,4,0,0,1,35,0,1,1,0,1,1,0,3,3,1011.14583333333,3956.04166666667,839.375,62.3333333333333,8583.86666666667,1629.16666666667,0,85,0,12,23,50,0,73,2,4,0,0,0,0,0,0,0,0,0,0,0,0,0,0,0,0,1,0,0,0,0,0,0,0,1,0,0,0,1,1,79,2,0,0,1,1,15,30,0,0,0,0,73,0,0,0,0,0,0,0,0,1,61,1,0,14,41,0,4,0,33,0,2,0,67,6,1,0,0,0,0,0,7,7,17,24,8,22
"2012-04-18",90,177,0,0,16,16,126,5,0,4,1,0,0,3,0,0,0,3,35,0,2,2,0,0,0,0,1,1,547.125,4098.75,645,-453.75,9144.7125,1121.25,0,180,0,13,27,50,0,71,3,1,1,0,0,0,0,0,0,0,0,0,0,0,0,1,0,0,0,1,0,0,0,0,2,0,0,0,0,0,0,4,76,0,2,0,1,2,13,31,0,0,0,0,82,0,0,0,0,0,0,0,0,0,67,1,0,13,41,0,5,0,36,1,0,0,81,1,0,0,0,0,0,0,8,6,23,24,12,17
"2012-04-19",80,156,0,0,17,17,105,6,0,2,2,0,2,5,2,0,1,0,31,0,4,4,0,2,2,0,2,2,1072.33333333333,3353.33333333333,486.666666666667,27,8046.6,1593.33333333333,0,240,0,16,21,43,0,63,5,2,0,0,0,0,0,0,0,0,0,1,0,0,0,0,0,0,0,0,0,0,0,0,0,0,0,0,0,0,0,1,70,0,0,0,1,1,7,38,0,1,0,0,68,0,0,0,0,0,0,0,0,2,52,2,0,17,38,0,2,0,28,0,5,0,63,5,1,0,0,0,0,0,5,9,18,17,11,20
"2012-04-20",87,173,1,2,19,22,125,9,0,2,5,1,0,0,1,0,0,0,30,1,2,3,0,0,0,0,3,3,672.075,6100.875,1102,210.975,8736.06875,297.25,0,348,1,13,26,46,1,68,3,4,0,0,0,1,1,0,1,0,0,0,0,0,0,0,0,0,1,0,0,0,0,0,0,0,0,0,0,1,0,2,77,1,0,0,0,2,11,36,0,1,0,0,68,0,0,0,0,0,0,0,0,6,60,2,0,16,35,0,7,1,37,1,2,0,41,32,1,0,0,0,0,0,7,5,31,15,10,19
"2012-04-21",86,175,0,0,26,26,137,2,0,2,3,0,0,4,0,0,0,1,26,0,3,3,0,0,0,0,3,3,409.933333333333,7611,917.333333333333,260.508333333333,8615.265,419.25,86,430,0,19,28,39,0,65,4,3,0,0,0,0,0,0,2,0,1,0,0,0,0,0,0,0,0,0,1,0,1,0,2,0,0,0,0,0,0,7,72,0,0,0,0,0,9,35,0,1,0,0,18,0,0,0,0,0,0,0,1,56,43,6,1,26,36,0,2,0,38,0,0,0,14,8,49,0,4,0,0,0,5,12,23,16,12,18
"2012-04-22",64,119,0,2,19,21,85,1,0,1,2,0,0,6,2,0,0,1,21,0,4,4,0,0,0,0,2,2,205.866666666667,5248,714.666666666667,21.3333333333333,6446.02666666667,266.666666666667,64,384,0,14,21,27,2,50,4,2,0,0,0,0,0,0,0,0,1,0,1,0,0,0,0,1,0,1,0,0,0,0,1,0,0,0,0,1,1,5,56,2,0,0,0,1,8,21,2,1,0,0,25,0,1,0,0,0,1,0,0,27,25,2,0,27,32,0,3,2,21,0,1,0,14,17,20,0,1,3,0,0,10,3,23,12,7,9
"2012-04-23",63,120,0,0,10,10,78,3,0,0,2,0,1,5,1,0,0,0,30,0,3,3,0,0,0,0,2,2,209.7375,5704.125,1057.875,122.325,6231.35625,378,0,0,0,8,23,32,0,44,4,2,0,0,1,1,0,0,1,0,0,0,0,0,0,0,0,0,0,0,0,1,0,0,0,0,0,0,0,0,0,2,52,0,1,0,0,0,11,23,0,0,0,0,16,0,0,0,0,0,0,0,0,38,37,2,0,14,35,0,2,0,19,1,2,0,13,15,22,0,3,0,0,0,3,6,15,9,14,16
"2012-04-24",76,156,0,0,12,12,103,6,0,5,0,0,0,5,1,0,0,1,35,0,3,3,0,0,0,0,0,0,537.066666666667,5567,560.5,185.883333333333,7486.665,1586.5,0,76,0,12,22,42,0,62,4,0,0,0,0,0,0,0,0,0,0,1,0,0,0,0,0,1,0,0,0,0,0,0,1,0,0,0,1,0,0,3,66,1,0,0,0,2,6,34,0,0,0,0,30,0,0,0,0,0,0,0,0,38,50,7,0,10,36,0,2,0,30,1,1,0,17,26,22,0,3,0,0,0,8,9,21,9,9,20
"2012-04-25",76,151,0,1,24,25,105,6,2,5,4,1,0,3,2,0,0,2,21,0,0,0,0,0,0,0,3,3,513.316666666667,4898.83333333333,481.333333333333,30.0833333333333,7582.29833333333,1729,0,152,0,13,23,39,1,55,1,4,0,0,0,0,0,0,2,0,1,0,0,0,0,0,0,2,1,0,0,0,0,0,0,0,0,0,0,0,3,6,60,3,0,0,0,2,12,31,0,0,0,0,55,0,0,0,0,0,0,0,0,9,53,1,1,12,31,0,2,0,36,0,2,0,28,33,5,0,0,0,0,0,9,6,24,7,11,19
"2012-04-26",79,143,0,2,20,22,93,9,0,1,6,0,2,4,5,0,0,0,23,0,7,7,0,0,0,0,5,5,591.5125,5385.16666666667,444.375,127.3875,7887.68916666666,1385.79166666667,0,237,0,19,23,35,2,52,8,6,0,0,0,0,1,1,1,1,0,1,0,0,0,0,0,2,1,0,0,0,0,0,0,0,0,0,0,0,0,6,68,0,0,0,0,0,9,31,2,1,0,0,39,0,0,0,0,0,0,0,0,30,44,1,1,26,47,0,4,0,24,0,0,0,24,18,26,0,1,0,0,0,5,5,30,13,10,16
"2012-04-27",91,174,0,0,15,15,131,9,0,3,3,0,0,4,4,0,0,0,20,0,4,4,0,0,0,0,1,1,248.354166666667,6214.54166666667,853.125,-247.595833333333,9111.375,1607.66666666667,0,364,0,12,32,47,0,69,4,3,0,0,0,0,0,0,0,1,0,0,0,0,0,0,0,1,0,0,3,0,0,0,1,0,0,0,0,0,0,6,76,0,0,0,0,3,11,41,0,0,0,0,69,0,0,0,0,0,0,0,0,16,67,4,0,14,42,0,3,0,40,0,0,0,40,36,4,0,0,2,0,0,11,5,27,14,10,24
"2012-04-28",84,170,0,1,12,13,132,3,0,0,3,0,0,3,1,0,0,0,28,0,2,2,0,0,0,0,3,3,242.9,3276,581,-879.2,8494.57,1718.5,84,420,0,8,28,47,1,66,2,2,0,0,0,0,0,0,0,0,0,1,0,0,0,0,0,1,1,0,1,0,0,0,1,0,0,0,0,0,0,5,70,0,2,0,0,1,15,29,0,0,0,0,69,0,0,0,0,0,0,0,0,2,39,0,0,30,35,0,2,3,36,0,0,0,62,8,1,0,0,0,0,0,9,5,24,13,8,25
"2012-04-29",72,142,0,1,18,19,104,1,0,0,3,1,0,7,6,0,0,0,20,0,2,2,0,0,0,0,3,3,367.5,1893,567,-940.2,7288.17,1395,72,432,0,13,27,31,1,56,2,3,0,0,0,0,1,0,1,0,0,1,0,0,0,0,0,0,1,0,2,0,0,0,0,0,0,0,0,0,2,5,62,2,1,0,1,1,17,25,0,0,0,0,67,0,0,0,0,0,0,0,0,0,46,0,0,21,26,0,1,1,39,0,0,0,65,2,0,0,0,0,0,0,10,7,26,9,10,10
"2012-04-30",75,147,0,2,14,16,93,10,0,0,3,1,3,2,4,0,0,0,31,0,4,4,0,3,3,0,3,3,657.1875,2575,384.375,-463.4375,7616.40625,1053.125,0,0,0,11,18,44,2,57,4,3,0,0,0,0,0,0,0,0,1,0,0,0,0,0,0,0,1,0,0,0,0,0,1,0,0,0,0,0,2,3,64,2,1,0,1,1,8,26,0,0,0,0,59,0,0,0,0,0,0,0,0,4,50,0,0,14,32,0,4,2,29,0,2,0,51,8,1,0,0,0,0,0,7,8,19,13,13,15
"2012-05-01",75,153,0,1,21,22,108,7,0,3,1,0,1,2,4,0,0,0,27,0,2,2,0,1,1,0,1,1,718.4375,6106.25,400,469.0625,7560.8125,1403.125,0,75,0,13,30,31,1,64,1,1,0,0,0,0,0,0,0,1,1,0,0,0,0,1,0,0,0,0,1,0,0,0,1,0,0,0,0,0,2,5,66,2,3,0,0,2,7,31,1,0,0,0,24,0,0,1,0,0,0,0,0,40,52,2,0,16,44,0,3,0,20,0,1,0,11,30,24,1,0,0,0,0,3,4,26,14,11,17
"2012-05-02",66,124,0,0,17,17,85,3,1,0,1,0,1,1,1,0,0,0,31,0,7,7,0,1,1,0,1,1,729.3,5725.5,343.75,579.7,6670.4275,562.434782608696,0,132,0,13,22,31,0,48,6,1,0,1,0,0,0,0,0,1,0,0,0,0,0,0,0,0,0,0,0,0,0,0,0,0,0,0,0,0,1,1,56,1,2,0,0,0,7,23,0,0,0,0,49,0,0,0,0,0,0,0,0,9,47,0,0,13,30,0,4,0,24,0,1,0,37,15,4,2,0,0,0,0,8,7,19,12,7,13
"2012-05-03",68,137,0,0,21,21,95,2,0,3,5,2,1,4,3,0,0,1,21,0,1,1,0,0,0,0,5,5,928.766666666667,5383.33333333333,470.333333333333,684.533333333333,6857.85666666667,1269.33333333333,0,204,0,16,12,40,0,51,1,5,0,0,0,0,0,0,1,0,0,1,0,0,0,0,0,0,0,0,1,0,0,0,1,0,0,0,0,0,3,4,57,3,0,0,1,1,12,26,0,0,0,0,51,0,0,0,0,0,0,0,0,6,47,2,0,10,27,0,0,0,32,1,0,0,30,25,2,0,0,0,0,0,4,5,19,11,12,17
"2012-05-04",92,177,0,1,21,22,132,5,0,0,2,1,0,2,2,0,0,1,32,0,5,5,0,0,0,0,0,0,1310.23333333333,7931.16666666667,632.5,1095.95,9233.04333333333,1594.66666666667,0,368,0,15,29,47,1,74,5,2,0,0,0,0,0,0,1,0,1,0,0,0,0,0,0,0,0,0,1,0,0,0,0,1,0,0,1,0,1,3,81,3,1,0,0,2,12,39,1,1,0,1,49,0,0,0,0,0,0,0,0,28,55,9,0,17,42,0,2,1,35,0,2,0,30,33,16,0,0,0,0,0,2,6,24,18,11,31
"2012-05-05",73,150,0,0,19,19,100,2,0,1,4,0,1,8,3,0,0,0,31,0,3,3,0,1,1,0,2,2,768.325,3580.04166666667,611.375,-57.7916666666667,7382.61166666667,434.958333333333,73,365,0,15,26,32,0,58,2,4,0,0,0,0,0,0,0,0,1,1,0,0,0,0,0,1,2,0,0,0,0,0,1,1,0,0,0,0,1,6,64,2,0,0,0,2,9,26,0,0,0,0,63,0,0,1,0,0,0,0,0,1,40,1,1,23,24,1,1,1,39,1,1,0,62,3,1,0,0,0,0,0,7,6,15,7,13,25
"2012-05-06",53,102,0,0,6,6,69,2,1,0,2,0,2,2,2,0,0,0,22,0,2,2,0,1,1,0,1,1,627.608333333333,1987.5,401.916666666667,-148.179166666667,5366.25,459.333333333333,53,318,0,6,15,32,0,37,2,2,0,0,0,0,0,0,1,0,0,0,0,0,0,0,0,1,1,0,0,0,0,0,1,0,1,0,0,0,0,4,41,1,0,0,1,1,5,18,2,0,0,0,46,0,0,0,0,0,0,0,0,1,28,3,1,13,23,0,4,0,24,0,0,0,44,1,0,0,0,0,0,0,2,4,18,7,6,16
"2012-05-07",114,222,0,3,17,20,150,9,1,8,3,2,1,1,3,0,0,3,41,0,4,4,0,0,0,0,2,2,1758.925,3329.75,494,-408.5,11507.73,1700.08695652174,0,0,0,15,38,58,3,86,5,3,0,0,0,0,0,0,0,0,2,0,0,0,0,0,0,1,0,2,1,0,0,0,1,0,0,0,0,0,3,7,94,3,0,0,3,4,20,38,0,0,0,0,102,0,0,0,0,0,0,0,0,2,84,3,0,17,49,0,2,0,55,0,1,0,98,3,1,0,0,0,0,0,14,10,36,15,15,24
"2012-05-08",83,164,0,0,16,16,114,9,0,1,3,0,1,1,3,0,0,0,32,0,3,3,0,0,0,0,2,2,1032.65833333333,6940.875,539.5,770.8625,8303.42375,1649.625,0,83,0,14,30,39,0,67,4,3,0,0,0,1,0,0,0,0,0,1,0,0,0,0,0,0,0,0,0,0,0,0,1,0,0,0,0,0,1,2,75,1,0,0,0,3,12,35,0,0,0,0,10,0,0,0,0,0,0,0,0,64,56,5,1,11,29,0,6,1,35,0,4,0,10,5,55,1,2,0,0,0,5,6,22,19,8,23
"2012-05-09",81,154,0,0,14,14,105,8,0,0,1,0,0,2,5,0,0,0,33,0,5,5,0,0,0,0,0,0,1227.15,6726.375,398.25,978.75,8060.9175,1859.625,0,162,0,12,30,39,0,58,6,1,0,0,0,0,0,0,0,0,0,0,0,0,0,0,0,2,0,0,0,0,0,0,1,0,0,0,0,0,3,3,65,3,0,0,0,3,4,29,0,0,0,0,49,0,0,0,0,0,0,0,1,18,55,2,0,15,36,0,2,0,34,1,2,0,36,21,11,1,1,0,0,0,7,9,28,12,14,11
"2012-05-10",84,164,0,0,23,23,112,8,0,2,7,1,0,3,1,0,0,0,30,0,5,5,0,0,0,0,6,6,864.15,6765.5,437.5,592.9,8328.425,2149,0,252,0,20,31,33,0,61,5,7,0,0,0,0,0,0,2,0,0,0,0,0,0,0,0,1,0,1,0,0,0,0,1,0,0,0,0,0,1,5,73,1,0,0,0,3,4,29,0,0,0,0,33,0,0,0,0,0,0,0,0,36,53,3,0,13,48,0,1,1,27,0,3,0,16,30,22,1,0,0,0,0,10,6,22,16,9,21
"2012-05-11",96,181,0,0,26,26,127,4,0,3,6,1,1,2,4,0,0,0,33,0,5,5,0,0,0,0,6,6,1203.6,4260,680,-70,9620,2232,0,384,0,24,32,40,0,67,5,6,0,0,0,0,0,1,2,1,1,0,0,1,0,0,0,2,0,0,1,0,0,0,3,0,1,0,0,0,2,11,79,3,0,0,0,4,15,38,0,0,0,0,79,0,0,0,0,0,0,0,0,8,73,1,0,13,45,0,4,1,40,0,1,0,80,4,2,0,0,0,0,0,16,4,20,22,12,22
"2012-05-12",70,137,0,0,18,18,105,2,0,1,1,0,0,4,3,0,0,0,21,0,0,0,0,0,0,0,1,1,1230.25,2595.83333333333,446.25,174.708333333333,7062.27083333333,1685.83333333333,70,350,0,15,25,30,0,56,0,1,0,0,0,0,0,0,1,1,0,0,0,0,0,0,0,3,1,0,1,0,0,0,2,0,0,0,0,0,1,9,57,1,1,0,1,1,4,35,1,0,0,0,58,0,0,0,0,0,0,0,0,8,46,2,1,16,33,0,2,4,26,0,1,0,54,2,9,0,0,0,0,0,4,6,17,17,7,19