"Date","NB_Accidents","NB_VEH_IMPLIQUES_ACCDN","NB_MORTS","NB_BLESSES_GRAVES","NB_BLESSES_LEGERS","NB_VICTIMES_TOTAL","nb_automobile_camion_leger","nb_camionLourd_tractRoutier","nb_outil_equipement","nb_tous_autobus_minibus","nb_bicyclette","nb_cyclomoteur","nb_motocyclette","nb_taxi","nb_urgence","nb_motoneige","nb_VHR","nb_autres_types","nb_veh_non_precise","NB_DECES_PIETON","NB_BLESSES_PIETON","NB_VICTIMES_PIETON","NB_DECES_MOTO","NB_BLESSES_MOTO","NB_VICTIMES_MOTO","NB_DECES_VELO","NB_BLESSES_VELO","NB_VICTIMES_VELO","Temp","Rel.Hum","Wind.Spd","Dew.Point.Temp","Stn_Press","Wind.Dir","weekdays","days","SeverityDeadly","SeverityLight Injury","SeverityMaterial High","SeverityMaterial Low","SeveritySevere Injury","as.factor(Accident_Type)31","as.factor(Accident_Type)32","as.factor(Accident_Type)33","as.factor(Accident_Type)34","as.factor(Accident_Type)35","as.factor(Accident_Type)36","as.factor(Accident_Type)37","as.factor(Accident_Type)38","as.factor(Accident_Type)39","as.factor(Accident_Type)40","as.factor(Accident_Type)41","as.factor(Accident_Type)42","as.factor(Accident_Type)43","as.factor(Accident_Type)44","as.factor(Accident_Type)45","as.factor(Accident_Type)46","as.factor(Accident_Type)47","as.factor(Accident_Type)48","as.factor(Accident_Type)49","as.factor(Accident_Type)50","as.factor(Accident_Type)51","as.factor(Accident_Type)52","as.factor(Accident_Type)53","as.factor(Accident_Type)54","as.factor(Accident_Type)55","as.factor(Accident_Type)59","as.factor(Accident_Type)71","as.factor(Accident_Type)72","as.factor(Accident_Type)73","as.factor(Accident_Type)74","as.factor(Accident_Type)75","as.factor(Accident_Type)99","Accident_CategoryFixed Object","Accident_CategoryMoving Object","Accident_CategoryNo Collision","Auth_Speed10","Auth_Speed100","Auth_Speed20","Auth_Speed30","Auth_Speed40","Auth_Speed50","Auth_Speed60","Auth_Speed70","Auth_Speed80","Auth_Speed90","Surface_CondDry","Surface_CondHard snow","Surface_CondIce","Surface_CondMud","Surface_CondOil","Surface_CondSand or gravel","Surface_CondSlush","Surface_CondSnow","Surface_CondWater accumulation","Surface_CondWet","IlluminationDay and clear","IlluminationDay and semi-dark","IlluminationNight and dark","IlluminationNight and lighted","EnvironmentCommercial","EnvironmentForest","EnvironmentIndustrial","EnvironmentPark","EnvironmentResidential","EnvironmentRural","EnvironmentSchool area","WeatherBlack Ice","WeatherClear Sky","WeatherCloudy","WeatherDrizzle","WeatherFoggy","WeatherHeavy Rain","WeatherSnow","WeatherSnowstorms","WeatherStrong Wind","cluster_id_0","cluster_id_1","cluster_id_2","cluster_id_3","cluster_id_4","cluster_id_5"
"2012-05-13",68,134,0,0,10,10,106,2,0,0,1,1,0,2,1,0,0,0,21,0,0,0,0,0,0,0,1,1,1139,4343.5,323,628.15,6875.055,1694.33333333333,68,408,0,5,27,36,0,48,1,1,0,0,0,0,4,1,0,0,0,0,0,0,0,0,0,0,0,1,0,0,0,0,2,0,0,0,0,0,2,3,55,2,0,0,0,0,9,34,0,0,0,0,51,0,0,0,0,0,0,0,0,13,40,1,1,22,27,0,3,1,33,1,1,0,53,7,5,0,0,0,0,0,5,3,19,11,11,19
"2012-05-14",66,127,0,0,25,25,91,9,0,0,4,1,0,3,1,0,0,0,18,0,5,5,0,0,0,0,3,3,1205.6,3899.5,343.75,637.45,6663.085,1265.47826086957,0,0,0,21,12,33,0,49,5,3,0,0,0,0,1,0,0,1,0,0,0,0,0,0,0,0,0,0,0,0,0,0,1,0,1,0,0,0,0,2,58,1,1,0,0,1,10,27,1,0,0,0,59,0,0,0,0,0,0,0,1,0,52,1,0,7,34,0,1,1,21,1,4,0,61,0,0,0,0,0,0,0,6,5,19,10,9,17
"2012-05-15",85,166,0,0,17,17,110,11,0,0,6,1,1,4,3,0,0,0,30,0,4,4,0,0,0,0,3,3,1475.10416666667,7069.16666666667,545.416666666667,1227.89583333333,8554.93125,1632.70833333333,0,85,0,16,24,45,0,60,2,6,0,0,0,0,0,0,0,0,0,1,0,0,0,0,0,1,0,0,0,0,0,0,2,0,1,0,0,0,1,4,68,2,1,0,0,5,10,22,1,0,0,0,58,0,0,0,0,0,0,0,0,9,54,6,0,12,36,0,5,1,30,0,3,0,36,27,6,0,0,0,0,0,6,5,26,13,14,21
"2012-05-16",89,177,0,2,17,19,117,2,1,2,3,1,2,3,6,0,0,4,36,0,5,5,0,0,0,0,2,2,1521.52916666667,6563.75,585.916666666667,1077.64166666667,8904.04208333334,1954.29166666667,0,178,0,14,23,50,2,68,5,3,0,0,0,0,0,0,1,0,0,0,0,0,0,0,0,1,0,1,1,0,0,0,0,0,0,0,0,0,2,4,76,2,2,0,0,2,4,39,0,0,0,0,66,0,0,0,0,0,0,0,0,7,68,3,0,6,43,0,1,1,32,0,2,0,55,16,3,0,1,0,0,0,9,9,30,12,10,19
"2012-05-17",91,186,0,2,28,30,133,6,0,3,8,2,0,4,1,0,0,0,29,0,1,1,0,0,0,0,3,3,1053.70416666667,4754.75,458.791666666667,158.1125,9189.06625,2400.125,0,273,0,17,25,48,1,73,1,5,1,0,0,0,0,0,0,0,0,0,0,0,0,0,0,1,0,0,0,0,0,0,1,0,0,0,0,0,0,2,80,0,0,0,0,1,13,47,0,0,0,0,81,0,0,0,0,0,0,0,0,0,61,2,0,18,48,0,2,0,36,0,1,0,71,8,0,0,0,0,0,0,5,4,19,19,20,24
"2012-05-18",105,210,0,0,23,23,137,6,0,1,6,1,3,2,6,0,0,2,46,0,3,3,0,2,2,0,6,6,1614.375,4650.625,682.5,279.5625,10637.2,2804.375,0,420,0,20,32,53,0,83,4,6,0,0,0,0,0,0,0,0,0,0,0,0,0,0,0,0,0,0,0,0,0,0,1,0,1,0,0,0,0,1,93,1,0,0,1,3,7,41,0,0,0,0,92,0,0,0,0,0,0,0,0,1,74,6,1,13,55,0,3,1,35,0,1,0,87,4,0,0,0,0,0,0,12,10,28,19,13,23
"2012-05-19",76,146,0,0,30,30,100,0,0,1,7,0,1,5,1,0,0,0,31,0,5,5,0,1,1,0,6,6,1571.93333333333,2907,392.666666666667,424.65,7691.92833333333,1900,76,380,0,24,23,29,0,53,5,7,0,0,0,0,0,0,1,1,1,0,0,0,0,0,0,0,2,0,0,0,0,0,0,0,0,0,0,1,1,5,65,2,0,0,1,0,9,29,0,0,0,0,69,0,0,0,0,0,0,0,0,0,46,1,2,23,33,0,2,2,36,0,1,0,67,2,0,0,0,0,0,0,9,7,23,9,9,19
"2012-05-20",50,99,0,1,15,16,70,2,1,2,3,0,1,0,1,0,0,0,19,0,3,3,0,1,1,0,2,2,1253.75,1879.16666666667,275,456.666666666667,5065.75,1008.33333333333,50,300,0,10,15,24,1,36,3,3,0,0,0,0,1,0,1,0,0,0,0,0,0,0,0,0,1,0,0,0,0,0,0,0,1,0,0,0,0,2,43,1,0,0,0,0,6,14,0,0,0,0,45,0,0,0,0,0,0,0,0,1,34,2,0,9,20,0,2,0,19,0,1,0,44,1,0,0,1,0,0,0,2,5,21,4,9,9
"2012-05-21",60,128,1,2,22,25,88,2,0,0,3,0,0,8,1,0,0,0,26,1,1,2,0,0,0,0,3,3,1448.75,2710,467.5,641.75,6061.7,1155,0,0,1,10,23,24,2,51,1,3,0,0,0,0,0,0,0,1,0,0,0,0,0,0,0,1,1,0,1,0,0,0,0,0,0,0,0,0,0,4,55,0,0,0,0,1,13,26,1,0,0,0,52,0,0,0,0,0,0,0,0,0,42,3,0,8,27,0,2,1,25,0,0,0,51,0,0,0,0,0,0,0,11,2,14,16,9,8
"2012-05-22",104,197,0,0,24,24,144,12,0,2,3,1,0,4,1,0,0,0,30,0,6,6,0,0,0,0,1,1,1924.43333333333,8935.33333333333,762.666666666667,1670.93333333333,10443.55,1703,0,104,0,17,40,47,0,83,6,3,0,0,0,0,0,0,0,1,1,1,0,0,0,0,0,1,0,0,0,0,0,0,1,0,0,0,1,0,1,5,92,2,1,0,0,4,11,35,0,0,0,0,32,0,0,0,0,0,0,0,0,62,72,7,0,11,55,0,5,1,31,0,3,0,28,12,43,0,10,0,0,0,8,9,26,25,9,27
"2012-05-23",96,188,0,2,11,13,124,8,1,2,7,0,2,1,8,0,0,0,35,0,1,1,0,0,0,0,5,5,1667.2,6816,644,1141.6,9663.6,788,0,192,0,11,32,51,2,71,2,7,0,0,0,0,1,0,1,0,1,1,0,0,0,0,0,1,0,0,1,0,0,0,1,0,0,0,0,0,1,6,81,1,1,0,1,2,13,42,0,0,0,0,82,0,0,0,0,0,0,0,0,1,69,3,0,14,46,0,5,2,33,0,4,0,74,10,0,0,0,0,0,0,10,7,32,13,12,22
"2012-05-24",103,196,0,0,22,22,129,11,0,2,6,1,1,2,8,0,0,2,34,0,4,4,0,1,1,0,4,4,2245.82916666667,6836.625,579.375,1548.8625,10398.8370833333,1982.75,0,309,0,19,23,61,0,70,3,6,0,0,0,0,1,1,1,0,1,1,0,0,0,0,0,2,1,0,0,0,0,0,1,0,0,0,0,0,1,7,81,1,0,0,1,1,14,36,1,0,0,0,92,0,0,0,0,0,0,0,0,3,83,0,0,11,50,0,5,0,40,0,0,0,90,4,0,0,0,0,0,0,6,7,37,23,15,15
"2012-05-25",76,152,0,1,17,18,116,10,0,2,3,1,2,0,0,0,0,0,18,0,5,5,0,0,0,0,2,2,1736.91666666667,5386.5,570,1301.18333333333,7653.64333333333,1440.83333333333,0,304,0,15,33,27,1,63,5,3,0,0,0,0,0,0,0,0,0,0,0,0,0,0,0,2,0,0,0,0,0,0,1,0,0,0,0,0,0,3,71,0,0,0,1,5,7,33,0,0,0,0,59,0,0,0,0,0,0,0,0,10,54,4,1,12,28,0,3,1,38,0,1,0,51,10,4,0,4,0,0,0,7,7,17,13,10,22
"2012-05-26",83,173,0,1,25,26,124,4,0,3,5,0,2,1,4,0,0,0,30,0,3,3,0,2,2,0,4,4,1692.1625,4475.08333333333,577.541666666667,859.741666666667,8387.39208333333,1985.08333333333,83,415,0,18,28,36,1,64,3,4,0,0,0,0,0,0,1,0,1,1,0,0,0,0,0,0,0,0,1,0,0,0,0,0,0,0,0,0,1,4,71,1,1,0,0,2,14,30,1,0,0,0,70,0,0,0,0,0,0,0,0,4,47,5,0,25,40,0,2,2,33,0,1,0,65,7,0,0,1,0,0,0,9,10,16,17,16,15
"2012-05-27",57,116,0,1,13,14,80,0,0,0,4,1,1,5,1,0,0,0,24,0,1,1,0,0,0,0,3,3,988,2581.625,311.125,283.8125,5771.70125,805.125,57,342,0,13,17,26,1,40,1,4,0,0,0,0,0,0,3,0,1,0,0,0,0,0,0,1,0,0,0,0,0,0,0,0,0,0,0,0,1,5,45,1,0,0,0,1,14,19,0,0,0,0,48,0,0,0,0,0,0,0,0,3,33,1,0,18,25,0,1,1,27,0,0,0,42,6,3,0,0,0,0,0,4,3,17,16,5,12
"2012-05-28",72,140,0,0,14,14,93,5,0,2,7,1,0,2,4,0,0,0,26,0,2,2,0,0,0,0,6,6,1149.6,4266,729,574.2,7246.02,276,0,0,0,13,26,33,0,50,2,6,0,0,0,0,1,0,0,1,0,0,0,0,0,0,0,1,0,0,0,0,0,0,1,0,0,0,0,0,1,3,59,1,2,0,2,2,9,22,0,0,0,0,59,0,0,0,0,0,0,0,0,3,47,3,0,11,32,0,0,0,34,0,3,0,45,13,2,0,0,0,0,0,9,4,16,13,5,25
"2012-05-29",100,191,1,0,24,25,130,10,1,2,3,3,1,2,2,0,0,0,37,1,3,4,0,0,0,0,2,2,1811.66666666667,8279.16666666667,600,1504.16666666667,9960.375,1516.66666666667,0,100,1,14,32,53,0,74,5,4,0,0,0,0,0,1,0,1,1,3,0,0,0,0,0,1,0,1,0,0,0,0,3,0,0,0,0,0,3,10,84,3,2,0,0,5,7,36,1,1,0,0,44,0,0,0,0,0,0,0,7,39,64,12,0,13,46,0,8,0,36,1,3,0,32,22,25,0,11,0,0,0,6,8,31,17,20,18
"2012-05-30",80,161,0,0,19,19,106,11,1,7,7,3,4,2,0,0,0,0,20,0,4,4,0,0,0,0,3,3,1626,4250,506.666666666667,799.333333333333,7969.5,2020,0,160,0,17,27,36,0,56,2,6,0,0,0,0,2,0,0,0,0,0,0,0,0,0,0,0,0,0,0,0,0,0,1,1,0,0,0,0,5,1,66,6,0,0,0,2,12,30,0,0,0,0,71,0,0,0,0,1,0,0,1,1,59,7,0,9,37,0,3,0,32,3,1,0,72,1,0,0,2,0,0,0,6,7,29,13,6,19
"2012-05-31",86,164,0,0,27,27,117,9,0,0,6,0,1,3,2,0,0,0,26,0,8,8,0,1,1,0,4,4,1360.95,5016.66666666667,526.75,638.55,8624.43833333333,1612.5,0,258,0,23,23,40,0,64,7,6,0,0,0,0,0,1,0,0,1,0,0,0,0,0,0,0,0,0,0,0,0,0,1,0,1,0,0,0,0,2,78,1,1,0,1,2,8,35,0,0,0,0,74,0,0,0,0,0,0,0,0,3,65,3,0,10,43,0,3,0,32,0,1,0,64,12,1,0,0,0,0,0,10,9,29,11,10,17
"2012-06-01",93,182,0,3,14,17,119,9,1,2,4,3,0,5,0,0,0,0,39,0,1,1,0,0,0,0,2,2,1522.1,4444.625,600.625,456.8625,9373.47,1348.5,0,372,0,9,36,45,3,76,1,4,0,0,0,0,0,0,1,1,0,1,0,0,0,0,0,1,1,0,1,0,0,0,1,0,0,0,0,0,1,7,81,1,1,0,0,0,6,33,1,0,0,0,71,0,0,0,0,0,0,0,0,2,59,3,1,11,35,0,4,1,41,0,1,0,50,23,1,0,0,0,0,0,9,6,27,17,11,23
"2012-06-02",84,170,0,0,23,23,132,4,0,3,1,0,0,2,2,0,0,2,24,0,5,5,0,0,0,0,0,0,1136.1,7087.5,406,904.4,8405.46,1354.5,84,420,0,19,32,33,0,64,5,1,0,0,0,0,0,0,1,0,0,0,0,0,0,0,0,2,0,0,0,0,0,0,4,0,0,0,0,0,0,7,70,0,0,0,0,2,11,37,0,0,0,0,14,0,0,0,0,0,0,0,0,60,44,5,0,21,43,0,3,0,31,0,1,0,11,10,49,1,1,0,0,0,5,8,24,21,7,19
"2012-06-03",53,108,0,1,16,17,82,0,0,1,2,0,2,2,3,0,0,0,16,0,3,3,0,1,1,0,1,1,795.441666666667,4030.20833333333,382.041666666667,565.1125,5289.04666666667,556.5,53,318,0,10,21,21,1,40,2,2,0,0,0,0,1,0,0,0,1,0,0,0,0,0,0,1,0,0,2,0,0,0,0,0,0,0,0,0,1,4,45,1,1,0,0,1,5,21,0,0,0,0,37,0,0,0,0,0,0,0,0,11,35,1,0,14,23,0,1,0,27,0,0,0,33,8,8,0,0,0,0,0,1,8,16,7,7,14
"2012-06-04",86,172,0,1,20,21,107,8,0,3,4,0,4,7,3,0,0,1,35,0,0,0,0,2,2,0,4,4,1122.65833333333,6310.25,731,708.783333333333,8616.84166666667,376.25,0,0,0,14,32,39,1,72,0,4,0,1,0,0,0,0,1,1,0,0,0,0,0,0,0,0,0,0,0,0,0,0,1,0,0,0,0,0,1,3,77,1,0,0,1,1,17,35,1,0,0,0,53,0,0,1,0,1,0,0,0,22,58,1,0,15,36,0,3,1,36,0,2,0,35,27,14,0,0,0,0,0,7,3,28,21,11,16
"2012-06-05",98,193,0,0,24,24,133,12,0,1,8,1,1,4,1,0,0,1,31,0,3,3,0,1,1,0,7,7,1612.50833333333,5475.75,743.166666666667,678.65,9847.57083333334,763.583333333333,0,98,0,19,34,45,0,72,5,8,0,0,0,0,0,0,0,0,0,0,0,0,0,0,0,0,1,0,2,0,0,0,1,0,0,0,0,0,1,4,85,1,0,0,1,4,11,41,1,0,0,0,82,0,0,0,0,0,0,0,0,6,74,5,0,7,47,0,4,0,41,0,1,0,72,11,4,0,0,0,0,0,10,8,22,16,15,27
"2012-06-06",92,182,0,1,12,13,124,6,0,0,5,1,2,4,0,0,0,0,40,0,2,2,0,3,3,0,3,3,1512.25,5554.5,647.833333333333,786.983333333333,9255.96666666667,406.333333333333,0,184,0,11,28,52,1,75,2,5,0,0,0,0,0,0,0,0,0,0,0,0,0,0,0,1,0,0,1,0,0,0,0,0,0,0,0,0,2,2,82,2,1,0,0,4,10,37,0,0,0,0,76,0,0,0,0,0,0,0,0,2,67,6,0,7,44,0,2,0,35,0,3,0,69,8,1,0,0,0,0,0,10,8,18,20,15,21
"2012-06-07",109,216,0,0,23,23,148,9,1,1,3,0,1,5,2,0,0,1,45,0,2,2,0,1,1,0,3,3,1902.50416666667,6758,672.166666666667,1047.30833333333,10955.4083333333,1830.29166666667,0,327,0,17,30,62,0,85,4,3,0,0,0,0,0,0,0,0,2,0,0,0,0,0,0,1,0,0,1,0,0,0,2,0,0,0,0,0,0,6,92,0,0,0,0,1,20,33,0,0,0,0,87,0,0,0,0,0,0,0,0,8,80,2,0,16,48,0,5,0,46,0,2,0,84,5,7,0,1,0,0,0,12,4,30,24,14,25
"2012-06-08",102,199,0,1,25,26,140,7,0,2,4,1,0,1,6,0,0,1,37,0,6,6,0,0,0,0,4,4,1671.525,8002.75,624.75,1279.25,10203.74,2477.75,0,408,0,22,29,50,1,81,5,4,0,0,0,0,0,0,1,0,2,1,0,0,0,0,0,1,0,0,0,0,0,0,1,0,0,0,0,0,1,6,90,1,0,0,0,3,12,39,1,0,0,0,78,0,0,0,0,0,0,0,1,10,73,5,1,13,56,0,2,1,38,1,1,0,58,21,7,0,2,0,0,0,6,13,26,25,12,20
"2012-06-09",62,131,0,0,16,16,100,4,0,0,4,2,2,2,0,0,0,0,17,0,5,5,0,0,0,0,3,3,1174.38333333333,2988.91666666667,428.833333333333,450.016666666667,6217.92833333333,1885.83333333333,62,310,0,10,20,32,0,49,3,3,0,0,0,0,0,0,0,0,0,0,0,0,0,0,0,1,0,0,0,0,0,0,4,0,0,0,0,0,0,5,55,0,1,0,0,1,9,24,0,0,0,0,58,0,0,0,0,1,0,0,0,0,34,2,0,24,28,0,2,1,28,0,2,0,57,2,0,0,0,0,0,0,9,8,13,12,8,12
"2012-06-10",79,156,2,0,22,24,105,2,0,0,2,3,1,3,2,0,0,1,37,0,1,1,0,0,0,0,1,1,1698.82916666667,3778.83333333333,355.5,715.279166666667,7975.21458333333,1250.83333333333,79,474,1,13,28,37,0,62,1,2,0,0,0,0,1,0,1,0,0,2,0,0,0,0,0,0,0,0,0,0,0,0,1,0,0,0,0,0,1,4,66,1,1,0,1,1,17,25,0,0,0,0,70,0,0,0,0,0,0,0,0,0,41,5,1,22,29,1,3,1,38,0,2,0,67,2,0,0,0,0,0,0,5,5,25,15,7,22
"2012-06-11",82,165,0,0,25,25,116,10,0,1,3,1,2,3,2,0,0,1,26,0,1,1,0,1,1,0,2,2,1966.29166666667,4861.91666666667,451,1265.875,8281.4875,1212.17391304348,0,0,0,16,22,44,0,68,1,2,0,0,0,0,0,0,0,0,1,0,0,0,0,0,0,4,0,0,0,0,0,0,1,0,1,0,0,0,1,6,71,2,0,0,0,1,11,32,1,0,0,0,76,0,0,0,0,0,0,0,0,0,59,0,2,13,22,1,8,1,41,0,3,0,74,2,0,0,0,0,0,0,9,6,23,14,11,19
"2012-06-12",91,177,0,0,24,24,128,6,1,1,1,2,1,3,2,0,0,0,32,0,3,3,0,1,1,0,1,1,1856.02083333333,6870.5,682.5,1426.80416666667,9135.56583333333,1857.91666666667,0,91,0,19,30,42,0,77,3,1,0,0,0,0,0,0,0,0,1,0,0,0,0,0,0,0,0,0,1,0,0,0,1,0,1,0,0,0,0,3,81,1,0,0,0,2,8,35,0,0,0,0,39,0,0,0,0,0,0,0,1,42,64,4,1,11,46,0,3,1,29,0,3,0,30,12,33,0,5,0,0,0,14,14,18,21,7,17
"2012-06-13",95,188,0,1,21,22,137,5,0,2,5,0,3,2,1,0,0,1,32,0,3,3,0,1,1,0,4,4,1837.45833333333,6123.54166666667,649.166666666667,1130.5,9566.5,1983.125,0,190,0,18,36,40,1,69,3,5,0,0,0,0,0,2,2,1,0,0,0,0,0,0,0,1,0,1,0,0,0,0,2,0,1,0,0,0,1,7,79,2,0,0,0,1,11,36,1,0,0,0,81,0,0,0,0,0,0,0,0,0,67,4,0,9,50,0,3,0,31,1,1,0,72,9,0,0,0,0,0,0,14,7,19,18,13,24
"2012-06-14",103,210,0,1,21,22,144,13,1,2,9,2,3,3,2,0,0,1,30,0,2,2,0,3,3,0,6,6,1923.525,4703.66666666667,712.416666666667,655.3375,10479.8208333333,935.583333333333,0,309,0,19,36,47,1,74,3,9,0,0,0,0,1,0,1,2,0,1,0,0,0,0,0,1,1,0,0,0,0,0,2,0,0,0,0,0,0,8,87,0,1,0,0,0,10,46,0,1,0,0,97,0,0,0,0,0,0,0,0,0,82,3,0,11,48,0,8,1,38,1,3,0,97,0,0,0,0,0,0,0,10,11,28,15,13,26
"2012-06-15",94,186,0,0,22,22,122,6,2,2,7,2,1,3,2,0,0,0,39,0,5,5,0,1,1,0,6,6,1859.63333333333,4515.91666666667,665.833333333333,729.675,9569.435,540.5,0,376,0,20,22,52,0,69,5,7,0,0,0,0,0,0,1,0,1,0,0,1,0,0,0,0,0,0,0,0,0,0,0,0,0,0,0,1,1,3,81,2,0,0,0,4,8,44,0,0,0,0,87,0,0,0,0,0,0,0,0,0,62,3,0,17,41,0,6,1,34,0,3,0,83,0,0,0,0,0,0,0,7,9,29,19,8,22
"2012-06-16",84,167,0,0,21,21,126,4,1,1,3,0,3,5,1,0,0,0,23,0,3,3,0,1,1,0,2,2,1711.15,5075,472.5,1020.95,8529.255,1239,84,420,0,16,20,48,0,65,3,4,0,0,0,0,0,2,2,1,0,0,0,0,0,0,0,0,0,0,0,0,0,0,0,0,1,0,0,0,2,3,74,3,1,0,0,1,18,27,0,0,0,0,76,0,0,0,0,0,0,0,0,0,47,0,0,28,30,0,1,2,47,0,0,0,76,1,0,0,0,0,0,0,6,6,27,16,15,14
"2012-06-17",78,162,0,1,19,20,117,1,0,0,2,0,3,2,2,0,0,2,33,0,1,1,0,0,0,0,0,0,1807.65,4719,520,1166.1,7868.9,1472.25,78,468,0,13,19,45,1,61,2,1,0,0,0,0,1,0,0,0,1,1,0,0,0,0,0,1,0,0,0,0,0,0,0,0,0,0,0,1,0,3,65,1,1,0,0,1,10,23,0,0,0,0,67,0,0,0,0,0,0,0,0,0,48,0,0,18,31,0,2,3,33,0,2,0,66,2,0,0,0,0,0,0,7,5,19,13,14,20
"2012-06-18",71,139,0,2,21,23,99,6,0,1,5,1,0,0,0,0,0,2,25,0,5,5,0,0,0,0,3,3,1551.35,4342.83333333333,579.833333333333,985.716666666667,7149.43375,1334.20833333333,0,0,0,20,16,33,2,58,5,5,0,0,0,0,0,0,0,0,0,0,0,0,0,0,0,1,0,0,0,0,0,0,1,0,0,0,0,0,0,2,68,0,0,0,0,1,12,30,0,0,0,0,62,0,0,0,0,0,0,0,0,0,55,0,1,7,30,0,6,0,29,0,0,0,59,3,0,0,0,0,0,0,6,8,16,18,6,17
"2012-06-19",81,165,0,5,9,14,106,11,0,3,8,1,0,1,4,0,0,0,31,0,4,4,0,0,0,0,5,5,1887.3,5616,502.875,1401.975,8149.545,1680.75,0,81,0,7,33,38,3,56,3,8,0,0,0,0,0,0,0,0,1,1,0,0,0,0,1,2,1,0,0,0,0,0,1,0,0,0,0,0,0,7,67,0,4,0,0,4,13,30,1,0,0,0,73,0,0,0,0,0,0,0,0,0,65,2,0,5,34,0,5,0,30,1,5,0,59,14,0,0,0,0,0,0,12,7,21,12,8,21
"2012-06-20",113,219,0,1,17,18,155,13,0,1,9,0,2,1,4,0,0,0,34,0,5,5,0,1,1,0,4,4,3110.325,7443.875,659.166666666667,2301.90416666667,11349.5316666667,2782.625,0,226,0,15,36,61,1,79,2,9,0,0,0,0,0,2,0,0,1,1,0,0,0,0,0,1,1,0,1,0,0,0,3,0,0,0,0,0,1,8,92,1,1,0,0,3,17,42,0,0,0,0,103,0,0,0,0,0,0,0,0,0,94,3,0,8,48,0,4,2,47,0,5,0,102,0,0,0,0,0,0,0,10,15,32,22,10,24
"2012-06-21",115,229,0,2,13,15,146,13,0,5,5,0,0,4,3,0,0,1,52,0,3,3,0,0,0,0,3,3,3264.08333333333,6909.58333333333,713.958333333333,2251.125,11494.4416666667,2549.16666666667,0,345,0,11,37,65,2,87,4,5,0,0,0,0,1,0,1,0,1,1,0,0,0,0,0,0,1,0,0,0,0,0,2,0,0,0,0,0,1,6,97,1,2,0,1,2,15,41,0,0,0,0,102,0,0,0,0,0,0,0,0,0,81,3,0,16,52,0,4,0,50,0,2,0,102,1,0,0,0,0,0,0,9,12,31,21,13,29
"2012-06-22",95,190,0,2,26,28,132,8,1,2,8,2,3,0,0,0,0,0,34,0,5,5,0,2,2,0,7,7,2382.125,5415,514.583333333333,1476.85416666667,9491.05416666666,2521.45833333333,0,380,0,21,28,44,2,70,6,8,0,0,0,0,0,0,2,0,0,0,0,0,0,0,0,0,0,0,0,0,0,0,0,0,0,0,0,0,1,2,84,1,0,0,0,1,9,39,0,0,0,1,90,0,0,0,0,0,0,0,0,0,73,4,0,9,46,0,5,1,36,0,3,0,84,5,0,0,0,0,0,0,7,5,25,18,17,23
"2012-06-23",79,153,0,1,17,18,118,8,0,1,3,2,1,3,2,0,0,0,15,0,3,3,0,0,0,0,3,3,1762.6875,3581.33333333333,790,716.266666666667,7932.68625,1020.41666666667,79,395,0,14,31,33,1,61,3,3,0,1,0,0,0,0,0,0,0,0,0,0,0,0,0,1,2,0,0,0,0,0,0,0,0,0,0,0,1,3,68,1,1,0,0,0,10,31,0,1,0,0,74,0,0,0,0,0,0,0,0,3,61,0,0,16,37,0,3,0,35,1,1,0,73,3,0,0,1,0,0,0,4,8,22,19,17,9
"2012-06-24",43,82,0,3,7,10,57,2,0,2,1,0,1,2,0,0,0,0,17,0,0,0,0,1,1,0,1,1,930.591666666667,2142.83333333333,198.875,437.166666666667,4318.41833333333,1082.81818181818,43,258,0,6,19,17,1,33,0,1,0,0,0,0,0,0,2,0,2,0,0,0,0,0,0,0,1,0,0,0,0,0,0,0,0,0,0,0,0,5,34,0,0,0,0,1,10,13,0,0,0,0,36,0,0,0,0,0,0,0,0,4,27,3,0,11,10,0,1,0,28,1,1,0,32,6,1,0,0,0,0,0,5,4,10,5,4,15
"2012-06-25",59,123,0,0,24,24,91,2,0,2,0,0,0,1,1,0,0,0,26,0,0,0,0,0,0,0,0,0,1023.40416666667,4631.5,339.25,791.583333333333,5886.30708333333,1352.08333333333,0,0,0,11,22,26,0,55,0,0,0,0,0,0,0,0,1,0,0,0,0,0,0,0,0,0,0,0,0,0,0,0,0,0,0,0,0,0,0,1,55,0,0,0,0,1,16,17,1,0,0,0,39,0,0,0,0,0,0,0,0,11,33,2,1,15,20,0,0,0,34,1,1,0,29,14,8,0,0,0,0,0,4,2,15,10,13,15
"2012-06-26",74,138,0,0,19,19,97,12,0,2,3,1,0,2,1,0,0,0,20,0,5,5,0,0,0,0,3,3,1180.60833333333,5796.66666666667,638.25,898.175,7372.83583333333,1486.16666666667,0,74,0,16,32,26,0,52,6,3,0,0,0,0,2,0,0,1,0,0,0,0,0,0,0,0,2,0,0,0,0,0,2,0,0,0,0,0,2,5,63,2,0,0,0,0,13,30,0,0,0,0,53,0,0,0,0,0,0,0,0,18,53,3,0,13,39,0,4,1,27,1,2,0,24,33,14,0,0,0,0,0,10,6,27,12,4,15