"Date","NB_Accidents","NB_VEH_IMPLIQUES_ACCDN","NB_MORTS","NB_BLESSES_GRAVES","NB_BLESSES_LEGERS","NB_VICTIMES_TOTAL","nb_automobile_camion_leger","nb_camionLourd_tractRoutier","nb_outil_equipement","nb_tous_autobus_minibus","nb_bicyclette","nb_cyclomoteur","nb_motocyclette","nb_taxi","nb_urgence","nb_motoneige","nb_VHR","nb_autres_types","nb_veh_non_precise","NB_DECES_PIETON","NB_BLESSES_PIETON","NB_VICTIMES_PIETON","NB_DECES_MOTO","NB_BLESSES_MOTO","NB_VICTIMES_MOTO","NB_DECES_VELO","NB_BLESSES_VELO","NB_VICTIMES_VELO","Temp","Rel.Hum","Wind.Spd","Dew.Point.Temp","Stn_Press","Wind.Dir","weekdays","days","SeverityDeadly","SeverityLight Injury","SeverityMaterial High","SeverityMaterial Low","SeveritySevere Injury","as.factor(Accident_Type)31","as.factor(Accident_Type)32","as.factor(Accident_Type)33","as.factor(Accident_Type)34","as.factor(Accident_Type)35","as.factor(Accident_Type)36","as.factor(Accident_Type)37","as.factor(Accident_Type)38","as.factor(Accident_Type)39","as.factor(Accident_Type)40","as.factor(Accident_Type)41","as.factor(Accident_Type)42","as.factor(Accident_Type)43","as.factor(Accident_Type)44","as.factor(Accident_Type)45","as.factor(Accident_Type)46","as.factor(Accident_Type)47","as.factor(Accident_Type)48","as.factor(Accident_Type)49","as.factor(Accident_Type)50","as.factor(Accident_Type)51","as.factor(Accident_Type)52","as.factor(Accident_Type)53","as.factor(Accident_Type)54","as.factor(Accident_Type)55","as.factor(Accident_Type)59","as.factor(Accident_Type)71","as.factor(Accident_Type)72","as.factor(Accident_Type)73","as.factor(Accident_Type)74","as.factor(Accident_Type)75","as.factor(Accident_Type)99","Accident_CategoryFixed Object","Accident_CategoryMoving Object","Accident_CategoryNo Collision","Auth_Speed10","Auth_Speed100","Auth_Speed20","Auth_Speed30","Auth_Speed40","Auth_Speed50","Auth_Speed60","Auth_Speed70","Auth_Speed80","Auth_Speed90","Surface_CondDry","Surface_CondHard snow","Surface_CondIce","Surface_CondMud","Surface_CondOil","Surface_CondSand or gravel","Surface_CondSlush","Surface_CondSnow","Surface_CondWater accumulation","Surface_CondWet","IlluminationDay and clear","IlluminationDay and semi-dark","IlluminationNight and dark","IlluminationNight and lighted","EnvironmentCommercial","EnvironmentForest","EnvironmentIndustrial","EnvironmentPark","EnvironmentResidential","EnvironmentRural","EnvironmentSchool area","WeatherBlack Ice","WeatherClear Sky","WeatherCloudy","WeatherDrizzle","WeatherFoggy","WeatherHeavy Rain","WeatherSnow","WeatherSnowstorms","WeatherStrong Wind","cluster_id_0","cluster_id_1","cluster_id_2","cluster_id_3","cluster_id_4","cluster_id_5"
"2012-06-27",100,201,0,2,22,24,142,11,1,0,2,0,2,1,2,0,0,2,38,0,5,5,0,1,1,0,1,1,1782.5,7729.16666666667,550,1373.33333333333,9948.54166666667,2495.83333333333,0,200,0,16,34,48,2,82,5,3,0,0,0,0,0,0,0,0,1,0,0,0,0,0,0,0,0,0,0,0,0,0,1,0,0,0,0,1,1,2,90,2,2,0,1,0,20,40,0,0,0,0,50,0,0,0,0,1,0,0,0,40,70,3,1,18,47,0,8,1,38,0,1,0,37,22,29,1,1,0,0,0,12,8,34,12,11,23
"2012-06-28",100,191,0,0,17,17,122,12,0,2,10,0,3,2,3,0,0,0,37,0,1,1,0,1,1,0,6,6,2155.83333333333,6366.66666666667,425,1403.75,9968.375,2645.83333333333,0,300,0,15,23,62,0,67,1,10,0,0,0,0,0,0,0,0,0,1,0,0,0,0,0,6,0,0,1,0,0,0,3,0,0,0,1,0,2,11,78,3,4,0,0,4,10,40,1,0,0,0,86,0,0,0,0,0,0,0,0,1,71,0,1,15,52,0,4,0,37,0,3,0,78,9,0,0,0,0,0,0,11,8,33,16,11,21
"2012-06-29",101,204,1,1,25,27,142,12,0,0,5,0,4,1,2,0,0,0,38,0,2,2,0,3,3,0,5,5,2521.63333333333,6013.70833333333,648.083333333333,1594.5375,10015.4966666667,2171.5,0,404,1,19,27,53,1,76,2,5,0,0,0,0,0,0,1,0,0,1,0,0,0,0,0,3,0,0,1,0,0,0,1,0,0,0,0,0,0,7,83,0,4,0,1,1,13,40,1,0,0,0,91,0,0,0,0,0,0,0,0,1,77,2,1,13,55,0,7,2,29,0,1,0,89,3,1,0,0,0,0,0,11,4,29,16,19,22
"2012-06-30",78,167,0,0,25,25,121,2,0,0,4,1,1,4,0,0,0,1,33,0,2,2,0,0,0,0,2,2,1899.95,4260.75,448.5,1127.75,7751.9325,1690,78,390,0,16,25,37,0,68,2,4,0,0,0,0,0,1,0,0,1,0,0,0,0,0,0,0,0,0,0,0,0,0,1,0,0,0,0,0,0,2,75,0,0,0,0,2,11,30,0,0,0,0,66,0,0,0,0,0,0,0,0,2,51,2,0,14,31,0,2,0,43,1,0,0,67,1,1,0,0,0,0,0,4,10,19,14,8,23
"2012-07-01",73,143,0,1,16,17,98,4,1,0,3,1,3,5,1,0,0,1,26,0,1,1,0,1,1,0,3,3,1651.32083333333,4145.79166666667,532.291666666667,988.2375,7303.22416666667,1560.375,73,438,0,12,27,33,1,53,2,3,0,0,0,0,0,0,2,1,2,0,0,0,0,0,0,0,0,0,0,0,0,0,1,0,0,0,0,0,0,6,58,0,0,0,0,1,5,31,2,0,0,0,64,0,0,0,0,1,0,0,0,1,41,2,0,23,29,0,4,1,32,1,0,0,63,3,0,0,0,0,0,0,5,5,26,13,8,16
"2012-07-02",61,120,0,1,14,15,87,3,1,1,2,1,1,1,0,0,0,1,22,0,2,2,0,1,1,0,2,2,1337.67916666667,3606.625,345.666666666667,810.283333333333,6119.49458333333,1702.69565217391,0,0,0,11,17,32,1,47,2,2,0,0,0,0,0,0,0,0,1,1,0,0,0,0,0,0,0,1,0,0,0,0,0,0,0,0,0,0,0,3,51,0,1,0,0,0,8,26,0,0,0,0,52,0,0,0,0,0,0,0,0,2,39,0,1,14,21,0,0,2,32,0,0,0,50,3,0,0,0,0,0,0,5,5,18,12,7,14
"2012-07-03",109,209,0,0,27,27,134,9,0,3,8,1,5,3,2,0,0,2,42,0,2,2,0,2,2,0,7,7,2432.51666666667,5908.70833333333,572.25,1321.625,10932.2004166667,2411.625,0,109,0,23,29,57,0,77,3,8,0,0,0,0,0,0,0,2,1,1,0,0,0,0,0,2,0,0,1,0,0,0,1,0,0,0,0,0,4,8,88,4,3,0,0,1,10,47,1,0,0,0,101,0,0,0,0,0,0,0,0,1,92,1,0,6,64,0,4,0,36,0,1,0,95,5,0,0,0,0,0,0,13,11,29,14,12,30
"2012-07-04",92,176,0,1,28,29,121,10,1,3,6,0,1,0,4,0,0,0,30,0,6,6,0,1,1,0,3,3,2080.35,7206.66666666667,563.5,1705.83333333333,9177.72833333333,2208,0,184,0,22,24,45,1,65,7,6,0,0,0,0,1,0,1,0,2,1,0,0,0,0,0,1,1,0,0,0,0,0,0,0,1,0,0,0,1,6,79,2,2,0,0,3,10,31,0,0,0,0,69,0,0,0,0,0,0,0,1,17,71,5,2,10,46,0,3,2,37,0,0,0,60,17,4,0,5,0,0,0,11,15,31,9,6,20
"2012-07-05",86,162,0,2,22,24,112,8,0,1,10,1,0,1,3,0,0,0,26,0,2,2,0,0,0,0,9,9,1862.975,5736.91666666667,580.5,1300.03333333333,8618.84833333334,1323.65217391304,0,258,0,17,21,46,2,62,3,10,0,0,0,0,0,0,1,1,1,0,0,0,0,0,0,4,1,0,0,0,0,0,0,0,0,0,0,0,0,8,75,0,2,0,1,4,9,32,0,0,0,0,76,0,0,0,1,0,0,0,0,0,67,4,1,7,41,0,3,1,30,2,4,0,71,5,0,0,0,0,0,0,13,9,16,16,14,18
"2012-07-06",110,217,0,0,25,25,147,13,0,1,10,1,3,2,1,0,0,2,37,0,5,5,0,1,1,0,9,9,2806.83333333333,6957.5,554.583333333333,1964.875,11018.5625,2662.91666666667,0,440,0,25,33,52,0,77,5,9,0,0,0,0,1,0,0,1,1,0,0,1,0,0,0,1,0,0,1,0,0,0,1,0,0,0,0,0,1,6,92,1,0,0,0,0,12,48,2,0,0,0,95,0,0,0,0,0,0,0,0,0,76,2,1,17,54,0,4,2,41,0,0,0,89,8,0,0,0,0,0,0,5,7,33,22,12,31
"2012-07-07",62,121,0,0,15,15,88,2,0,2,3,0,3,3,1,0,0,1,18,0,2,2,0,3,3,0,2,2,1586.425,3224,410.75,917.6,6200.02583333333,1276.16666666667,62,310,0,13,20,29,0,43,1,3,0,0,0,0,0,0,0,1,0,0,0,0,0,0,0,0,1,0,1,1,0,0,0,0,0,0,0,0,4,4,47,4,2,0,0,1,7,21,0,0,0,0,53,0,0,0,0,1,0,0,0,0,42,3,0,11,31,0,5,0,24,0,1,0,50,5,0,0,0,0,0,0,6,3,19,12,7,15
"2012-07-08",58,119,0,1,14,15,91,1,0,1,2,1,2,0,3,0,0,1,17,0,3,3,0,0,0,0,2,2,1227.66666666667,2552,502.666666666667,469.075,5819.01916666667,1529.75,58,348,0,11,22,24,1,45,2,2,0,0,0,0,0,0,0,0,0,0,0,0,0,0,0,0,1,0,0,0,0,0,1,1,0,0,1,0,0,2,49,2,0,0,0,1,10,23,0,0,0,0,49,0,0,0,0,0,0,0,0,1,34,4,0,11,21,0,0,1,35,0,0,0,50,0,0,0,0,0,0,0,4,3,18,11,7,15
"2012-07-09",103,199,0,1,33,34,134,6,1,4,13,0,3,2,1,0,0,1,34,0,6,6,0,3,3,0,10,10,2067.29583333333,4192.95833333333,643.75,616.7125,10361.4995833333,2437.66666666667,0,0,0,27,32,43,1,68,5,10,0,0,0,0,0,1,0,0,1,1,0,0,0,0,0,0,1,0,1,0,0,0,2,0,0,0,1,0,1,6,84,2,2,0,0,2,20,34,0,0,0,0,90,0,0,0,0,0,0,0,0,1,77,1,1,11,52,0,3,0,40,1,1,0,91,0,0,0,0,0,0,0,12,7,22,17,16,29
"2012-07-10",91,175,0,0,25,25,122,15,0,2,6,0,2,1,1,0,0,0,26,0,4,4,0,1,1,0,5,5,2001.24166666667,4045.70833333333,576.333333333333,808.7625,9170.07,2077.83333333333,0,91,0,21,30,40,0,64,5,6,0,0,0,0,0,0,3,0,1,0,0,0,0,0,0,1,1,1,0,0,0,0,1,0,0,0,0,0,0,8,75,0,0,0,0,2,11,43,0,0,0,0,85,0,0,0,0,0,0,0,0,0,73,5,0,7,46,0,4,2,36,0,1,0,84,1,0,0,0,0,0,0,10,8,30,11,11,21
"2012-07-11",98,186,0,2,30,32,130,7,1,2,12,2,2,2,0,0,0,2,26,0,7,7,0,2,2,0,6,6,2213.98333333333,3634.16666666667,441,679.058333333333,9916.7425,2196.83333333333,0,196,0,26,34,36,2,63,7,11,0,0,0,0,1,2,1,0,0,1,0,1,0,0,0,1,0,0,0,0,0,0,1,0,0,0,0,0,1,5,84,1,2,0,0,2,13,44,0,0,0,0,95,0,0,0,0,1,0,0,0,0,75,5,2,15,49,0,4,1,38,1,0,0,95,0,0,0,0,0,0,0,9,8,28,23,11,19
"2012-07-12",104,194,0,2,28,30,131,10,1,2,5,0,2,4,4,0,0,1,34,0,4,4,0,2,2,0,4,4,2629.03333333333,4524,602.333333333333,1211.6,10511.2366666667,2509,0,312,0,20,29,53,2,77,5,5,0,0,0,0,0,0,1,1,0,0,1,0,0,0,0,1,0,1,1,0,0,0,0,0,0,0,0,0,2,6,87,2,0,0,0,1,10,43,1,1,0,0,98,0,0,0,0,0,0,0,0,1,78,1,0,17,50,0,6,0,46,0,1,0,97,0,0,0,0,0,0,0,10,10,24,13,25,22
"2012-07-13",90,179,1,0,25,26,127,4,0,2,2,3,4,5,2,0,0,1,29,1,3,4,0,4,4,0,2,2,2412.375,4102.5,540,1217.625,9095.9625,2190,0,360,1,21,29,39,0,74,6,3,0,0,0,0,0,0,0,0,1,0,0,0,0,0,0,1,0,0,0,0,0,0,1,0,0,0,0,0,1,3,83,1,0,0,0,1,15,34,1,0,0,0,81,0,0,0,0,0,0,0,0,0,70,0,0,8,40,0,1,0,41,0,1,0,80,1,0,0,0,0,0,0,10,10,23,19,12,16
"2012-07-14",67,129,1,0,18,19,91,1,0,1,4,0,4,4,0,0,0,0,24,0,3,3,1,2,3,0,2,2,1878.23333333333,3310.91666666667,429.916666666667,1084.28333333333,6763.985,1594.04166666667,67,335,1,15,18,33,0,44,3,3,0,0,0,0,0,1,1,0,0,0,0,0,0,0,0,0,1,0,0,0,0,0,1,0,0,0,0,0,2,3,51,2,0,0,1,1,9,29,0,1,0,0,61,0,0,0,0,0,0,0,0,0,45,2,0,12,29,0,2,1,31,0,2,0,60,0,0,0,0,0,0,0,5,7,16,10,13,16
"2012-07-15",63,132,0,0,7,7,101,0,0,0,1,1,3,2,1,0,0,1,22,0,0,0,0,0,0,0,0,0,1638.2625,3864,336,1120.6125,6339.71625,1467.375,63,378,0,6,21,36,0,50,0,0,0,0,0,0,0,0,0,0,1,2,0,0,0,0,0,1,0,0,0,0,0,0,0,0,1,0,0,0,1,4,50,2,1,0,0,2,10,20,0,0,0,0,50,0,0,0,1,0,0,0,1,7,38,1,0,18,35,0,0,2,25,0,0,0,46,6,6,0,0,0,0,0,5,7,12,10,16,13
"2012-07-16",68,132,0,2,20,22,88,6,0,1,6,0,4,2,2,0,0,1,22,0,4,4,0,3,3,0,6,6,1682.71666666667,4720.33333333333,365.5,1259.13333333333,6804.81666666667,1969.16666666667,0,0,0,19,23,24,2,45,2,6,0,0,0,0,1,0,1,0,0,0,0,0,0,0,0,1,1,0,1,0,0,0,2,0,1,0,0,0,0,6,54,1,1,0,0,0,7,33,1,0,0,0,52,0,0,0,0,0,0,0,0,8,51,1,1,11,37,0,3,0,26,0,0,1,49,7,2,0,2,0,0,0,8,5,18,10,13,14
"2012-07-17",79,158,0,0,21,21,112,5,0,0,2,0,0,4,0,0,0,0,35,0,4,4,0,0,0,0,1,1,1850.24583333333,6320,381.833333333333,1552.02083333333,7865.50333333333,1713.95652173913,0,79,0,13,28,38,0,63,2,2,0,0,0,0,0,0,1,0,0,0,0,0,0,0,0,0,0,0,0,0,0,0,2,0,0,0,0,1,1,3,67,2,0,0,0,0,6,32,0,0,0,0,42,0,0,0,0,0,0,0,0,22,49,4,0,10,36,0,2,1,32,0,0,0,27,21,15,0,2,0,0,0,6,4,26,11,15,17
"2012-07-18",75,154,0,1,18,19,104,14,0,2,7,3,2,0,0,0,0,0,22,0,1,1,0,1,1,0,7,7,1593.75,4284.375,606.25,896.875,7522.21875,1765.625,0,150,0,16,25,33,1,62,0,7,0,0,0,0,0,0,0,0,0,1,0,0,0,0,0,0,0,0,0,0,0,0,0,0,0,0,0,0,2,1,69,2,0,0,0,0,11,23,0,0,0,0,69,0,0,0,0,0,0,0,0,0,56,3,0,10,39,0,2,1,29,0,0,0,67,2,0,0,0,0,0,0,3,3,25,11,11,22
"2012-07-19",90,172,0,3,15,18,122,10,1,1,4,2,4,1,1,0,0,0,26,0,4,4,0,3,3,0,2,2,1716,4563.75,603.75,751.125,9074.7375,1556.25,0,270,0,15,38,34,3,66,6,3,0,1,0,1,0,1,1,1,0,1,0,0,0,0,0,1,0,0,0,0,0,0,3,1,1,0,0,0,0,7,78,2,1,0,1,0,17,31,0,1,0,0,84,0,0,0,1,0,0,0,0,0,65,1,1,18,44,0,4,0,39,0,0,0,84,0,0,0,0,0,0,0,18,6,24,13,13,16
"2012-07-20",104,201,0,0,31,31,135,5,0,2,8,2,2,5,7,0,0,0,35,0,2,2,0,1,1,0,6,6,2037.53333333333,5546.66666666667,637,983.666666666667,10509.2433333333,1464.66666666667,0,416,0,25,27,52,0,75,4,8,0,0,0,0,0,2,0,0,0,0,0,0,0,1,0,1,2,0,1,0,0,0,5,0,1,0,0,0,1,10,89,2,1,0,0,0,7,51,0,0,0,0,93,0,0,0,0,1,0,0,0,0,74,3,1,17,51,0,0,0,43,0,2,0,90,2,0,0,0,0,0,0,6,8,26,27,14,23
"2012-07-21",52,106,0,1,18,19,80,2,0,1,5,2,0,0,0,0,0,1,15,0,2,2,0,0,0,0,3,3,1144.65,2816.66666666667,238.333333333333,617.933333333333,5246.8,1219.83333333333,52,260,0,9,18,24,1,37,1,3,0,0,0,0,0,0,0,0,0,1,0,0,0,0,0,0,1,0,2,0,0,0,3,0,0,0,0,0,1,7,41,1,1,0,0,1,7,24,0,0,0,0,49,0,0,0,0,0,0,0,0,0,36,1,0,13,23,0,2,2,25,0,0,0,48,1,0,0,0,0,0,0,6,5,18,7,4,12
"2012-07-22",55,110,0,1,17,18,81,0,0,1,1,0,3,3,2,0,0,2,17,0,1,1,0,2,2,0,1,1,1405.70833333333,3018.125,318.541666666667,866.708333333333,5539.71458333333,1203.125,55,330,0,12,20,22,1,44,1,2,0,0,0,0,0,0,0,0,0,0,0,1,0,0,0,0,1,0,1,0,0,0,0,0,0,0,0,0,1,3,47,1,0,0,1,0,9,20,0,0,0,0,51,0,0,0,0,0,0,0,0,1,30,4,0,17,23,0,2,0,27,0,0,0,49,1,1,0,0,0,0,0,4,4,17,7,7,16
"2012-07-23",98,186,1,0,23,24,131,7,0,2,5,2,2,0,2,0,0,0,35,1,1,2,0,2,2,0,4,4,2380.175,6904.91666666667,677.833333333333,1785.23333333333,9814.455,2123.33333333333,0,0,1,17,33,47,0,70,2,5,0,0,0,0,2,2,1,0,0,0,0,0,0,0,0,2,1,0,0,0,0,0,1,0,0,0,0,0,1,5,81,1,4,0,0,2,12,42,1,0,0,0,59,0,0,0,0,0,0,0,1,28,58,14,0,17,54,0,1,1,38,0,2,0,48,12,11,0,16,0,0,0,9,11,25,20,11,22
"2012-07-24",79,153,1,0,12,13,105,9,0,1,2,1,2,2,0,0,0,0,31,0,2,2,0,1,1,1,1,2,1669.8625,5401.625,664.916666666667,1149.12083333333,7869.94708333333,1659,0,79,1,9,29,40,0,61,3,2,0,0,0,0,0,1,0,0,1,0,0,0,0,0,0,1,1,0,0,0,0,0,0,0,0,0,0,1,0,3,67,1,1,0,0,3,8,30,0,0,0,0,66,0,0,0,0,0,0,0,1,4,55,0,0,13,39,0,6,0,28,0,1,0,60,3,3,1,2,0,0,0,7,11,16,17,11,17
"2012-07-25",72,144,0,0,28,28,99,5,2,1,9,0,2,3,1,0,0,0,22,0,5,5,0,2,2,0,9,9,1479,4095,504,825.3,7212.36,1530,0,144,0,23,17,32,0,51,3,9,0,0,0,0,0,0,0,0,0,0,0,0,0,0,0,0,1,0,0,0,0,0,0,0,1,0,0,0,1,1,63,2,0,0,0,2,7,28,0,0,0,0,68,0,0,0,0,0,0,0,0,0,53,1,0,14,40,0,4,1,24,0,1,0,67,1,0,0,0,0,0,0,8,8,11,14,14,17
"2012-07-26",85,169,0,1,16,17,114,5,0,0,5,1,2,3,2,0,0,0,37,0,2,2,0,1,1,0,3,3,1750.29166666667,5843.75,364.791666666667,1238.52083333333,8464.01666666667,1572.5,0,255,0,13,26,45,1,69,2,5,0,0,0,0,0,0,0,0,2,0,0,0,0,0,0,0,1,0,0,1,0,0,2,0,0,0,0,0,0,6,76,0,1,0,0,2,13,33,0,0,0,0,70,0,0,0,0,0,0,0,0,3,53,2,1,13,39,0,1,1,41,0,0,0,44,27,2,0,0,0,0,0,10,10,21,14,11,19
"2012-07-27",78,148,1,1,25,27,99,12,0,3,6,3,0,1,1,0,0,3,20,1,3,4,0,0,0,0,4,4,1691.3,5167.5,435.5,1152.125,7807.9625,929.5,0,312,1,17,22,37,1,55,3,6,0,0,0,0,0,0,1,2,1,0,0,0,0,0,0,1,1,0,1,0,0,0,1,0,0,0,0,0,1,8,64,1,0,0,0,3,11,29,0,0,0,0,74,0,0,0,0,0,0,0,0,0,58,4,0,12,33,0,3,0,38,0,2,0,72,2,0,0,0,0,0,0,8,5,25,12,8,20
"2012-07-28",50,107,0,1,12,13,75,4,0,0,4,2,2,2,0,0,0,0,18,0,1,1,0,1,1,0,3,3,1097.91666666667,2666.66666666667,387.5,591.666666666667,5038,310.416666666667,50,250,0,9,21,19,1,35,1,5,0,0,0,0,0,0,0,0,0,0,0,0,0,0,0,0,0,0,1,0,0,0,0,0,0,0,0,0,0,1,41,0,1,0,0,0,6,18,0,0,0,0,43,0,0,0,0,0,0,0,0,0,29,0,1,14,24,0,2,0,22,0,0,0,41,2,0,0,0,0,0,0,2,4,15,10,8,11
"2012-07-29",69,133,0,0,17,17,92,3,0,0,3,0,3,2,1,0,0,1,28,0,2,2,0,1,1,0,3,3,1558.5375,4246.375,480.125,1017.4625,6953.44625,1308.125,69,414,0,13,18,38,0,50,1,2,0,0,0,0,1,0,0,0,0,1,0,0,0,0,0,3,0,0,1,0,0,0,1,0,0,0,0,0,1,6,54,1,2,0,0,2,9,24,0,1,0,0,60,0,0,0,0,0,0,0,0,0,38,2,0,18,28,0,2,1,31,0,2,0,56,2,0,0,0,0,0,0,7,5,18,19,9,11
"2012-07-30",63,122,0,0,15,15,81,7,0,1,3,0,2,3,1,0,0,3,21,0,2,2,0,1,1,0,2,2,1566.8625,3591,322.875,956.55,6347.53875,1417.5,0,0,0,12,13,38,0,42,2,4,0,0,0,0,0,0,0,0,0,0,0,0,0,0,0,3,1,0,0,0,0,0,0,0,1,0,0,0,1,4,48,2,1,0,1,1,7,26,0,0,0,0,58,0,0,0,0,1,0,0,0,0,46,1,1,7,25,0,9,0,22,2,1,0,57,0,0,0,0,0,0,0,10,9,14,9,8,13
"2012-07-31",85,164,0,0,25,25,108,7,0,1,8,1,5,1,2,0,0,1,30,0,5,5,0,1,1,0,7,7,2135.27083333333,5401.04166666667,548.958333333333,1483.60416666667,8537.15208333333,1735.41666666667,0,85,0,21,15,49,0,60,4,8,0,0,0,0,0,0,0,0,0,0,0,0,0,0,0,1,0,0,0,0,0,0,2,1,0,0,0,0,3,3,72,4,1,0,1,3,14,29,0,0,0,0,68,0,0,0,0,0,0,0,0,5,60,2,1,9,29,0,2,2,43,1,1,0,66,5,2,0,0,0,0,0,9,8,24,17,9,18
"2012-08-01",79,154,0,2,19,21,104,6,1,2,10,1,2,2,4,0,0,1,21,0,3,3,0,2,2,0,8,8,1859.13333333333,5747.25,371.958333333333,1432.8625,7910.00666666667,1803.83333333333,0,158,0,19,18,40,2,59,5,8,0,0,0,0,1,0,0,0,0,0,0,0,0,0,0,1,0,0,1,0,0,0,2,0,0,0,0,0,0,4,73,0,1,0,1,1,8,35,0,0,0,0,63,0,0,0,0,0,0,0,0,9,52,2,0,17,36,0,2,0,34,0,1,0,59,8,7,0,0,0,0,0,5,6,34,12,6,16
"2012-08-02",70,145,0,2,21,23,91,8,1,2,7,1,4,0,4,0,0,1,26,0,0,0,0,3,3,0,5,5,1788.5,4555.83333333333,373.333333333333,1257.08333333333,7007.37916666667,1686.08695652174,0,210,0,16,23,29,2,54,0,5,0,0,0,0,0,0,0,0,1,0,0,0,0,0,0,0,0,0,0,0,0,0,1,0,1,0,0,1,4,2,59,6,0,0,0,3,7,27,1,0,0,0,63,0,0,0,1,0,0,0,0,0,53,0,0,10,33,0,3,2,29,0,1,0,62,2,0,0,0,0,0,0,7,5,28,7,6,17
"2012-08-03",79,159,0,3,22,25,110,2,0,0,9,1,7,3,2,0,0,0,25,0,3,3,0,4,4,0,8,8,1982.24166666667,4641.25,457.541666666667,1282.7625,7944.17416666667,2208.70833333333,0,316,0,20,26,30,3,55,2,9,0,0,0,0,0,0,1,0,0,0,0,0,0,0,0,2,0,0,3,0,0,0,0,0,0,0,0,0,2,6,66,2,2,0,0,1,4,33,0,0,0,0,69,0,0,0,0,0,0,0,0,0,53,1,0,18,38,0,2,2,30,0,1,0,69,1,0,0,0,0,0,0,6,6,24,13,6,24
"2012-08-04",60,117,0,0,10,10,85,1,0,2,1,0,1,3,0,0,0,0,24,0,2,2,0,0,0,0,1,1,1576.75,3367.5,340,994.25,6068.3,847.5,60,300,0,10,24,26,0,43,2,1,0,0,0,0,0,0,0,0,2,0,0,0,0,0,0,0,0,0,1,0,0,0,0,0,0,0,0,1,1,3,46,2,1,0,0,1,7,20,0,0,0,0,50,0,0,0,0,0,0,0,0,1,33,1,0,20,26,0,1,2,24,1,0,0,50,2,0,0,0,0,0,0,8,6,17,7,6,16
"2012-08-05",47,97,0,0,13,13,74,0,0,2,3,0,0,1,1,0,0,0,16,0,1,1,0,0,0,0,3,3,1213.775,3505.41666666667,327.041666666667,981.516666666667,4713.0425,994.833333333333,47,282,0,11,21,15,0,35,1,3,0,0,0,0,0,0,0,0,0,0,0,0,0,0,0,1,0,0,0,0,0,0,0,0,0,0,0,0,0,1,39,0,1,0,0,0,3,21,1,1,0,0,25,0,0,0,0,0,0,0,0,17,29,2,0,11,17,0,2,2,21,0,1,0,27,6,8,0,1,0,0,0,6,3,14,8,2,14
"2012-08-06",85,167,0,0,18,18,116,6,1,4,10,0,1,1,2,0,0,0,26,0,1,1,0,0,0,0,5,5,1728.6875,5305.41666666667,446.25,1088.35416666667,8549.9375,2195.83333333333,0,0,0,17,31,37,0,59,4,8,0,0,0,0,1,0,0,0,0,0,0,1,0,1,0,0,0,0,1,0,0,0,1,0,0,0,0,0,1,4,72,1,1,0,0,1,10,33,0,1,0,0,74,0,0,0,0,0,0,0,0,0,54,2,0,15,42,0,2,2,34,0,2,0,72,1,0,0,0,0,0,0,9,5,31,9,10,21
"2012-08-07",62,125,0,2,7,9,84,5,0,1,1,1,1,0,3,0,0,0,29,0,1,1,0,1,1,0,0,0,1408.175,3820.75,372,893.316666666667,6230.56083333333,1379.5,0,62,0,4,21,35,2,52,1,1,0,0,0,0,0,0,1,0,1,0,0,0,0,0,0,0,0,0,0,0,0,0,1,0,0,0,0,0,1,3,54,1,1,0,0,1,7,19,1,0,0,0,48,0,0,0,0,0,0,0,0,2,44,0,0,8,25,0,3,0,24,0,2,0,46,2,1,0,0,0,0,0,10,6,19,9,4,14
"2012-08-08",87,172,0,0,20,20,118,9,1,1,1,0,5,1,2,0,0,1,33,0,2,2,0,2,2,0,1,1,1979.6125,5984.875,366.125,1414.8375,8749.84375,1511.625,0,174,0,15,30,42,0,70,2,1,0,0,0,0,1,0,2,0,1,0,0,0,0,1,0,0,0,0,0,0,0,0,0,1,0,0,0,0,1,4,74,2,1,0,0,3,11,38,0,0,0,0,77,0,0,0,0,0,0,0,0,1,63,1,0,16,44,0,2,0,34,0,0,0,72,5,1,0,0,0,0,0,9,8,31,7,11,21
"2012-08-09",80,166,0,1,18,19,123,3,0,1,6,1,1,4,1,0,0,0,26,0,1,1,0,1,1,0,4,4,1694,6296.66666666667,656.666666666667,1384,8041.93333333333,530,0,240,0,14,29,36,1,63,1,6,0,0,0,0,0,0,0,0,1,0,0,0,0,0,0,0,2,0,0,0,0,0,1,0,0,0,0,0,0,4,70,0,0,0,1,0,8,35,1,0,0,0,44,0,0,0,0,0,0,0,0,25,54,2,0,17,48,0,2,0,28,0,0,0,33,14,21,0,2,0,0,0,6,7,19,20,9,19
"2012-08-10",84,155,0,0,21,21,110,10,0,2,3,1,2,2,2,0,0,1,22,0,3,3,0,1,1,0,3,3,1642.9,7574,630,1503.95,8421.665,234.5,0,336,0,17,26,41,0,59,6,3,0,0,0,0,0,0,0,0,3,0,0,0,0,0,0,0,2,0,1,0,1,0,0,0,0,0,0,0,3,7,68,3,1,0,0,3,13,32,0,0,0,0,35,0,0,0,0,0,0,0,0,43,48,9,1,22,32,0,8,0,42,0,1,0,24,14,39,0,0,0,0,1,9,10,24,13,9,19