"Date","NB_Accidents","NB_VEH_IMPLIQUES_ACCDN","NB_MORTS","NB_BLESSES_GRAVES","NB_BLESSES_LEGERS","NB_VICTIMES_TOTAL","nb_automobile_camion_leger","nb_camionLourd_tractRoutier","nb_outil_equipement","nb_tous_autobus_minibus","nb_bicyclette","nb_cyclomoteur","nb_motocyclette","nb_taxi","nb_urgence","nb_motoneige","nb_VHR","nb_autres_types","nb_veh_non_precise","NB_DECES_PIETON","NB_BLESSES_PIETON","NB_VICTIMES_PIETON","NB_DECES_MOTO","NB_BLESSES_MOTO","NB_VICTIMES_MOTO","NB_DECES_VELO","NB_BLESSES_VELO","NB_VICTIMES_VELO","Temp","Rel.Hum","Wind.Spd","Dew.Point.Temp","Stn_Press","Wind.Dir","weekdays","days","SeverityDeadly","SeverityLight Injury","SeverityMaterial High","SeverityMaterial Low","SeveritySevere Injury","as.factor(Accident_Type)31","as.factor(Accident_Type)32","as.factor(Accident_Type)33","as.factor(Accident_Type)34","as.factor(Accident_Type)35","as.factor(Accident_Type)36","as.factor(Accident_Type)37","as.factor(Accident_Type)38","as.factor(Accident_Type)39","as.factor(Accident_Type)40","as.factor(Accident_Type)41","as.factor(Accident_Type)42","as.factor(Accident_Type)43","as.factor(Accident_Type)44","as.factor(Accident_Type)45","as.factor(Accident_Type)46","as.factor(Accident_Type)47","as.factor(Accident_Type)48","as.factor(Accident_Type)49","as.factor(Accident_Type)50","as.factor(Accident_Type)51","as.factor(Accident_Type)52","as.factor(Accident_Type)53","as.factor(Accident_Type)54","as.factor(Accident_Type)55","as.factor(Accident_Type)59","as.factor(Accident_Type)71","as.factor(Accident_Type)72","as.factor(Accident_Type)73","as.factor(Accident_Type)74","as.factor(Accident_Type)75","as.factor(Accident_Type)99","Accident_CategoryFixed Object","Accident_CategoryMoving Object","Accident_CategoryNo Collision","Auth_Speed10","Auth_Speed100","Auth_Speed20","Auth_Speed30","Auth_Speed40","Auth_Speed50","Auth_Speed60","Auth_Speed70","Auth_Speed80","Auth_Speed90","Surface_CondDry","Surface_CondHard snow","Surface_CondIce","Surface_CondMud","Surface_CondOil","Surface_CondSand or gravel","Surface_CondSlush","Surface_CondSnow","Surface_CondWater accumulation","Surface_CondWet","IlluminationDay and clear","IlluminationDay and semi-dark","IlluminationNight and dark","IlluminationNight and lighted","EnvironmentCommercial","EnvironmentForest","EnvironmentIndustrial","EnvironmentPark","EnvironmentResidential","EnvironmentRural","EnvironmentSchool area","WeatherBlack Ice","WeatherClear Sky","WeatherCloudy","WeatherDrizzle","WeatherFoggy","WeatherHeavy Rain","WeatherSnow","WeatherSnowstorms","WeatherStrong Wind","cluster_id_0","cluster_id_1","cluster_id_2","cluster_id_3","cluster_id_4","cluster_id_5"
"2012-08-11",58,111,0,0,7,7,82,1,0,1,0,0,1,2,2,0,0,0,22,0,2,2,0,0,0,0,0,0,1192.625,5075,466.416666666667,1058.98333333333,5810.53666666667,384.25,58,290,0,6,26,26,0,45,2,0,0,0,0,0,1,0,1,0,0,0,0,0,0,0,0,4,0,0,0,0,0,0,0,0,0,0,0,1,0,5,48,1,0,0,0,0,10,17,0,0,0,0,30,0,0,0,0,0,0,0,0,19,23,4,0,21,27,0,1,0,27,0,1,0,21,12,13,0,1,0,0,0,5,5,13,10,9,16
"2012-08-12",65,131,0,2,15,17,91,4,0,1,9,1,1,3,2,0,0,2,17,0,0,0,0,1,1,0,7,7,1450.04166666667,4953.54166666667,303.333333333333,1143.45833333333,6516.98125,1532.91666666667,65,390,0,12,21,30,2,44,1,7,0,0,0,0,0,0,0,0,1,0,0,0,0,0,0,0,0,0,2,0,0,0,2,2,0,0,0,0,0,5,52,2,1,0,0,1,11,29,1,0,0,0,53,0,0,0,0,0,0,0,0,7,39,0,2,19,24,0,2,1,33,1,0,0,49,6,3,0,1,0,0,0,3,3,17,12,11,19
"2012-08-13",89,181,0,1,19,20,126,6,0,4,7,1,2,2,1,0,0,2,30,0,1,1,0,2,2,0,6,6,1978.025,6656.45833333333,396.791666666667,1550.825,8933.48625,2113.75,0,0,0,18,20,50,1,69,1,6,0,0,0,0,0,1,0,0,0,0,0,0,0,0,0,0,0,0,1,0,0,0,3,0,0,0,0,0,1,4,77,1,1,0,0,1,10,29,1,0,0,0,82,0,0,0,0,0,0,0,0,0,63,4,1,14,42,0,4,1,37,0,0,0,66,14,0,0,0,0,0,0,12,6,24,19,10,18
"2012-08-14",80,159,2,2,25,29,102,10,0,3,3,2,3,3,1,0,0,0,32,0,1,1,0,0,0,0,1,1,1807,5756.66666666667,406.666666666667,1371.33333333333,8028.73333333333,1900,0,80,1,11,26,42,0,60,2,2,0,0,0,0,0,0,1,1,2,1,0,0,0,0,0,0,0,0,0,0,0,0,1,0,0,0,0,0,1,6,64,1,1,0,1,2,12,23,0,0,0,0,67,0,0,0,0,0,0,0,0,1,53,2,1,13,35,0,5,1,31,1,3,0,45,23,1,0,0,0,0,0,8,5,21,17,12,17
"2012-08-15",91,174,0,0,29,29,121,2,1,4,9,2,1,5,1,0,0,0,28,0,9,9,0,1,1,0,7,7,1992.9,6775.70833333333,439.833333333333,1538.27916666667,9124.03916666667,2627.625,0,182,0,24,29,38,0,54,9,8,0,0,0,0,2,0,0,0,0,0,0,0,0,1,0,0,0,0,1,0,0,0,0,0,0,0,0,0,2,2,73,2,1,0,0,1,18,33,0,1,0,0,73,0,0,0,0,0,0,0,0,11,55,6,1,20,41,0,3,0,39,2,1,0,62,14,5,0,0,0,0,0,8,8,34,16,6,19
"2012-08-16",76,149,0,0,12,12,104,7,1,1,5,1,0,2,1,0,0,1,26,0,0,0,0,0,0,0,4,4,1678.96666666667,5047.66666666667,402.166666666667,1160.58333333333,7619.98166666667,1561.16666666667,0,228,0,11,24,41,0,59,0,5,0,0,0,0,1,0,0,0,0,1,0,0,0,1,0,0,0,0,2,0,0,0,1,0,1,0,0,1,0,5,65,2,0,0,0,4,7,28,1,1,0,0,64,0,1,0,0,1,0,0,0,0,55,0,0,10,40,0,3,2,25,1,1,0,62,3,0,0,0,0,0,0,6,7,20,12,12,19
"2012-08-17",93,178,0,0,26,26,122,3,0,3,4,1,1,8,0,0,0,0,36,0,7,7,0,0,0,0,3,3,2007.25,6676.625,480.5,1504.6625,9286.05,2054.08695652174,0,372,0,20,28,45,0,65,7,5,0,0,0,0,0,0,1,0,0,0,0,0,0,0,0,2,1,0,0,0,0,0,1,0,0,0,0,0,2,5,77,2,3,0,0,2,10,47,0,1,0,0,83,0,0,0,0,0,0,0,0,1,58,2,2,22,50,0,3,1,27,0,3,0,66,15,0,0,0,0,0,0,13,4,23,12,15,26
"2012-08-18",70,140,0,1,23,24,108,1,1,1,7,2,1,1,0,0,0,0,18,0,3,3,0,0,0,0,5,5,1270.5,4127.08333333333,347.083333333333,676.375,7022.98333333333,1869.58333333333,70,350,0,18,25,26,1,52,4,7,0,0,0,1,0,0,0,0,0,0,0,0,0,0,0,0,1,0,0,0,0,0,2,0,0,0,0,0,1,3,64,1,1,0,0,0,13,27,0,0,0,0,63,0,0,0,0,1,0,0,0,0,42,2,1,21,38,0,0,1,28,1,0,0,61,4,0,0,0,0,0,0,7,11,22,6,6,18
"2012-08-19",60,123,0,1,13,14,87,3,0,2,4,2,0,1,2,0,0,0,22,0,0,0,0,0,0,0,4,4,1165,3565,322.5,655.5,6029.05,1405,60,360,0,10,22,27,1,48,0,3,0,0,0,0,0,0,0,0,0,0,0,0,0,0,0,2,0,0,1,0,0,0,0,0,0,0,0,0,0,3,51,0,1,0,1,1,4,25,0,0,0,0,56,0,0,0,0,0,0,0,0,0,27,4,0,24,23,0,2,1,32,0,0,0,55,0,0,0,0,0,0,0,4,4,17,14,4,17
"2012-08-20",75,147,0,2,14,16,102,7,0,1,3,1,3,1,3,0,0,0,26,0,2,2,0,3,3,0,1,1,1542.5,4150,381.25,814.0625,7522.96875,2000,0,0,0,10,17,46,2,56,4,3,0,0,0,0,1,0,0,0,1,0,0,0,0,0,0,0,0,0,0,0,0,0,1,0,0,0,0,0,2,2,64,2,0,0,0,1,9,31,0,0,0,0,71,0,0,0,0,0,0,0,0,0,57,0,0,13,36,0,4,1,30,0,1,0,71,1,0,0,0,0,0,0,7,5,20,14,7,22
"2012-08-21",85,165,0,1,11,12,111,8,1,0,6,1,2,0,5,0,0,1,30,0,1,1,0,1,1,0,4,4,1677.6875,4529.79166666667,350.625,832.645833333333,8560.17291666667,2368.40909090909,0,85,0,10,26,48,1,59,2,5,0,0,0,0,1,0,0,1,1,2,0,0,0,0,0,1,1,3,0,0,0,0,1,0,0,0,0,0,0,10,67,0,1,0,1,2,12,23,0,0,0,0,78,0,0,0,0,0,0,0,0,1,62,2,1,9,48,0,0,0,33,0,1,0,73,4,1,0,0,0,0,0,7,6,28,23,7,14
"2012-08-22",101,190,0,1,31,32,127,11,1,3,7,4,3,3,2,0,0,2,27,0,3,3,0,3,3,0,4,4,2163.925,5613.91666666667,547.083333333333,1200.21666666667,10197.2125,2306.16666666667,0,202,0,23,34,43,1,73,4,7,0,0,0,0,1,0,1,1,0,0,0,0,0,0,0,3,0,0,0,0,0,0,1,0,0,0,0,0,0,6,85,0,0,0,1,1,16,36,1,0,0,0,89,0,0,0,0,0,0,0,0,0,66,3,0,19,42,0,3,1,39,0,4,0,84,3,0,0,0,0,0,0,10,9,36,18,7,21
"2012-08-23",91,177,0,3,29,32,127,8,0,3,6,1,4,4,1,0,0,1,22,0,12,12,0,1,1,0,4,4,2073.6625,5513.08333333333,519.458333333333,1330.49583333333,9187.815,2305.33333333333,0,273,0,22,26,40,3,66,6,5,0,0,0,0,2,0,0,0,0,0,0,0,0,0,0,1,0,0,1,0,0,0,1,0,0,0,0,2,1,3,79,3,0,0,0,1,11,37,1,0,0,0,84,0,0,0,0,0,0,0,0,0,68,4,0,12,44,0,2,0,36,1,2,0,85,0,1,0,0,0,0,0,4,6,30,16,10,25
"2012-08-24",106,209,0,0,34,34,143,10,0,3,9,3,2,0,3,0,0,3,33,0,5,5,0,1,1,0,5,5,2419.00833333333,5834.41666666667,600.666666666667,1364.30833333333,10742.1725,940.75,0,424,0,28,31,47,0,72,5,9,0,0,0,0,1,0,1,0,1,1,0,0,0,0,0,1,0,0,1,0,0,0,1,1,1,0,0,0,1,6,87,3,1,0,0,0,12,37,0,0,0,0,98,0,0,0,0,0,0,0,0,0,73,3,0,24,46,0,4,0,47,1,2,0,95,1,0,0,0,0,0,0,12,7,35,20,7,25
"2012-08-25",71,156,0,1,12,13,116,2,0,1,4,0,1,4,0,0,0,1,27,0,1,1,0,1,1,0,4,4,1810.20416666667,3795.54166666667,346.125,1056.125,7202.4175,1420,71,355,0,8,33,29,1,57,1,4,0,0,0,0,0,0,0,1,0,0,0,0,0,0,0,0,1,0,0,0,0,0,0,0,0,0,0,0,0,2,62,0,0,0,0,0,15,25,1,0,0,0,62,0,0,0,0,0,0,0,0,1,39,1,0,22,34,0,2,1,30,0,0,0,58,1,1,0,0,0,0,0,4,5,25,9,10,18
"2012-08-26",66,131,0,1,9,10,87,3,0,1,3,1,1,5,0,0,0,2,28,0,1,1,0,1,1,0,1,1,1710.775,3635.5,379.5,1049.125,6694.875,1355.75,66,396,0,9,24,32,1,49,2,3,0,0,0,0,0,0,4,0,0,0,0,0,0,0,0,0,1,0,0,0,0,0,0,0,0,0,0,0,1,5,54,1,0,0,0,3,8,23,0,0,0,0,59,0,0,0,0,0,0,0,0,0,37,0,0,19,27,0,1,2,31,0,0,0,57,2,0,0,0,0,0,0,9,6,18,15,10,8
"2012-08-27",98,202,0,1,29,30,145,10,0,0,6,2,3,1,2,0,0,1,32,0,4,4,0,1,1,0,4,4,2324.23333333333,6684.41666666667,608.416666666667,1696.21666666667,9867.29333333333,2119.25,0,0,0,20,33,44,1,73,3,5,0,0,0,0,1,0,0,1,1,0,0,0,0,0,0,1,0,0,1,0,0,0,1,0,1,0,0,0,1,5,82,2,1,0,0,2,6,41,0,0,0,0,69,0,0,0,0,0,0,0,1,19,69,6,0,12,47,0,3,0,41,0,1,0,55,16,14,1,0,0,0,0,13,4,23,20,12,26
"2012-08-28",83,166,0,1,26,27,112,8,0,4,8,1,1,1,2,0,0,0,29,0,3,3,0,0,0,0,3,3,1732.97083333333,5163.29166666667,753.916666666667,1057.55833333333,8320.16208333333,1130.875,0,83,0,19,26,37,1,63,3,8,0,0,0,0,0,0,0,1,0,1,0,0,0,0,0,0,0,0,0,0,0,0,2,0,0,0,0,0,1,4,74,1,0,0,2,1,8,37,0,0,0,0,79,0,0,0,0,0,0,0,0,1,63,3,0,13,50,0,2,1,25,0,2,0,72,7,1,0,0,0,0,0,11,3,22,21,9,17
"2012-08-29",87,178,0,1,24,25,113,10,1,3,15,0,0,3,2,0,0,0,31,0,2,2,0,0,0,0,12,12,1681.275,3958.5,558.25,598.85,8750.3875,2280.125,0,174,0,19,33,34,1,60,2,15,0,0,0,0,0,0,1,0,0,1,0,0,0,0,0,0,0,0,1,0,0,0,1,0,1,0,0,0,1,4,77,2,2,0,0,5,10,33,0,1,0,0,77,0,0,0,0,0,0,0,0,1,67,2,0,11,36,0,1,0,43,0,3,0,79,0,0,0,0,0,0,0,8,5,22,24,8,20
"2012-08-30",79,158,0,0,26,26,103,6,2,4,9,1,1,5,1,0,0,3,23,0,2,2,0,0,0,0,6,6,1720.225,4766.33333333333,645.166666666667,1072.09583333333,7926.33333333333,1744.58333333333,0,237,0,22,17,40,0,53,3,10,0,0,0,0,0,1,0,0,0,0,0,0,0,0,0,1,0,0,1,0,0,0,0,0,0,0,0,0,1,2,67,1,0,0,0,0,9,34,0,0,0,0,73,0,0,0,0,0,0,0,0,1,57,3,0,15,38,0,1,0,36,0,1,0,70,0,0,0,0,0,0,3,7,5,27,14,10,16
"2012-08-31",99,195,0,1,28,29,133,12,0,3,6,2,2,0,1,0,0,1,35,0,4,4,0,0,0,0,4,4,2275.35,6587.625,713.625,1614.525,9909.11625,2046,0,396,0,18,35,45,1,77,5,6,0,0,0,0,0,0,1,1,1,0,0,0,0,0,0,0,0,0,0,0,0,0,0,0,0,0,0,0,2,3,88,2,0,0,0,2,12,35,1,0,1,0,84,0,0,0,0,0,0,0,0,5,67,3,1,17,41,0,2,0,48,0,2,0,65,19,5,0,0,0,0,0,10,6,33,14,14,22
"2012-09-01",88,179,0,1,27,28,134,3,1,2,1,1,2,6,3,0,0,1,25,0,5,5,0,2,2,0,1,1,1776.13333333333,4268,597.666666666667,740.3,8887.34,847,88,440,0,19,23,45,1,69,4,1,0,0,0,0,0,0,0,1,0,0,0,0,0,0,0,1,1,0,0,0,0,0,2,1,0,0,0,0,1,5,74,2,0,0,0,1,10,36,0,0,0,0,80,0,0,0,0,1,0,0,0,0,46,1,0,31,49,0,3,0,32,0,0,0,80,1,0,0,0,0,0,0,5,6,18,11,18,30
"2012-09-02",69,131,0,1,22,23,87,3,0,1,8,0,3,7,0,0,0,0,22,0,5,5,0,2,2,0,5,5,1370.5125,3251.625,339.25,529,6975.095,1265,69,414,0,19,23,26,1,42,5,8,0,0,0,0,0,0,0,0,0,1,0,0,0,0,0,0,1,0,1,0,0,0,0,1,0,0,0,1,1,3,55,3,0,0,0,3,8,31,0,0,0,0,65,0,0,0,1,0,0,0,0,0,36,2,1,23,31,0,3,0,33,0,0,0,66,0,0,0,0,0,0,0,9,5,21,12,6,16
"2012-09-03",56,110,0,0,10,10,77,4,0,0,5,0,0,3,1,0,0,0,20,0,0,0,0,0,0,0,3,3,1197.7,2867.66666666667,245,577.966666666667,5660.38666666667,1132.72727272727,0,0,0,8,22,26,0,44,0,5,0,0,0,1,0,0,1,0,0,0,0,0,0,1,0,0,0,0,0,0,0,0,1,0,0,0,0,0,0,3,50,0,0,0,0,0,11,17,0,0,0,0,47,0,0,0,0,1,0,0,0,0,27,1,0,14,19,0,2,1,29,1,0,0,47,1,0,0,0,0,0,0,4,1,20,10,7,14
"2012-09-04",92,181,0,0,31,31,138,3,0,3,4,1,1,3,1,0,0,0,27,0,4,4,0,0,0,0,3,3,2010.58333333333,6723.66666666667,506,1536.78333333333,9251.13666666667,1671.33333333333,0,92,0,21,36,35,0,72,4,4,0,0,0,0,1,0,0,0,0,1,0,0,0,0,0,2,1,0,1,0,0,0,0,0,0,0,0,0,1,5,81,1,1,0,0,4,18,34,1,0,0,0,61,0,0,0,0,0,0,0,0,24,54,2,0,29,43,0,2,0,40,0,0,0,38,23,24,0,0,0,0,0,10,3,24,17,11,27
"2012-09-05",82,167,0,1,18,19,111,12,0,2,4,0,0,6,2,0,0,0,30,0,4,4,0,0,0,0,3,3,1829.625,6173.91666666667,440.75,1424.75,8207.51666666666,1127.5,0,164,0,14,31,36,1,63,4,3,0,0,0,1,1,0,0,0,1,1,0,0,0,0,0,0,0,0,0,0,0,0,2,0,0,0,0,0,1,4,72,1,0,0,0,1,15,30,1,0,0,0,62,0,0,0,0,0,0,0,0,9,53,2,1,14,36,0,3,1,36,0,1,0,55,8,6,0,1,0,0,0,6,9,22,8,14,23
"2012-09-06",84,171,0,0,22,22,123,7,0,2,5,1,0,3,0,0,0,1,29,0,3,3,0,0,0,0,3,3,1962.8,5705,423.5,1409.8,8407.98,1956.5,0,252,0,19,26,39,0,69,3,4,0,0,0,0,0,1,1,0,2,0,0,0,0,0,0,0,0,0,0,0,0,0,0,0,0,0,0,0,1,3,77,1,0,0,0,1,14,34,0,0,0,1,74,0,0,0,0,0,0,0,0,1,60,3,0,11,39,0,2,0,29,1,2,0,71,2,1,0,0,0,0,0,8,9,27,12,10,18
"2012-09-07",93,181,0,0,23,23,124,12,4,1,5,1,4,2,1,0,0,0,27,0,3,3,0,2,2,0,3,3,2032.05,5316.5,441.75,1176.8375,9325.42,2325,0,372,0,20,29,44,0,70,3,4,0,0,0,0,1,0,0,0,1,0,0,0,0,0,0,1,0,0,4,0,0,0,1,0,0,0,0,0,2,7,78,2,0,0,0,3,12,41,0,0,0,0,81,0,0,0,0,0,0,0,0,0,60,2,0,19,42,0,5,0,34,0,4,0,76,6,0,0,0,0,0,0,11,6,23,17,15,21
"2012-09-08",78,150,0,1,13,14,113,1,0,1,0,0,1,3,0,0,0,0,31,0,5,5,0,1,1,0,0,0,1641.575,5700.5,637,1245.4,7737.5675,1595.75,78,390,0,12,25,40,1,60,5,0,0,0,0,0,0,1,2,0,1,1,0,0,0,1,0,0,0,0,0,0,0,0,1,0,0,0,0,0,0,6,66,0,1,0,0,0,10,24,0,0,0,0,50,0,0,0,0,0,0,0,0,21,45,5,0,21,43,0,0,0,30,1,1,0,33,25,7,0,5,0,0,1,15,2,23,13,8,17
"2012-09-09",62,128,0,1,11,12,93,1,0,2,2,0,2,4,0,0,0,1,23,0,1,1,0,0,0,0,1,1,920.441666666667,4063.58333333333,353.916666666667,512.275,6212.29666666667,1371.75,62,372,0,5,26,30,1,49,2,2,0,0,0,0,0,0,0,0,0,0,0,1,0,0,0,0,1,1,2,0,0,0,0,0,0,0,0,0,0,5,53,0,0,0,0,1,12,21,0,0,0,0,52,0,0,0,0,0,0,0,0,3,33,1,1,20,26,0,0,1,34,0,0,0,47,8,0,0,0,0,0,0,4,3,18,11,4,22
"2012-09-10",95,182,0,0,19,19,126,20,0,0,6,0,1,1,0,0,0,1,27,0,4,4,0,0,0,0,4,4,1316.14583333333,5581.25,811.458333333333,533.1875,9579.95833333333,2541.25,0,0,0,17,34,44,0,74,6,6,0,0,0,0,1,0,2,0,0,1,0,0,0,0,0,1,0,0,0,0,0,0,1,0,0,0,0,0,0,5,87,0,1,0,0,4,13,42,0,1,0,0,86,0,0,0,0,0,0,0,0,0,66,3,1,11,32,0,5,0,48,0,3,0,79,7,0,0,0,0,0,0,13,4,21,25,6,26
"2012-09-11",80,158,0,0,30,30,109,6,0,1,9,0,2,2,3,0,0,0,26,0,5,5,0,0,0,0,8,8,1293,4563.33333333333,503.333333333333,591.666666666667,8106.8,1943.33333333333,0,80,0,24,25,31,0,54,5,8,0,0,0,0,0,0,0,1,2,0,0,1,0,0,0,0,1,0,1,0,0,0,2,0,0,0,0,0,1,8,67,1,1,0,0,1,15,31,0,0,0,0,76,0,0,0,0,0,0,0,0,0,60,2,0,9,26,0,5,2,36,0,3,0,75,1,0,0,0,0,0,0,8,7,16,12,14,23
"2012-09-12",114,240,0,2,34,36,169,12,1,5,9,3,9,1,0,0,0,0,31,0,2,2,0,5,5,0,9,9,2365.5,6483.75,622.25,1301.5,11571,2356,0,228,0,31,30,51,2,85,2,8,0,0,0,0,0,2,1,0,2,0,0,0,0,0,0,1,0,0,0,0,0,0,1,0,1,0,0,0,2,5,97,3,0,0,0,1,19,49,2,0,0,0,106,0,0,0,0,0,0,0,0,0,87,5,0,16,51,0,5,0,46,1,2,0,106,0,0,0,0,0,0,0,12,14,35,17,14,22
"2012-09-13",117,230,0,2,32,34,149,9,0,4,11,3,3,6,2,0,0,2,41,0,5,5,0,3,3,0,10,10,2634.45,6327.75,594.75,1459.0875,11873.745,2452.125,0,351,0,27,36,52,2,85,5,10,0,0,0,0,1,0,0,1,0,1,0,0,0,0,0,2,0,0,1,0,0,0,0,0,0,0,0,0,1,5,101,1,1,0,0,0,18,41,2,0,0,0,103,0,0,0,0,0,0,0,0,0,80,0,0,22,65,0,5,1,32,0,2,0,100,2,0,0,0,0,0,0,8,11,35,23,11,29
"2012-09-14",122,240,0,1,22,23,167,13,0,1,4,0,2,5,5,0,0,1,42,0,4,4,0,1,1,0,4,4,2633.16666666667,8113,711.666666666667,1801.53333333333,12322.915,2333.25,0,488,0,18,44,59,1,96,5,4,0,0,0,0,0,2,0,0,0,0,0,0,0,0,0,0,0,0,1,0,0,0,3,0,0,0,0,0,1,4,107,1,1,0,0,3,13,53,0,1,0,0,90,0,0,0,0,0,0,0,1,22,72,2,3,33,62,0,4,0,45,1,1,0,76,14,12,0,8,0,0,0,18,7,34,23,14,26
"2012-09-15",84,164,0,0,33,33,122,3,0,1,3,1,4,4,3,0,0,0,23,0,2,2,0,4,4,0,2,2,1227.54545454545,5834.18181818182,591.818181818182,732.709090909091,8476.93636363636,1882.36363636364,84,420,0,24,23,37,0,70,2,3,0,0,0,0,0,0,0,0,2,1,1,0,0,0,0,0,0,0,0,0,0,0,0,0,1,0,0,1,1,4,75,3,2,0,1,2,15,35,1,0,0,0,65,0,0,0,0,0,0,0,0,14,47,1,2,30,38,0,3,2,32,0,2,0,52,12,9,0,1,0,0,0,4,6,31,10,14,19
"2012-09-16",68,133,0,3,18,21,92,3,0,1,3,3,0,4,1,0,0,0,26,0,3,3,0,0,0,0,2,2,806.933333333333,3963.83333333333,365.5,232.9,6864.37333333333,1735.47826086957,68,408,0,14,20,32,2,52,3,3,0,0,0,0,0,0,0,0,0,2,0,0,0,0,0,1,0,0,1,0,0,0,2,0,0,0,0,0,0,6,58,0,0,0,0,2,6,30,0,2,0,0,58,0,0,0,0,0,0,0,0,0,39,0,0,19,34,0,3,1,24,0,0,0,55,2,0,0,0,0,0,0,6,5,19,11,12,15
"2012-09-17",91,181,1,1,19,21,120,8,0,1,5,2,1,3,3,0,0,3,35,0,4,4,0,0,0,1,2,3,1599.70416666667,5983.25,455,979.766666666667,9157.25416666667,1994.41666666667,0,0,1,19,23,47,1,64,5,4,0,0,0,1,0,0,1,0,1,0,0,0,0,0,0,1,2,0,0,0,0,0,1,0,0,0,2,0,0,6,74,2,4,0,0,0,11,27,1,0,0,0,80,0,0,0,0,0,0,0,0,0,58,4,0,18,42,0,2,1,36,0,3,0,78,3,0,0,0,0,0,0,10,5,26,19,16,15
"2012-09-18",102,203,0,0,27,27,147,5,0,3,2,3,0,5,4,0,0,0,34,0,3,3,0,0,0,0,2,2,1812.2,8551,633.25,1524.475,10157.585,1993.25,0,102,0,23,35,44,0,83,5,2,0,0,0,0,1,0,0,1,0,0,0,0,0,1,0,0,0,0,0,0,0,0,2,0,0,0,0,0,2,4,91,2,1,0,1,1,15,38,0,0,0,0,19,0,0,0,0,0,0,0,2,65,50,17,0,21,50,0,2,0,38,0,2,0,12,14,55,0,6,0,0,0,12,8,20,19,10,33
"2012-09-19",89,174,0,0,12,12,119,8,0,1,5,0,0,4,2,0,0,3,32,0,2,2,0,0,0,0,2,2,960.458333333333,5696,526.583333333333,337.0875,8962.63375,2276.91666666667,0,178,0,12,35,42,0,69,2,5,0,0,0,0,1,1,2,0,0,0,0,0,0,0,0,2,0,0,0,0,0,0,0,0,0,0,1,0,0,4,78,1,0,0,0,0,10,33,0,1,0,0,77,0,0,0,0,0,0,0,1,4,74,1,1,5,37,0,4,0,38,1,3,0,69,10,3,0,0,0,0,1,13,10,23,15,12,16
"2012-09-20",114,223,0,1,33,34,147,15,1,2,10,0,3,2,6,0,0,0,37,0,5,5,0,2,2,0,6,6,1539.475,7163,674.5,690.65,11538.4625,2185,0,342,0,27,41,45,1,84,5,9,0,0,0,0,1,1,0,0,1,0,0,0,0,0,0,1,2,0,0,0,0,0,0,0,0,0,0,0,1,4,100,1,0,0,0,3,15,41,0,0,0,0,96,0,0,0,0,0,0,0,0,2,76,6,0,17,54,0,6,1,37,0,5,0,92,2,2,0,0,0,0,0,20,9,35,17,11,22
"2012-09-21",94,186,0,0,19,19,143,9,1,1,3,0,0,1,2,0,0,1,25,0,3,3,0,0,0,0,2,2,1523.19166666667,7296.75,544.416666666667,1146.01666666667,9464.78166666667,2014.86956521739,0,376,0,16,39,39,0,79,2,2,0,0,0,0,0,0,0,0,1,0,1,0,0,1,0,0,1,0,0,0,0,0,1,0,0,0,0,1,0,5,83,1,3,0,1,1,5,49,0,1,0,0,52,0,0,0,0,0,0,0,0,33,49,4,0,31,47,0,2,1,36,0,1,0,32,24,26,0,3,0,0,0,11,7,24,13,10,29
"2012-09-22",102,205,0,3,18,21,154,5,2,3,3,0,0,5,0,0,0,0,33,0,3,3,0,0,0,0,2,2,1649.85,8636,599.25,1379.55,10200.8925,2091,102,510,0,13,49,38,2,78,2,3,0,0,0,0,0,0,1,0,1,0,1,0,0,0,0,2,0,1,0,0,0,0,2,0,0,0,0,0,1,8,83,1,0,0,0,3,13,47,0,0,0,0,32,0,0,0,0,0,0,0,0,60,56,7,1,30,42,0,7,2,43,0,3,0,27,21,43,1,0,0,0,0,6,9,30,18,18,21
"2012-09-23",82,154,0,0,13,13,106,1,0,0,0,3,1,5,6,0,0,0,32,0,3,3,0,1,1,0,0,0,988.441666666667,5394.91666666667,444.166666666667,461.933333333333,8242.19583333333,2022.66666666667,82,492,0,12,29,41,0,58,4,0,0,0,0,0,2,1,0,1,2,0,0,0,0,1,0,0,1,0,2,0,0,0,2,1,0,0,0,0,0,9,65,1,1,0,0,2,7,30,1,0,0,0,77,0,0,0,0,0,0,0,0,2,47,3,0,29,39,0,4,3,31,0,2,0,68,10,0,0,0,0,0,0,11,2,27,11,19,12