"Date","NB_Accidents","NB_VEH_IMPLIQUES_ACCDN","NB_MORTS","NB_BLESSES_GRAVES","NB_BLESSES_LEGERS","NB_VICTIMES_TOTAL","nb_automobile_camion_leger","nb_camionLourd_tractRoutier","nb_outil_equipement","nb_tous_autobus_minibus","nb_bicyclette","nb_cyclomoteur","nb_motocyclette","nb_taxi","nb_urgence","nb_motoneige","nb_VHR","nb_autres_types","nb_veh_non_precise","NB_DECES_PIETON","NB_BLESSES_PIETON","NB_VICTIMES_PIETON","NB_DECES_MOTO","NB_BLESSES_MOTO","NB_VICTIMES_MOTO","NB_DECES_VELO","NB_BLESSES_VELO","NB_VICTIMES_VELO","Temp","Rel.Hum","Wind.Spd","Dew.Point.Temp","Stn_Press","Wind.Dir","weekdays","days","SeverityDeadly","SeverityLight Injury","SeverityMaterial High","SeverityMaterial Low","SeveritySevere Injury","as.factor(Accident_Type)31","as.factor(Accident_Type)32","as.factor(Accident_Type)33","as.factor(Accident_Type)34","as.factor(Accident_Type)35","as.factor(Accident_Type)36","as.factor(Accident_Type)37","as.factor(Accident_Type)38","as.factor(Accident_Type)39","as.factor(Accident_Type)40","as.factor(Accident_Type)41","as.factor(Accident_Type)42","as.factor(Accident_Type)43","as.factor(Accident_Type)44","as.factor(Accident_Type)45","as.factor(Accident_Type)46","as.factor(Accident_Type)47","as.factor(Accident_Type)48","as.factor(Accident_Type)49","as.factor(Accident_Type)50","as.factor(Accident_Type)51","as.factor(Accident_Type)52","as.factor(Accident_Type)53","as.factor(Accident_Type)54","as.factor(Accident_Type)55","as.factor(Accident_Type)59","as.factor(Accident_Type)71","as.factor(Accident_Type)72","as.factor(Accident_Type)73","as.factor(Accident_Type)74","as.factor(Accident_Type)75","as.factor(Accident_Type)99","Accident_CategoryFixed Object","Accident_CategoryMoving Object","Accident_CategoryNo Collision","Auth_Speed10","Auth_Speed100","Auth_Speed20","Auth_Speed30","Auth_Speed40","Auth_Speed50","Auth_Speed60","Auth_Speed70","Auth_Speed80","Auth_Speed90","Surface_CondDry","Surface_CondHard snow","Surface_CondIce","Surface_CondMud","Surface_CondOil","Surface_CondSand or gravel","Surface_CondSlush","Surface_CondSnow","Surface_CondWater accumulation","Surface_CondWet","IlluminationDay and clear","IlluminationDay and semi-dark","IlluminationNight and dark","IlluminationNight and lighted","EnvironmentCommercial","EnvironmentForest","EnvironmentIndustrial","EnvironmentPark","EnvironmentResidential","EnvironmentRural","EnvironmentSchool area","WeatherBlack Ice","WeatherClear Sky","WeatherCloudy","WeatherDrizzle","WeatherFoggy","WeatherHeavy Rain","WeatherSnow","WeatherSnowstorms","WeatherStrong Wind","cluster_id_0","cluster_id_1","cluster_id_2","cluster_id_3","cluster_id_4","cluster_id_5"
"2012-09-24",91,179,1,1,26,28,115,15,0,5,3,1,2,3,0,0,0,2,33,1,4,5,0,1,1,0,3,3,1059.0125,5869.5,527.041666666667,430.733333333333,9177.76708333333,2051.29166666667,0,0,1,17,30,42,1,71,5,3,0,0,0,0,0,0,0,0,1,0,0,0,0,0,0,0,0,0,0,0,0,0,0,0,0,0,0,0,1,1,79,1,0,0,0,2,4,38,0,0,0,0,80,0,0,0,0,0,0,0,0,0,67,2,0,12,49,0,2,0,33,0,0,0,78,3,0,0,0,0,0,0,10,4,24,17,9,27
"2012-09-25",68,133,0,1,16,17,88,5,0,2,10,0,1,2,1,0,0,1,23,0,1,1,0,0,0,0,9,9,1018.86666666667,4136.66666666667,433.5,503.483333333333,6837.62666666667,1439.33333333333,0,68,0,15,15,37,1,47,1,10,0,0,0,0,0,0,0,0,1,0,0,0,0,0,0,1,0,0,0,0,0,0,2,0,0,0,0,0,0,4,58,0,1,0,1,0,13,30,0,0,0,0,60,0,0,0,0,0,0,0,0,2,44,1,0,18,29,0,2,0,33,0,1,0,55,6,0,0,0,0,0,0,4,5,29,17,7,6
"2012-09-26",78,155,0,0,17,17,102,10,0,2,3,2,1,2,3,0,0,0,30,0,2,2,0,0,0,0,1,1,1205.425,5417.75,513.5,768.625,7842.8025,1459.25,0,156,0,13,19,46,0,65,3,3,0,0,0,0,1,0,0,0,0,0,0,0,0,0,0,0,0,1,0,0,1,0,1,0,0,0,0,0,2,3,72,2,0,0,1,4,8,26,0,0,0,0,59,0,0,0,0,0,0,0,0,10,44,5,0,22,31,0,4,0,36,1,3,0,37,33,3,0,0,0,0,0,8,5,26,16,6,17
"2012-09-27",123,229,0,0,33,33,169,14,2,1,10,1,3,2,3,0,0,0,24,0,10,10,0,2,2,0,6,6,1413.475,7313.375,676.5,453.5625,12480.195,2854.625,0,369,0,31,41,51,0,83,12,7,0,0,0,0,1,0,0,0,2,0,0,0,0,0,0,2,0,0,0,0,0,0,1,1,0,0,0,1,3,5,103,5,0,0,0,1,18,51,0,1,0,0,112,0,0,0,0,0,0,0,0,1,87,5,0,22,59,0,3,1,50,0,2,0,109,4,1,0,0,0,0,0,10,13,27,16,22,35
"2012-09-28",96,191,1,1,12,14,138,6,0,1,2,2,4,4,1,0,0,1,32,1,2,3,0,1,1,0,2,2,1104.4,6952,480,627.6,9714.68,1256.72727272727,0,384,1,11,33,50,1,81,3,2,0,0,0,0,0,0,1,0,2,0,0,0,0,0,0,0,0,0,0,0,0,0,0,0,0,0,0,0,2,3,86,2,2,0,0,1,12,36,0,0,0,0,86,0,0,0,0,0,0,0,0,2,52,4,1,33,47,0,2,0,37,1,2,0,75,11,0,1,0,0,0,0,11,10,26,15,16,18
"2012-09-29",84,171,0,0,17,17,135,1,0,1,1,0,0,3,4,0,0,0,26,0,4,4,0,0,0,0,0,0,944.65,7255.5,794.5,758.1,8463.91,434,84,420,0,14,29,41,0,67,4,1,1,0,0,1,0,0,0,0,1,0,0,1,0,0,0,1,1,0,0,0,0,0,0,0,0,0,0,1,1,4,74,2,0,0,0,2,5,38,1,0,0,0,51,0,0,1,0,0,0,0,0,26,43,6,0,31,50,0,2,1,28,1,0,0,23,37,19,0,1,0,0,0,7,8,18,15,14,22
"2012-09-30",62,138,0,0,14,14,118,2,0,0,0,1,0,1,1,0,0,0,15,0,1,1,0,0,0,0,0,0,682.258333333333,5688.5,436.583333333333,601.658333333333,6206.79416666667,441.75,62,372,0,12,33,17,0,51,1,0,0,0,0,0,0,0,2,0,0,0,0,0,0,0,0,1,1,0,0,0,0,0,0,0,0,0,0,1,0,4,52,1,0,0,0,0,11,35,0,0,0,0,18,0,0,0,0,0,0,0,2,41,20,5,0,36,31,0,2,1,26,0,0,0,11,10,39,1,0,0,0,0,6,5,20,9,4,18
"2012-10-01",69,140,0,1,16,17,101,4,0,6,1,0,0,0,0,0,0,1,27,0,2,2,0,0,0,0,0,0,926.9,5836.25,296.125,746.0625,6871.595,1699.125,0,0,0,13,28,27,1,55,2,1,0,0,0,0,0,0,0,0,0,0,0,0,0,0,0,1,1,0,0,0,0,0,1,0,0,0,0,0,1,3,58,1,1,0,1,2,7,28,0,0,0,0,42,0,0,0,0,0,0,0,0,13,41,3,0,12,33,0,0,0,29,0,1,0,25,24,6,1,0,0,0,0,8,3,11,13,11,23
"2012-10-02",90,173,0,1,11,12,105,7,0,7,5,5,1,1,1,0,0,3,38,0,1,1,0,1,1,0,3,3,1390.5,7335,543.75,1092.75,9054.675,2148.75,0,90,0,10,29,50,1,64,2,5,0,0,0,0,1,0,1,0,1,0,0,0,0,1,0,2,0,0,0,0,0,0,1,0,0,0,0,0,2,6,72,2,0,0,0,3,10,28,0,0,0,0,77,0,0,0,0,0,0,0,0,6,60,3,0,19,50,0,3,0,28,0,3,0,63,17,2,1,0,0,0,0,10,7,24,14,14,21
"2012-10-03",92,181,0,1,16,17,127,9,0,1,4,0,3,2,1,0,0,0,34,0,4,4,0,3,3,0,3,3,1430.21666666667,7777.83333333333,521.333333333333,1183.35,9294.415,621,0,184,0,15,35,41,1,65,5,2,0,0,0,0,1,0,1,1,0,0,0,0,0,1,0,2,0,2,0,0,0,0,1,0,0,0,0,0,1,8,73,1,0,0,0,0,11,36,1,1,0,0,82,0,0,0,0,0,0,0,0,4,71,3,0,13,49,0,10,0,30,0,2,0,53,28,1,3,0,0,0,0,14,8,25,16,11,18
"2012-10-04",100,205,0,0,27,27,140,10,0,6,7,1,1,3,0,0,1,0,36,0,7,7,0,0,0,0,4,4,1432.17391304348,9021.73913043478,478.260869565217,1271.73913043478,10091.6086956522,945,0,300,0,22,30,48,0,71,7,6,0,0,0,0,0,1,0,0,0,0,0,0,0,0,0,0,0,0,1,0,0,0,0,0,0,0,0,0,2,1,85,2,2,0,0,0,20,33,0,0,0,1,65,0,0,0,0,0,0,0,0,24,61,5,0,26,45,0,5,1,43,0,1,0,39,38,8,4,0,0,0,0,11,9,33,16,13,18
"2012-10-05",90,179,0,0,15,15,115,9,0,3,5,1,3,2,2,0,0,4,35,0,2,2,0,1,1,0,2,2,1568.25,6945,558.75,1198.875,9027.975,1777.5,0,360,0,11,36,43,0,65,3,4,1,0,0,0,0,0,2,0,1,0,0,0,0,1,0,0,1,0,0,0,0,0,1,0,1,0,0,0,3,6,73,4,1,0,1,1,12,26,0,0,0,0,64,0,0,0,0,0,0,0,0,15,52,3,0,27,37,0,4,0,37,0,5,0,50,22,5,3,0,0,0,0,11,7,20,17,14,21
"2012-10-06",75,158,0,0,12,12,125,2,0,3,1,0,0,0,0,0,0,1,26,0,2,2,0,0,0,0,1,1,841.5625,5956.25,393.75,576.5625,7497.46875,1843.75,75,375,0,11,35,29,0,56,2,1,0,0,0,0,0,0,2,1,1,0,0,0,0,0,0,0,0,0,0,0,0,0,4,1,0,0,0,0,2,8,59,3,0,0,0,3,12,27,0,0,0,0,35,0,0,1,0,0,0,0,0,30,30,1,1,36,33,0,1,1,33,1,1,0,31,14,15,1,5,0,0,0,9,9,10,21,7,19
"2012-10-07",52,105,0,1,11,12,80,2,0,2,0,0,0,2,0,0,0,0,19,0,3,3,0,0,0,0,0,0,395.416666666667,3408.16666666667,221,67.3833333333333,5240.34333333333,1256.66666666667,52,312,0,10,22,19,1,41,3,0,0,0,0,0,0,0,0,1,0,0,0,0,0,0,0,0,0,0,0,0,0,0,2,0,0,0,0,0,0,3,44,0,0,0,0,3,6,24,0,0,0,0,45,0,0,0,0,0,0,0,0,0,26,0,0,20,20,0,2,0,26,0,0,0,37,9,0,0,0,0,0,0,8,1,16,10,7,10
"2012-10-08",44,90,0,1,10,11,65,2,1,0,3,0,0,3,0,0,0,0,16,0,2,2,0,0,0,0,3,3,345.766666666667,2698.66666666667,183.333333333333,12.1,4461.45333333333,1048.66666666667,0,0,0,8,21,14,1,32,2,3,0,0,0,0,1,0,0,1,0,1,0,0,0,0,0,0,1,0,0,0,0,0,0,0,0,0,0,0,0,3,38,0,0,0,0,1,9,17,0,0,0,0,39,0,0,0,0,0,0,0,0,1,24,0,0,15,17,0,2,0,24,0,0,0,37,3,0,0,0,0,0,0,5,5,13,6,3,12
"2012-10-09",97,195,0,0,25,25,135,9,1,2,4,0,1,4,0,0,0,2,37,0,2,2,0,1,1,0,4,4,1044.77083333333,6652.58333333333,565.833333333333,473.683333333333,9830.90958333333,1948.08333333333,0,97,0,18,33,46,0,73,2,4,0,0,0,0,1,1,1,0,2,0,0,0,0,0,0,0,0,0,0,0,0,0,1,0,0,0,0,0,0,4,81,0,0,0,0,2,10,38,0,0,0,0,81,0,0,0,0,0,0,0,0,0,64,2,0,15,37,0,7,1,41,1,1,0,75,5,0,0,0,0,0,0,12,5,25,23,11,21
"2012-10-10",92,174,0,0,34,34,115,8,0,1,6,1,3,2,4,0,0,1,33,0,12,12,0,1,1,0,3,3,1013.15,7540.16666666667,563.5,737.916666666667,9210.48,1759.5,0,184,0,25,30,37,0,59,11,6,0,0,0,0,0,0,0,2,0,0,1,0,0,0,0,1,1,0,0,0,0,0,3,0,0,0,0,0,1,8,76,1,0,0,0,3,11,42,0,0,0,0,41,0,0,0,0,0,0,0,0,42,57,9,0,19,50,0,2,0,36,0,2,0,20,29,32,1,0,0,0,0,9,10,31,17,11,14
"2012-10-11",93,183,0,0,21,21,122,8,1,5,5,1,0,6,4,0,0,0,31,0,3,3,0,0,0,0,4,4,688.2,6281.375,558,131.3625,9347.8175,2053.75,0,279,0,19,34,40,0,73,4,5,0,0,0,0,0,0,2,0,2,0,0,0,0,1,0,0,0,1,0,0,0,0,1,0,0,0,0,1,1,7,82,2,1,0,0,5,4,40,1,0,0,0,68,0,0,0,0,1,0,0,0,19,60,3,1,27,54,0,3,0,32,0,1,0,56,15,15,0,0,0,0,0,10,7,18,21,12,25
"2012-10-12",92,175,0,1,19,20,125,8,1,2,0,3,0,5,2,0,0,0,29,0,8,8,0,0,0,0,0,0,473.416666666667,5481.66666666667,628.666666666667,-222.716666666667,9313.88833333333,2104,0,368,0,15,27,49,1,73,8,0,0,0,0,0,0,0,0,0,1,0,0,0,0,0,0,0,0,0,2,0,0,0,2,0,0,0,0,1,2,5,81,3,0,0,0,2,12,33,0,0,0,0,75,0,0,0,0,2,0,0,0,4,53,3,2,25,42,0,3,0,40,0,2,0,64,15,3,0,0,0,0,0,6,8,22,22,15,19
"2012-10-13",66,138,0,1,11,12,94,2,0,1,0,0,0,5,4,0,0,0,32,0,3,3,0,0,0,0,0,0,381.7,3762,330,-154.825,6720.835,1487.75,66,330,0,9,20,36,1,53,3,0,0,0,0,0,0,0,0,0,1,0,0,0,0,0,0,0,1,0,0,0,0,0,0,0,0,0,0,0,0,2,56,0,1,0,0,0,7,25,1,0,0,0,51,0,0,0,0,0,0,0,0,6,38,1,0,18,37,0,0,1,21,0,2,0,44,9,5,0,0,0,0,0,5,6,21,6,8,20
"2012-10-14",83,156,0,1,18,19,118,2,0,0,1,0,0,3,3,0,0,0,29,0,5,5,0,0,0,0,1,1,637.370833333333,7857.33333333333,449.583333333333,570.625,8331.93695652174,1220.79166666667,83,498,0,15,27,40,1,56,6,1,0,0,0,0,0,0,2,0,0,0,0,1,0,0,0,1,0,0,1,0,0,0,4,0,0,0,0,0,1,9,63,1,1,0,0,1,10,36,1,0,0,0,10,0,0,0,0,0,0,0,1,61,28,9,0,34,41,0,4,1,31,0,0,0,9,8,52,0,3,0,0,0,5,6,21,12,10,29
"2012-10-15",81,161,0,1,18,19,110,9,1,1,3,1,1,2,0,0,0,0,33,0,7,7,0,0,0,0,1,1,1116.45,6361.875,533.25,806.625,8040.3975,1542.52173913043,0,0,0,17,30,33,1,65,7,3,0,0,0,0,0,0,1,0,0,0,0,0,0,0,0,0,0,0,0,0,0,0,0,0,0,0,0,0,0,1,75,0,0,0,0,3,13,25,0,0,0,0,58,0,0,0,0,0,0,0,0,12,54,2,0,17,37,0,2,0,37,0,2,0,35,29,5,0,0,0,0,0,11,3,16,20,14,17
"2012-10-16",88,178,0,1,19,20,118,9,0,2,2,1,1,2,3,0,0,1,39,0,4,4,0,0,0,0,2,2,613.066666666667,5844.66666666667,440,93.5,8785.55333333333,1789.33333333333,0,88,0,18,27,42,1,71,5,2,0,0,0,0,0,0,1,0,1,0,0,0,0,0,0,0,1,0,0,0,0,0,0,0,0,0,0,0,1,3,78,1,2,0,0,1,6,39,0,0,0,0,71,0,0,0,0,0,0,0,0,2,54,2,1,18,43,0,1,0,36,0,2,0,61,11,2,0,0,0,0,0,7,4,27,16,11,23
"2012-10-17",95,184,0,0,20,20,118,11,0,3,2,0,0,3,7,0,0,0,40,0,4,4,0,0,0,0,1,1,804.333333333333,6120.71428571429,456.904761904762,170.547619047619,9547.1380952381,2212.14285714286,0,190,0,16,24,55,0,75,5,2,0,0,0,0,0,0,1,0,0,0,0,0,0,0,0,1,0,0,2,0,0,0,2,0,0,0,0,0,2,6,82,2,0,0,0,0,13,36,1,0,0,0,84,0,0,0,0,0,0,0,0,1,61,3,0,23,49,0,4,2,31,0,3,0,75,7,1,0,0,0,0,0,15,7,23,22,8,20
"2012-10-18",106,211,0,0,27,27,148,5,0,4,4,1,3,1,4,0,0,1,40,0,5,5,0,3,3,0,4,4,1509.61666666667,5746.08333333333,560.916666666667,486.716666666667,10654.1925,1993.80952380952,0,318,0,21,37,48,0,78,6,5,0,0,0,0,0,1,0,1,0,0,0,0,0,0,0,1,0,0,0,0,0,0,0,0,0,0,0,0,2,2,90,2,0,0,0,1,11,48,0,0,0,0,97,0,0,0,0,0,0,0,0,1,67,9,0,24,53,0,2,1,40,0,4,0,88,7,1,0,0,0,0,1,5,10,40,16,14,21
"2012-10-19",139,276,1,5,38,44,207,11,0,2,6,3,2,5,0,0,0,0,40,1,13,14,0,1,1,0,5,5,1763.5625,11936.625,747.125,1418.95833333333,13935.2133333333,2166.08333333333,0,556,1,35,35,63,5,98,16,6,0,0,0,0,0,0,2,0,0,1,1,0,0,0,0,0,0,0,1,0,0,0,0,0,2,0,0,0,0,5,120,2,0,0,0,5,18,50,0,2,0,0,16,0,0,0,0,0,0,0,2,109,57,19,1,49,66,0,3,2,55,0,3,0,14,11,79,2,19,0,0,0,13,14,41,9,25,37
"2012-10-20",85,164,0,1,17,18,123,3,0,3,0,1,0,3,2,0,0,0,29,0,4,4,0,0,0,0,0,0,1155.64583333333,7086.875,403.75,908.4375,8456.28043478261,1578.04347826087,85,425,0,10,30,44,1,69,5,0,0,0,0,0,0,1,1,0,1,0,0,0,0,0,0,0,0,0,0,0,0,0,2,0,0,0,0,0,3,4,75,3,0,0,0,3,13,28,1,0,0,0,39,0,0,0,0,0,0,0,0,32,38,4,1,33,46,0,2,0,33,0,0,0,33,17,19,1,2,0,0,0,5,12,19,18,8,23
"2012-10-21",70,138,0,0,10,10,106,1,1,1,2,0,0,1,5,0,0,0,21,0,4,4,0,0,0,0,2,2,743.75,5200.41666666667,411.25,430.208333333333,6993.91304347826,1487.5,70,420,0,10,29,31,0,50,4,2,0,0,0,1,0,0,0,0,1,1,0,0,0,0,0,3,2,0,1,0,0,0,0,0,0,0,0,0,1,8,57,1,1,0,0,1,9,29,0,0,0,0,61,0,0,0,0,0,0,0,0,1,29,7,0,28,28,0,0,1,38,1,0,0,37,23,1,0,0,0,0,1,9,7,24,10,9,11
"2012-10-22",94,178,1,1,20,22,124,9,0,2,5,0,3,2,1,0,0,2,30,0,3,3,0,2,2,1,3,4,983.083333333333,6450.75,513.083333333333,445.716666666667,9453.25304347826,2326.5,0,0,1,17,32,43,1,70,4,6,0,0,0,0,0,0,1,0,0,2,0,0,0,0,0,0,0,0,1,0,0,0,0,0,1,0,0,0,2,4,80,3,1,0,0,2,11,33,0,0,0,0,86,0,0,1,0,0,0,0,0,0,63,5,2,16,52,0,3,0,30,0,3,0,82,4,0,1,0,0,0,0,13,7,23,12,15,24
"2012-10-23",107,218,0,0,23,23,153,10,1,3,4,2,2,0,7,0,0,0,36,0,4,4,0,1,1,0,4,4,976.820833333333,7235.875,561.75,346.858333333333,10823.71875,2411.95833333333,0,107,0,19,34,54,0,85,3,4,0,0,0,0,0,0,0,0,0,0,0,0,0,0,0,0,1,0,0,0,0,0,0,0,0,0,0,0,2,1,92,2,3,0,0,1,6,46,0,1,0,0,100,0,0,0,0,0,0,0,0,0,71,5,1,22,58,0,9,1,32,0,0,0,98,1,0,0,0,0,0,0,9,7,31,22,8,30
"2012-10-24",102,202,0,1,23,24,147,11,0,1,5,0,1,1,3,0,0,2,31,0,6,6,0,0,0,0,4,4,814.3,5563.25,629,-86.275,10348.07,382.5,0,204,0,20,31,50,1,77,6,5,0,0,0,0,0,0,0,0,1,0,0,0,0,0,0,1,1,0,0,0,0,0,1,0,0,0,0,0,2,4,88,2,0,0,0,1,13,40,0,0,0,0,94,0,0,0,0,0,0,0,0,1,70,1,1,25,46,0,3,0,43,2,2,0,80,13,0,0,0,0,0,0,9,9,27,15,15,27
"2012-10-25",80,151,0,1,16,17,98,10,1,1,5,0,1,3,3,0,0,0,29,0,4,4,0,0,0,0,3,3,746,5213.33333333333,493.333333333333,238,8106.3,753.333333333333,0,240,0,13,21,45,1,61,5,6,0,1,0,0,0,0,0,0,0,0,0,0,0,0,0,1,0,0,1,0,0,0,2,0,0,0,0,0,1,4,73,1,0,0,0,1,7,35,1,0,0,0,71,0,0,0,0,0,0,0,0,0,57,1,1,13,34,0,4,0,30,1,2,0,51,20,0,0,0,0,0,0,9,7,20,13,16,15
"2012-10-26",80,156,2,0,24,26,116,6,0,1,4,5,4,2,1,0,0,0,17,1,5,6,0,1,1,0,4,4,1203,6403.33333333333,530,918.666666666667,8082.56666666667,1550,0,320,2,22,24,32,0,61,6,4,0,0,0,0,0,0,1,1,1,0,0,0,0,0,0,0,0,0,1,0,0,0,4,0,0,0,0,0,0,8,71,0,0,0,0,3,13,33,0,0,0,0,78,0,0,0,0,0,0,0,0,0,47,5,0,26,39,0,4,0,36,0,1,0,72,4,0,0,0,0,0,0,9,7,21,17,9,17
"2012-10-27",72,148,0,1,13,14,104,2,0,0,2,2,0,7,2,0,0,2,27,0,0,0,0,0,0,0,1,1,936,5955,411,722.4,7260.48,432,72,360,0,10,27,34,1,62,0,1,0,0,0,0,0,0,0,0,0,0,0,0,0,0,0,1,1,0,0,0,0,0,0,0,0,0,0,0,0,2,63,0,0,0,0,0,8,31,0,0,0,0,63,0,0,0,0,0,0,0,0,1,32,1,0,30,39,0,2,1,24,0,0,0,42,21,0,0,0,0,0,0,7,8,21,11,10,15
"2012-10-28",56,114,0,0,9,9,81,1,0,1,1,0,0,2,1,0,0,1,26,0,1,1,0,0,0,0,1,1,613.2,4417,550.666666666667,412.766666666667,5641.81333333333,410.666666666667,56,336,0,8,24,24,0,44,1,1,0,0,0,0,0,1,0,0,1,0,0,0,0,0,0,0,0,0,1,0,0,0,1,0,0,0,0,0,0,3,47,0,2,0,0,3,5,14,0,0,0,0,53,0,0,0,0,0,0,0,0,0,30,3,1,16,30,0,1,0,22,0,1,0,36,17,0,0,0,0,0,0,3,3,11,12,9,18
"2012-10-29",71,142,0,0,12,12,105,3,0,2,3,0,1,0,2,0,0,3,23,0,2,2,0,1,1,0,2,2,863.833333333333,5674.08333333333,1065,619.475,7089.90565217391,210.041666666667,0,0,0,8,23,40,0,51,3,3,0,0,0,0,1,0,0,0,1,0,0,0,0,0,0,2,0,1,0,0,0,0,0,0,0,0,0,0,1,4,58,1,1,0,0,4,7,30,0,0,0,0,62,0,0,0,0,0,0,0,0,4,51,1,0,14,41,0,0,0,25,0,2,0,37,26,0,0,2,0,0,3,4,8,16,15,12,16
"2012-10-30",90,181,0,3,27,30,130,7,0,1,5,1,0,3,2,0,0,2,30,0,4,4,0,0,0,0,3,3,1477.5,6862.5,855,1072.125,8916.45,948.75,0,90,0,18,28,42,2,68,5,5,0,0,0,0,1,0,0,0,0,1,0,0,0,0,0,0,0,0,0,0,0,0,1,0,0,0,0,0,0,2,79,0,0,0,0,3,13,34,0,0,0,0,57,0,0,0,0,0,0,0,0,26,59,7,1,17,45,0,4,1,34,0,2,0,48,16,17,0,1,0,0,0,3,8,21,26,10,22
"2012-10-31",77,149,0,0,12,12,114,7,0,0,2,1,0,1,2,0,0,1,21,0,5,5,0,0,0,0,0,0,905.8,6909,406,779.8,7612.36,1297.45,0,154,0,12,21,44,0,61,6,2,0,0,0,0,0,0,2,0,0,0,0,0,0,0,0,2,0,0,0,0,0,0,0,0,0,0,0,0,0,4,69,0,1,0,0,3,10,33,0,0,0,0,26,0,0,0,0,0,0,0,0,49,50,7,0,18,34,0,4,0,35,0,3,0,24,30,21,0,0,0,0,0,8,6,28,15,6,14
"2012-11-01",108,212,0,0,20,20,152,8,1,1,3,0,0,4,5,0,0,2,36,0,5,5,0,0,0,0,3,3,806.85,9148.5,621,545.4,10677.105,2236.5,0,324,0,17,34,57,0,76,8,3,0,0,0,0,0,0,1,1,1,0,0,0,0,0,0,1,0,0,1,0,0,0,2,0,0,0,0,0,0,7,87,0,2,0,0,2,12,37,0,0,0,0,31,0,0,0,0,0,0,0,1,58,49,8,3,34,49,0,2,1,46,0,1,0,24,31,33,3,0,0,0,0,11,10,25,18,18,26
"2012-11-02",107,200,0,1,16,17,144,6,0,6,2,0,1,4,1,0,0,0,36,0,8,8,0,0,0,0,1,1,518.058333333333,9473.95833333333,633.083333333333,333.0375,10615.2916666667,2510.04166666667,0,428,0,16,27,63,1,80,10,1,0,0,0,0,0,0,2,0,0,0,0,0,0,0,0,1,0,0,0,0,0,0,1,0,1,0,0,1,2,4,91,4,0,0,0,1,18,38,1,0,0,0,27,0,0,0,0,0,0,0,0,62,53,15,1,26,57,0,4,1,33,0,3,0,23,22,47,0,0,0,0,0,14,5,27,22,17,22
"2012-11-03",97,186,0,1,33,34,146,3,1,1,0,0,0,3,3,0,0,0,29,0,7,7,0,0,0,0,0,0,443.775,7962.08333333333,428.416666666667,172.983333333333,9696.68583333333,2517.95833333333,97,485,0,25,31,40,1,74,8,0,0,0,0,0,2,0,0,0,1,1,0,0,0,0,0,2,0,1,0,0,0,0,0,0,0,0,0,0,1,5,84,1,0,0,0,2,13,36,0,0,0,0,25,1,0,0,0,0,0,0,1,60,44,5,1,40,49,0,1,0,43,0,0,0,24,29,35,0,0,0,0,0,16,8,25,16,10,22
"2012-11-04",65,129,0,0,12,12,90,0,0,2,1,2,0,3,1,0,0,1,29,0,0,0,0,0,0,0,1,1,189.3125,4457.91666666667,441.458333333333,-155.1875,6539.94791666667,1427.29166666667,65,390,0,9,27,29,0,44,1,1,0,0,0,0,0,0,0,1,0,0,0,0,0,0,0,2,0,0,0,0,0,0,0,0,0,0,0,0,0,3,46,0,0,1,0,1,12,20,0,0,0,0,45,0,0,0,0,0,0,0,0,6,21,4,0,29,22,0,2,1,31,0,2,0,31,21,1,0,0,0,0,0,1,5,20,12,9,18
"2012-11-05",86,170,0,0,7,7,118,10,1,2,2,1,0,1,1,0,0,0,34,0,1,1,0,0,0,0,1,1,54.825,4629.66666666667,594.833333333333,-666.858333333333,8684.13666666667,2200.16666666667,0,0,0,6,34,46,0,75,3,1,0,0,0,0,0,0,0,0,0,0,0,0,0,0,0,1,0,0,0,0,0,0,1,0,0,0,0,0,0,2,79,0,1,0,0,2,12,37,0,0,0,0,76,0,0,0,0,0,0,0,0,3,50,7,0,20,41,0,4,0,32,0,2,0,50,27,1,0,0,0,0,0,9,5,20,14,12,26
"2012-11-06",91,180,1,2,20,23,131,8,2,2,1,1,0,4,2,0,0,0,29,1,5,6,0,0,0,0,1,1,-53.4625,5369,348.833333333333,-696.529166666667,9227.1725,2191.58333333333,0,91,1,16,23,50,1,74,6,1,0,0,0,0,0,0,0,0,0,0,0,0,0,0,0,0,0,0,1,0,0,0,2,0,0,0,0,0,1,3,81,1,0,0,1,1,14,35,0,1,0,0,85,0,0,0,0,0,0,0,0,0,63,8,0,15,46,0,3,1,32,0,3,0,75,9,0,0,0,0,0,0,8,3,21,23,15,21
"2012-11-07",86,178,0,1,25,26,137,7,0,1,1,1,1,3,4,0,0,0,23,0,5,5,0,0,0,0,1,1,-18.9916666666667,5708.25,834.916666666667,-502.025,8718.5725,544.666666666667,0,172,0,21,27,37,1,67,5,1,0,0,0,0,0,0,0,1,0,1,0,0,0,0,0,0,0,0,0,0,0,0,0,0,1,0,0,0,2,2,73,3,0,0,0,5,9,36,1,0,0,0,80,0,0,0,0,0,0,0,0,0,50,7,0,23,40,0,4,1,35,0,1,0,72,9,0,0,0,0,0,0,8,6,16,17,15,24