"Date","NB_Accidents","NB_VEH_IMPLIQUES_ACCDN","NB_MORTS","NB_BLESSES_GRAVES","NB_BLESSES_LEGERS","NB_VICTIMES_TOTAL","nb_automobile_camion_leger","nb_camionLourd_tractRoutier","nb_outil_equipement","nb_tous_autobus_minibus","nb_bicyclette","nb_cyclomoteur","nb_motocyclette","nb_taxi","nb_urgence","nb_motoneige","nb_VHR","nb_autres_types","nb_veh_non_precise","NB_DECES_PIETON","NB_BLESSES_PIETON","NB_VICTIMES_PIETON","NB_DECES_MOTO","NB_BLESSES_MOTO","NB_VICTIMES_MOTO","NB_DECES_VELO","NB_BLESSES_VELO","NB_VICTIMES_VELO","Temp","Rel.Hum","Wind.Spd","Dew.Point.Temp","Stn_Press","Wind.Dir","weekdays","days","SeverityDeadly","SeverityLight Injury","SeverityMaterial High","SeverityMaterial Low","SeveritySevere Injury","as.factor(Accident_Type)31","as.factor(Accident_Type)32","as.factor(Accident_Type)33","as.factor(Accident_Type)34","as.factor(Accident_Type)35","as.factor(Accident_Type)36","as.factor(Accident_Type)37","as.factor(Accident_Type)38","as.factor(Accident_Type)39","as.factor(Accident_Type)40","as.factor(Accident_Type)41","as.factor(Accident_Type)42","as.factor(Accident_Type)43","as.factor(Accident_Type)44","as.factor(Accident_Type)45","as.factor(Accident_Type)46","as.factor(Accident_Type)47","as.factor(Accident_Type)48","as.factor(Accident_Type)49","as.factor(Accident_Type)50","as.factor(Accident_Type)51","as.factor(Accident_Type)52","as.factor(Accident_Type)53","as.factor(Accident_Type)54","as.factor(Accident_Type)55","as.factor(Accident_Type)59","as.factor(Accident_Type)71","as.factor(Accident_Type)72","as.factor(Accident_Type)73","as.factor(Accident_Type)74","as.factor(Accident_Type)75","as.factor(Accident_Type)99","Accident_CategoryFixed Object","Accident_CategoryMoving Object","Accident_CategoryNo Collision","Auth_Speed10","Auth_Speed100","Auth_Speed20","Auth_Speed30","Auth_Speed40","Auth_Speed50","Auth_Speed60","Auth_Speed70","Auth_Speed80","Auth_Speed90","Surface_CondDry","Surface_CondHard snow","Surface_CondIce","Surface_CondMud","Surface_CondOil","Surface_CondSand or gravel","Surface_CondSlush","Surface_CondSnow","Surface_CondWater accumulation","Surface_CondWet","IlluminationDay and clear","IlluminationDay and semi-dark","IlluminationNight and dark","IlluminationNight and lighted","EnvironmentCommercial","EnvironmentForest","EnvironmentIndustrial","EnvironmentPark","EnvironmentResidential","EnvironmentRural","EnvironmentSchool area","WeatherBlack Ice","WeatherClear Sky","WeatherCloudy","WeatherDrizzle","WeatherFoggy","WeatherHeavy Rain","WeatherSnow","WeatherSnowstorms","WeatherStrong Wind","cluster_id_0","cluster_id_1","cluster_id_2","cluster_id_3","cluster_id_4","cluster_id_5"
"2012-11-08",90,182,0,0,13,13,131,5,0,1,3,0,0,0,4,0,0,1,37,0,3,3,0,0,0,0,2,2,150.75,6060,1072.5,-345,9079.5375,442.5,0,270,0,13,37,40,0,71,2,3,0,0,0,0,0,0,1,0,0,1,0,0,0,0,0,2,0,0,0,0,0,0,1,0,0,0,0,0,1,5,76,1,1,0,0,2,8,33,1,1,0,0,81,0,0,0,0,0,0,0,0,1,56,4,0,21,47,0,5,0,29,1,3,0,71,11,0,0,0,0,0,0,13,4,22,11,14,26
"2012-11-09",103,210,0,0,22,22,149,7,0,2,0,0,0,3,2,0,0,2,45,0,2,2,0,0,0,0,0,0,237.329166666667,7278.66666666667,613.708333333333,-262.220833333333,10387.8075,2665.125,0,412,0,18,41,44,0,87,2,0,0,0,0,0,0,0,0,1,2,0,0,1,0,0,0,1,0,0,1,0,0,0,0,0,0,0,0,0,0,6,89,0,0,0,0,0,14,41,1,0,0,0,92,0,0,0,0,0,0,0,0,1,54,4,0,35,48,0,5,1,39,1,2,0,76,19,0,0,0,0,0,0,16,10,25,12,14,26
"2012-11-10",84,164,0,1,15,16,120,5,0,0,2,0,0,7,1,0,0,1,28,0,1,1,0,0,0,0,1,1,248.85,4651.5,462,-446.6,8550.255,927.5,84,420,0,12,36,35,1,70,1,2,0,0,0,0,0,0,1,0,1,1,0,0,0,0,0,0,0,0,0,0,0,0,1,1,0,0,0,0,1,4,73,2,0,0,0,3,15,23,1,0,0,0,73,0,0,0,1,0,0,0,0,0,37,3,0,33,33,0,2,2,37,0,2,0,65,8,0,0,0,0,0,0,7,8,21,14,7,27
"2012-11-11",67,127,0,2,17,19,95,0,0,0,0,0,1,3,3,0,0,0,25,0,7,7,0,0,0,0,0,0,182.295833333333,5019.41666666667,536,-103.291666666667,6819.77047619048,469,67,402,0,11,21,34,1,51,5,0,0,0,0,0,0,0,1,0,1,0,0,0,0,0,0,2,0,0,0,0,0,0,0,0,0,0,0,0,1,4,56,1,1,0,0,0,5,27,0,0,0,0,49,0,0,0,0,0,0,0,0,8,28,4,0,27,31,0,2,0,27,0,1,0,52,5,2,0,0,0,0,0,6,3,12,20,6,20
"2012-11-12",65,136,0,1,8,9,93,11,0,1,1,0,0,4,2,0,0,1,23,0,2,2,0,0,0,0,1,1,696.041666666667,4582.5,395.416666666667,323.916666666667,6555.46689605684,1085.21739130435,0,0,0,8,28,28,1,54,3,1,0,0,0,0,0,0,0,1,0,0,0,0,0,0,0,0,1,0,0,0,0,0,0,0,0,0,0,0,1,2,58,1,0,0,0,1,8,29,1,0,0,0,52,0,0,0,0,0,0,0,1,3,38,2,0,18,28,0,7,0,24,0,3,0,46,8,1,0,0,0,0,1,8,6,23,10,4,14
"2012-11-13",85,169,0,1,9,10,119,11,2,3,2,0,1,2,3,0,0,1,25,0,2,2,0,0,0,0,1,1,465.729166666667,5517.91666666667,513.541666666667,-76.8541666666667,8572.5336333051,2093.125,0,85,0,8,36,40,1,65,2,1,0,0,0,0,1,0,1,0,0,0,0,0,0,0,0,2,0,0,3,0,0,0,0,0,0,0,0,0,1,6,69,1,0,0,0,0,12,33,1,1,0,0,68,0,0,0,0,0,0,0,0,8,52,5,0,18,50,0,4,1,26,0,2,0,61,10,3,0,0,0,0,1,7,9,19,16,11,23
"2012-11-14",81,154,0,0,19,19,94,12,0,3,4,0,0,4,5,0,0,0,32,0,4,4,0,0,0,0,4,4,140.7375,4795.875,361.125,-455.9625,8169.12028585545,1380.375,0,162,0,15,34,32,0,59,4,3,0,1,0,0,0,0,1,0,2,0,0,0,0,0,0,0,1,0,0,0,0,0,1,0,0,0,0,0,1,5,67,1,0,0,0,1,11,36,1,0,0,0,73,0,0,0,0,1,0,0,0,1,54,5,1,16,44,0,3,0,25,1,2,0,71,4,0,0,0,0,0,0,9,8,14,13,10,27
"2012-11-15",99,196,0,0,18,18,133,8,0,1,5,0,0,2,1,0,0,2,44,0,3,3,0,0,0,0,5,5,-0.412499999999993,7095,647.625,-453.75,9984.48034937888,1414.875,0,297,0,16,30,53,0,80,3,5,0,0,0,0,0,0,0,1,0,0,0,0,0,0,0,1,0,0,0,0,1,0,0,0,0,0,0,0,0,3,88,0,1,0,1,3,15,25,0,0,0,0,93,0,0,0,0,0,0,1,0,0,51,8,1,32,34,0,5,2,48,0,4,0,88,4,0,0,0,0,0,0,10,4,25,20,18,22
"2012-11-16",93,183,0,1,21,22,134,11,0,3,4,0,0,0,3,0,0,1,27,0,5,5,0,0,0,0,3,3,152.675,6792.875,441.75,-263.5,9379.36032820441,2716.375,0,372,0,20,34,38,1,68,6,4,0,0,0,0,1,0,0,0,1,0,0,0,0,0,0,1,0,0,1,0,0,0,2,0,0,0,0,0,0,5,79,0,0,0,0,2,6,43,0,0,0,0,87,0,0,0,0,0,0,0,0,0,51,4,1,31,46,0,5,0,30,0,4,0,79,7,0,0,0,0,0,0,6,8,22,22,14,21
"2012-11-17",93,185,0,1,18,19,140,3,0,3,1,1,0,4,2,0,0,0,31,0,5,5,0,0,0,0,1,1,-37.975,6021.75,523.125,-591.7125,9379.36032820441,1643,93,465,0,14,39,39,1,71,6,1,0,0,0,1,1,0,0,1,1,0,0,0,0,0,0,3,1,0,1,0,0,0,1,0,0,0,0,0,1,8,80,1,2,0,0,3,18,32,1,0,0,0,90,0,0,0,0,1,0,0,0,0,41,6,1,39,39,0,2,1,46,0,3,0,86,4,0,0,0,0,0,0,9,10,27,15,14,18
"2012-11-18",58,115,0,0,6,6,80,5,0,0,2,0,0,2,2,0,0,0,24,0,2,2,0,0,0,0,2,2,7.49166666666666,3530.75,258.583333333333,-410.833333333333,5849.49353801995,1179.33333333333,58,348,0,6,19,33,0,41,2,2,0,0,0,0,0,0,1,0,1,0,1,0,0,0,0,0,1,0,0,0,0,0,1,0,0,0,0,0,0,5,45,0,1,0,0,1,7,22,0,0,0,0,54,0,0,0,0,0,0,0,0,0,25,2,3,23,31,0,2,0,24,0,1,0,50,2,0,0,0,0,0,0,3,10,16,11,6,12
"2012-11-19",87,169,0,0,28,28,118,7,0,2,4,1,0,3,4,0,0,0,30,0,4,4,0,0,0,0,4,4,88.45,6771.5,326.25,-213.875,8865.69545454546,1838.86363636364,0,0,0,20,31,36,0,66,5,4,0,0,0,0,0,0,0,1,1,0,0,0,0,0,0,0,2,0,1,0,0,0,1,0,0,0,0,0,0,6,75,0,0,0,1,1,12,29,0,0,0,0,84,0,0,0,0,0,0,0,0,0,48,5,1,23,42,0,1,0,37,0,6,0,78,2,0,0,0,0,0,0,13,5,28,15,16,10
"2012-11-20",103,199,0,0,14,14,130,17,2,1,2,0,1,2,5,0,0,1,38,0,4,4,0,0,0,0,2,2,250.204166666667,7922.41666666667,519.291666666667,-139.908333333333,10449.3070833333,1077.20833333333,0,103,0,14,36,53,0,78,5,2,0,0,0,0,0,0,0,0,3,0,1,0,0,0,0,0,1,0,0,0,0,0,1,0,0,0,0,0,0,6,85,0,0,0,0,3,12,47,0,0,0,0,79,0,7,0,0,0,0,0,0,1,51,9,0,30,40,0,4,0,46,1,3,0,74,9,0,3,0,0,0,0,14,8,25,19,14,23
"2012-11-21",87,171,0,0,19,19,135,8,0,1,4,1,0,1,3,0,0,1,17,0,4,4,0,0,0,0,3,3,391.1375,5651.375,362.5,-146.0875,8822.4525,2059,0,174,0,17,25,45,0,67,9,3,0,0,0,0,1,0,0,0,0,0,0,0,0,0,0,0,1,0,0,0,0,0,2,0,0,0,0,0,2,3,80,2,1,0,1,2,9,31,1,1,0,0,77,0,0,0,0,0,0,0,0,0,54,2,0,28,44,0,5,2,30,0,3,0,76,2,0,0,0,0,0,0,10,3,22,15,10,27
"2012-11-22",103,192,0,2,21,23,134,11,1,3,2,2,1,2,5,0,0,1,30,0,7,7,0,1,1,0,2,2,715.420833333333,6051.25,618,-82.8291666666667,10415.4029166667,1961.29166666667,0,309,0,16,32,53,2,73,6,2,0,0,0,0,0,0,0,0,1,0,0,0,0,0,0,0,3,0,0,0,0,0,3,0,1,0,1,0,2,7,81,4,4,0,0,1,12,47,0,1,0,0,91,0,1,0,0,0,0,0,0,1,56,12,0,27,51,0,5,0,41,0,1,0,89,5,0,0,0,0,0,0,7,9,36,18,13,20
"2012-11-23",106,194,0,0,25,25,144,6,2,2,0,1,0,2,2,0,0,1,34,0,12,12,0,0,0,0,0,0,853.3,6925.33333333333,795,193.891666666667,10574.1183333333,2089.08333333333,0,424,0,21,43,42,0,72,13,0,0,0,0,0,0,1,0,0,1,2,1,0,0,0,0,2,0,0,0,0,0,0,3,1,0,0,0,0,1,9,86,2,0,0,0,5,16,44,0,0,0,0,54,0,0,0,0,0,0,0,0,43,44,14,0,42,46,0,6,0,47,0,3,0,42,22,32,0,0,0,0,0,16,8,23,14,16,29
"2012-11-24",74,143,0,0,18,18,107,3,0,2,1,0,1,3,2,0,0,0,24,0,2,2,0,0,0,0,1,1,116.241666666667,5192.33333333333,508.75,-245.125,7340.76916666667,1501.58333333333,74,370,0,14,31,29,0,58,2,1,0,1,0,0,0,1,2,0,0,0,1,0,0,0,0,1,0,0,2,0,0,0,1,0,0,0,0,0,1,7,63,1,0,0,0,6,11,26,1,0,0,0,49,0,0,0,0,0,0,0,0,17,29,1,3,34,30,0,1,0,38,2,0,0,26,34,4,0,0,1,0,1,4,8,20,8,8,26
"2012-11-25",56,117,0,0,9,9,89,2,0,1,1,0,0,4,0,0,0,0,20,0,0,0,0,0,0,0,1,1,-190.866666666667,3446.33333333333,322,-548.1,5586.46666666667,1299.66666666667,56,336,0,7,23,26,0,49,0,1,0,0,0,1,0,0,1,0,0,0,0,0,0,0,0,0,0,0,0,0,0,0,1,0,0,0,0,0,2,2,51,2,1,0,0,0,5,26,0,0,0,0,51,0,0,0,0,0,0,0,0,0,19,1,0,29,22,0,1,0,31,0,1,0,34,14,0,0,0,1,0,0,4,5,14,9,9,15
"2012-11-26",95,184,0,1,20,21,133,8,0,2,1,0,0,4,2,0,0,1,33,0,6,6,0,0,0,0,1,1,-319.4375,5700,451.25,-959.5,9570.69583333334,2521.45833333333,0,0,0,16,31,47,1,72,7,1,0,0,0,0,1,0,1,0,0,0,0,0,0,0,0,0,0,0,1,0,0,0,1,0,0,0,0,0,0,3,81,0,1,0,1,2,12,32,0,0,0,0,80,0,1,0,0,0,0,0,0,0,49,4,0,25,45,0,2,0,42,0,0,0,74,4,0,0,0,0,0,0,8,6,24,18,14,25
"2012-11-27",107,213,1,1,22,24,155,14,0,2,2,0,0,2,3,0,0,0,35,0,4,4,0,0,0,1,1,2,-325.458333333333,7601.45833333333,472.583333333333,-811.8625,10871.2,1656.17391304348,0,107,1,16,35,54,1,95,5,2,0,1,0,0,0,0,0,0,1,0,0,0,0,0,0,0,0,0,0,0,0,0,0,0,0,0,0,0,0,1,103,0,3,0,1,0,11,51,2,0,0,0,98,0,0,0,0,0,0,0,0,1,70,7,1,25,59,0,7,0,36,0,0,0,86,11,0,0,0,0,0,0,15,15,18,14,17,28
"2012-11-28",100,189,0,0,15,15,136,7,0,1,0,0,0,6,1,0,0,0,38,0,7,7,0,0,0,0,0,0,-79.1666666666667,8220.83333333333,583.333333333333,-351.666666666667,10116.5,2116.66666666667,0,200,0,14,39,47,0,77,5,0,0,0,0,0,1,1,0,1,1,0,0,0,0,0,0,0,2,1,1,1,0,0,2,0,0,0,0,0,0,9,84,0,0,0,0,2,14,41,0,0,0,0,35,0,13,0,0,0,2,6,1,33,40,10,0,36,40,0,1,0,52,0,3,0,29,20,1,0,0,38,0,0,10,6,20,21,15,28
"2012-11-29",114,232,0,2,15,17,164,14,3,1,0,0,0,1,3,0,0,0,46,0,7,7,0,0,0,0,0,0,-514.425,8051.25,812.25,-1042.625,11542.405,1990.25,0,342,0,13,55,44,2,93,8,0,1,0,0,0,1,0,1,0,2,0,0,0,0,0,0,1,0,0,0,0,0,0,1,0,0,0,0,0,0,5,103,0,1,0,0,1,22,41,0,0,0,0,31,1,22,0,0,0,3,13,0,34,54,5,0,40,48,0,7,0,45,0,3,0,37,36,1,0,0,29,0,0,10,6,30,17,15,36
"2012-11-30",111,219,0,0,22,22,163,9,2,4,2,0,0,2,1,0,0,0,36,0,3,3,0,0,0,0,2,2,-1224.2375,7238.125,749.25,-1807.45,11383.55875,1188.625,0,444,0,20,36,55,0,87,4,1,0,1,0,1,0,0,1,0,0,1,0,0,0,0,0,1,0,0,2,0,0,0,2,0,0,0,0,0,1,7,94,1,2,0,0,2,13,42,2,0,0,0,76,0,5,0,0,0,0,6,0,8,51,9,2,35,48,0,5,1,43,0,5,0,78,14,0,0,0,2,0,0,14,6,25,16,21,29
"2012-12-01",73,143,1,3,17,21,117,1,1,3,1,0,0,0,0,0,0,0,20,0,1,1,0,0,0,0,1,1,-693.804166666667,5468.91666666667,650.916666666667,-958.733333333333,7479.67125,687.416666666667,73,365,1,11,26,34,1,56,2,1,0,0,0,0,0,0,3,0,1,1,0,0,0,0,0,0,1,0,0,0,0,0,1,0,0,0,0,0,2,7,59,2,2,0,0,3,9,27,0,0,0,0,61,1,0,0,0,0,0,0,0,5,36,4,0,26,38,0,1,0,24,1,2,0,45,19,1,0,0,0,0,0,5,10,18,10,11,19
"2012-12-02",76,143,0,2,14,16,103,0,2,1,1,0,0,3,3,0,0,1,29,0,7,7,0,0,0,0,1,1,313.5,6843.16666666667,484.5,198.866666666667,7658.77333333333,1490.26086956522,76,456,0,12,23,39,2,56,7,1,0,0,0,0,0,0,0,0,1,1,0,0,0,0,0,1,1,0,2,0,0,0,1,0,0,0,0,0,0,7,64,0,0,0,0,0,9,28,0,0,0,0,20,0,2,0,0,0,0,0,0,43,24,8,1,33,29,0,0,0,43,1,0,0,19,13,32,0,0,0,0,0,7,7,19,19,6,18
"2012-12-03",92,176,0,1,18,19,124,6,0,3,0,2,0,0,3,0,0,1,37,0,7,7,0,0,0,0,0,0,411.7,7605.33333333333,391,163.683333333333,9313.46666666667,2303.83333333333,0,0,0,16,32,43,1,70,8,0,0,0,0,0,0,1,0,0,0,0,0,0,0,0,0,0,1,0,0,0,0,0,1,0,0,0,0,0,2,2,79,2,0,0,0,3,11,28,0,0,0,0,49,0,6,0,0,0,0,0,0,24,50,9,1,23,47,0,0,0,39,0,1,0,50,27,0,0,0,0,0,0,8,5,24,14,17,24
"2012-12-04",83,161,0,0,25,25,114,10,0,0,4,1,1,4,2,0,0,1,24,0,6,6,0,0,0,0,3,3,665.383333333333,7165.66666666667,542.958333333333,484.858333333333,8352.11708333333,1625.41666666667,0,83,0,21,32,30,0,62,6,4,0,0,0,0,0,0,1,0,1,1,0,0,0,0,0,0,0,0,1,0,0,0,0,0,0,0,0,0,0,4,72,0,2,0,0,3,17,34,0,2,0,0,39,0,0,0,0,0,0,0,0,39,42,5,1,30,40,0,4,1,34,0,2,0,30,24,20,2,0,0,0,0,10,3,24,17,9,20
"2012-12-05",86,172,0,2,20,22,117,7,0,1,2,0,0,4,6,0,0,0,35,0,2,2,0,0,0,0,1,1,258.716666666667,5959.08333333333,623.5,-193.5,8659.30416666667,1967.25,0,172,0,13,32,39,2,68,4,2,0,0,0,0,0,0,0,0,1,1,0,0,1,0,0,0,0,0,0,0,0,0,0,0,0,0,0,0,0,3,74,0,1,0,1,0,10,32,0,0,0,0,63,0,0,0,0,0,0,0,0,11,46,4,0,26,44,0,5,0,31,0,0,0,40,28,6,0,1,0,0,0,7,9,26,10,14,20
"2012-12-06",89,181,0,2,13,15,128,7,0,2,2,0,0,5,2,0,0,1,34,0,2,2,0,0,0,0,1,1,-206.554166666667,5718.25,478.375,-728.316666666667,9052.8575,2176.79166666667,0,267,0,9,27,52,1,79,4,2,0,1,0,0,0,0,0,0,0,0,0,0,0,0,0,0,0,0,0,0,0,0,1,0,0,0,0,0,0,1,86,0,0,0,0,1,12,33,0,0,0,0,74,0,1,0,0,0,0,0,0,2,43,7,0,24,42,0,5,0,33,0,1,0,68,7,0,0,0,0,0,0,8,8,26,19,8,20
"2012-12-07",77,153,0,4,14,18,104,7,0,3,1,0,0,3,4,0,0,0,31,0,7,7,0,0,0,0,0,0,123.520833333333,5114.08333333333,385,-310.8875,7761.31125,1382.79166666667,0,308,0,12,21,41,3,58,7,1,0,0,0,0,0,0,0,0,0,0,0,0,0,0,0,0,0,1,1,0,0,0,0,0,0,0,0,0,0,2,66,0,0,0,1,1,12,30,0,0,0,0,63,0,0,0,0,0,0,1,0,4,39,4,0,25,40,0,2,0,24,0,5,0,45,22,1,0,0,0,1,0,8,3,24,10,11,21
"2012-12-08",74,140,0,4,18,22,114,5,0,0,0,0,0,3,1,0,0,1,16,0,10,10,0,0,0,0,0,0,155.4,6641.5,391.583333333333,38.5416666666667,7428.18166666667,1088.41666666667,74,370,0,14,30,26,4,52,13,1,0,0,0,0,0,0,0,0,0,1,0,1,0,0,0,0,1,0,1,0,0,0,1,0,0,0,0,0,0,5,66,0,0,0,0,0,10,40,0,0,0,0,16,0,0,0,0,0,0,0,0,48,21,6,0,39,37,0,2,1,29,0,2,0,15,13,37,0,0,0,0,0,4,9,15,16,11,19
"2012-12-09",63,127,0,0,12,12,94,2,2,1,0,0,0,1,0,0,0,1,26,0,1,1,0,0,0,0,0,0,-44.625,5223.75,364.875,-205.8,6393.10875,1073.625,63,378,0,9,23,31,0,52,1,0,0,0,0,0,0,0,0,2,0,1,0,0,0,0,0,1,1,0,1,0,0,0,0,0,0,0,0,0,1,6,53,1,1,0,0,0,10,21,0,0,0,0,36,0,1,0,0,0,1,3,0,16,17,7,0,31,26,0,1,1,29,1,2,0,21,23,7,0,0,6,0,0,5,7,17,7,10,17
"2012-12-10",86,150,0,1,11,12,102,7,7,1,1,0,0,2,3,0,0,0,27,0,6,6,0,0,0,0,1,1,10.75,8155.66666666667,480.166666666667,-57.3333333333333,8560.51166666667,979.652173913043,0,0,0,10,30,45,1,53,6,1,0,0,0,0,1,0,1,0,1,1,0,0,0,0,1,0,1,0,3,0,0,0,4,0,0,0,0,0,2,12,61,2,2,0,0,3,20,26,0,0,0,0,4,2,4,0,0,0,11,20,0,34,37,9,1,28,36,0,2,1,39,0,3,2,9,10,42,0,0,11,1,0,9,7,21,16,12,21
"2012-12-11",110,205,0,1,23,24,151,8,1,1,1,0,0,2,2,0,0,0,39,0,11,11,0,0,0,0,1,1,-605,8231.66666666667,646.25,-1020.70833333333,11056.1916666667,3267.91666666667,0,110,0,20,32,57,1,85,10,1,0,0,0,0,1,1,0,0,1,1,1,0,0,0,0,1,1,0,0,0,0,0,1,0,0,0,0,0,1,6,98,1,0,0,0,1,20,40,0,0,2,0,65,6,10,0,0,0,4,4,0,8,56,9,2,29,51,0,2,0,46,0,5,0,84,13,0,0,0,0,0,0,15,6,29,23,9,28
"2012-12-12",114,228,0,0,20,20,166,12,1,0,0,0,0,4,3,0,0,1,41,0,10,10,0,0,0,0,0,0,-545.3,9590.25,437,-805.6,11590.57,2145.27272727273,0,228,0,17,46,51,0,81,9,0,0,0,0,0,1,0,2,0,1,2,0,0,0,0,1,2,0,0,0,0,0,0,1,0,0,0,0,1,0,9,91,1,0,0,0,3,16,45,0,0,0,0,65,5,6,0,0,0,0,9,0,20,57,9,1,39,49,0,5,1,49,0,5,0,72,22,1,0,0,6,0,0,10,5,27,27,20,25
"2012-12-13",101,198,1,2,17,20,146,10,0,1,0,0,0,3,1,0,0,0,37,1,7,8,0,0,0,0,0,0,-73.6458333333333,8509.25,606,-313.1,10287.9020833333,2226.20833333333,0,303,1,15,35,48,2,87,9,0,0,0,0,0,0,0,0,1,1,0,0,0,0,0,0,0,0,0,0,0,0,0,0,0,0,0,0,0,0,2,96,0,1,0,0,2,14,40,0,0,0,0,43,4,4,0,0,0,0,1,0,36,52,11,1,26,54,0,7,0,31,0,1,0,60,27,1,0,0,0,0,0,15,4,32,12,17,21
"2012-12-14",86,164,0,0,12,12,119,10,0,0,1,0,0,2,4,0,0,0,28,0,4,4,0,0,0,0,1,1,116.458333333333,6292.33333333333,627.083333333333,-251.191666666667,8691.94833333333,1522.91666666667,0,344,0,11,34,41,0,67,5,1,0,0,0,0,0,0,1,0,0,1,1,0,0,0,0,0,0,0,1,0,0,0,1,0,0,0,0,0,0,5,73,0,0,0,0,2,8,36,1,0,0,0,43,1,2,0,0,0,1,4,0,20,32,3,2,35,44,0,4,0,30,0,1,0,49,23,0,0,0,1,0,0,7,4,32,13,16,14
"2012-12-15",94,187,0,1,13,14,146,5,1,0,0,0,0,3,1,0,0,1,30,0,6,6,0,0,0,0,0,0,-840.516666666667,6458.58333333333,904.75,-1282.70833333333,9591.525,297.666666666667,94,470,0,12,29,52,1,76,7,0,0,0,0,0,0,0,0,0,1,0,0,0,0,0,0,1,0,0,0,0,0,0,0,0,0,0,0,0,0,2,83,0,0,0,0,2,7,35,0,0,0,0,62,2,4,0,0,0,0,0,1,7,42,4,2,32,44,0,0,0,36,0,0,0,71,5,1,0,0,0,0,0,8,12,29,11,10,24
"2012-12-16",66,128,0,1,11,12,100,1,0,1,0,0,0,2,2,0,0,0,22,0,2,2,0,0,0,0,0,0,-545.875,5549.5,715,-694.65,6679.97,291.5,66,396,0,9,26,30,1,47,2,0,0,0,0,0,0,0,1,0,1,2,1,0,0,0,0,0,0,2,0,0,0,0,2,0,0,0,0,1,1,9,49,2,1,0,0,1,11,29,0,0,0,0,15,2,0,0,0,0,7,24,0,10,27,4,0,30,29,0,2,0,29,0,0,0,14,8,0,0,0,33,1,0,8,7,16,13,8,14
"2012-12-17",116,227,0,0,11,11,160,8,9,4,0,0,0,5,0,0,0,2,39,0,1,1,0,0,0,0,0,0,-32.3833333333333,11155.3333333333,725,-92.8,11638.28,870,0,0,0,11,51,54,0,96,1,0,0,0,0,0,0,0,2,0,1,1,1,0,0,0,0,1,2,1,1,0,0,0,0,0,1,0,0,1,0,10,97,2,1,0,0,4,23,40,1,0,0,0,4,1,1,0,0,0,20,68,0,15,59,9,0,34,40,0,6,0,61,0,4,3,7,12,4,0,0,82,1,0,13,6,27,16,26,28
"2012-12-18",136,263,0,0,20,20,179,11,6,3,0,0,0,5,2,1,0,1,55,0,6,6,0,0,0,0,0,0,86.1333333333333,13311,1156,44.7666666666667,13515.34,1042.66666666667,0,136,0,20,62,54,0,104,5,0,1,0,0,0,0,0,3,1,2,1,0,0,0,0,0,2,0,0,0,0,0,0,3,0,0,0,0,1,1,12,110,2,1,0,0,5,18,51,1,1,0,0,2,3,3,0,0,0,23,83,2,13,75,9,0,38,51,0,6,1,66,0,4,0,8,9,18,0,0,89,5,0,15,15,24,19,23,40
"2012-12-19",128,247,0,1,11,12,166,14,7,2,0,0,0,2,6,0,0,0,50,0,3,3,0,0,0,0,0,0,109.333333333333,12405.3333333333,917.333333333333,50.1333333333333,12806.0266666667,2464,0,256,0,9,56,62,1,87,4,0,0,0,0,0,0,3,0,1,1,0,0,0,0,0,2,3,0,0,5,0,0,0,4,0,0,0,0,0,1,16,94,1,2,0,0,3,21,40,2,0,0,0,5,6,0,0,0,0,25,36,0,45,56,10,0,47,56,0,5,1,54,0,4,0,31,56,14,0,0,13,0,0,11,11,37,18,18,33
"2012-12-20",94,183,0,0,8,8,128,7,5,2,0,0,0,1,1,0,0,0,39,0,5,5,0,0,0,0,0,0,-57.9666666666667,8158.41666666667,470,-240.875,9501.59833333333,1672.41666666667,0,282,0,7,26,61,0,77,5,0,0,0,0,0,0,1,1,2,0,0,0,0,0,0,0,0,0,0,1,0,0,0,0,0,0,0,0,0,1,4,83,1,0,0,0,3,11,38,0,0,0,0,12,2,3,0,0,0,6,25,0,33,44,8,0,28,53,0,0,1,35,0,2,0,21,43,0,1,0,12,0,0,10,7,26,13,15,23
"2012-12-21",113,226,0,1,15,16,168,8,2,1,0,0,0,2,0,0,0,0,45,0,6,6,0,0,0,0,0,0,130.891666666667,10739.7083333333,1097.04166666667,51.3208333333333,11124.0966666667,984.041666666667,0,452,0,13,39,60,1,93,6,0,0,0,0,0,1,0,0,0,0,0,0,0,0,0,0,2,2,0,2,0,0,0,1,0,0,0,0,0,2,7,100,2,3,0,0,1,18,45,0,1,0,0,0,3,5,0,0,0,16,37,0,37,43,13,1,40,43,0,3,0,47,1,5,0,7,10,25,0,4,50,3,0,12,11,32,15,12,31