"Date","NB_Accidents","NB_VEH_IMPLIQUES_ACCDN","NB_MORTS","NB_BLESSES_GRAVES","NB_BLESSES_LEGERS","NB_VICTIMES_TOTAL","nb_automobile_camion_leger","nb_camionLourd_tractRoutier","nb_outil_equipement","nb_tous_autobus_minibus","nb_bicyclette","nb_cyclomoteur","nb_motocyclette","nb_taxi","nb_urgence","nb_motoneige","nb_VHR","nb_autres_types","nb_veh_non_precise","NB_DECES_PIETON","NB_BLESSES_PIETON","NB_VICTIMES_PIETON","NB_DECES_MOTO","NB_BLESSES_MOTO","NB_VICTIMES_MOTO","NB_DECES_VELO","NB_BLESSES_VELO","NB_VICTIMES_VELO","Temp","Rel.Hum","Wind.Spd","Dew.Point.Temp","Stn_Press","Wind.Dir","weekdays","days","SeverityDeadly","SeverityLight Injury","SeverityMaterial High","SeverityMaterial Low","SeveritySevere Injury","as.factor(Accident_Type)31","as.factor(Accident_Type)32","as.factor(Accident_Type)33","as.factor(Accident_Type)34","as.factor(Accident_Type)35","as.factor(Accident_Type)36","as.factor(Accident_Type)37","as.factor(Accident_Type)38","as.factor(Accident_Type)39","as.factor(Accident_Type)40","as.factor(Accident_Type)41","as.factor(Accident_Type)42","as.factor(Accident_Type)43","as.factor(Accident_Type)44","as.factor(Accident_Type)45","as.factor(Accident_Type)46","as.factor(Accident_Type)47","as.factor(Accident_Type)48","as.factor(Accident_Type)49","as.factor(Accident_Type)50","as.factor(Accident_Type)51","as.factor(Accident_Type)52","as.factor(Accident_Type)53","as.factor(Accident_Type)54","as.factor(Accident_Type)55","as.factor(Accident_Type)59","as.factor(Accident_Type)71","as.factor(Accident_Type)72","as.factor(Accident_Type)73","as.factor(Accident_Type)74","as.factor(Accident_Type)75","as.factor(Accident_Type)99","Accident_CategoryFixed Object","Accident_CategoryMoving Object","Accident_CategoryNo Collision","Auth_Speed10","Auth_Speed100","Auth_Speed20","Auth_Speed30","Auth_Speed40","Auth_Speed50","Auth_Speed60","Auth_Speed70","Auth_Speed80","Auth_Speed90","Surface_CondDry","Surface_CondHard snow","Surface_CondIce","Surface_CondMud","Surface_CondOil","Surface_CondSand or gravel","Surface_CondSlush","Surface_CondSnow","Surface_CondWater accumulation","Surface_CondWet","IlluminationDay and clear","IlluminationDay and semi-dark","IlluminationNight and dark","IlluminationNight and lighted","EnvironmentCommercial","EnvironmentForest","EnvironmentIndustrial","EnvironmentPark","EnvironmentResidential","EnvironmentRural","EnvironmentSchool area","WeatherBlack Ice","WeatherClear Sky","WeatherCloudy","WeatherDrizzle","WeatherFoggy","WeatherHeavy Rain","WeatherSnow","WeatherSnowstorms","WeatherStrong Wind","cluster_id_0","cluster_id_1","cluster_id_2","cluster_id_3","cluster_id_4","cluster_id_5"
"2012-12-22",126,249,0,0,16,16,178,6,5,1,0,0,0,5,7,0,0,0,47,0,0,0,0,0,0,0,0,0,-430.5,11256,1039.5,-621.6,12392.835,2682.75,126,630,0,12,46,68,0,99,0,0,0,0,0,0,0,1,1,1,0,2,1,0,0,1,1,0,2,1,0,0,0,0,1,0,0,0,0,1,1,11,100,2,2,0,0,2,19,41,1,1,0,0,3,4,27,0,0,0,5,66,0,12,47,14,0,50,52,0,4,1,62,0,2,1,16,14,4,0,0,66,12,0,9,18,21,19,23,36
"2012-12-23",82,167,0,0,8,8,118,3,3,0,0,0,0,3,2,0,0,0,38,0,1,1,0,0,0,0,0,0,-658.05,6351.58333333333,433.916666666667,-925.916666666667,8194.3625,1998.75,82,492,0,7,35,40,0,67,2,0,0,0,0,0,0,0,0,0,1,0,0,0,0,0,0,0,0,0,1,0,0,0,0,0,0,0,0,0,0,2,69,0,1,0,0,3,18,23,0,0,0,0,2,10,5,0,0,0,7,35,0,15,39,8,1,27,38,0,1,0,39,0,0,0,27,32,0,0,0,13,0,2,7,12,13,9,14,27
"2012-12-24",89,172,0,1,13,14,115,2,2,0,0,0,0,5,1,0,0,0,47,0,4,4,0,0,0,0,0,0,-791.729166666667,6712.08333333333,341.166666666667,-1113.24166666667,8969.1975,2348.82608695652,0,0,0,10,25,53,1,60,4,0,0,0,0,0,1,0,1,0,1,0,0,0,0,0,0,3,0,0,0,0,0,0,1,0,0,0,0,0,0,6,65,0,2,0,0,2,11,22,0,0,0,0,10,12,5,0,0,0,6,21,0,15,47,4,0,18,31,0,1,2,45,0,0,0,63,5,0,0,0,2,0,0,5,14,20,16,11,23
"2012-12-25",49,99,0,1,6,7,75,0,0,0,0,0,0,2,0,0,0,1,21,0,0,0,0,0,0,0,0,0,-466.929166666667,3783.20833333333,385.875,-629.854166666667,4967.43625,696.208333333333,0,49,0,4,18,26,1,40,0,0,0,0,0,0,0,0,0,2,0,1,0,0,0,0,0,0,0,0,1,0,0,0,0,0,0,0,0,0,0,4,40,0,0,0,0,1,10,18,0,0,0,0,12,3,2,0,0,0,2,15,0,9,14,4,2,20,13,0,3,0,32,0,0,0,38,2,0,0,0,1,0,1,3,1,7,11,10,17
"2012-12-26",110,221,1,0,11,12,145,3,1,1,0,0,0,2,4,0,0,2,63,0,0,0,0,0,0,0,0,0,-1168.29166666667,9350,953.333333333333,-1394.70833333333,11195.6166666667,1329.16666666667,0,220,1,7,37,65,0,85,0,0,0,0,0,0,0,0,0,0,3,1,0,0,0,0,1,0,0,0,0,0,0,0,0,0,0,0,0,0,3,5,85,3,2,0,0,1,19,32,0,0,0,0,17,6,9,0,0,0,4,45,0,11,39,12,1,34,48,0,0,0,57,0,1,0,50,23,0,0,0,17,2,0,12,16,20,17,14,31
"2012-12-27",190,366,0,1,13,14,206,20,12,5,0,0,0,2,2,0,0,4,115,0,9,9,0,0,0,0,0,0,-1163.75,17986.6666666667,3119.16666666667,-1302.29166666667,19053.1208333333,459.166666666667,0,570,0,12,70,107,1,150,9,0,0,0,0,0,0,1,1,0,0,0,0,0,0,0,0,2,0,0,1,0,0,0,1,0,0,0,0,0,1,5,160,1,1,0,0,3,30,41,0,0,0,1,3,4,2,1,0,0,0,160,0,2,88,36,0,32,54,0,4,0,115,0,1,0,17,4,0,0,0,58,80,0,18,18,22,44,40,48
"2012-12-28",186,368,0,0,9,9,236,10,6,5,0,0,0,3,5,0,0,3,100,0,4,4,0,0,0,0,0,0,-1190.4,15957.25,1387.25,-1562.4,18719.5825,4394.25,0,744,0,8,58,120,0,149,5,0,0,0,0,0,0,0,0,0,2,0,0,0,0,0,2,2,0,0,0,0,0,0,2,0,0,0,0,1,2,8,154,3,1,0,0,5,35,51,0,0,0,0,3,7,4,0,0,0,7,136,0,5,79,15,1,53,72,0,2,0,100,0,0,0,99,16,0,0,0,26,14,0,20,17,42,50,24,33
"2012-12-29",128,252,0,1,6,7,162,11,5,2,0,0,0,5,5,0,0,0,62,0,1,1,0,0,0,0,0,0,-1276.8,11776,954.666666666667,-1411.2,12843.04,1129.73913043478,128,640,0,5,42,80,1,93,2,0,0,0,0,0,0,0,0,2,1,0,0,0,0,0,2,0,0,0,0,0,0,0,1,0,0,0,0,0,3,6,95,3,1,0,0,0,19,40,1,0,0,0,1,4,1,0,0,0,5,105,0,3,41,9,0,55,50,0,4,0,70,0,0,0,27,19,0,0,0,59,3,0,10,10,27,20,27,34
"2012-12-30",122,232,0,0,7,7,146,6,5,1,0,0,0,6,3,0,0,3,62,0,2,2,0,0,0,0,0,0,-1338.44166666667,10034.5,757.416666666667,-1638.86666666667,12237.2608333333,3034.75,122,732,0,6,41,75,0,90,2,0,0,0,0,0,0,0,0,0,2,0,0,0,0,0,1,4,0,0,1,0,0,0,4,0,0,0,0,0,0,12,92,0,0,0,0,4,14,40,0,0,0,1,3,5,3,0,0,0,4,91,0,4,51,5,1,42,35,0,1,1,76,1,0,0,55,13,0,0,0,34,3,1,12,8,23,28,18,33
"2012-12-31",119,232,0,0,5,5,155,5,5,0,0,0,0,4,1,0,0,2,60,0,0,0,0,0,0,0,0,0,-647.558333333333,10184.4166666667,679.291666666667,-889.029166666667,11931.3366666667,2593.20833333333,0,0,0,5,47,67,0,97,0,0,0,0,0,0,0,0,1,0,2,0,0,0,0,0,2,1,0,0,0,0,0,0,0,0,1,0,0,0,1,6,97,2,2,0,0,6,19,34,0,0,0,0,2,9,0,0,0,0,9,78,0,9,43,7,1,47,48,0,3,0,56,0,4,0,52,24,0,0,0,22,2,0,16,4,23,19,20,37
"2013-01-01",77,153,0,0,14,14,110,0,1,0,0,0,0,4,1,0,0,1,36,0,1,1,0,0,0,0,0,0,-787.966666666667,5313,420.291666666667,-1144.73333333333,7712.705,1341.08333333333,0,77,0,9,24,44,0,65,1,0,0,0,0,0,0,0,2,0,1,0,0,0,0,0,1,1,0,0,1,0,0,0,0,0,0,0,0,0,0,6,66,0,1,0,0,1,11,30,1,0,0,0,2,10,3,0,0,0,7,43,0,7,24,0,0,35,22,0,2,1,52,0,0,0,46,9,0,0,0,8,0,0,11,1,19,11,13,22
"2013-01-02",111,216,0,1,11,12,135,5,5,1,0,0,0,1,3,0,0,1,65,0,4,4,0,0,0,0,0,0,-1701.075,7802.375,795.5,-2174.2125,11198.37375,1979.5,0,222,0,10,38,62,1,88,4,0,0,0,0,0,1,0,2,3,0,0,0,0,0,0,0,1,0,0,1,0,0,0,2,0,0,0,0,0,0,9,93,0,0,0,0,2,14,38,1,0,0,0,7,16,3,0,0,1,3,58,1,7,42,3,1,37,41,0,5,1,55,0,0,0,66,10,1,0,0,9,0,0,9,6,18,25,19,34
"2013-01-03",178,355,0,0,7,7,219,11,5,2,0,0,0,2,3,0,0,2,111,0,0,0,0,0,0,0,0,0,-2989.65833333333,13127.5,927.083333333333,-3634.16666666667,17988.3091666667,4197.83333333333,0,534,0,5,52,121,0,128,0,0,0,0,0,0,0,0,1,1,0,2,0,0,0,1,3,1,0,0,2,1,0,0,1,0,0,0,0,0,1,13,128,1,1,0,0,6,24,43,0,0,0,0,9,13,6,1,0,0,5,110,0,16,83,9,0,61,76,0,4,1,91,0,1,0,91,29,0,1,0,32,1,0,20,12,34,32,34,46
"2013-01-04",150,284,0,0,12,12,171,16,5,1,0,0,0,1,2,0,0,2,86,0,4,4,0,0,0,0,0,0,-711.875,12675,1131.25,-1048.75,14968.125,2902.17391304348,0,600,0,8,56,86,0,109,3,0,0,0,0,0,1,0,5,0,0,1,1,0,0,0,3,1,2,0,1,0,0,0,0,0,0,0,0,0,1,14,113,1,1,0,0,1,19,54,0,0,0,0,8,6,0,0,0,0,4,102,0,14,55,10,1,54,53,0,4,0,84,0,0,0,38,29,0,0,0,53,1,1,17,11,36,32,18,36
"2013-01-05",93,189,0,0,5,5,126,6,2,0,1,0,0,5,1,0,0,1,47,0,2,2,0,0,0,0,0,0,-556.8375,5998.5,635.5,-1095.4625,9393.62,1889.59090909091,93,465,0,5,42,46,0,73,2,1,0,0,0,0,0,0,0,0,0,0,0,0,0,0,1,3,1,0,1,0,0,0,0,0,0,0,0,0,0,6,76,0,0,0,0,6,23,31,1,0,0,0,6,5,4,1,0,0,6,49,0,13,42,4,0,30,31,0,3,1,53,1,1,0,61,9,0,0,0,9,1,0,4,8,22,19,13,27
"2013-01-06",110,212,0,1,13,14,143,2,3,0,0,0,0,1,4,0,0,1,58,0,3,3,0,0,0,0,0,0,-918.5,9611.25,898.333333333333,-1111,11067.7875,937.391304347826,110,660,0,8,39,62,1,88,2,0,0,0,0,0,0,0,1,0,1,0,0,0,0,0,2,0,1,0,1,0,0,0,2,0,0,0,0,0,1,8,90,1,1,0,0,3,13,47,0,1,0,0,2,8,2,0,0,0,5,78,0,5,49,5,1,40,34,0,6,0,57,1,5,0,24,9,0,0,0,59,1,0,14,10,21,26,12,27
"2013-01-07",124,245,0,0,13,13,154,14,2,1,0,0,0,4,1,0,0,2,67,0,3,3,0,0,0,0,0,0,-1396.03333333333,9310.33333333333,1007.5,-1839.85,12605.7366666667,1612,0,0,0,10,38,76,0,100,3,1,0,0,0,0,0,0,1,0,2,0,0,0,0,1,0,0,0,0,0,0,0,0,2,0,0,0,0,0,0,6,104,0,1,0,0,4,15,34,0,0,0,0,2,3,3,0,0,0,7,71,0,20,68,6,0,27,51,0,5,0,53,2,2,0,62,31,0,0,0,10,0,0,12,6,27,24,15,40
"2013-01-08",105,202,0,0,10,10,124,10,2,1,0,0,0,3,1,0,0,0,61,0,3,3,0,0,0,0,0,0,-122.0625,8277.5,831.25,-462.4375,10643.0625,2108.75,0,105,0,9,25,71,0,80,4,0,0,0,0,0,0,0,0,1,0,0,0,0,0,0,0,0,1,0,2,0,0,0,3,0,0,0,0,0,0,7,84,0,0,0,0,2,15,22,0,0,0,0,6,3,0,0,0,0,7,37,0,29,50,8,1,17,46,0,3,0,37,1,4,0,47,24,0,0,0,4,0,0,9,9,23,19,17,28
"2013-01-09",97,186,0,0,6,6,115,5,5,2,0,0,0,3,1,0,0,1,54,0,3,3,0,0,0,0,0,0,39.2041666666667,7816.58333333333,670.916666666667,-251.795833333333,9789.80583333333,2008.70833333333,0,194,0,5,32,60,0,81,5,0,0,0,0,0,1,0,0,0,0,0,0,0,0,0,1,0,1,0,0,0,0,0,0,0,0,0,0,0,0,2,87,0,1,0,1,3,15,29,0,0,0,0,9,2,3,0,0,0,3,26,0,33,53,2,0,22,34,0,5,1,43,0,2,0,42,24,5,0,0,1,0,0,15,4,20,19,19,20
"2013-01-10",130,267,0,2,13,15,175,10,1,5,0,0,0,4,5,0,0,1,66,0,9,9,0,0,0,0,0,0,288.708333333333,9110.83333333333,758.333333333333,-350.458333333333,13249.0041666667,2751.66666666667,0,390,0,11,37,80,2,104,9,0,0,0,0,0,0,0,0,0,0,0,0,0,0,0,0,1,0,0,0,0,0,0,1,0,0,0,0,0,1,2,113,1,0,0,0,1,16,40,0,0,0,0,21,3,2,0,0,0,1,21,0,63,61,10,1,38,64,0,3,0,54,0,1,0,64,40,1,0,0,2,0,0,16,9,29,18,19,39
"2013-01-11",93,176,0,1,8,9,116,7,4,3,0,0,0,1,3,0,0,2,40,0,5,5,0,0,0,0,0,0,39.525,6661.125,503.75,-383.2375,9450.1175,1457,0,372,0,8,25,59,1,73,5,0,0,0,0,0,1,0,0,0,1,0,0,0,0,0,0,1,1,1,0,0,0,0,2,0,0,0,0,0,1,6,79,1,2,0,1,3,12,31,0,0,0,0,18,2,8,0,0,0,1,16,1,40,42,4,0,35,48,0,2,0,35,0,2,1,32,36,12,1,0,1,0,0,7,11,21,18,11,25
"2013-01-12",63,123,0,0,13,13,87,2,0,1,0,0,0,0,1,0,0,0,32,0,3,3,0,0,0,0,0,0,258.5625,5735.625,393.75,173.25,6345.28125,1299.375,63,315,0,10,23,30,0,47,4,0,0,0,0,1,0,0,0,0,2,1,0,0,0,0,0,0,0,0,0,0,0,0,0,0,0,0,0,0,0,3,52,0,1,0,0,1,10,13,0,0,0,0,3,2,2,0,0,0,0,1,0,42,30,2,0,21,30,0,1,0,25,0,1,1,24,14,10,0,0,0,0,0,8,4,11,12,11,17
"2013-01-13",64,124,0,0,7,7,90,0,0,0,1,0,0,1,0,0,0,0,32,0,2,2,0,0,0,0,0,0,329.866666666667,6053.33333333333,416,277.333333333333,6424.45333333333,1301.33333333333,64,384,0,6,21,37,0,50,2,1,0,0,0,1,0,1,0,0,0,0,0,0,0,0,0,0,1,0,3,0,0,0,0,0,0,0,0,0,0,4,55,0,0,0,0,1,8,20,0,0,0,0,5,0,0,0,0,0,0,2,0,46,27,3,1,23,24,0,0,1,36,0,0,0,13,15,18,2,1,0,0,0,5,5,8,18,6,22
"2013-01-14",89,169,0,1,12,13,111,11,2,0,0,0,0,2,1,0,0,0,42,0,5,5,0,0,0,0,0,0,348.954166666667,6782.54166666667,496.916666666667,-8.15833333333334,8964.97,1939.45833333333,0,0,0,11,34,43,1,71,5,0,0,0,0,0,0,0,1,1,0,0,0,1,0,0,0,0,0,0,0,0,0,0,0,0,0,0,0,0,3,3,76,3,3,0,0,2,13,29,0,0,0,0,36,1,2,0,0,0,0,3,0,33,49,4,3,21,41,1,4,1,32,0,6,0,58,16,2,0,0,0,0,0,15,11,20,19,5,19
"2013-01-15",65,132,1,0,4,5,87,4,0,2,0,0,0,0,3,0,0,1,35,1,0,1,0,0,0,0,0,0,-84.5,4170.83333333333,395.416666666667,-475.041666666667,6607.7375,1497.70833333333,0,65,1,3,17,44,0,53,2,0,0,0,0,0,0,0,0,1,0,0,0,0,0,0,0,0,0,0,0,0,0,0,1,0,0,0,0,0,0,2,55,0,0,0,0,1,5,30,0,1,0,0,46,0,1,0,0,0,0,0,0,4,37,1,1,16,19,0,3,0,36,0,2,0,43,8,0,0,0,0,0,0,5,4,16,10,10,20
"2013-01-16",89,175,0,2,8,10,126,6,0,1,0,0,0,1,1,0,0,1,39,0,2,2,0,0,0,0,0,0,-97.1583333333333,6667.58333333333,519.166666666667,-449.45,8942.4975,1798.54166666667,0,178,0,7,27,53,2,74,2,0,0,0,0,0,0,1,1,0,0,0,0,1,0,0,0,2,0,0,0,0,0,0,2,0,0,0,0,0,0,6,77,0,2,0,1,0,8,36,0,0,0,0,59,1,1,0,0,0,0,3,0,10,49,7,0,19,50,0,2,0,32,0,1,0,55,18,0,1,0,2,0,0,10,7,29,11,11,21
"2013-01-17",141,281,0,0,34,34,216,9,2,1,0,0,0,6,6,0,0,0,41,0,15,15,0,0,0,0,0,0,-1264.8875,7749.125,1192.625,-2371.15,14201.6375,3495.625,0,423,0,31,48,62,0,111,14,0,0,0,0,0,0,0,3,1,0,1,0,0,0,0,0,0,0,1,2,0,0,0,0,0,0,0,0,0,2,8,125,2,1,0,0,2,17,72,0,0,0,0,38,6,45,0,0,0,2,19,0,19,86,7,0,32,65,0,9,0,56,0,5,0,104,15,0,0,0,8,0,0,15,8,34,19,16,49
"2013-01-18",113,216,0,0,23,23,146,4,1,4,1,0,0,3,5,0,0,1,51,0,6,6,0,0,0,0,1,1,-1653.09583333333,5391.04166666667,673.291666666667,-2641.375,11483.06,2862.66666666667,0,452,0,17,35,61,0,89,6,1,0,0,0,0,1,0,0,0,1,0,0,1,0,0,0,3,0,0,1,0,0,0,0,0,0,0,0,0,1,6,97,1,3,0,0,0,13,45,0,0,0,0,58,3,6,0,0,0,3,17,0,8,59,4,2,33,43,0,4,1,55,0,3,0,76,14,0,0,0,8,0,0,12,9,32,25,13,22
"2013-01-19",153,294,0,1,6,7,206,5,8,2,0,0,0,5,4,0,0,2,62,0,3,3,0,0,0,0,0,0,-542.5125,14063.25,867,-720.375,15351.82875,2726.18181818182,153,765,0,6,80,66,1,111,3,0,0,0,0,0,2,0,3,2,3,1,1,1,0,1,0,1,2,0,2,0,0,0,1,0,0,0,0,2,2,18,116,4,1,0,0,2,19,67,0,0,0,0,3,6,3,0,0,0,5,116,1,6,78,6,0,48,60,0,2,0,81,0,2,0,20,14,1,0,0,96,8,0,16,14,41,38,15,29
"2013-01-20",139,291,0,1,27,28,211,3,5,3,0,0,0,6,2,0,0,1,60,0,1,1,0,0,0,0,0,0,-438.429166666667,10558.2083333333,1210.45833333333,-952.15,13794.53375,2895.83333333333,139,834,0,20,39,79,1,107,1,0,0,0,0,0,0,2,3,1,0,0,0,0,0,0,1,1,0,0,0,0,0,1,0,0,0,0,0,0,0,7,110,0,2,0,0,1,19,57,1,1,0,0,7,7,37,1,0,0,7,56,0,11,66,12,1,46,46,0,4,1,73,1,6,1,44,15,4,1,0,35,10,8,18,13,32,22,22,32
"2013-01-21",185,362,0,0,18,18,247,15,2,5,1,0,0,7,6,0,0,2,77,0,3,3,0,0,0,0,0,0,-3087.1875,11601.0416666667,971.25,-4104.6875,18633.89375,4208.75,0,0,0,15,72,98,0,147,4,1,0,0,0,0,1,0,6,0,1,0,0,0,0,0,5,2,3,0,1,0,0,0,2,0,0,0,0,0,0,20,153,0,1,0,0,6,45,54,4,0,0,0,12,14,78,0,0,1,0,37,0,12,115,5,1,29,47,0,9,0,107,0,9,0,131,16,0,0,0,4,0,0,26,9,34,29,32,55
"2013-01-22",130,255,1,0,7,8,171,11,4,2,0,0,0,4,5,0,0,0,58,1,4,5,0,0,0,0,0,0,-2343.25,8883.33333333333,1099.58333333333,-2925,13071.5541666667,2117.91666666667,0,130,1,7,46,76,0,105,5,0,0,0,0,0,0,1,0,0,1,0,0,0,0,1,2,0,0,1,0,0,0,0,1,0,0,0,0,1,1,6,111,2,0,0,0,4,17,51,0,1,0,0,16,12,37,0,0,0,1,28,0,17,73,6,0,31,54,0,7,0,57,0,4,0,88,23,0,0,0,2,0,0,9,7,36,19,24,35
"2013-01-23",145,283,0,0,17,17,198,7,1,0,0,0,0,2,6,0,0,0,69,0,4,4,0,0,0,0,0,0,-3482.41666666667,8458.33333333333,718.958333333333,-4341.54166666667,14687.23125,3945.20833333333,0,290,0,16,54,75,0,115,4,0,0,0,0,0,0,0,3,1,3,0,0,0,0,0,1,1,2,0,1,0,0,0,1,0,0,0,0,0,1,13,119,1,1,0,0,6,25,47,1,0,0,0,24,17,51,0,0,0,0,16,0,9,89,7,0,26,62,0,1,1,64,2,4,0,112,8,0,0,0,0,0,0,13,10,34,27,20,41
"2013-01-24",125,243,0,0,11,11,168,4,3,1,0,0,0,3,5,0,0,0,59,0,2,2,0,0,0,0,0,0,-2573.4375,7375,828.125,-3311.97916666667,12677.96875,2937.5,0,375,0,8,52,65,0,103,3,0,0,0,0,0,0,0,0,1,2,1,0,1,0,0,0,2,1,0,1,0,0,0,0,0,0,0,0,0,0,9,106,0,1,0,0,5,20,31,0,0,0,0,29,9,45,0,0,0,0,15,0,7,67,8,0,36,53,0,3,1,52,1,2,0,85,19,0,0,0,0,1,0,16,16,30,20,14,29
"2013-01-25",135,263,0,0,33,33,204,7,1,4,1,0,0,3,7,0,0,0,36,0,11,11,0,0,0,0,1,1,-2350.6875,8550,860.625,-3075.75,13719.31875,3532.5,0,540,0,28,47,60,0,108,11,1,0,0,0,0,0,0,2,1,0,0,0,1,0,0,0,1,1,0,0,0,0,0,1,0,0,1,0,0,1,7,120,2,1,0,0,4,20,52,0,0,0,0,38,12,50,0,0,0,0,7,1,13,80,8,0,31,68,0,2,0,53,0,5,0,100,18,0,0,0,0,0,2,13,11,44,27,14,26
"2013-01-26",88,173,0,0,16,16,124,0,1,1,0,0,0,7,5,0,0,0,35,0,2,2,0,0,0,0,0,0,-1255.83333333333,5507.33333333333,528,-1754.5,8919.16666666667,2555.66666666667,88,440,0,13,39,36,0,71,2,0,0,0,0,0,2,1,2,1,0,0,0,1,0,0,0,1,1,0,1,0,0,0,0,0,0,0,0,1,0,7,76,1,1,0,0,2,7,35,1,0,0,0,36,5,21,0,0,0,0,4,0,10,36,2,1,40,41,0,2,1,37,1,1,0,68,11,0,0,0,0,0,0,8,9,22,9,11,29
"2013-01-27",95,186,1,1,17,19,131,1,1,2,0,0,0,7,2,0,0,0,42,1,3,4,0,0,0,0,0,0,-1284.47916666667,5648.54166666667,629.375,-1887.72916666667,9712.04791666667,2699.58333333333,95,570,1,12,36,45,1,80,4,0,0,0,0,0,0,0,1,0,0,1,1,0,0,0,0,0,0,0,1,0,0,0,2,0,0,0,0,0,0,6,84,0,0,0,0,2,17,29,0,0,0,0,50,6,16,0,0,0,1,6,0,7,52,3,1,33,38,0,1,0,47,0,2,0,78,1,0,1,0,3,2,0,9,9,26,16,11,24
"2013-01-28",106,209,0,0,22,22,139,4,1,3,0,0,0,6,5,0,0,0,51,0,2,2,0,0,0,0,0,0,-996.841666666667,8117.83333333333,817.083333333333,-1366.95833333333,10753.3908333333,1253.5652173913,0,0,0,17,32,57,0,90,2,0,0,0,0,0,0,0,3,0,1,1,0,1,0,0,0,0,0,0,1,0,0,0,1,0,0,0,0,1,0,8,92,1,1,0,1,2,8,43,0,0,0,0,14,3,12,1,0,0,3,31,2,19,49,9,0,24,53,0,2,0,41,0,2,0,27,23,1,0,0,28,1,1,12,10,23,19,14,28
"2013-01-29",86,165,0,0,15,15,115,5,1,3,0,0,0,1,2,0,0,0,38,0,3,3,0,0,0,0,0,0,-519.225,6464.33333333333,553.391304347826,-837.425,8677.32833333333,1013.30434782609,0,86,0,15,22,49,0,68,3,0,0,0,0,0,0,1,2,0,1,0,1,0,0,0,0,0,0,0,1,0,0,0,0,0,0,0,0,0,2,5,72,2,0,0,0,3,13,33,0,1,0,0,12,1,7,0,0,0,10,21,0,22,44,3,1,28,37,0,2,0,43,1,2,4,28,28,7,0,0,3,0,0,12,5,19,12,14,24
"2013-01-30",103,198,0,0,10,10,129,9,1,1,1,0,0,5,3,0,0,1,48,0,3,3,0,0,0,0,1,1,609.416666666667,9497.45833333333,828.291666666667,487.9625,10181.035,2085.75,0,206,0,9,42,52,0,80,4,1,0,0,0,0,0,0,0,0,0,0,0,0,1,1,0,1,0,0,0,0,0,0,4,0,0,0,0,0,1,7,85,1,1,0,0,6,10,30,0,0,0,0,3,1,11,0,0,0,2,5,1,64,48,9,1,28,46,0,6,1,37,0,6,3,26,33,21,1,0,1,0,0,12,8,33,16,14,20
"2013-01-31",119,223,0,0,9,9,156,9,0,4,0,0,0,1,4,0,0,0,49,0,4,4,0,0,0,0,0,0,111.066666666667,9019.20833333333,1145.375,-358.4875,11624.5645833333,2618,0,357,0,9,40,70,0,89,7,0,0,0,0,0,0,3,1,0,0,1,0,0,0,0,0,0,0,0,2,1,1,0,2,0,0,0,0,0,3,8,99,3,1,0,0,4,5,45,3,0,0,1,32,3,16,0,0,0,0,3,0,43,62,9,1,31,66,0,5,0,33,0,3,1,25,31,13,0,0,6,4,18,12,10,37,24,13,23
"2013-02-01",108,214,0,2,22,24,149,8,1,4,0,0,0,6,2,0,0,1,43,0,5,5,0,0,0,0,0,0,-1416.15,6615,648,-2055.6,10812.87,2893.5,0,432,0,14,41,51,2,88,3,0,0,0,0,0,0,0,2,1,1,0,0,0,0,1,0,0,0,0,1,0,0,0,1,0,0,0,0,0,1,7,91,1,0,0,0,0,13,46,0,0,0,0,70,1,4,0,0,0,1,7,0,9,68,5,0,24,48,0,2,1,46,1,2,0,78,10,1,1,0,3,0,0,14,8,25,18,16,27
"2013-02-02",89,180,0,0,16,16,133,1,0,0,0,0,0,2,1,0,0,0,43,0,3,3,0,0,0,0,0,0,-1297.54583333333,6715.79166666667,585.916666666667,-1606.07916666667,8995.08166666667,1253.41666666667,89,445,0,12,33,44,0,79,3,0,0,0,0,0,0,0,1,0,0,0,0,0,0,0,0,0,0,0,1,0,0,0,1,0,0,0,0,0,0,3,82,0,4,0,0,1,16,26,0,0,0,0,31,0,4,0,0,0,3,26,0,15,37,9,1,35,42,0,3,0,42,0,0,0,40,20,0,0,0,18,0,0,6,9,25,13,14,22