"Date","NB_Accidents","NB_VEH_IMPLIQUES_ACCDN","NB_MORTS","NB_BLESSES_GRAVES","NB_BLESSES_LEGERS","NB_VICTIMES_TOTAL","nb_automobile_camion_leger","nb_camionLourd_tractRoutier","nb_outil_equipement","nb_tous_autobus_minibus","nb_bicyclette","nb_cyclomoteur","nb_motocyclette","nb_taxi","nb_urgence","nb_motoneige","nb_VHR","nb_autres_types","nb_veh_non_precise","NB_DECES_PIETON","NB_BLESSES_PIETON","NB_VICTIMES_PIETON","NB_DECES_MOTO","NB_BLESSES_MOTO","NB_VICTIMES_MOTO","NB_DECES_VELO","NB_BLESSES_VELO","NB_VICTIMES_VELO","Temp","Rel.Hum","Wind.Spd","Dew.Point.Temp","Stn_Press","Wind.Dir","weekdays","days","SeverityDeadly","SeverityLight Injury","SeverityMaterial High","SeverityMaterial Low","SeveritySevere Injury","as.factor(Accident_Type)31","as.factor(Accident_Type)32","as.factor(Accident_Type)33","as.factor(Accident_Type)34","as.factor(Accident_Type)35","as.factor(Accident_Type)36","as.factor(Accident_Type)37","as.factor(Accident_Type)38","as.factor(Accident_Type)39","as.factor(Accident_Type)40","as.factor(Accident_Type)41","as.factor(Accident_Type)42","as.factor(Accident_Type)43","as.factor(Accident_Type)44","as.factor(Accident_Type)45","as.factor(Accident_Type)46","as.factor(Accident_Type)47","as.factor(Accident_Type)48","as.factor(Accident_Type)49","as.factor(Accident_Type)50","as.factor(Accident_Type)51","as.factor(Accident_Type)52","as.factor(Accident_Type)53","as.factor(Accident_Type)54","as.factor(Accident_Type)55","as.factor(Accident_Type)59","as.factor(Accident_Type)71","as.factor(Accident_Type)72","as.factor(Accident_Type)73","as.factor(Accident_Type)74","as.factor(Accident_Type)75","as.factor(Accident_Type)99","Accident_CategoryFixed Object","Accident_CategoryMoving Object","Accident_CategoryNo Collision","Auth_Speed10","Auth_Speed100","Auth_Speed20","Auth_Speed30","Auth_Speed40","Auth_Speed50","Auth_Speed60","Auth_Speed70","Auth_Speed80","Auth_Speed90","Surface_CondDry","Surface_CondHard snow","Surface_CondIce","Surface_CondMud","Surface_CondOil","Surface_CondSand or gravel","Surface_CondSlush","Surface_CondSnow","Surface_CondWater accumulation","Surface_CondWet","IlluminationDay and clear","IlluminationDay and semi-dark","IlluminationNight and dark","IlluminationNight and lighted","EnvironmentCommercial","EnvironmentForest","EnvironmentIndustrial","EnvironmentPark","EnvironmentResidential","EnvironmentRural","EnvironmentSchool area","WeatherBlack Ice","WeatherClear Sky","WeatherCloudy","WeatherDrizzle","WeatherFoggy","WeatherHeavy Rain","WeatherSnow","WeatherSnowstorms","WeatherStrong Wind","cluster_id_0","cluster_id_1","cluster_id_2","cluster_id_3","cluster_id_4","cluster_id_5"
"2013-05-03",94,189,0,1,20,21,129,4,1,4,8,0,2,4,2,0,0,1,34,0,5,5,0,2,2,0,4,4,1514.18333333333,4351.41666666667,634.5,309.416666666667,9591.6425,842.083333333333,0,376,0,14,29,50,1,68,4,8,0,0,0,0,1,0,0,0,1,0,0,0,0,0,0,1,0,0,0,0,0,0,0,0,1,0,0,0,2,2,81,3,2,0,0,0,11,28,0,0,0,0,85,0,0,0,0,0,0,0,0,0,67,2,0,17,47,0,4,1,32,0,0,0,84,1,0,0,0,0,0,0,7,8,26,16,14,23
"2013-05-04",79,159,0,1,22,23,105,4,0,1,6,2,1,1,1,0,0,0,38,0,6,6,0,1,1,0,6,6,1403.2375,3387.125,434.5,300.2,8025.8075,1520.75,79,395,0,19,19,40,1,58,5,6,0,0,0,0,0,0,2,0,0,0,0,0,0,0,0,0,0,0,1,0,0,0,0,0,1,0,0,0,0,3,69,1,0,0,0,3,12,25,0,1,0,0,72,0,0,0,0,0,0,0,0,0,49,1,0,17,38,0,0,0,39,0,0,0,68,1,0,0,0,0,0,0,4,4,35,8,8,20
"2013-05-05",74,144,0,1,15,16,98,2,0,2,3,1,2,2,2,0,0,1,31,0,3,3,0,2,2,0,1,1,1494.49166666667,2525.25,366.916666666667,218.3,7488.95416666667,1483.08333333333,74,444,0,14,24,35,1,57,4,3,0,0,0,0,1,0,0,0,0,0,0,0,0,0,0,1,0,0,1,0,0,0,0,1,1,0,0,0,0,2,65,2,2,0,1,3,14,25,0,0,0,0,67,0,0,0,0,0,0,0,0,0,40,3,0,24,34,0,0,1,33,0,0,0,62,3,0,0,0,0,0,0,8,10,17,17,9,13
"2013-05-06",100,191,1,0,21,22,118,9,0,2,8,3,0,3,3,0,0,1,44,0,3,3,0,0,0,1,5,6,2074.58333333333,2816.66666666667,637.5,107.083333333333,10099.5,2095.83333333333,0,0,1,18,31,50,0,74,4,8,0,0,0,0,0,0,1,0,1,0,0,0,0,1,0,1,0,0,0,0,0,0,1,0,0,0,0,0,3,5,86,3,3,0,0,2,12,36,0,0,0,1,90,0,0,0,0,0,0,0,0,0,74,2,0,14,46,0,2,2,43,0,1,0,88,0,0,0,0,0,0,0,9,14,27,19,12,19
"2013-05-07",107,205,0,0,33,33,143,12,0,3,8,1,2,4,2,0,0,2,28,0,11,11,0,2,2,0,6,6,2267.0625,3076.25,628.625,177.441666666667,10794.2491666667,2389.66666666667,0,107,0,29,30,48,0,70,12,8,0,0,0,0,1,0,0,1,0,0,0,0,0,0,0,1,0,0,1,0,0,0,1,1,0,0,0,0,3,4,91,4,1,0,0,2,17,39,3,0,0,0,100,0,0,0,0,0,0,0,1,0,90,1,1,8,47,0,5,2,43,0,3,0,99,1,0,0,0,0,0,0,6,8,23,20,22,28
"2013-05-08",90,178,0,4,23,27,127,6,0,1,5,2,8,2,1,0,0,1,25,0,4,4,0,5,5,0,4,4,1963.875,4008.75,652.5,757.875,9078.8625,1674.78260869565,0,180,0,20,18,49,3,67,5,5,0,0,0,0,0,0,1,1,0,0,0,0,1,0,0,0,0,0,0,0,0,0,0,1,1,0,0,0,0,3,77,2,0,0,0,5,16,29,1,0,0,0,82,0,0,0,0,0,0,0,0,0,69,3,0,11,37,0,4,0,38,0,2,0,77,3,0,0,0,0,0,0,17,4,24,14,9,22
"2013-05-09",104,204,1,3,24,28,134,11,0,6,6,1,3,6,3,0,0,0,34,0,2,2,0,0,0,0,4,4,2049.23333333333,7093.66666666667,606.666666666667,1359.36666666667,10436.5733333333,1729,0,312,1,16,37,49,1,80,3,6,0,0,0,0,0,0,1,0,0,2,0,0,0,0,0,3,0,0,0,0,0,0,2,0,0,0,0,0,3,8,89,3,1,0,1,3,14,41,0,0,0,0,83,0,0,0,0,0,0,0,0,7,74,3,0,15,44,0,2,0,48,0,6,0,78,13,1,0,0,0,0,0,11,9,32,25,8,19
"2013-05-10",101,200,0,2,16,18,140,6,2,2,5,1,0,1,2,0,0,1,40,0,2,2,0,0,0,0,4,4,1605.05833333333,5698.08333333333,1010,695.216666666667,10145.6183333333,425.041666666667,0,404,0,14,39,46,2,79,2,5,0,0,0,0,0,0,1,0,1,1,0,0,0,0,0,0,0,0,0,0,0,0,1,0,1,0,1,0,1,4,86,3,3,0,0,1,17,39,0,0,0,0,79,0,0,0,0,0,0,1,0,7,63,2,1,18,37,0,5,0,51,0,2,0,65,17,4,0,0,1,0,0,9,5,26,22,13,26
"2013-05-11",77,153,0,1,14,15,114,3,1,2,2,0,0,4,0,0,0,0,27,0,5,5,0,0,0,0,1,1,1017.68333333333,6747.125,487.666666666667,861.4375,7663.6175,1421.29166666667,77,385,0,13,32,31,1,61,5,2,0,0,0,1,0,2,0,2,0,0,0,0,0,0,0,0,0,0,1,0,0,0,0,0,0,0,0,0,0,3,71,0,1,0,0,2,14,27,0,0,0,0,39,0,0,0,0,0,0,0,0,29,45,3,0,23,37,0,3,0,34,1,0,0,26,29,15,0,0,0,0,0,8,3,24,17,12,13
"2013-05-12",67,141,0,0,12,12,109,1,0,1,2,0,0,1,3,0,0,0,24,0,0,0,0,0,0,0,0,0,701.545833333333,4299.16666666667,566.708333333333,229.754166666667,6666.89083333333,1451.66666666667,67,402,0,8,26,33,0,52,0,2,0,0,0,0,0,0,1,0,0,0,0,0,0,0,0,1,0,0,0,0,0,0,2,0,0,0,0,0,1,4,54,1,0,0,0,2,9,30,0,0,0,1,52,0,0,0,0,0,0,0,0,10,33,6,1,24,30,0,1,0,30,0,2,0,38,17,5,0,0,0,0,0,6,4,19,7,7,24
"2013-05-13",73,141,1,1,12,14,101,6,0,0,2,0,1,0,3,0,0,0,28,0,3,3,0,0,0,0,2,2,448.0375,4522.95833333333,553.583333333333,-60.8333333333333,7311.89291666667,1563.41666666667,0,0,1,9,25,37,1,59,4,2,0,0,0,0,0,0,1,1,0,0,0,0,0,0,0,1,0,0,0,0,0,0,0,0,0,0,0,0,0,3,65,0,1,0,0,4,8,23,0,0,0,0,59,0,0,0,0,0,0,0,0,9,51,2,0,14,26,0,3,1,33,0,3,0,44,15,6,0,0,1,0,0,7,4,25,12,10,15
"2013-05-14",80,156,0,0,20,20,113,7,0,1,1,1,0,2,3,0,0,0,28,0,5,5,0,0,0,0,1,1,701.333333333333,3563.33333333333,433.333333333333,-267.666666666667,8066.86666666667,2180,0,80,0,16,25,39,0,64,5,1,0,0,0,0,0,0,0,0,0,0,0,0,0,0,0,1,0,0,0,0,0,0,2,0,0,0,0,0,0,3,70,0,2,0,0,0,10,35,0,0,0,0,69,0,0,0,0,0,0,0,0,0,57,1,0,11,39,0,0,1,33,0,1,0,66,1,0,0,0,0,0,0,9,13,16,18,8,16
"2013-05-15",95,185,0,0,21,21,130,11,1,3,2,0,0,6,5,0,0,0,27,0,5,5,0,0,0,0,1,1,1047.77083333333,5886.04166666667,688.75,322.604166666667,9486.77916666667,1931.66666666667,0,190,0,18,28,49,0,74,6,3,0,0,0,0,0,0,0,0,1,0,0,0,0,0,0,0,0,0,1,0,0,0,1,0,0,0,0,0,0,3,83,0,2,0,0,2,14,31,1,0,0,1,60,0,0,0,0,0,0,0,0,23,69,4,0,11,51,0,4,0,29,1,2,0,54,18,14,0,0,0,0,0,13,8,23,15,9,27
"2013-05-16",90,178,0,1,14,15,121,12,0,2,7,0,0,2,3,0,0,1,30,0,2,2,0,0,0,0,4,4,1132.125,5842.5,723.75,541.875,8966.5125,1882.5,0,270,0,11,27,51,1,68,3,7,0,1,0,0,0,0,0,0,1,0,0,0,0,0,0,0,0,0,0,0,0,0,1,0,0,0,0,0,2,2,79,2,1,0,0,1,9,39,0,0,0,0,79,0,0,0,0,1,0,0,0,1,64,2,0,13,52,0,4,0,28,0,0,0,57,21,1,0,0,0,0,0,9,4,20,18,14,25
"2013-05-17",108,216,0,2,22,24,157,9,0,5,3,2,1,1,1,0,0,1,36,0,1,1,0,0,0,0,1,1,1417.5,6408,675,543.15,10906.965,2268,0,432,0,12,34,60,2,85,1,2,0,0,0,0,0,0,0,0,3,0,1,0,0,0,0,2,1,0,0,0,0,0,2,0,0,0,0,1,0,9,88,1,1,0,0,3,16,42,3,0,0,0,90,0,0,0,0,0,0,0,0,2,73,4,0,16,49,0,6,0,46,0,1,0,83,5,2,0,0,0,0,0,13,3,40,16,13,23
"2013-05-18",86,169,0,0,17,17,125,3,0,1,5,0,1,4,0,0,0,1,29,0,2,2,0,0,0,0,5,5,1434.05,3855.66666666667,344,308.166666666667,8729.82416666667,1548,86,430,0,14,29,43,0,67,3,5,0,0,0,1,1,0,0,0,1,0,0,0,0,0,0,1,0,0,1,0,0,0,1,0,0,0,0,0,1,4,77,1,1,0,0,1,12,26,0,0,0,0,75,0,0,0,0,0,0,0,0,1,55,1,0,21,31,0,2,0,47,0,0,0,75,1,1,0,0,0,0,0,12,4,24,15,9,22
"2013-05-19",48,99,0,0,9,9,73,4,0,0,1,1,0,2,4,0,0,0,14,0,0,0,0,0,0,0,1,1,705.2,3382,308,430.4,4863.1,768,48,288,0,9,17,22,0,40,0,1,0,0,0,0,0,0,0,0,0,0,0,0,0,0,0,0,0,0,0,0,1,0,1,0,0,0,0,0,1,2,41,1,0,0,0,0,7,16,0,0,0,0,38,0,0,0,0,0,0,0,0,6,29,1,0,13,21,0,1,1,22,0,0,0,23,14,6,0,0,0,0,0,5,3,15,9,2,14
"2013-05-20",53,100,0,0,11,11,73,3,0,2,3,0,2,0,1,0,0,0,16,0,0,0,0,1,1,0,2,2,933.683333333333,4092.04166666667,256.166666666667,705.341666666667,5332.90416666667,1071.04166666667,0,0,0,9,16,28,0,38,0,3,0,0,0,0,1,0,2,2,1,1,0,0,0,0,0,0,1,0,0,0,0,0,0,0,0,0,0,0,0,7,42,0,0,0,0,0,9,17,0,1,0,1,33,0,0,0,0,0,0,0,1,12,26,2,2,17,21,0,2,0,25,0,0,0,25,12,6,0,1,0,0,0,6,6,13,6,9,13
"2013-05-21",87,169,0,1,15,16,119,11,0,3,3,0,0,0,4,0,0,0,29,0,2,2,0,0,0,0,3,3,1359.375,6735.25,699.625,1003.7625,8736.4675,942.5,0,87,0,12,31,43,1,70,2,3,0,0,0,0,1,0,0,0,2,0,0,0,0,1,0,1,0,0,0,0,0,0,0,0,1,0,0,0,1,4,76,2,2,0,0,2,15,36,2,0,0,0,50,0,0,0,0,0,0,0,0,31,66,4,0,10,43,0,3,0,37,0,1,0,32,30,19,0,0,0,0,0,10,7,28,13,9,20
"2013-05-22",77,156,0,3,19,22,114,6,0,1,1,3,0,4,0,0,0,0,27,0,3,3,0,0,0,0,1,1,1267.6125,6583.5,426.708333333333,1072.225,7696.3425,981.75,0,154,0,14,23,37,3,69,1,1,0,0,0,0,0,0,0,0,0,0,0,0,0,0,0,0,0,0,0,0,0,0,0,0,0,0,0,0,1,0,71,1,0,0,0,1,11,38,0,0,0,0,59,0,0,0,0,0,0,0,0,7,58,1,0,9,42,0,3,0,25,0,2,0,42,18,5,0,0,0,0,0,5,3,23,12,10,24
"2013-05-23",77,161,0,1,17,18,113,7,1,5,3,2,0,4,2,0,0,3,21,0,4,4,0,0,0,0,3,3,1484.81666666667,6605.95833333333,580.708333333333,1293.92083333333,7673.2425,1241.625,0,231,0,15,24,37,1,60,4,3,0,0,0,0,0,2,0,0,0,0,0,0,0,0,0,1,0,0,0,0,0,0,2,0,0,0,0,0,1,3,69,1,1,0,1,2,5,34,0,1,0,0,33,0,0,0,0,0,0,0,0,36,50,4,0,15,38,0,2,0,30,0,2,0,25,24,21,0,0,0,0,0,9,4,20,16,8,20
"2013-05-24",90,181,0,0,17,17,131,5,0,4,5,2,0,3,2,0,0,0,29,0,2,2,0,0,0,0,2,2,813.75,7226.25,1098.75,516,9046.0875,712.5,0,360,0,15,30,45,0,76,2,5,0,0,0,0,0,0,0,0,0,0,0,0,0,0,0,1,1,0,0,0,0,0,1,0,0,0,0,1,1,3,83,2,2,0,0,1,11,33,0,0,0,0,18,0,0,0,0,0,0,0,0,65,59,5,0,17,39,0,3,0,41,0,1,0,4,29,49,2,0,0,0,0,9,5,26,19,10,21
"2013-05-25",73,143,0,1,28,29,116,1,1,1,2,1,0,1,0,0,0,0,20,0,1,1,0,0,0,0,2,2,573.05,5621,909.458333333333,292,7366.94708333333,285.916666666667,73,365,0,23,18,31,1,55,3,2,0,0,0,0,0,0,3,1,1,0,0,0,0,0,0,1,0,0,0,0,0,0,0,0,0,0,0,0,0,6,60,0,0,0,0,1,15,28,0,0,0,0,4,0,0,0,0,0,0,0,0,66,37,5,0,26,28,0,0,0,38,1,2,0,5,8,54,1,1,0,0,0,4,3,21,12,9,24
"2013-05-26",50,101,0,0,10,10,72,1,0,0,3,0,0,1,2,0,0,0,22,0,2,2,0,0,0,0,3,3,409.583333333333,3954.16666666667,591.666666666667,232.291666666667,5033.95833333333,416.666666666667,50,300,0,10,11,29,0,42,2,3,0,0,0,0,0,0,0,0,0,1,0,0,0,0,0,0,0,0,1,0,0,0,0,0,0,0,0,0,0,2,47,0,1,0,0,2,6,17,0,0,0,0,18,1,0,0,0,0,0,0,0,25,25,4,0,17,26,0,1,0,20,0,0,0,13,8,22,0,1,0,0,0,6,8,14,9,3,10
"2013-05-27",77,150,0,0,18,18,97,6,0,2,7,1,1,4,2,0,0,0,30,0,2,2,0,1,1,0,3,3,1098.85416666667,3163.41666666667,590.333333333333,28.2333333333333,7778.925,2133.54166666667,0,0,0,15,24,38,0,59,2,7,0,0,0,0,0,0,1,1,0,0,0,0,0,0,0,1,0,0,1,0,0,0,0,0,0,0,0,0,3,4,68,3,2,0,0,7,7,25,1,0,0,0,67,0,0,0,0,0,0,0,0,2,58,0,0,12,41,0,1,2,25,0,2,0,64,1,1,0,0,0,0,0,6,3,23,21,9,15
"2013-05-28",107,210,0,1,25,26,148,11,2,1,6,2,1,4,1,0,0,0,34,0,5,5,0,1,1,0,6,6,1841.29166666667,4703.54166666667,659.833333333333,461.883333333333,10823.71875,2153.95652173913,0,107,0,23,30,53,1,80,6,6,0,0,0,0,1,1,0,0,0,0,0,0,0,0,0,0,1,0,1,0,0,0,0,0,0,0,0,0,2,2,94,2,0,0,0,4,12,46,1,0,0,0,98,0,0,0,1,0,0,0,0,1,86,2,0,11,54,0,5,3,38,0,2,0,97,0,1,0,0,0,0,0,10,13,37,18,10,19
"2013-05-29",95,188,0,2,13,15,119,8,1,3,3,1,2,7,1,0,0,0,43,0,4,4,0,2,2,0,3,3,1596.79166666667,7972.08333333333,538.333333333333,1319.3125,9548.05416666666,1982.60869565217,0,190,0,13,25,55,2,74,4,3,0,0,0,0,0,0,1,0,2,0,0,0,0,0,0,0,0,0,1,0,0,0,2,0,1,0,0,0,1,6,81,2,1,0,0,1,10,37,1,0,0,0,27,0,0,0,0,0,0,0,1,52,62,10,0,12,47,0,4,0,36,0,2,0,18,19,44,1,2,0,0,0,9,1,25,19,9,32
"2013-05-30",112,214,1,0,19,20,148,8,0,4,4,3,4,3,2,0,0,0,38,0,2,2,0,1,1,1,2,3,2488.26666666667,7975.33333333333,639.333333333333,1837.26666666667,11277.2333333333,2636.66666666667,0,336,1,17,39,55,0,77,4,4,0,0,0,0,1,1,2,2,1,1,0,0,0,0,0,1,0,0,3,0,0,0,2,0,0,0,0,0,3,12,87,3,0,0,0,3,18,38,0,0,0,0,95,1,0,0,0,0,0,0,0,6,83,3,0,16,50,0,6,0,48,0,2,0,94,4,2,1,0,0,0,0,13,8,29,26,10,26
"2013-05-31",121,231,0,1,35,36,159,13,0,3,10,0,4,1,2,0,0,0,39,0,5,5,0,4,4,0,8,8,3144.4875,7118.83333333333,847,2048.42916666667,12157.86,2561.16666666667,0,484,0,29,35,56,1,92,6,9,0,0,0,0,0,1,2,1,0,0,0,0,0,0,0,2,0,0,0,0,0,0,0,0,0,0,0,0,1,5,108,1,0,0,0,4,13,45,0,0,0,0,106,0,0,1,0,0,0,0,0,2,88,3,0,17,60,0,4,1,47,0,2,0,104,4,2,0,0,0,0,0,16,10,30,24,13,28
"2013-06-01",96,181,0,1,14,15,125,3,0,1,1,1,1,2,2,0,0,0,45,0,5,5,0,0,0,0,1,1,2374.4,6424,608,1719.2,9608.52,2096,96,480,0,12,26,57,1,70,5,1,0,0,0,0,0,1,1,1,1,3,1,0,0,0,0,0,0,0,0,0,0,0,2,0,0,0,0,0,0,9,77,0,2,0,0,3,17,26,0,1,0,0,56,0,0,0,0,0,0,0,3,14,46,5,0,27,41,0,1,0,47,0,1,0,55,5,5,0,10,0,0,0,5,5,29,25,9,23
"2013-06-02",62,128,0,0,18,18,92,4,0,1,2,1,1,1,0,0,0,0,26,0,2,2,0,0,0,0,2,2,1377.69166666667,4823.08333333333,392.666666666667,1113.93333333333,6174.6575,1364,62,372,0,12,17,33,0,47,1,2,0,0,0,2,1,0,1,0,0,0,0,0,0,0,0,1,0,0,0,0,0,0,2,0,0,0,0,0,0,4,53,0,2,0,0,1,11,16,0,0,0,0,40,0,0,0,0,0,0,0,0,13,34,3,0,16,22,0,1,0,32,0,1,0,32,12,7,0,2,0,0,0,7,3,22,6,9,15
"2013-06-03",89,181,0,0,10,10,121,11,0,1,1,1,0,4,1,0,0,0,41,0,0,0,0,0,0,0,1,1,1422.14583333333,5874,552.541666666667,841.791666666667,8900.445,2080.375,0,0,0,9,29,51,0,81,0,1,0,0,0,0,0,0,0,0,1,0,0,0,0,0,0,1,1,0,0,0,0,0,0,0,0,0,0,0,0,3,82,0,1,0,1,1,15,34,0,0,0,0,79,0,0,1,0,0,0,0,0,2,71,1,0,11,41,0,3,1,39,1,0,0,63,19,0,0,0,0,0,0,4,6,25,20,11,23
"2013-06-04",95,191,0,4,20,24,125,13,2,0,4,1,0,0,4,0,0,0,42,0,0,0,0,0,0,0,4,4,1289.625,5320,653.125,450.458333333333,9555.69375,1670.41666666667,0,95,0,12,31,48,4,78,2,4,0,0,0,0,0,0,1,0,0,0,0,1,0,0,0,0,0,0,0,0,0,0,1,0,0,0,0,0,0,3,84,0,1,0,0,0,14,34,0,0,0,0,84,0,0,0,0,1,0,0,0,1,79,1,0,3,46,0,5,1,36,2,1,0,79,6,0,0,0,0,0,0,10,8,30,12,13,22
"2013-06-05",78,146,0,1,16,17,107,5,0,2,6,0,0,0,2,0,0,0,24,0,4,4,0,0,0,0,4,4,1136.2,3688.75,445.25,242.775,7899.6775,1618.5,0,156,0,13,22,42,1,51,3,6,0,0,0,0,1,0,0,1,1,2,0,0,0,0,0,1,0,1,0,0,0,0,1,0,0,0,0,0,3,7,61,3,2,0,1,0,13,29,0,1,0,0,72,0,0,0,0,0,0,0,0,1,60,1,1,10,34,0,2,2,32,0,1,0,64,7,0,0,0,0,0,0,10,4,26,7,16,15
"2013-06-06",105,200,0,1,19,20,140,12,0,1,5,3,0,3,0,0,0,0,36,0,4,4,0,0,0,0,5,5,1415.75,7131.25,599.375,770.4375,10627.6625,1124.375,0,315,0,18,48,38,1,78,4,5,0,0,0,0,3,0,1,1,1,0,0,0,0,0,0,0,0,0,2,0,0,0,0,1,0,0,0,0,2,5,90,3,1,0,0,6,12,32,1,0,0,0,45,0,0,0,0,0,0,0,1,48,71,3,0,22,39,0,4,2,48,0,4,0,31,23,38,1,0,0,0,0,11,4,27,20,16,27
"2013-06-07",85,173,0,0,18,18,131,6,0,1,2,0,0,1,0,0,0,0,32,0,2,2,0,0,0,0,1,1,1118.8125,7433.95833333333,467.5,941.020833333333,8556.59583333333,1090.83333333333,0,340,0,13,25,47,0,66,2,2,0,0,0,0,0,0,1,0,0,1,0,0,1,0,0,2,0,0,0,1,0,0,0,0,0,0,0,0,0,6,70,0,1,0,0,0,3,35,0,0,0,0,24,0,0,1,0,0,0,0,1,47,50,3,0,19,48,0,1,0,29,0,0,0,20,20,30,0,1,0,0,0,5,8,26,15,9,22
"2013-06-08",72,144,0,0,7,7,109,1,0,0,2,0,0,5,0,0,0,2,25,0,2,2,0,0,0,0,1,1,970.5,6687,405,888.9,7224.54,1119,72,360,0,6,26,40,0,54,2,2,0,0,0,0,1,1,1,0,1,0,1,0,0,0,0,1,0,0,0,0,0,0,2,0,0,0,0,0,0,6,60,0,0,0,0,1,5,31,0,0,0,0,10,0,0,0,0,0,0,0,0,52,33,6,0,23,42,0,2,0,25,0,1,0,5,19,38,0,0,0,0,0,2,11,26,10,9,14
"2013-06-09",68,132,0,0,21,21,97,0,0,1,5,0,0,2,3,0,0,0,24,0,0,0,0,0,0,0,4,4,1261.4,4839.33333333333,416.5,849.716666666667,6863.60833333333,1396.83333333333,68,408,0,13,26,29,0,47,0,4,0,0,0,0,0,0,2,0,3,0,0,0,0,0,0,0,1,0,1,0,0,0,1,1,0,0,0,0,1,8,51,2,1,0,0,1,10,20,0,0,0,0,56,0,0,0,0,0,0,0,0,5,45,2,0,15,29,0,1,1,36,0,0,0,50,8,2,0,0,0,0,0,5,3,26,7,10,17
"2013-06-10",97,197,0,0,36,36,130,12,0,1,5,0,3,3,0,0,0,0,43,0,6,6,0,0,0,0,3,3,1936.76666666667,5832.125,586.041666666667,1099.7375,9797.64666666667,1822.79166666667,0,0,0,21,26,50,0,80,2,5,0,0,0,0,1,0,1,0,1,0,0,0,0,0,0,0,1,0,0,1,0,0,1,0,0,0,1,0,0,5,88,1,0,0,0,6,10,35,0,0,0,0,80,0,0,0,0,0,0,0,0,3,68,2,0,14,55,0,1,1,31,1,0,0,74,7,3,0,0,0,0,0,12,10,23,16,12,24
"2013-06-11",116,223,0,2,31,33,153,11,0,1,6,0,3,4,2,0,0,0,43,0,4,4,0,0,0,0,5,5,1657.83333333333,10614,918.333333333333,1498.81666666667,11586.95,739.5,0,116,0,25,35,54,2,91,6,6,0,0,0,0,1,0,1,1,0,1,0,0,0,0,0,3,0,0,0,0,0,0,0,0,0,0,0,0,0,6,104,0,0,0,0,4,15,48,0,0,0,0,17,0,0,0,0,0,0,0,0,83,68,12,0,20,60,0,3,1,39,1,2,0,17,4,66,0,11,0,0,0,12,10,35,28,10,21
"2013-06-12",102,198,0,1,29,30,133,11,1,4,16,0,0,6,2,0,0,0,25,0,3,3,0,0,0,0,15,15,1706.375,7412,901,1168.325,10201.53,1632,0,204,0,26,39,36,1,72,3,16,0,0,0,0,0,0,0,0,1,0,0,0,0,0,0,0,0,0,2,0,0,0,2,0,0,0,0,0,1,5,91,1,0,0,0,5,8,44,0,0,0,0,77,0,0,0,0,1,0,0,0,15,76,1,0,18,58,0,1,1,38,0,2,0,69,14,10,0,1,1,0,0,7,7,29,21,16,22
"2013-06-13",102,206,0,1,22,23,136,15,0,3,6,2,2,4,1,0,0,1,36,0,2,2,0,1,1,0,5,5,1880.625,6863.75,467.5,1192.125,10182.9575,1517.25,0,306,0,20,34,47,1,83,4,6,0,0,0,0,0,0,0,0,0,1,0,0,0,0,0,1,0,0,0,0,0,0,2,0,0,0,0,0,0,4,93,0,0,0,0,4,15,40,0,0,0,0,91,0,0,0,0,0,0,0,0,2,73,1,0,19,53,0,0,0,41,0,2,0,89,4,0,0,0,0,0,0,12,7,29,16,10,28
"2013-06-14",86,158,0,1,18,19,110,12,1,5,1,1,5,2,1,0,0,0,20,0,4,4,0,4,4,0,1,1,1727.88333333333,4160.25,849.25,667.216666666667,8593.41913043478,1139.5,0,344,0,16,32,37,1,64,4,1,0,0,0,0,2,0,0,0,2,2,0,0,0,1,0,1,0,0,2,0,0,0,2,0,0,0,0,0,2,10,71,2,1,0,0,5,7,27,0,0,0,0,79,0,0,0,0,0,0,0,0,1,64,5,2,11,48,0,4,0,29,0,1,0,75,4,0,0,0,0,0,0,11,8,23,20,12,12
"2013-06-15",64,132,0,0,12,12,100,2,1,1,5,0,0,0,1,0,0,0,22,0,0,0,0,0,0,0,5,5,1246.13333333333,2626.66666666667,490.666666666667,358.933333333333,6420.13333333334,1653.33333333333,64,320,0,11,25,28,0,54,0,5,0,0,0,0,1,0,0,0,0,0,0,0,0,0,0,0,0,0,0,0,0,0,0,0,0,0,0,0,1,0,60,1,1,0,1,3,7,21,0,0,0,0,61,0,0,0,0,0,0,0,0,0,40,1,2,19,25,0,1,2,32,0,2,0,59,1,0,0,0,0,0,0,5,5,14,15,9,16
"2013-06-16",63,119,0,0,11,11,86,1,0,0,2,1,0,2,4,0,0,0,23,0,0,0,0,0,0,0,2,2,963.375,4848.375,401.625,688.275,6298.4775,966,63,378,0,6,31,26,0,50,0,2,0,0,0,0,1,0,0,1,1,0,0,1,0,0,0,1,0,0,1,0,1,0,1,0,0,0,0,0,0,7,53,0,2,0,0,1,11,20,0,0,0,0,16,0,0,0,0,1,0,0,0,39,42,2,1,12,32,0,1,1,29,0,0,0,15,10,30,1,1,0,0,0,7,6,11,17,8,14