"Date","NB_Accidents","NB_VEH_IMPLIQUES_ACCDN","NB_MORTS","NB_BLESSES_GRAVES","NB_BLESSES_LEGERS","NB_VICTIMES_TOTAL","nb_automobile_camion_leger","nb_camionLourd_tractRoutier","nb_outil_equipement","nb_tous_autobus_minibus","nb_bicyclette","nb_cyclomoteur","nb_motocyclette","nb_taxi","nb_urgence","nb_motoneige","nb_VHR","nb_autres_types","nb_veh_non_precise","NB_DECES_PIETON","NB_BLESSES_PIETON","NB_VICTIMES_PIETON","NB_DECES_MOTO","NB_BLESSES_MOTO","NB_VICTIMES_MOTO","NB_DECES_VELO","NB_BLESSES_VELO","NB_VICTIMES_VELO","Temp","Rel.Hum","Wind.Spd","Dew.Point.Temp","Stn_Press","Wind.Dir","weekdays","days","SeverityDeadly","SeverityLight Injury","SeverityMaterial High","SeverityMaterial Low","SeveritySevere Injury","as.factor(Accident_Type)31","as.factor(Accident_Type)32","as.factor(Accident_Type)33","as.factor(Accident_Type)34","as.factor(Accident_Type)35","as.factor(Accident_Type)36","as.factor(Accident_Type)37","as.factor(Accident_Type)38","as.factor(Accident_Type)39","as.factor(Accident_Type)40","as.factor(Accident_Type)41","as.factor(Accident_Type)42","as.factor(Accident_Type)43","as.factor(Accident_Type)44","as.factor(Accident_Type)45","as.factor(Accident_Type)46","as.factor(Accident_Type)47","as.factor(Accident_Type)48","as.factor(Accident_Type)49","as.factor(Accident_Type)50","as.factor(Accident_Type)51","as.factor(Accident_Type)52","as.factor(Accident_Type)53","as.factor(Accident_Type)54","as.factor(Accident_Type)55","as.factor(Accident_Type)59","as.factor(Accident_Type)71","as.factor(Accident_Type)72","as.factor(Accident_Type)73","as.factor(Accident_Type)74","as.factor(Accident_Type)75","as.factor(Accident_Type)99","Accident_CategoryFixed Object","Accident_CategoryMoving Object","Accident_CategoryNo Collision","Auth_Speed10","Auth_Speed100","Auth_Speed20","Auth_Speed30","Auth_Speed40","Auth_Speed50","Auth_Speed60","Auth_Speed70","Auth_Speed80","Auth_Speed90","Surface_CondDry","Surface_CondHard snow","Surface_CondIce","Surface_CondMud","Surface_CondOil","Surface_CondSand or gravel","Surface_CondSlush","Surface_CondSnow","Surface_CondWater accumulation","Surface_CondWet","IlluminationDay and clear","IlluminationDay and semi-dark","IlluminationNight and dark","IlluminationNight and lighted","EnvironmentCommercial","EnvironmentForest","EnvironmentIndustrial","EnvironmentPark","EnvironmentResidential","EnvironmentRural","EnvironmentSchool area","WeatherBlack Ice","WeatherClear Sky","WeatherCloudy","WeatherDrizzle","WeatherFoggy","WeatherHeavy Rain","WeatherSnow","WeatherSnowstorms","WeatherStrong Wind","cluster_id_0","cluster_id_1","cluster_id_2","cluster_id_3","cluster_id_4","cluster_id_5"
"2013-06-17",93,187,0,0,24,24,125,11,0,0,9,0,1,1,1,0,0,1,38,0,1,1,0,1,1,0,8,8,1504.275,7006,515.375,1075.7,9306.2,1980.125,0,0,0,18,31,44,0,72,1,9,0,0,0,0,0,0,0,0,0,0,0,0,0,0,0,2,0,0,1,0,0,0,0,0,0,0,0,0,2,3,82,2,2,0,0,4,9,31,0,1,0,0,76,0,0,0,0,0,0,0,0,5,63,4,0,13,47,0,6,0,30,0,3,0,53,24,4,0,0,0,0,0,13,6,24,11,13,26
"2013-06-18",80,157,0,1,26,27,114,5,0,1,8,1,1,0,1,0,0,0,26,0,3,3,0,1,1,0,8,8,1287.66666666667,4380,466.666666666667,511.333333333333,8044.73333333333,2216.66666666667,0,80,0,18,20,41,1,60,3,8,0,0,0,0,1,0,0,1,0,1,0,0,0,0,0,0,0,0,1,0,0,0,2,0,0,0,0,0,1,5,72,1,1,0,0,0,13,24,0,0,0,0,68,0,0,0,0,1,0,0,0,0,58,3,0,8,43,0,0,0,28,0,3,0,58,10,0,0,0,0,0,0,5,5,28,12,12,18
"2013-06-19",78,154,0,4,14,18,110,8,0,2,5,0,0,5,3,0,0,1,20,0,6,6,0,0,0,0,4,4,1231.75,3737.5,516.75,357.175,7880.86,1170,0,156,0,13,22,40,3,54,6,4,0,0,0,0,1,0,2,0,0,0,1,0,0,0,0,0,0,0,0,0,0,0,2,0,0,0,0,0,1,5,65,1,0,0,0,3,10,34,0,0,0,0,69,0,0,0,0,0,0,0,0,0,63,1,0,7,28,0,4,2,36,0,3,0,71,0,0,0,0,0,0,0,6,4,23,17,10,18
"2013-06-20",76,152,0,0,18,18,105,6,0,2,8,2,1,2,3,0,0,0,23,0,2,2,0,1,1,0,6,6,1421.2,3717.66666666667,437,556.066666666667,7703.86666666667,1820.83333333333,0,228,0,15,22,39,0,58,2,8,0,0,0,0,0,1,0,0,0,0,0,0,0,0,0,0,1,0,0,0,0,0,0,0,0,0,0,0,1,1,69,1,0,0,1,3,9,27,1,1,0,0,68,0,0,0,0,0,0,0,0,0,47,1,1,19,44,0,1,1,28,0,0,0,64,4,0,0,0,0,0,0,6,7,28,17,7,11
"2013-06-21",107,216,0,3,19,22,148,7,2,1,9,1,3,8,3,0,0,1,33,0,6,6,0,1,1,0,6,6,2353.10833333333,5416.875,570.666666666667,1188.14583333333,10843.51375,2623.82608695652,0,428,0,16,37,52,2,78,5,8,0,0,0,0,0,0,2,1,0,0,0,0,1,0,0,0,0,0,1,0,0,0,1,0,0,0,0,0,1,6,91,1,1,0,0,0,17,47,0,0,0,0,99,0,0,0,0,0,0,0,0,3,77,2,0,18,47,0,5,0,47,0,4,0,92,6,3,0,0,0,0,0,13,12,31,14,11,26
"2013-06-22",67,134,0,4,9,13,102,3,0,0,1,0,0,6,1,0,0,1,20,0,2,2,0,0,0,0,1,1,1290.5875,5588.91666666667,301.5,1085.95833333333,6779.28333333333,999.416666666667,67,335,0,8,29,29,1,53,2,1,0,0,0,0,0,0,1,0,1,0,0,0,0,0,0,1,0,0,0,0,0,0,1,0,0,0,0,0,0,4,56,0,1,0,0,4,11,24,0,0,0,0,13,0,0,0,0,0,0,0,0,45,33,6,0,16,37,0,1,1,28,0,0,0,13,9,33,0,1,0,0,0,6,7,19,15,9,11
"2013-06-23",65,129,0,1,13,14,92,3,0,3,3,1,0,4,0,0,0,0,23,0,2,2,0,0,0,0,1,1,1382.0625,5506.04166666667,265.416666666667,1203.04166666667,6547.99166666667,1064.375,65,390,0,10,23,31,1,54,2,3,0,0,0,0,0,0,0,0,0,1,0,0,0,0,0,0,1,0,0,0,0,0,0,0,0,0,0,0,1,2,59,1,0,0,0,1,9,29,1,0,0,0,45,0,0,0,0,0,0,0,0,12,32,0,0,27,25,0,0,2,37,0,0,0,35,18,5,0,0,0,0,0,7,4,18,14,6,16
"2013-06-24",61,117,0,0,17,17,83,0,1,1,6,1,2,0,3,0,0,0,20,0,2,2,0,1,1,0,5,5,1445.44583333333,4854.58333333333,401.583333333333,1205.76666666667,6118.78291666667,1265.75,0,0,0,15,20,26,0,44,2,6,0,0,0,0,0,0,0,0,1,1,0,0,0,0,0,0,1,0,0,0,0,0,0,0,1,0,0,0,0,3,52,1,0,0,0,3,9,27,0,1,0,0,29,0,0,0,0,0,0,0,0,23,26,7,0,20,20,0,3,2,29,1,1,0,31,7,11,0,3,0,1,0,8,2,20,4,9,18
"2013-06-25",91,179,0,1,17,18,131,12,0,1,8,1,0,4,0,0,0,0,22,0,3,3,0,0,0,0,7,7,2174.52083333333,7048.70833333333,542.208333333333,1783.6,9092.64416666667,1918.58333333333,0,91,0,17,29,44,1,68,3,8,0,0,0,0,1,0,0,0,2,1,0,0,0,0,0,0,0,0,1,0,0,0,1,0,0,0,0,0,0,5,80,0,0,0,0,4,8,38,2,0,0,0,64,0,0,0,0,0,0,0,0,10,77,1,1,6,45,0,4,2,36,0,3,0,51,24,6,0,1,0,0,0,7,6,23,26,10,19
"2013-06-26",99,196,0,0,26,26,137,9,0,0,8,2,1,2,2,0,0,1,34,0,5,5,0,0,0,0,5,5,1984.95,8340.75,598.125,1711.05,9886.42875,1047.75,0,198,0,19,23,57,0,76,5,8,0,0,0,0,0,0,0,0,0,0,0,0,0,0,0,1,0,0,1,0,0,0,0,0,0,0,0,0,0,2,89,0,3,0,0,6,16,27,0,0,0,0,85,0,0,0,0,0,0,0,0,1,78,0,0,10,50,0,1,1,37,0,5,0,63,27,0,0,0,0,0,0,10,6,24,21,13,25
"2013-06-27",92,181,0,0,16,16,122,9,0,1,6,0,2,2,3,0,0,1,35,0,3,3,0,0,0,0,5,5,1708.13333333333,7517.16666666667,705.333333333333,1404.53333333333,9195.82166666666,429.333333333333,0,276,0,15,31,46,0,65,4,6,0,0,0,0,0,0,0,0,0,0,0,0,0,0,0,2,1,0,1,1,0,0,3,0,0,0,0,0,1,8,75,1,1,0,0,5,10,32,0,0,1,0,76,0,0,0,0,0,0,0,0,7,68,0,0,15,49,0,2,0,34,1,2,0,51,27,3,0,1,0,0,0,4,9,32,17,12,18
"2013-06-28",101,196,0,0,22,22,137,17,0,1,1,0,1,2,4,0,0,1,32,0,8,8,0,0,0,0,1,1,1449.35,9401.41666666666,1022.625,1334.88333333333,10017.7691666667,732.25,0,404,0,20,37,44,0,81,8,1,0,0,0,0,0,0,1,0,0,1,0,0,0,0,0,0,0,0,0,0,0,0,0,0,0,0,0,0,0,2,90,0,3,0,0,4,13,34,0,0,0,0,28,0,0,0,0,0,0,0,0,63,64,6,1,20,56,0,3,0,30,0,3,0,22,18,40,1,8,0,0,0,10,8,34,16,16,17
"2013-06-29",63,125,0,0,19,19,95,2,0,0,1,0,1,3,2,0,0,0,21,0,2,2,0,1,1,0,1,1,1159.4625,5289.375,199.5,980.4375,6250.4925,1443.27272727273,63,315,0,12,16,35,0,48,2,2,0,0,0,0,1,0,0,0,0,0,0,0,0,0,0,0,0,0,1,0,0,0,2,0,0,0,0,0,0,3,53,0,0,0,0,2,7,25,0,0,0,0,46,0,0,0,0,0,0,0,1,8,40,3,1,12,31,0,1,1,26,0,0,0,39,11,6,0,0,0,0,0,6,5,22,14,7,9
"2013-06-30",76,150,0,0,15,15,105,4,0,0,5,0,1,3,2,0,0,1,29,0,5,5,0,1,1,0,5,5,1535.83333333333,5405.5,418,1106.75,7604.845,2020.33333333333,76,456,0,15,30,31,0,54,5,5,0,0,0,0,2,0,0,2,0,0,0,0,0,0,0,2,1,0,0,0,0,0,0,0,0,0,0,0,1,5,66,1,0,0,0,3,11,32,0,0,0,0,65,0,0,0,0,1,0,0,0,3,52,1,0,20,28,0,3,2,40,0,1,0,58,7,3,0,0,0,0,0,6,3,20,12,13,22
"2013-07-01",77,151,0,1,18,19,103,7,0,1,2,2,2,0,3,0,0,1,30,0,2,2,0,2,2,0,1,1,1536.47083333333,4536.58333333333,676.958333333333,868.175,7769.8775,805.291666666667,0,0,0,13,17,46,1,61,1,2,0,0,0,0,0,0,1,0,0,0,0,0,0,0,0,2,0,0,0,0,0,0,2,0,0,0,0,0,2,5,64,2,2,0,0,1,10,26,0,0,0,0,57,0,0,0,0,0,0,0,0,5,50,2,2,13,25,0,1,1,42,0,0,0,47,11,3,0,0,0,0,0,4,6,25,13,8,21
"2013-07-02",98,191,0,0,16,16,118,16,0,2,2,0,5,3,1,0,0,0,44,0,6,6,0,2,2,0,2,2,1768.49166666667,7186.66666666667,922.833333333333,1287.475,9910.3725,604.333333333333,0,98,0,14,27,57,0,79,5,3,0,0,0,0,0,0,0,0,0,0,0,0,0,0,0,0,1,0,2,0,0,0,3,0,0,0,0,0,1,6,87,1,0,0,0,3,13,30,2,0,0,0,78,0,0,0,0,0,0,0,0,6,68,2,0,14,46,0,3,1,40,0,4,0,48,32,3,0,0,0,0,0,9,11,24,18,15,21
"2013-07-03",97,198,1,2,22,25,127,14,0,2,10,2,3,3,3,0,0,0,34,0,2,2,1,0,1,0,8,8,2114.6,7473.04166666667,408.208333333333,1695.47916666667,9808.96333333333,1724.91304347826,0,194,1,18,32,44,2,74,2,8,0,0,0,0,0,0,2,3,1,0,0,0,0,0,0,0,0,0,1,0,0,0,0,0,0,0,0,1,1,7,84,2,0,0,0,1,5,51,0,0,0,0,81,0,0,0,0,0,0,0,0,0,77,0,1,11,52,0,7,1,32,0,0,0,73,8,0,0,0,0,0,0,11,10,26,14,9,27
"2013-07-04",110,225,0,1,26,27,172,9,1,4,4,0,3,1,3,0,0,0,28,0,2,2,0,1,1,0,4,4,2791.70833333333,8300.41666666667,517.916666666667,2264.625,11112.0625,2228.69565217391,0,330,0,20,32,57,1,93,2,4,0,0,0,1,0,0,0,1,0,0,0,0,0,0,0,1,1,0,0,0,0,0,0,0,0,0,0,0,0,3,100,0,1,0,0,3,11,46,2,1,0,0,97,0,0,0,0,0,0,0,0,4,83,3,2,12,52,0,7,0,44,0,1,0,86,10,4,0,0,0,0,0,18,10,29,19,12,22
"2013-07-05",107,214,0,0,30,30,161,5,0,0,10,0,4,1,1,0,0,0,32,0,3,3,0,2,2,0,8,8,2689.7125,7949.20833333333,566.208333333333,2153.375,10793.7141666667,2586.60869565217,0,428,0,26,20,61,0,81,3,10,0,0,0,0,0,0,0,0,0,0,0,0,0,0,0,1,1,0,0,0,0,0,0,0,0,0,0,0,3,2,94,3,3,0,0,6,10,39,0,1,0,0,91,0,0,0,0,0,0,0,0,2,82,1,0,12,61,0,3,4,33,0,1,0,77,17,1,0,0,0,0,0,9,12,32,13,13,28
"2013-07-06",82,165,0,0,14,14,116,2,0,0,1,2,4,3,3,0,0,0,34,0,1,1,0,3,3,0,1,1,2064.69166666667,5719.5,512.5,1551.16666666667,8257.63916666667,1810.83333333333,82,410,0,12,23,47,0,69,1,1,0,0,0,0,0,1,0,1,0,0,0,1,0,0,0,0,0,0,0,0,0,0,0,0,2,0,0,0,0,2,72,2,0,0,0,2,7,32,0,0,0,0,70,0,0,0,0,0,0,0,0,3,47,5,0,22,44,0,0,1,30,0,0,0,68,3,1,0,0,0,0,0,6,2,31,12,6,25
"2013-07-07",59,117,0,3,14,17,89,3,0,0,3,0,0,2,1,0,0,0,19,0,4,4,0,0,0,0,2,2,1368.0625,4432.375,317.125,1087.56666666667,5931.4175,1357,59,354,0,9,21,26,3,45,4,2,0,0,0,0,0,0,1,0,1,0,0,0,0,0,0,1,1,0,0,0,0,0,1,0,0,0,0,0,0,5,51,0,1,0,0,0,10,23,0,0,0,0,43,0,0,0,0,0,0,0,0,10,34,0,0,20,29,0,2,1,26,0,0,0,36,8,8,0,1,0,0,0,9,3,17,11,5,14
"2013-07-08",91,178,0,1,16,17,116,6,0,0,7,1,4,1,1,0,0,0,42,0,1,1,0,4,4,0,3,3,1958.39583333333,5691.29166666667,716.625,1247.07916666667,9166.61958333333,618.041666666667,0,0,0,14,27,49,1,67,2,7,0,0,0,0,0,0,1,0,1,0,0,0,1,0,0,0,0,0,1,0,0,0,3,0,0,0,0,0,1,7,76,1,1,0,1,2,12,43,0,0,0,0,80,0,0,0,0,0,0,0,0,3,69,2,1,12,38,0,5,0,43,0,1,0,77,2,2,0,0,0,0,0,5,5,29,20,13,19
"2013-07-09",77,155,0,0,9,9,100,15,1,1,2,1,1,2,1,0,0,1,30,0,2,2,0,1,1,0,1,1,1889.3875,4482.04166666667,452.375,1199.91666666667,7757.365,1357.125,0,77,0,9,28,40,0,61,2,2,0,0,0,0,0,0,0,1,1,0,1,0,0,0,0,1,0,0,0,0,0,0,2,0,0,0,0,0,0,6,65,0,0,0,0,3,6,30,1,1,0,0,67,0,0,0,0,0,0,0,0,1,60,1,0,10,34,0,6,0,30,0,1,0,65,1,0,0,0,0,0,0,11,7,20,16,6,17
"2013-07-10",88,175,0,2,19,21,120,11,1,2,5,1,0,4,0,0,0,1,30,0,2,2,0,0,0,0,4,4,2176.16666666667,6856.66666666667,616,1810.6,8787.49666666667,1855.33333333333,0,176,0,16,26,44,2,66,2,3,0,0,0,0,0,1,0,0,1,0,0,0,0,0,0,0,0,0,1,0,0,0,0,0,0,0,0,0,4,2,72,4,0,1,0,2,12,36,0,0,0,0,67,0,0,0,0,0,0,0,0,12,61,2,0,12,33,0,6,0,42,0,2,0,56,16,4,0,1,0,0,0,12,4,26,13,15,18
"2013-07-11",88,171,0,1,33,34,112,12,3,2,3,1,1,3,1,0,0,0,33,0,4,4,0,0,0,0,1,1,1961.66666666667,5404.66666666667,649,1248.5,8822.99,1441,0,264,0,22,27,38,1,70,4,2,0,0,0,0,0,0,0,0,1,0,0,0,0,0,0,1,0,0,0,0,0,0,4,0,1,0,0,0,1,6,76,2,1,0,0,2,11,30,2,1,0,1,77,0,0,0,0,0,0,0,0,0,70,2,0,8,45,0,6,0,30,0,3,0,75,2,0,0,0,0,0,0,10,12,19,11,15,21
"2013-07-12",95,184,0,0,21,21,112,15,2,3,9,0,3,4,2,0,0,1,33,0,0,0,0,2,2,0,8,8,1937.60416666667,5236.875,558.125,1014.125,9617.28541666667,1052.91666666667,0,380,0,18,24,53,0,67,0,10,0,0,0,0,0,0,2,0,0,1,0,0,0,0,0,3,0,0,1,0,0,0,2,0,0,0,0,0,3,9,77,3,2,0,0,4,17,29,0,0,0,0,86,0,0,0,0,0,0,0,0,0,70,3,0,12,49,0,4,0,37,0,1,0,85,0,0,0,0,0,0,0,8,6,30,12,14,25
"2013-07-13",53,114,0,0,15,15,84,3,0,0,4,1,2,0,2,0,0,0,18,0,0,0,0,2,2,0,4,4,1235.78333333333,3166.75,304.75,781.529166666667,5381.02375,1024.66666666667,53,265,0,14,23,16,0,47,0,4,0,0,0,0,0,0,0,0,0,0,0,0,0,0,0,0,0,0,0,0,0,0,0,0,0,0,0,0,1,0,51,1,0,0,0,1,4,20,2,0,0,0,47,0,0,0,0,0,0,0,0,1,33,4,0,10,22,0,3,1,26,0,1,0,46,2,1,0,0,0,0,0,7,6,10,7,4,19
"2013-07-14",50,97,0,0,17,17,67,2,0,1,1,0,2,3,0,0,0,0,21,0,0,0,0,2,2,0,1,1,1314.375,3222.91666666667,191.666666666667,940.416666666667,5075.60416666667,1266.66666666667,50,300,0,13,9,28,0,40,0,1,0,0,0,0,1,0,2,0,1,1,0,0,0,0,0,0,0,0,0,0,0,0,0,0,0,0,0,0,1,4,42,1,0,0,0,0,9,17,1,0,0,0,47,0,0,0,0,0,0,0,0,1,29,1,0,17,19,0,2,0,28,1,0,0,47,1,0,0,0,0,0,0,7,2,17,8,10,6
"2013-07-15",110,209,0,1,30,31,148,8,0,5,6,2,3,0,2,0,0,0,35,0,2,2,0,1,1,0,4,4,3066.70833333333,6398.33333333333,637.083333333333,2005.66666666667,11138.2333333333,3006.66666666667,0,0,0,23,36,50,1,81,2,6,0,0,0,0,0,2,0,0,2,1,0,0,0,0,0,2,1,0,1,0,0,0,2,0,1,0,0,0,1,9,91,2,1,0,0,4,10,49,0,0,0,0,95,0,0,0,0,0,0,0,1,1,78,3,1,15,49,1,6,2,42,0,2,0,95,1,0,0,0,0,0,0,11,13,30,19,9,28
"2013-07-16",84,161,0,0,23,23,113,6,0,1,6,1,2,1,2,0,0,2,27,0,3,3,0,1,1,0,5,5,2332.75,4529,472.5,1459.5,8510.425,1557.5,0,84,0,21,26,37,0,62,3,6,0,0,0,0,1,0,0,0,0,0,0,0,0,0,0,2,0,0,0,0,0,0,3,0,0,0,0,0,1,5,72,1,0,0,0,4,18,31,0,0,0,0,79,0,0,0,0,0,0,0,0,1,65,1,0,14,40,0,2,0,35,2,2,0,76,1,1,0,0,0,0,0,8,3,29,14,12,18
"2013-07-17",110,212,0,0,11,11,147,11,1,1,5,0,1,0,4,0,0,0,42,0,1,1,0,1,1,0,3,3,2931.5,7851.25,747.083333333333,2290.75,11094.6916666667,2589.58333333333,0,220,0,9,39,62,0,84,2,5,0,0,0,0,0,0,0,0,0,0,0,0,0,1,0,2,0,0,0,0,0,0,5,0,0,0,0,0,1,8,91,1,2,0,0,1,13,35,0,1,0,0,85,0,0,0,0,1,0,0,1,16,86,3,1,7,66,0,5,2,32,0,0,0,80,10,11,0,0,0,0,0,10,11,23,24,22,20
"2013-07-18",110,220,1,0,17,18,151,10,0,7,2,3,1,5,1,0,0,0,40,0,2,2,0,1,1,1,0,1,2736.70833333333,8570.83333333333,467.5,2271.95833333333,11062.3791666667,2937.91666666667,0,330,1,14,37,58,0,78,2,2,0,0,0,0,1,0,2,0,1,0,0,0,0,0,0,0,2,0,0,0,0,0,2,0,0,0,0,0,2,7,83,2,2,0,0,4,12,34,0,1,0,0,83,0,0,0,0,0,0,0,0,11,78,2,1,15,53,0,3,3,46,0,1,0,75,14,4,0,0,0,0,0,5,11,32,19,17,26
"2013-07-19",100,199,0,0,13,13,143,6,2,0,4,1,0,3,0,0,0,1,39,0,2,2,0,0,0,0,2,2,2461.66666666667,8091.66666666667,791.666666666667,2088.75,9961.16666666667,1904.16666666667,0,400,0,12,41,47,0,76,2,4,0,0,0,0,1,2,0,1,1,1,0,0,0,0,0,0,0,0,2,0,0,0,1,0,0,0,0,0,1,6,85,1,0,0,0,1,20,29,2,0,0,0,47,1,0,0,0,0,0,0,1,35,64,13,0,10,45,0,7,1,38,0,0,1,41,16,13,0,11,0,1,3,11,8,25,10,21,25
"2013-07-20",67,131,0,0,11,11,85,2,0,1,5,0,1,0,3,0,0,0,34,0,1,1,0,0,0,0,1,1,1565.00833333333,4561.58333333333,516.458333333333,1108.0125,6670.15708333333,1186.45833333333,67,335,0,8,23,36,0,49,1,5,0,0,0,0,0,0,1,0,1,0,0,0,0,0,0,1,0,1,0,0,0,0,1,0,0,0,0,0,1,5,55,1,0,0,0,5,12,19,1,0,0,1,46,0,0,0,0,0,0,0,0,5,37,2,1,14,19,0,4,1,38,1,0,0,43,8,2,0,0,0,0,0,5,5,17,13,7,20
"2013-07-21",54,109,0,4,15,19,83,0,0,0,3,1,2,1,2,0,0,0,17,0,4,4,0,0,0,0,2,2,963.675,2740.5,416.25,393.075,5437.1475,875.25,54,324,0,11,15,27,1,38,3,3,0,0,0,0,0,0,0,0,0,0,0,0,0,0,0,1,0,0,0,0,0,0,0,0,0,0,0,0,1,1,44,1,0,0,0,2,4,29,0,0,0,0,50,0,0,0,0,0,0,0,0,0,27,2,1,18,18,0,1,3,31,0,0,0,49,1,0,0,0,0,0,0,6,3,13,11,6,15
"2013-07-22",76,148,0,1,11,12,98,8,0,1,6,0,2,0,0,0,0,0,33,0,2,2,0,1,1,0,2,2,1519.36666666667,4316.16666666667,357.833333333333,803.383333333333,7642.24333333333,1672,0,0,0,9,27,39,1,50,2,6,0,0,0,0,0,0,0,0,0,1,0,0,0,0,0,1,1,0,0,0,0,0,1,0,0,1,0,0,3,4,58,4,0,0,0,3,9,23,0,1,0,0,64,0,0,0,0,0,0,0,0,0,49,2,0,13,39,0,5,1,22,0,1,0,64,0,0,0,0,0,0,0,9,5,21,11,10,20
"2013-07-23",77,159,0,0,23,23,103,14,0,1,2,2,0,3,5,0,0,0,29,0,3,3,0,0,0,0,2,2,1723.8375,5816.70833333333,372.166666666667,1361.61666666667,7657.52166666667,1556.04166666667,0,77,0,17,24,36,0,63,3,2,0,0,0,0,0,1,0,0,0,1,0,0,0,0,0,1,0,0,0,0,0,0,1,0,0,0,0,0,1,3,69,1,1,0,0,2,6,34,0,0,0,0,62,0,0,0,0,0,0,0,0,8,59,1,0,10,41,0,3,2,22,1,2,0,49,17,3,1,0,0,0,0,7,2,20,15,8,25
"2013-07-24",83,161,0,1,21,22,112,5,0,2,6,1,3,4,3,0,0,0,25,0,3,3,0,3,3,0,5,5,1338.375,5713.16666666667,574.083333333333,851.095833333333,8300.72625,1805.25,0,166,0,19,26,37,1,62,4,6,0,0,0,0,1,0,1,1,0,0,0,0,0,0,0,1,0,0,2,0,0,0,1,0,0,0,0,0,0,6,73,0,0,0,1,2,6,31,0,0,0,0,75,0,0,0,0,0,0,0,0,0,56,1,0,18,36,0,6,1,38,0,0,0,58,17,0,0,0,0,0,0,12,5,22,21,8,15
"2013-07-25",74,150,0,0,18,18,111,8,0,1,3,0,1,2,0,0,0,0,24,0,3,3,0,1,1,0,2,2,1218.53333333333,4119.33333333333,385.416666666667,526.325,7485.25416666667,862.260869565217,0,222,0,15,27,32,0,59,3,2,0,0,0,0,0,0,0,0,0,0,0,0,0,0,0,1,0,0,0,0,0,0,1,0,0,0,0,0,0,2,64,0,1,0,0,2,4,28,1,0,0,0,67,0,0,0,0,0,0,0,0,1,48,0,1,19,27,0,3,0,38,0,1,0,67,0,0,0,0,0,0,0,4,4,15,17,15,19
"2013-07-26",70,139,0,1,17,18,94,4,0,2,7,0,4,3,0,0,0,0,25,0,1,1,0,1,1,0,6,6,1347.5,4340,519.166666666667,799.166666666667,7068.775,895.416666666667,0,280,0,12,22,35,1,51,2,7,0,0,0,0,0,1,0,1,0,1,0,0,0,0,0,0,0,0,0,0,0,0,0,0,0,0,0,0,2,2,61,2,0,0,0,0,11,30,0,0,0,0,62,0,0,0,0,0,0,0,0,0,46,0,1,17,35,0,2,0,29,1,0,0,60,0,0,0,0,1,0,0,9,5,23,12,7,14
"2013-07-27",65,129,0,0,15,15,92,2,0,0,3,0,2,4,3,0,0,0,23,0,0,0,0,1,1,0,3,3,1400.47916666667,3918.95833333333,368.333333333333,843.645833333333,6544.06458333333,915.416666666667,65,325,0,11,20,34,0,51,1,3,0,0,0,0,0,0,0,0,0,0,0,0,0,0,0,2,0,0,1,0,0,0,1,1,0,0,0,1,1,4,55,3,1,0,0,1,7,23,0,0,0,0,59,0,0,0,0,0,0,0,0,0,41,1,0,16,33,0,0,0,27,0,0,0,58,0,0,0,0,0,0,0,6,2,17,11,13,16
"2013-07-28",66,133,0,1,15,16,94,1,0,3,6,0,1,2,0,0,0,0,26,0,2,2,0,0,0,0,5,5,1463.275,4873,371.25,1126.95,6625.7125,1333.75,66,396,0,14,20,31,1,42,2,5,0,1,0,0,0,0,0,0,0,0,0,0,0,0,0,1,1,1,1,0,0,0,1,0,0,0,0,0,0,5,50,0,0,0,1,0,5,21,0,1,0,0,49,0,0,0,0,0,0,0,0,9,34,1,1,22,27,0,3,0,32,0,0,0,43,7,7,0,0,0,0,0,8,4,15,11,10,18
"2013-07-29",79,152,0,1,23,24,95,6,2,0,5,1,3,5,4,0,0,1,30,0,4,4,0,3,3,0,3,3,1565.51666666667,5536.58333333333,325.875,1102.37916666667,7955.16833333333,1849.91666666667,0,0,0,16,20,42,1,53,6,6,0,0,0,0,0,0,0,0,1,0,0,0,0,0,0,1,0,0,0,0,0,0,0,0,0,0,1,0,0,2,65,1,0,0,0,2,7,28,0,0,0,0,68,0,0,0,0,0,0,0,0,8,55,3,0,14,43,0,1,0,31,0,1,0,63,7,3,0,1,0,0,0,11,5,21,12,13,17