"Date","NB_Accidents","NB_VEH_IMPLIQUES_ACCDN","NB_MORTS","NB_BLESSES_GRAVES","NB_BLESSES_LEGERS","NB_VICTIMES_TOTAL","nb_automobile_camion_leger","nb_camionLourd_tractRoutier","nb_outil_equipement","nb_tous_autobus_minibus","nb_bicyclette","nb_cyclomoteur","nb_motocyclette","nb_taxi","nb_urgence","nb_motoneige","nb_VHR","nb_autres_types","nb_veh_non_precise","NB_DECES_PIETON","NB_BLESSES_PIETON","NB_VICTIMES_PIETON","NB_DECES_MOTO","NB_BLESSES_MOTO","NB_VICTIMES_MOTO","NB_DECES_VELO","NB_BLESSES_VELO","NB_VICTIMES_VELO","Temp","Rel.Hum","Wind.Spd","Dew.Point.Temp","Stn_Press","Wind.Dir","weekdays","days","SeverityDeadly","SeverityLight Injury","SeverityMaterial High","SeverityMaterial Low","SeveritySevere Injury","as.factor(Accident_Type)31","as.factor(Accident_Type)32","as.factor(Accident_Type)33","as.factor(Accident_Type)34","as.factor(Accident_Type)35","as.factor(Accident_Type)36","as.factor(Accident_Type)37","as.factor(Accident_Type)38","as.factor(Accident_Type)39","as.factor(Accident_Type)40","as.factor(Accident_Type)41","as.factor(Accident_Type)42","as.factor(Accident_Type)43","as.factor(Accident_Type)44","as.factor(Accident_Type)45","as.factor(Accident_Type)46","as.factor(Accident_Type)47","as.factor(Accident_Type)48","as.factor(Accident_Type)49","as.factor(Accident_Type)50","as.factor(Accident_Type)51","as.factor(Accident_Type)52","as.factor(Accident_Type)53","as.factor(Accident_Type)54","as.factor(Accident_Type)55","as.factor(Accident_Type)59","as.factor(Accident_Type)71","as.factor(Accident_Type)72","as.factor(Accident_Type)73","as.factor(Accident_Type)74","as.factor(Accident_Type)75","as.factor(Accident_Type)99","Accident_CategoryFixed Object","Accident_CategoryMoving Object","Accident_CategoryNo Collision","Auth_Speed10","Auth_Speed100","Auth_Speed20","Auth_Speed30","Auth_Speed40","Auth_Speed50","Auth_Speed60","Auth_Speed70","Auth_Speed80","Auth_Speed90","Surface_CondDry","Surface_CondHard snow","Surface_CondIce","Surface_CondMud","Surface_CondOil","Surface_CondSand or gravel","Surface_CondSlush","Surface_CondSnow","Surface_CondWater accumulation","Surface_CondWet","IlluminationDay and clear","IlluminationDay and semi-dark","IlluminationNight and dark","IlluminationNight and lighted","EnvironmentCommercial","EnvironmentForest","EnvironmentIndustrial","EnvironmentPark","EnvironmentResidential","EnvironmentRural","EnvironmentSchool area","WeatherBlack Ice","WeatherClear Sky","WeatherCloudy","WeatherDrizzle","WeatherFoggy","WeatherHeavy Rain","WeatherSnow","WeatherSnowstorms","WeatherStrong Wind","cluster_id_0","cluster_id_1","cluster_id_2","cluster_id_3","cluster_id_4","cluster_id_5"
"2013-07-30",67,130,0,3,20,23,88,7,0,2,7,0,6,2,1,0,0,0,17,0,2,2,0,5,5,0,5,5,1306.5,4463.875,315.458333333333,862.345833333333,6763.11958333333,1594.04166666667,0,67,0,17,17,30,3,52,2,6,0,0,0,0,0,0,0,0,0,0,0,0,0,0,0,0,0,0,0,0,0,0,2,0,0,0,0,0,2,2,60,2,0,0,0,1,9,29,0,0,0,0,64,0,0,0,0,0,0,0,0,0,57,0,1,7,31,0,3,1,27,0,2,0,62,2,0,0,0,0,0,0,7,8,22,8,7,15
"2013-07-31",71,133,0,0,20,20,85,5,0,1,4,2,4,3,6,0,0,0,23,0,5,5,0,3,3,0,3,3,1532.7125,4508.5,390.5,980.6875,7161.44458333333,1786.83333333333,0,142,0,18,20,33,0,50,5,4,0,0,0,0,1,0,0,0,1,0,0,0,0,0,0,0,0,0,1,0,0,0,0,0,1,0,0,0,1,2,60,2,0,0,0,0,12,24,0,0,0,0,58,0,0,0,1,0,0,0,0,0,51,2,0,10,34,0,2,2,27,0,0,0,57,3,0,0,0,0,0,0,3,9,22,13,9,15
"2013-08-01",79,160,0,1,22,23,108,5,0,0,4,4,3,1,1,0,0,1,33,0,2,2,0,2,2,0,4,4,1670.52083333333,6122.5,474,1332.46666666667,7911.48791666667,1540.5,0,237,0,19,20,39,1,63,2,4,0,0,0,0,0,0,0,0,0,0,0,0,0,0,0,0,0,0,0,0,0,0,1,0,0,0,0,1,0,1,69,1,1,0,0,2,7,36,0,0,0,0,47,0,0,0,0,0,0,0,0,19,46,6,1,12,43,0,0,0,28,1,0,0,44,9,10,0,3,0,0,0,6,8,27,12,8,18
"2013-08-02",71,141,0,0,11,11,103,3,0,0,2,1,0,2,1,0,0,0,29,0,0,0,0,0,0,0,2,2,1486.85833333333,5245.125,431.916666666667,1122.98333333333,7093.99458333333,1597.5,0,284,0,9,24,38,0,61,0,2,0,0,0,0,0,0,0,0,0,0,0,0,0,0,0,0,0,0,0,0,0,0,2,0,0,0,0,0,1,2,63,1,2,0,0,0,7,16,0,0,0,0,57,0,0,0,0,0,0,0,0,3,47,1,0,13,36,0,2,2,24,0,0,0,51,7,2,0,0,0,0,0,8,10,13,16,6,18
"2013-08-03",75,154,0,0,24,24,122,1,0,2,4,0,2,3,1,0,0,0,19,0,1,1,0,1,1,0,2,2,1452.5,5256.25,403.125,1022.5,7493.3125,1818.75,75,375,0,13,29,33,0,63,2,3,0,0,0,0,0,0,0,0,1,0,0,0,0,0,0,0,1,0,0,0,0,0,1,0,0,0,0,0,0,3,68,0,1,0,1,2,9,34,0,0,0,0,52,0,0,0,0,0,0,0,0,16,36,2,2,29,32,0,3,1,34,0,0,0,43,15,9,0,0,0,0,0,4,6,27,12,10,16
"2013-08-04",49,95,0,0,12,12,71,2,0,0,2,0,2,2,0,0,0,0,16,0,1,1,0,1,1,0,1,1,862.195833333333,3562.70833333333,308.291666666667,609.233333333333,4908.73833333333,1259.70833333333,49,294,0,9,16,24,0,38,2,2,0,0,0,0,0,0,0,0,0,0,0,0,0,0,0,0,2,2,0,0,0,0,0,0,1,0,0,0,0,4,42,1,0,0,0,3,6,17,0,0,0,0,38,0,0,0,0,0,0,0,0,7,25,3,0,17,20,0,2,1,25,0,0,0,37,4,3,0,1,0,0,0,8,7,5,6,9,14
"2013-08-05",80,159,0,1,14,15,105,10,1,0,5,2,4,5,1,0,0,0,26,0,1,1,0,3,3,0,2,2,1341.33333333333,4400,473.333333333333,576.666666666667,8054.7,2253.33333333333,0,0,0,12,28,39,1,62,1,4,0,0,0,0,0,0,0,0,1,0,0,0,0,0,0,1,2,0,3,0,0,0,1,0,1,0,0,0,0,8,67,1,0,0,0,1,9,32,1,0,0,0,77,0,0,0,0,0,0,0,0,0,58,3,1,15,44,0,1,0,33,0,0,0,73,4,0,0,0,0,0,0,9,3,22,15,12,19
"2013-08-06",81,152,0,0,14,14,100,10,0,1,9,0,2,5,2,0,0,0,23,0,1,1,0,3,3,0,5,5,1656.45,4505.625,442.125,870.4125,8173.94625,1690.875,0,81,0,13,26,42,0,52,2,6,0,0,0,0,0,0,0,1,0,0,0,0,0,1,0,3,1,0,1,0,0,0,2,0,0,0,0,0,3,9,60,3,2,0,0,2,9,24,0,0,0,0,69,0,0,0,0,0,0,0,0,1,61,0,0,8,37,0,2,1,34,0,0,0,63,4,0,0,0,0,0,0,9,7,21,19,8,17
"2013-08-07",107,209,0,1,28,29,150,8,1,0,5,0,1,3,0,0,0,1,40,0,4,4,0,1,1,0,5,5,2321.45416666667,6879.20833333333,762.375,1546.15,10780.91875,2166.75,0,214,0,24,28,54,1,82,6,5,0,0,0,0,0,0,1,0,1,0,0,0,0,0,0,1,0,0,1,0,0,0,2,0,1,0,0,0,0,6,93,1,0,1,0,0,11,47,1,0,0,0,95,0,0,0,0,0,0,0,0,5,73,6,1,18,43,0,5,2,51,0,0,0,84,8,3,0,2,0,0,0,12,6,31,18,10,30
"2013-08-08",96,191,0,1,18,19,132,10,0,1,4,1,2,1,2,0,0,0,38,0,3,3,0,1,1,0,2,2,2252.8,6540,512,1638.8,9642.92,2524,0,288,0,14,33,48,1,77,3,3,0,0,0,0,0,0,1,0,0,1,0,0,0,0,0,1,1,0,2,0,0,0,1,0,0,0,0,0,0,7,83,0,1,0,0,1,13,34,2,0,0,0,83,0,0,0,0,0,0,0,0,6,73,1,0,17,60,0,2,1,26,0,0,0,82,7,0,0,0,0,0,0,11,10,33,11,10,21
"2013-08-09",91,175,0,1,14,15,119,7,0,2,4,0,3,4,5,0,0,1,30,0,1,1,0,1,1,0,4,4,2063.425,7268.625,261.625,1719.9,9107.81083333333,1861.70833333333,0,364,0,13,26,51,1,71,4,4,0,0,0,1,0,0,0,0,1,0,1,0,0,0,0,1,1,0,0,0,0,0,1,0,0,0,0,0,0,5,80,0,1,0,1,5,8,33,0,0,0,1,75,0,0,0,0,1,0,0,0,4,59,4,1,19,41,0,2,1,41,0,1,0,64,11,3,1,0,0,0,0,13,6,26,12,18,16
"2013-08-10",58,114,0,0,18,18,79,0,0,2,3,0,3,4,2,0,0,0,21,0,1,1,0,3,3,0,2,2,1106.35,3264.91666666667,290,577.341666666667,5822.35416666667,1396.83333333333,58,290,0,15,24,19,0,43,2,2,0,0,0,0,0,0,0,1,0,1,0,0,0,0,0,0,1,0,0,0,0,0,1,0,0,0,0,0,1,4,47,1,1,0,0,1,9,25,0,0,0,0,52,0,0,0,0,0,0,0,0,1,31,4,0,16,21,0,3,1,31,0,0,0,52,1,0,0,0,0,0,0,4,5,15,9,6,19
"2013-08-11",58,120,0,2,15,17,89,2,0,1,4,0,0,6,1,0,0,1,16,0,1,1,0,0,0,0,3,3,1167.975,3424.41666666667,355.25,677.15,5839.8025,1314.66666666667,58,348,0,11,21,24,2,46,1,4,0,0,0,1,0,0,0,0,0,0,0,0,0,0,0,0,1,0,0,0,0,0,1,0,0,0,0,0,0,2,52,0,0,0,0,1,7,30,0,0,0,0,52,0,0,0,0,0,0,0,0,0,29,3,2,18,19,1,2,0,30,0,0,0,51,2,0,0,0,0,0,0,1,5,20,9,9,14
"2013-08-12",77,143,0,1,17,18,99,4,0,0,4,0,1,0,2,0,0,0,33,0,3,3,0,1,1,0,4,4,1605.45,4719.45833333333,465.208333333333,991.695833333333,7733.6875,1944.25,0,0,0,14,29,33,1,51,3,3,0,0,0,0,0,0,1,1,0,1,0,0,0,0,0,2,1,1,0,0,0,0,0,0,0,0,0,0,3,7,57,3,0,0,0,1,8,26,1,1,0,0,65,0,0,0,0,0,0,0,0,0,48,3,0,12,33,0,2,1,36,0,1,0,65,0,0,0,0,0,0,0,9,5,18,13,11,21
"2013-08-13",92,174,0,1,19,20,125,12,1,0,5,0,0,2,2,0,0,0,27,0,4,4,0,0,0,0,4,4,1756.81666666667,7210.5,463.833333333333,1393.03333333333,9181.21666666667,1537.16666666667,0,92,0,18,25,48,1,60,5,4,0,0,0,0,4,0,0,1,1,1,0,0,0,0,0,1,0,0,2,0,0,0,5,0,0,0,0,0,1,11,73,1,0,0,0,2,9,40,0,0,0,0,60,0,0,0,0,0,0,0,4,20,60,1,0,25,53,0,0,0,31,0,5,0,49,17,8,1,10,0,0,0,9,9,21,19,19,15
"2013-08-14",74,155,0,0,25,25,100,9,0,2,5,0,4,3,1,0,0,2,29,0,2,2,0,3,3,0,6,6,1241.96666666667,5186.16666666667,447.083333333333,804.133333333333,7396.17666666667,1581.75,0,148,0,20,18,36,0,61,3,5,0,0,0,0,0,0,0,0,0,0,0,0,0,0,0,0,1,0,1,0,0,0,0,0,2,0,0,0,1,2,69,3,0,0,0,1,11,35,0,0,0,0,57,0,0,0,0,0,0,0,0,13,52,1,0,17,34,0,5,0,31,1,2,0,53,9,8,0,0,0,0,0,9,4,26,13,9,13
"2013-08-15",99,192,0,2,35,37,132,12,0,2,8,2,1,4,4,0,0,0,27,0,2,2,0,0,0,0,6,6,1861.6125,5973,664.125,1057.2375,9959.02875,2054.25,0,297,0,30,25,42,2,76,2,7,0,0,0,0,2,0,3,0,1,0,0,0,0,0,0,1,1,0,0,0,0,0,0,0,0,0,0,0,4,6,87,4,1,0,0,4,10,40,1,1,0,0,93,0,0,0,0,0,0,0,0,0,69,6,3,15,47,0,3,1,42,0,1,0,89,3,0,0,0,0,0,0,6,5,29,21,18,20
"2013-08-16",81,160,0,0,16,16,114,10,0,2,3,0,0,1,1,0,0,0,29,0,1,1,0,0,0,0,3,3,1535.9625,5200.875,459,961.5375,8186.70375,1873.125,0,324,0,13,23,45,0,70,1,2,0,0,0,0,0,0,1,0,0,0,0,0,0,0,0,1,0,0,0,0,0,0,0,0,0,0,0,0,0,2,73,0,1,0,0,3,10,32,0,0,0,0,73,0,0,0,0,0,0,0,0,1,60,3,1,10,33,0,2,0,38,0,0,0,66,8,0,0,0,0,0,0,9,7,24,14,8,19
"2013-08-17",74,148,0,4,22,26,98,4,1,2,7,1,4,5,2,0,0,0,24,0,1,1,0,4,4,0,7,7,1368.69166666667,4208.75,370,699.3,7519.84916666667,1634.16666666667,74,370,0,17,31,22,4,54,1,7,0,0,0,0,0,0,0,1,0,0,0,0,0,0,0,0,0,0,0,0,0,0,1,0,1,0,0,2,1,2,62,4,0,0,0,2,9,28,0,0,0,0,68,0,0,0,0,0,0,0,0,0,48,1,0,20,24,0,4,1,41,0,0,0,68,0,0,0,0,0,0,0,6,11,21,14,8,14
"2013-08-18",79,155,1,1,29,31,109,2,0,3,4,0,3,4,2,0,0,1,27,1,8,9,0,2,2,0,3,3,1711.66666666667,4381.20833333333,483.875,940.758333333333,7998.355,1695.20833333333,79,474,1,18,24,35,1,56,6,4,0,0,0,0,0,0,0,0,0,2,0,0,0,0,0,1,1,1,0,0,0,0,0,0,0,0,0,0,2,5,66,2,0,0,0,0,10,30,0,0,0,0,73,0,0,0,0,0,0,0,0,0,57,2,0,17,35,0,1,2,37,0,0,0,70,1,0,0,0,0,0,0,9,12,18,13,11,16
"2013-08-19",92,177,0,0,28,28,108,14,0,3,6,1,1,3,0,0,0,1,40,0,9,9,0,0,0,0,3,3,2068.46666666667,5569.83333333333,509.833333333333,1311,9256.19666666666,2215.66666666667,0,0,0,20,23,49,0,63,9,5,0,0,0,0,0,0,1,0,1,0,0,0,0,0,0,0,1,0,0,0,0,0,1,0,0,0,0,0,1,4,77,1,1,0,1,1,12,33,0,0,0,0,84,0,0,0,0,0,0,0,0,0,73,1,0,10,46,0,0,3,36,0,1,0,85,0,0,0,0,0,0,0,9,9,26,12,12,24
"2013-08-20",78,154,0,0,16,16,102,2,0,2,8,2,5,1,2,0,0,0,30,0,1,1,0,2,2,0,6,6,1839.5,4871.75,513.5,1231.425,7856.745,1745.25,0,78,0,16,26,36,0,52,2,8,0,0,0,0,0,0,1,0,1,0,0,0,0,0,0,1,2,0,1,0,0,0,1,0,0,0,0,0,0,7,62,0,2,0,0,1,10,25,0,0,0,0,70,0,0,0,0,0,0,0,0,0,53,2,0,12,34,0,3,0,31,0,3,0,67,0,0,0,0,0,0,0,4,6,23,17,14,14
"2013-08-21",85,165,0,1,24,25,113,6,1,1,5,1,7,0,1,0,0,0,30,0,4,4,0,5,5,0,4,4,2104.8125,5358.54166666667,587.916666666667,1452.08333333333,8565.94583333333,1831.04166666667,0,170,0,19,22,43,1,63,4,5,0,0,0,0,0,1,0,1,0,0,0,0,0,0,0,0,1,1,0,0,0,0,0,0,0,0,0,0,3,3,73,3,0,0,0,1,13,31,0,0,0,0,74,0,0,0,0,0,0,0,0,0,63,2,0,9,41,0,6,1,30,0,1,0,73,1,0,0,0,0,0,0,13,7,22,16,9,18
"2013-08-22",95,193,0,1,27,28,139,5,2,1,3,0,2,2,6,0,0,0,33,0,4,4,0,2,2,0,2,2,2064.27083333333,7600,562.083333333333,1714.35416666667,9523.19583333334,2153.33333333333,0,285,0,21,27,46,1,72,5,3,0,0,0,1,0,0,0,3,1,0,0,0,0,0,0,0,0,0,0,0,0,0,2,0,0,0,0,0,1,6,81,1,0,0,0,7,11,41,0,0,0,0,31,0,0,0,0,0,0,0,0,56,62,1,0,26,55,0,2,0,33,0,2,0,25,23,36,0,3,0,0,0,10,7,27,18,9,24
"2013-08-23",103,198,0,1,28,29,122,7,1,6,12,2,3,4,3,0,0,0,38,0,4,4,0,0,0,0,9,9,1870.30833333333,6119.91666666667,948.458333333333,1008.54166666667,10395.6183333333,1510.66666666667,0,412,0,24,36,42,1,64,6,12,0,0,0,0,0,0,1,2,0,1,0,1,0,0,0,1,1,0,0,0,1,0,1,0,0,0,0,0,2,9,82,2,2,0,0,3,13,43,1,0,0,0,92,0,0,0,0,0,0,0,0,2,73,2,0,18,45,0,9,0,39,1,0,0,87,4,1,0,0,0,0,0,13,7,28,19,15,21
"2013-08-24",70,144,0,0,17,17,104,2,1,0,2,0,2,2,1,0,0,1,29,0,1,1,0,2,2,0,2,2,1291.5,3925.83333333333,323.75,645.75,7118.79583333333,1472.91666666667,70,350,0,13,18,39,0,57,1,2,0,0,0,0,0,1,0,0,0,1,0,0,0,0,0,0,1,0,1,0,0,0,2,0,0,0,0,0,0,5,61,0,0,0,0,1,10,25,0,0,0,1,62,0,0,1,0,0,0,0,0,0,44,2,0,20,34,1,4,1,26,2,0,0,60,3,0,0,0,0,0,0,5,9,16,10,13,17
"2013-08-25",65,128,0,0,19,19,92,1,1,1,6,0,1,4,0,0,0,2,20,0,2,2,0,2,2,0,4,4,1324.375,3994.79166666667,365.625,801.666666666667,6596.82291666667,1584.375,65,390,0,13,23,29,0,49,1,6,0,0,0,0,0,0,1,0,0,0,0,0,0,0,0,1,0,0,1,1,0,0,1,0,0,0,0,0,0,5,56,0,1,0,0,1,10,23,0,0,0,0,55,0,0,0,0,1,0,0,0,3,35,3,2,22,29,0,3,2,28,0,0,0,51,6,3,0,0,0,0,0,5,2,18,9,11,20
"2013-08-26",89,172,0,2,20,22,119,7,0,3,6,0,1,3,3,0,0,0,30,0,2,2,0,1,1,0,5,5,1856.02083333333,7639.16666666667,400.5,1632.0375,8940.01291666667,2250.95833333333,0,0,0,18,29,40,2,66,2,6,0,0,0,0,0,0,1,0,0,0,0,0,0,0,0,1,0,0,1,0,0,0,2,0,0,0,1,0,1,5,74,2,1,0,0,1,13,33,0,0,0,0,75,0,0,0,0,0,0,0,0,8,66,2,1,14,44,0,6,1,30,0,4,0,43,32,8,0,0,0,0,0,17,5,19,11,14,23
"2013-08-27",66,130,0,0,14,14,86,8,0,0,4,3,1,1,0,0,0,1,26,0,0,0,0,0,0,0,3,3,1478.675,5409.25,225.5,1257.85,6620.185,1683,0,66,0,12,24,30,0,53,1,3,0,0,0,0,0,0,1,0,0,0,0,0,0,0,0,1,0,0,0,0,0,0,0,0,0,0,0,0,1,2,57,1,1,0,0,1,7,25,2,0,0,0,55,0,0,0,0,0,0,0,0,0,44,2,0,8,28,0,2,0,28,1,1,0,46,7,0,0,0,0,0,0,5,3,15,11,11,21
"2013-08-28",84,165,0,1,20,21,109,10,0,1,9,1,1,4,2,0,0,0,28,0,2,2,0,1,1,0,7,7,1981,6524,521.5,1617,8432.55,1207.5,0,168,0,18,28,37,1,55,3,7,0,0,0,0,0,0,1,0,0,1,0,0,0,1,0,1,1,1,1,0,0,0,0,0,1,0,0,1,1,7,65,3,0,1,0,2,12,39,0,0,0,0,73,0,0,0,0,1,0,0,0,0,65,2,0,8,46,0,6,0,27,0,3,0,62,12,0,0,0,0,0,0,6,8,29,10,10,21
"2013-08-29",100,192,0,0,35,35,128,11,1,5,7,1,2,1,3,0,0,0,33,0,5,5,0,0,0,0,6,6,1972.91666666667,7737.5,816.666666666667,1562.08333333333,10080.2916666667,658.333333333333,0,300,0,25,27,48,0,78,6,7,0,0,0,0,0,0,1,0,0,0,0,0,0,0,0,0,0,0,0,1,0,0,2,1,1,0,0,0,1,4,91,3,0,0,0,6,13,36,1,0,0,0,93,0,0,0,1,0,0,0,0,0,77,2,1,14,48,0,5,0,41,0,3,0,89,5,0,0,0,0,0,0,9,6,32,15,13,25
"2013-08-30",100,187,1,1,38,40,131,12,0,2,6,0,5,1,4,0,0,0,26,1,10,11,0,4,4,0,5,5,2057.08333333333,8270.83333333333,470.833333333333,1742.08333333333,10019.2916666667,1808.33333333333,0,400,1,30,28,40,1,69,11,6,0,0,0,0,0,0,0,0,3,0,0,1,0,0,0,0,0,0,0,0,0,0,2,0,0,0,0,1,2,6,86,3,0,0,0,0,10,51,2,0,0,0,66,0,0,0,0,1,0,0,0,27,61,6,0,27,46,0,7,1,44,0,1,0,52,18,21,0,3,0,0,0,10,11,32,15,13,19
"2013-08-31",59,114,0,2,8,10,85,7,0,0,1,1,1,2,1,0,0,0,16,0,2,2,0,0,0,0,1,1,1255.9625,4882.25,319.583333333333,1071.34166666667,5896.85333333333,843.208333333333,59,295,0,7,22,29,1,47,2,1,0,0,0,0,0,0,1,0,0,0,0,0,0,0,0,0,2,0,1,0,0,0,0,0,0,0,0,0,1,4,50,1,0,0,0,1,5,24,0,0,0,0,45,0,0,0,0,0,0,0,0,9,30,1,0,23,41,0,1,0,15,0,0,0,34,15,4,0,0,0,0,0,8,4,17,7,5,18
"2013-09-01",64,132,0,1,21,22,96,2,0,1,4,0,2,4,2,0,0,2,19,0,3,3,0,2,2,0,4,4,1406.13333333333,4357.33333333333,440,997.6,6413.81333333333,530.666666666667,64,384,0,15,23,25,1,49,2,4,0,0,0,0,0,0,0,0,1,0,0,0,0,0,0,1,1,0,0,0,0,0,1,0,0,0,0,0,0,4,55,0,1,0,0,1,7,27,0,1,0,0,57,0,0,0,0,0,0,0,0,1,35,4,0,19,27,0,1,0,35,0,0,0,51,6,0,0,0,0,0,0,6,7,19,8,5,19
"2013-09-02",64,123,0,2,15,17,84,2,0,0,5,1,2,1,0,0,0,0,28,0,1,1,0,1,1,0,5,5,1191.46666666667,5565.33333333333,490.666666666667,1047.2,6388.96,480,0,0,0,10,19,33,2,48,2,5,0,0,0,1,0,0,0,0,0,1,0,0,0,0,0,0,1,0,1,0,0,0,1,0,0,0,0,0,0,4,56,0,0,0,1,0,7,22,0,0,1,0,33,0,0,0,0,0,0,0,0,24,28,0,2,29,25,0,0,1,31,0,2,0,23,21,12,0,2,0,0,0,4,4,22,16,4,14
"2013-09-03",114,224,0,0,19,19,158,10,0,2,1,1,0,2,2,0,0,1,47,0,2,2,0,0,0,0,0,0,2118.5,8820.75,674.5,1644.45,11371.785,2436.75,0,114,0,14,38,62,0,91,3,1,0,0,0,0,0,0,0,1,1,1,0,0,0,0,0,1,1,1,1,0,0,0,1,0,0,0,0,0,0,8,95,0,1,0,0,2,19,35,0,0,0,1,90,0,0,0,0,0,0,0,0,8,81,6,0,13,62,0,4,1,41,0,1,0,68,30,2,0,0,0,0,0,11,10,26,24,17,26
"2013-09-04",108,213,0,1,32,33,144,14,1,3,11,2,1,4,2,0,0,0,31,0,3,3,0,1,1,0,7,7,1749.6,8262,567,1297.8,10819.035,2632.5,0,216,0,26,30,51,1,75,3,12,0,0,0,0,0,1,0,0,0,0,0,0,0,1,0,1,0,0,1,0,0,0,2,0,0,0,0,0,3,5,91,3,1,1,0,3,13,46,0,0,0,0,93,0,0,0,0,0,0,0,0,5,76,1,0,19,44,0,6,0,46,1,3,0,73,25,1,0,0,0,0,0,12,6,30,25,9,26
"2013-09-05",97,188,1,0,24,25,125,11,0,0,7,1,1,2,4,0,0,0,37,0,1,1,0,0,0,1,6,7,1324.05,4963.16666666667,582,323.7375,9785.56208333333,2275.45833333333,0,291,1,17,32,47,0,71,4,6,0,0,0,0,1,0,1,1,2,1,0,0,0,0,0,2,1,0,1,0,0,0,0,0,0,0,0,0,0,9,82,0,0,0,0,2,13,31,0,0,0,0,81,0,0,0,0,0,0,0,0,0,60,4,1,15,48,0,2,0,35,0,1,0,75,5,0,0,0,0,0,0,11,9,29,10,14,24
"2013-09-06",86,168,0,1,24,25,113,4,1,1,2,0,4,2,3,0,0,2,36,0,4,4,0,2,2,0,2,2,1306.84166666667,4418.25,627.083333333333,423.55,8695.3525,2010.25,0,344,0,20,22,43,1,65,5,2,0,0,0,0,0,2,1,1,1,0,0,0,0,0,0,2,1,0,0,0,0,0,0,0,0,0,0,0,0,6,74,0,1,0,0,2,12,29,1,0,0,0,81,0,0,0,0,0,0,0,0,1,58,2,0,22,39,0,5,0,38,0,1,0,77,5,0,0,0,0,0,0,8,7,29,11,12,19
"2013-09-07",67,132,0,1,11,12,100,3,0,0,3,2,1,3,4,0,0,1,15,0,3,3,0,1,1,0,1,1,1203.4875,4779.33333333333,396.416666666667,842.804166666667,6720.68625,1460.04166666667,67,335,0,10,24,32,1,55,3,2,0,0,0,0,0,0,1,0,1,0,0,0,0,0,0,0,1,0,0,0,0,0,0,0,0,0,0,0,1,3,60,1,1,0,0,2,12,31,0,0,0,0,59,0,0,0,1,0,0,0,0,2,42,2,0,20,28,0,2,1,33,0,1,0,42,15,3,0,0,0,0,0,4,4,14,16,10,19
"2013-09-08",65,131,0,2,13,15,93,3,1,2,2,2,1,2,4,0,0,0,21,0,0,0,0,1,1,0,2,2,897.541666666667,3501.875,652.708333333333,273,6534.66666666667,1058.95833333333,65,390,0,11,23,29,2,54,0,2,0,0,0,0,0,0,1,0,2,1,0,0,0,0,0,0,2,0,0,0,0,0,1,0,0,0,0,0,0,7,56,0,0,0,0,4,8,25,0,0,0,0,57,0,0,0,0,0,0,0,0,1,44,2,0,13,36,0,1,2,24,0,0,0,53,4,0,0,0,0,0,0,4,4,27,9,7,14
"2013-09-09",76,144,0,0,16,16,90,7,1,3,4,2,1,1,1,0,0,5,29,0,5,5,0,0,0,0,3,3,1128.28333333333,4601.16666666667,475,532,7673.94166666667,1691,0,0,0,15,22,39,0,55,5,3,0,0,0,1,0,0,0,0,1,0,0,0,0,0,0,0,1,0,1,0,0,0,1,0,0,0,0,0,5,4,64,5,0,0,0,2,10,31,0,0,0,0,66,0,0,0,0,0,0,0,0,1,53,2,0,11,36,0,1,1,33,0,1,0,58,9,1,0,0,0,0,0,5,4,26,14,14,13
"2013-09-10",102,203,0,2,24,26,138,5,1,2,6,6,3,5,4,0,0,0,33,0,4,4,0,2,2,0,2,2,1722.1,8895.25,352.75,1496.425,10257.1625,1976.85714285714,0,102,0,18,32,50,2,80,4,5,0,0,0,0,0,0,0,0,1,0,0,0,0,0,0,0,1,0,2,0,0,0,1,1,0,0,0,0,2,5,89,3,1,0,0,3,11,53,0,0,0,0,40,0,0,0,0,0,0,0,0,52,58,9,0,21,51,0,6,0,39,0,2,0,28,24,40,0,0,0,0,0,9,9,37,17,13,17
"2013-09-11",109,222,0,1,26,27,157,10,0,0,6,2,1,3,4,0,0,0,39,0,0,0,0,0,0,0,4,4,2596.925,8629.16666666667,649.458333333333,2148.6625,10938.695,2384.375,0,218,0,18,25,65,1,83,1,6,0,0,0,0,0,0,0,0,1,0,0,0,0,0,0,0,2,0,0,0,0,0,3,0,0,0,0,0,2,6,90,2,1,0,0,4,15,40,0,1,0,0,79,0,0,0,0,0,0,0,0,20,79,3,0,16,52,0,5,0,44,1,3,0,66,21,9,0,2,0,0,0,15,5,30,22,20,17
"2013-09-12",91,182,0,0,15,15,123,10,0,1,3,2,0,2,1,0,0,2,38,0,6,6,0,0,0,0,2,2,1884.07916666667,7909.41666666667,496.708333333333,1670.9875,9080.01791666667,1986.83333333333,0,273,0,13,34,44,0,73,6,2,0,0,0,0,0,0,0,0,1,0,0,0,0,0,0,0,0,0,0,0,0,0,2,0,0,0,0,0,1,3,81,1,0,0,1,6,16,21,0,0,0,0,44,0,0,0,0,0,0,0,0,34,55,8,1,16,35,0,5,1,40,0,6,0,29,25,18,1,5,0,0,0,9,8,24,22,15,13