"Date","NB_Accidents","NB_VEH_IMPLIQUES_ACCDN","NB_MORTS","NB_BLESSES_GRAVES","NB_BLESSES_LEGERS","NB_VICTIMES_TOTAL","nb_automobile_camion_leger","nb_camionLourd_tractRoutier","nb_outil_equipement","nb_tous_autobus_minibus","nb_bicyclette","nb_cyclomoteur","nb_motocyclette","nb_taxi","nb_urgence","nb_motoneige","nb_VHR","nb_autres_types","nb_veh_non_precise","NB_DECES_PIETON","NB_BLESSES_PIETON","NB_VICTIMES_PIETON","NB_DECES_MOTO","NB_BLESSES_MOTO","NB_VICTIMES_MOTO","NB_DECES_VELO","NB_BLESSES_VELO","NB_VICTIMES_VELO","Temp","Rel.Hum","Wind.Spd","Dew.Point.Temp","Stn_Press","Wind.Dir","weekdays","days","SeverityDeadly","SeverityLight Injury","SeverityMaterial High","SeverityMaterial Low","SeveritySevere Injury","as.factor(Accident_Type)31","as.factor(Accident_Type)32","as.factor(Accident_Type)33","as.factor(Accident_Type)34","as.factor(Accident_Type)35","as.factor(Accident_Type)36","as.factor(Accident_Type)37","as.factor(Accident_Type)38","as.factor(Accident_Type)39","as.factor(Accident_Type)40","as.factor(Accident_Type)41","as.factor(Accident_Type)42","as.factor(Accident_Type)43","as.factor(Accident_Type)44","as.factor(Accident_Type)45","as.factor(Accident_Type)46","as.factor(Accident_Type)47","as.factor(Accident_Type)48","as.factor(Accident_Type)49","as.factor(Accident_Type)50","as.factor(Accident_Type)51","as.factor(Accident_Type)52","as.factor(Accident_Type)53","as.factor(Accident_Type)54","as.factor(Accident_Type)55","as.factor(Accident_Type)59","as.factor(Accident_Type)71","as.factor(Accident_Type)72","as.factor(Accident_Type)73","as.factor(Accident_Type)74","as.factor(Accident_Type)75","as.factor(Accident_Type)99","Accident_CategoryFixed Object","Accident_CategoryMoving Object","Accident_CategoryNo Collision","Auth_Speed10","Auth_Speed100","Auth_Speed20","Auth_Speed30","Auth_Speed40","Auth_Speed50","Auth_Speed60","Auth_Speed70","Auth_Speed80","Auth_Speed90","Surface_CondDry","Surface_CondHard snow","Surface_CondIce","Surface_CondMud","Surface_CondOil","Surface_CondSand or gravel","Surface_CondSlush","Surface_CondSnow","Surface_CondWater accumulation","Surface_CondWet","IlluminationDay and clear","IlluminationDay and semi-dark","IlluminationNight and dark","IlluminationNight and lighted","EnvironmentCommercial","EnvironmentForest","EnvironmentIndustrial","EnvironmentPark","EnvironmentResidential","EnvironmentRural","EnvironmentSchool area","WeatherBlack Ice","WeatherClear Sky","WeatherCloudy","WeatherDrizzle","WeatherFoggy","WeatherHeavy Rain","WeatherSnow","WeatherSnowstorms","WeatherStrong Wind","cluster_id_0","cluster_id_1","cluster_id_2","cluster_id_3","cluster_id_4","cluster_id_5"
"2013-09-13",97,199,0,0,25,25,142,12,1,1,6,1,0,3,2,0,0,0,31,0,1,1,0,0,0,0,5,5,1381.44166666667,7663,957.875,1032.24166666667,9692.44208333333,1948.08333333333,0,388,0,19,32,46,0,80,1,6,0,0,0,0,1,0,0,0,0,0,0,0,0,1,0,2,0,0,0,0,0,0,1,0,0,0,0,0,1,4,88,1,1,0,0,2,22,33,1,0,0,0,67,0,0,0,0,0,0,0,0,17,59,8,0,18,41,0,3,1,43,0,2,0,40,36,8,1,0,0,0,0,12,8,34,15,6,22
"2013-09-14",78,158,0,2,18,20,116,6,0,0,4,0,1,3,4,0,0,0,24,0,2,2,0,1,1,0,3,3,949,5970.25,393.25,632.775,7845.7275,2213.25,78,390,0,12,32,32,2,58,2,6,0,0,0,0,1,1,1,0,0,0,0,0,0,0,0,2,1,0,0,0,0,0,0,0,1,0,0,0,1,4,68,2,1,0,1,0,12,25,0,0,0,0,66,0,0,0,0,0,0,0,0,2,36,5,0,27,39,0,1,1,33,0,0,0,39,28,2,0,0,0,0,0,8,11,22,11,10,16
"2013-09-15",69,137,0,1,17,18,102,2,0,2,5,1,1,4,1,0,0,0,19,0,3,3,0,1,1,0,5,5,1018.0375,5131.875,422.625,697.1875,6952.44,1371.375,69,414,0,13,23,32,1,51,2,5,0,0,0,0,0,0,2,0,0,0,0,0,0,0,0,0,3,0,1,0,0,0,0,0,0,0,0,0,0,6,58,0,0,0,0,0,10,31,3,0,0,0,54,0,0,0,0,0,0,0,0,8,28,1,1,33,32,0,3,0,32,0,0,0,35,19,6,0,0,0,0,0,8,5,16,15,9,16
"2013-09-16",85,175,0,0,21,21,120,15,1,3,3,1,2,3,1,0,0,0,26,0,1,1,0,2,2,0,1,1,870.1875,5468.33333333333,966.875,279.791666666667,8611.1375,818.125,0,0,0,15,33,37,0,76,2,3,0,0,0,0,0,0,0,0,0,0,0,0,0,0,0,1,0,0,0,0,0,0,1,0,1,0,0,0,0,2,81,1,1,0,0,4,11,32,1,0,0,0,67,0,0,0,0,0,0,0,0,8,59,2,0,14,40,0,4,1,30,0,2,0,65,1,5,0,0,0,0,0,6,4,29,19,7,20
"2013-09-17",95,188,0,2,34,36,130,9,1,2,9,3,0,1,3,0,0,1,29,0,4,4,0,0,0,0,6,6,1170.875,5541.66666666667,566.041666666667,397.8125,9685.68541666667,2596.66666666667,0,95,0,24,29,40,2,69,5,8,0,0,0,0,0,1,1,0,0,0,0,0,0,0,0,2,0,0,1,0,0,0,2,0,0,0,1,0,0,6,83,1,1,0,0,3,13,42,0,0,0,0,86,0,0,0,0,1,0,0,0,0,70,4,0,11,47,0,5,0,32,1,6,0,86,1,0,0,0,0,0,0,8,9,21,24,12,21
"2013-09-18",111,226,0,1,26,27,161,15,0,3,12,1,1,1,1,0,0,0,31,0,5,5,0,1,1,0,10,10,1650.6625,7034.625,582.75,858.8625,11249.98875,2413.04347826087,0,222,0,23,28,59,1,85,4,9,0,1,0,0,1,1,0,0,0,0,0,0,0,0,0,1,0,0,0,0,0,0,1,0,0,0,0,0,2,2,101,2,1,0,0,5,20,36,1,0,0,0,98,0,0,0,0,0,0,0,0,1,79,3,0,16,56,0,0,0,46,0,4,0,97,0,0,0,0,0,0,0,6,8,34,25,11,27
"2013-09-19",102,199,0,3,24,27,137,8,0,2,5,0,2,1,5,0,0,0,39,0,7,7,0,2,2,0,4,4,1766.725,6417.5,493,1001.3,10296.8575,2499,0,306,0,21,23,56,2,78,8,5,0,0,0,0,0,0,1,1,1,0,0,0,0,0,0,0,2,0,0,0,0,0,1,0,0,0,0,0,1,6,91,1,0,0,1,1,17,38,0,0,1,0,94,0,0,0,0,0,0,0,0,0,77,1,0,13,45,0,3,0,44,0,5,0,93,1,0,0,0,0,0,0,8,8,26,21,17,22
"2013-09-20",88,169,0,2,18,20,120,12,0,1,9,0,2,3,3,0,0,1,18,0,4,4,0,2,2,0,5,5,1765.86666666667,5309.33333333333,484,1036.93333333333,8846.01666666667,1789.33333333333,0,352,0,15,30,41,2,63,4,8,0,0,0,0,0,0,0,0,1,0,0,0,0,0,0,2,0,0,2,0,0,0,3,0,0,0,0,0,1,8,75,1,1,0,1,1,13,34,0,0,0,0,82,0,0,0,0,0,0,0,0,0,59,1,1,21,31,1,4,1,44,0,2,0,79,1,0,0,0,0,0,0,7,8,25,13,11,24
"2013-09-21",92,183,0,1,26,27,132,1,1,1,4,0,4,11,2,0,0,0,27,0,5,5,0,2,2,0,2,2,1700.46666666667,6984.33333333333,621,1290.3,9159.25166666667,2024,92,460,0,16,33,42,1,70,6,3,0,0,0,0,0,0,1,0,0,0,0,0,0,0,0,0,2,0,0,0,0,0,1,0,0,0,0,0,0,4,79,0,2,0,0,2,7,34,2,0,0,0,56,0,0,0,0,0,0,0,0,25,41,2,1,34,52,0,0,3,33,0,1,0,34,24,21,0,1,0,0,0,8,9,26,12,14,23
"2013-09-22",60,120,0,0,22,22,86,3,0,0,1,0,0,3,3,0,0,0,24,0,1,1,0,0,0,0,1,1,756.5,4657.5,360,518,5982.475,1640,60,360,0,14,20,26,0,51,1,1,0,0,0,0,0,0,1,0,0,0,1,0,0,0,0,1,0,0,1,0,0,0,0,0,0,0,0,0,0,4,53,0,0,0,0,1,5,24,1,0,0,0,34,0,0,0,0,0,0,0,0,21,34,2,0,20,28,0,2,1,24,1,2,0,25,12,19,0,0,0,0,0,6,8,14,11,4,17
"2013-09-23",96,192,0,2,19,21,126,14,1,2,8,2,2,2,1,0,0,1,33,0,4,4,0,1,1,0,6,6,907.2,6252,708,296.4,9669.72,2532,0,0,0,16,33,45,2,75,6,8,0,0,0,0,0,1,0,0,0,0,0,0,0,0,0,1,0,0,0,0,0,0,1,0,0,0,0,0,1,2,90,1,0,0,0,2,18,38,1,0,0,0,88,0,0,0,0,0,0,0,0,1,67,1,1,15,42,0,2,1,43,0,2,0,73,15,1,0,0,0,0,0,11,12,27,14,7,25
"2013-09-24",86,167,0,0,16,16,117,5,0,1,8,0,1,0,1,0,0,1,33,0,2,2,0,1,1,0,5,5,1057.44166666667,5052.5,487.333333333333,356.9,8651.95833333334,1669.83333333333,0,86,0,15,17,54,0,63,3,8,0,0,0,0,0,0,0,1,1,0,0,0,0,0,0,1,0,0,1,0,0,1,1,0,0,0,1,0,0,6,74,1,0,0,0,2,10,29,0,0,0,0,77,0,0,0,0,0,0,0,0,2,60,3,2,13,44,0,4,1,30,1,0,0,75,1,1,0,0,0,0,0,4,6,25,17,15,19
"2013-09-25",77,146,0,1,9,10,103,6,0,1,3,0,2,0,2,0,0,0,29,0,4,4,0,1,1,0,1,1,976.616666666667,5219.95833333333,410.666666666667,522.958333333333,7748.125,1116.5,0,154,0,8,22,46,1,64,5,3,0,0,0,0,0,0,0,0,0,0,0,0,0,0,0,2,1,0,0,0,0,0,1,0,0,0,0,0,0,4,72,0,0,0,0,0,14,30,0,0,0,0,70,0,0,0,0,0,0,0,0,0,48,2,2,15,41,0,1,0,31,0,1,0,67,3,0,0,0,0,0,0,8,6,29,8,10,16
"2013-09-26",88,177,0,0,9,9,121,4,0,1,2,1,1,8,2,0,0,0,37,0,2,2,0,1,1,0,2,2,1127.13333333333,6453.33333333333,473,697.4,8899.03666666667,1617,0,264,0,9,29,50,0,71,2,2,0,0,0,0,2,0,1,0,0,0,0,0,0,0,0,2,0,0,0,0,0,0,1,0,0,0,0,0,0,4,77,0,0,0,1,0,9,33,2,0,0,0,83,0,0,0,0,0,0,0,0,0,62,4,0,15,50,0,0,0,33,0,3,0,82,1,0,0,0,0,0,0,10,9,29,10,15,15
"2013-09-27",106,208,0,2,21,23,145,10,2,4,6,3,2,2,0,0,0,1,33,0,2,2,0,2,2,0,3,3,1582.49166666667,7755.66666666667,503.5,1056.46666666667,10766.3758333333,2146.5,0,424,0,18,29,57,2,86,2,4,0,0,0,0,0,0,2,0,0,0,0,1,0,0,0,2,0,0,0,0,0,0,1,0,0,0,1,0,1,6,92,2,0,0,0,3,10,38,0,0,1,0,98,0,0,0,0,0,0,0,0,1,72,3,0,26,62,0,5,1,32,0,1,0,92,7,0,0,1,0,0,0,6,8,30,21,11,30
"2013-09-28",85,172,0,1,19,20,134,2,0,0,4,2,3,1,2,0,0,0,24,0,1,1,0,2,2,0,3,3,1407.45833333333,5733.95833333333,329.375,854.958333333333,8643.57916666667,1914.34782608696,85,425,0,17,27,40,1,73,1,5,0,0,0,0,1,0,0,0,0,0,0,0,0,0,0,0,1,0,0,0,0,0,0,0,0,0,0,0,0,1,80,0,1,0,0,0,13,35,0,0,0,0,79,0,0,0,0,1,0,0,0,0,56,3,0,21,40,0,3,0,36,0,2,0,79,1,0,0,0,0,0,0,8,9,16,13,17,22
"2013-09-29",88,175,0,1,18,19,128,0,0,1,4,1,2,1,0,0,0,1,37,0,3,3,0,2,2,0,4,4,1529.73333333333,5426.66666666667,370.333333333333,834.166666666667,8896.83666666667,1804,88,528,0,12,24,51,1,68,4,3,0,1,0,0,0,0,3,0,0,0,0,0,0,0,0,1,0,0,0,0,0,0,0,0,0,0,0,0,0,4,76,0,0,0,0,2,19,22,0,0,0,0,83,0,0,0,0,0,0,0,0,0,53,0,1,25,39,0,2,0,40,0,1,0,81,1,0,0,0,0,0,0,12,5,20,21,5,25
"2013-09-30",89,176,0,0,25,25,121,12,1,2,5,1,2,2,1,0,0,0,29,0,3,3,0,2,2,0,3,3,1563.80416666667,5369.66666666667,359.708333333333,825.475,8966.41625,1934.78260869565,0,0,0,23,26,40,0,67,4,5,0,0,0,0,1,0,0,0,0,1,0,0,0,0,0,0,0,0,0,0,0,0,1,0,1,0,0,0,1,2,77,2,0,0,1,1,9,34,1,0,0,0,85,0,0,0,0,0,0,0,0,0,70,4,0,8,41,0,4,1,36,1,2,0,84,0,0,0,0,0,0,0,8,8,26,18,8,21
"2013-10-01",95,196,0,0,24,24,139,6,0,3,9,1,3,1,1,0,0,0,33,0,3,3,0,3,3,0,6,6,1753.54166666667,6230.41666666667,435.416666666667,1122.58333333333,9539.06875,2029.54545454545,0,95,0,21,24,50,0,71,3,8,0,0,0,0,0,1,0,0,0,0,0,0,0,0,0,2,0,0,0,0,0,0,0,0,1,0,0,0,1,2,83,2,0,0,0,3,9,44,0,0,0,0,88,0,0,0,0,0,0,0,0,0,70,4,0,13,42,0,5,3,41,0,2,0,87,1,0,0,0,0,0,0,11,10,29,10,9,26
"2013-10-02",107,205,0,0,30,30,140,12,1,3,6,0,0,2,3,0,0,2,36,0,5,5,0,0,0,0,6,6,2090.95833333333,5978.625,628.625,981.279166666667,10715.6041666667,2331.70833333333,0,214,0,21,27,59,0,81,6,5,0,0,0,0,0,0,0,0,3,0,0,0,0,0,0,3,0,0,1,0,0,0,2,0,0,0,0,0,0,9,92,0,0,0,1,4,10,34,0,0,1,0,97,0,0,0,0,0,0,0,0,0,76,1,1,17,52,0,5,0,39,0,4,0,91,4,0,0,0,0,0,0,10,6,29,28,16,18
"2013-10-03",99,195,0,2,25,27,131,10,2,4,8,4,1,3,4,0,0,0,28,0,5,5,0,1,1,0,5,5,1692.9,4838.625,507.375,594,9983.28375,2611.125,0,297,0,19,32,46,2,74,5,9,0,0,0,0,0,2,0,1,0,0,0,0,0,0,0,0,0,0,0,0,0,0,1,0,1,0,0,0,2,2,90,3,0,0,0,1,11,46,1,0,0,0,91,0,0,0,0,0,0,0,0,1,71,4,0,18,50,0,0,0,38,1,6,0,91,2,0,0,0,0,0,1,12,6,28,20,9,24
"2013-10-04",86,175,0,0,23,23,127,11,1,2,0,1,0,1,1,0,0,0,31,0,2,2,0,0,0,0,0,0,1323.68333333333,4733.58333333333,494.5,547.533333333333,8689.15333333333,723.833333333333,0,344,0,11,30,45,0,73,2,0,0,0,0,0,0,1,1,0,1,0,0,1,0,0,0,1,0,0,0,0,0,0,1,0,1,0,0,0,1,5,76,2,0,0,0,2,13,26,0,0,0,0,75,0,0,0,0,0,0,0,0,1,54,1,0,24,51,0,3,0,24,0,0,0,57,17,0,0,0,0,0,0,9,8,22,19,10,18
"2013-10-05",73,152,0,1,19,20,114,2,1,4,3,0,3,3,1,0,0,0,21,0,1,1,0,3,3,0,3,3,1013.48333333333,3601.33333333333,462.333333333333,238.1625,7387.44791666667,416.708333333333,73,365,0,15,30,27,1,59,1,3,0,0,0,0,0,0,0,1,1,0,0,0,0,0,0,0,1,0,0,0,0,0,0,0,0,0,0,0,3,3,63,3,0,0,0,2,17,29,0,0,0,0,66,0,0,1,0,1,0,0,0,0,38,2,1,24,34,0,1,1,34,0,0,0,61,5,0,0,0,0,0,0,7,6,15,19,4,22
"2013-10-06",58,111,0,1,14,15,78,0,0,0,2,0,0,5,2,0,0,0,24,0,5,5,0,0,0,0,1,1,688.75,3994.75,439.833333333333,348.966666666667,5855.43833333333,751.583333333333,58,348,0,10,20,27,1,43,5,2,0,0,0,0,0,0,0,0,0,2,0,0,0,0,0,0,0,0,0,0,0,0,0,0,0,0,0,0,0,2,50,0,0,0,0,0,10,21,0,0,0,0,34,0,0,0,0,0,0,0,0,20,31,2,1,19,28,0,2,0,23,0,0,0,26,11,17,0,0,0,0,0,7,4,19,4,7,17
"2013-10-07",104,208,1,0,28,29,149,8,0,5,3,0,1,2,4,0,0,1,35,1,3,4,0,0,0,0,2,2,1702.13333333333,8203,940.333333333333,1308.66666666667,10375.3866666667,2240.33333333333,0,0,1,21,33,49,0,93,4,1,0,0,0,0,0,0,0,0,0,0,0,0,0,0,0,1,0,0,0,0,0,0,0,0,0,0,0,0,3,1,98,3,1,0,1,3,11,37,1,0,0,0,52,0,0,0,0,0,0,0,0,42,59,13,0,25,51,0,3,1,43,0,2,0,36,20,32,0,6,1,0,1,14,3,31,20,12,24
"2013-10-08",94,176,0,0,18,18,113,13,0,3,5,1,2,2,5,0,0,0,32,0,7,7,0,0,0,0,4,4,952.533333333333,6086.5,466.083333333333,338.791666666667,9530.03333333333,2353.91666666667,0,94,0,17,26,51,0,66,7,5,0,0,0,1,1,1,1,0,0,0,0,0,0,0,0,1,1,0,0,0,0,0,1,0,1,0,0,0,1,4,81,2,0,0,0,3,17,31,1,0,0,0,84,0,0,0,0,0,0,0,1,1,67,4,0,18,31,0,3,0,49,0,5,0,83,3,0,0,0,0,0,0,10,6,25,15,12,26
"2013-10-09",102,207,0,0,20,20,142,9,2,1,5,1,3,2,0,0,0,1,41,0,2,2,0,2,2,0,5,5,1249.075,6243.25,403.75,464.1,10402.0025,2253.27272727273,0,204,0,18,36,48,0,86,2,5,0,0,0,0,0,0,0,0,0,1,0,0,0,0,0,1,0,0,0,0,0,0,2,0,0,0,0,0,1,4,93,1,0,0,1,3,14,36,0,1,0,0,92,0,0,0,0,0,0,0,0,1,71,3,0,16,61,0,1,0,36,0,1,0,91,1,1,0,0,0,0,0,10,13,24,24,11,20
"2013-10-10",94,188,0,1,30,31,120,15,0,4,9,2,3,2,3,0,0,1,29,0,3,3,0,1,1,0,6,6,1256.91428571429,5765.33333333333,349.142857142857,525.057142857143,9545.20761904762,2068,0,282,0,22,26,45,1,70,3,8,0,0,0,0,0,0,0,2,2,0,0,0,0,0,0,0,1,0,0,0,0,0,1,0,0,0,0,0,2,6,81,2,0,0,0,2,15,35,0,0,0,0,87,0,0,0,0,0,0,0,0,0,74,1,0,10,47,0,6,1,35,0,0,0,89,0,0,0,0,0,0,0,10,5,26,17,15,21
"2013-10-11",87,172,0,1,17,18,122,8,1,1,3,0,4,3,2,0,0,1,27,0,5,5,0,2,2,0,2,2,1299.2,5491.875,416.875,668.8125,8812.33875,2080.4347826087,0,348,0,15,30,41,1,72,5,2,0,0,0,0,0,0,0,0,1,0,0,0,0,0,0,1,3,0,0,0,0,0,0,0,0,0,0,0,1,5,79,1,0,0,1,4,9,35,3,0,0,0,79,0,0,0,0,1,0,0,0,0,59,1,0,19,40,0,4,0,34,1,2,0,79,0,0,0,0,0,0,0,5,4,24,19,18,17
"2013-10-12",82,160,0,0,16,16,115,2,0,4,0,1,3,1,2,0,0,0,32,0,3,3,0,0,0,0,0,0,1220.43333333333,5951.83333333333,553.5,795.058333333333,8328.6375,2015.83333333333,82,410,0,9,35,38,0,62,4,0,0,0,0,0,0,0,0,1,1,1,0,0,0,0,0,1,0,0,0,0,0,0,0,1,0,0,0,0,2,4,66,3,0,0,0,3,11,25,0,0,0,0,75,0,0,0,0,0,0,0,0,2,49,3,2,19,29,0,4,3,42,0,0,0,74,0,1,0,0,0,0,0,15,10,17,13,13,14
"2013-10-13",55,106,0,0,12,12,79,1,0,2,3,1,1,4,1,0,0,0,14,0,4,4,0,1,1,0,3,3,846.541666666667,3795,304.791666666667,520.666666666667,5595.19583333333,802.083333333333,55,330,0,12,23,20,0,38,4,3,0,0,0,0,0,0,3,0,1,0,0,0,0,0,0,0,0,0,1,0,0,0,0,0,1,0,0,0,1,5,45,2,1,0,0,1,11,20,0,0,0,0,49,0,0,0,0,0,0,0,0,2,25,1,2,25,22,1,2,1,29,0,0,0,47,3,1,0,0,0,0,0,3,3,18,8,6,17
"2013-10-14",51,96,0,2,12,14,73,0,0,0,2,0,1,3,1,0,0,0,16,0,1,1,0,0,0,0,2,2,718.25,4515.625,235.875,619.65,5177.66875,954.125,0,0,0,10,17,22,2,36,1,2,0,0,0,0,0,0,0,0,0,1,1,0,0,0,0,1,4,0,0,1,0,0,1,0,0,0,0,0,1,9,39,1,0,0,0,2,11,19,1,0,0,0,19,0,0,0,1,0,0,0,1,25,31,2,1,13,18,0,1,1,26,0,1,0,17,11,17,1,0,0,0,0,3,3,19,11,7,8
"2013-10-15",83,160,0,0,14,14,104,10,0,5,6,2,1,1,2,0,0,1,28,0,2,2,0,0,0,0,4,4,1112.54583333333,6847.5,449.583333333333,865.966666666667,8414.54,1947.04166666667,0,83,0,13,32,38,0,64,3,5,0,0,0,0,0,0,2,0,0,0,0,0,0,0,0,0,0,0,0,0,0,0,0,0,0,0,0,0,1,2,72,1,1,0,0,3,13,31,0,0,0,0,75,0,0,0,0,0,0,0,0,0,58,3,0,15,37,0,4,0,31,0,1,0,47,27,0,1,0,0,0,0,10,6,22,20,14,11
"2013-10-16",83,165,0,0,19,19,123,7,0,3,5,1,0,1,1,0,0,0,24,0,5,5,0,0,0,0,4,4,1295.14583333333,6380.625,574.083333333333,951.733333333333,8326.31791666667,1424.83333333333,0,166,0,17,30,36,0,62,5,5,0,0,0,0,0,1,0,1,0,0,0,0,0,0,0,1,0,0,0,0,0,0,0,0,0,0,0,0,3,2,73,3,0,0,0,2,8,35,2,0,0,0,45,0,0,0,0,0,0,0,0,28,49,5,0,23,41,0,5,0,33,0,2,0,34,18,21,0,0,0,0,0,15,6,21,14,9,18
"2013-10-17",94,184,0,1,18,19,138,10,1,4,4,0,1,0,2,0,0,1,23,0,4,4,0,1,1,0,1,1,1334.01666666667,7281.08333333333,438.666666666667,954.1,9386.56583333333,1912.69565217391,0,282,0,13,38,42,1,72,3,4,0,0,0,0,0,0,0,0,1,1,0,0,0,0,0,3,1,0,2,0,0,0,1,0,0,0,0,1,1,9,79,2,0,0,1,1,14,36,0,0,1,0,73,0,0,0,0,0,0,0,1,12,61,3,0,24,43,0,5,0,41,0,3,0,65,15,7,0,0,0,0,0,6,9,30,17,13,19
"2013-10-18",105,212,0,1,22,23,148,11,0,1,9,2,0,6,1,0,0,0,34,0,5,5,0,0,0,0,9,9,1287.5625,7997.5,490,837.8125,10469.06875,2043.125,0,420,0,21,37,46,1,78,6,9,0,0,0,0,0,0,1,2,0,0,0,0,0,0,0,1,0,0,0,0,1,0,1,0,0,0,0,1,0,6,93,1,1,0,0,1,12,41,3,0,0,0,60,0,0,0,0,0,0,0,0,33,68,5,0,23,56,0,4,0,41,0,1,0,52,28,15,0,1,0,0,0,8,7,33,20,13,24
"2013-10-19",71,137,0,4,10,14,96,2,0,2,4,0,0,4,4,0,0,1,24,0,6,6,0,0,0,0,3,3,849.041666666667,5005.5,411.208333333333,473.0375,7093.72833333333,1177.41666666667,71,355,0,8,30,30,3,52,4,3,0,0,0,1,0,0,0,0,1,2,0,0,0,0,0,1,1,0,1,0,0,0,1,0,0,0,0,0,1,7,60,1,0,0,0,1,9,23,0,0,0,0,54,0,0,0,0,0,0,0,0,9,35,3,0,27,34,0,1,1,32,0,0,0,38,18,7,0,0,0,0,0,10,5,22,12,9,13
"2013-10-20",61,118,0,3,9,12,84,2,0,0,2,0,1,1,1,0,0,0,27,0,1,1,0,1,1,0,1,1,572.891666666667,3914.16666666667,378.708333333333,162.158333333333,6090.39913043478,1159,61,366,0,5,21,32,3,49,1,1,0,0,0,1,0,0,0,0,0,1,0,0,0,0,0,1,0,0,0,0,0,0,1,0,0,0,0,0,0,3,52,0,0,0,0,2,9,17,0,0,0,0,42,0,0,0,0,0,0,0,0,11,32,0,0,25,25,0,2,0,30,0,1,0,36,8,7,0,0,0,0,0,5,4,14,9,10,19
"2013-10-21",85,162,0,1,30,31,115,13,2,1,4,2,1,0,1,0,0,0,23,0,6,6,0,1,1,0,3,3,849.645833333333,5879.16666666667,410.833333333333,382.145833333333,8539.34791666667,1653.95833333333,0,0,0,27,19,38,1,62,7,3,0,0,0,0,0,0,2,1,1,0,0,0,0,1,0,1,1,0,0,0,0,0,0,1,0,0,0,0,2,7,72,3,2,0,0,1,13,32,1,1,0,0,59,0,0,0,0,0,0,0,0,13,54,7,1,14,44,0,4,0,33,0,2,0,42,27,7,0,0,0,0,0,14,4,24,13,11,19
"2013-10-22",76,144,0,0,18,18,100,13,1,2,0,1,1,3,4,0,0,1,18,0,3,3,0,1,1,0,0,0,765.7,4604.33333333333,462.333333333333,196.016666666667,7576.59833333333,1437.66666666667,0,76,0,14,31,31,0,56,3,0,0,0,0,0,0,0,0,1,0,1,1,0,0,0,0,1,0,0,0,0,0,0,3,0,0,0,0,1,1,7,59,2,1,0,0,2,6,29,0,1,0,0,50,0,0,0,0,0,0,0,0,19,47,6,3,9,43,0,4,0,24,0,3,0,38,18,12,0,1,0,0,0,10,11,16,14,9,16
"2013-10-23",110,223,0,0,16,16,145,14,0,3,3,1,3,9,1,0,0,2,42,0,5,5,0,2,2,0,2,2,626.083333333333,6838.33333333333,531.666666666667,-122.375,10956.7791666667,2268.75,0,220,0,15,38,57,0,85,5,3,0,1,0,1,1,1,1,0,1,0,0,0,0,0,0,0,0,1,0,0,0,0,1,0,0,0,0,1,1,4,97,2,2,0,1,2,16,32,1,0,0,0,87,0,0,1,0,0,0,0,0,5,72,5,1,17,44,0,10,0,48,0,1,0,81,14,0,0,0,0,0,0,6,10,32,26,19,17
"2013-10-24",86,172,1,1,21,23,128,5,1,1,4,0,0,3,4,0,0,0,26,1,1,2,0,0,0,0,3,3,324.65,5597.16666666667,458.666666666667,-192.066666666667,8575.49,1816.75,0,258,1,14,33,37,1,67,4,4,0,0,0,0,0,0,0,0,0,0,0,0,0,0,0,0,1,0,0,0,0,0,1,0,0,0,0,0,0,2,75,0,1,0,0,3,14,30,0,0,0,0,75,0,0,0,0,1,0,0,0,0,54,4,0,19,42,0,1,0,36,0,2,0,58,18,0,0,0,0,0,0,14,5,17,14,12,24
"2013-10-25",101,191,0,6,16,22,138,8,2,1,3,0,0,0,4,0,0,0,35,0,7,7,0,0,0,0,3,3,374.9625,6514.5,483.958333333333,-256.2875,10173.3933333333,2276.70833333333,0,404,0,13,30,52,6,64,9,3,0,0,0,0,1,0,0,0,0,0,0,0,0,0,0,1,0,0,4,0,0,0,4,0,0,0,0,0,1,9,77,1,2,0,0,2,23,32,1,0,0,0,83,0,0,0,0,0,0,0,0,4,50,7,0,32,42,0,4,1,45,0,2,0,63,25,1,0,0,0,0,0,9,4,33,20,10,25
"2013-10-26",73,145,0,1,15,16,111,2,1,0,0,0,0,5,0,0,0,0,26,0,6,6,0,0,0,0,0,0,297.170833333333,5651.41666666667,492.75,27.9833333333333,7315.11708333333,1268.375,73,365,0,12,31,29,1,57,5,0,0,0,0,0,0,0,1,0,2,0,0,0,0,1,0,0,1,0,0,0,0,0,0,0,0,0,0,0,1,5,62,1,0,0,0,2,6,29,0,0,0,0,20,0,0,0,0,1,0,0,0,46,31,6,0,30,30,0,3,0,40,0,0,0,18,9,39,0,1,0,0,0,7,10,16,10,8,22