"Date","NB_Accidents","NB_VEH_IMPLIQUES_ACCDN","NB_MORTS","NB_BLESSES_GRAVES","NB_BLESSES_LEGERS","NB_VICTIMES_TOTAL","nb_automobile_camion_leger","nb_camionLourd_tractRoutier","nb_outil_equipement","nb_tous_autobus_minibus","nb_bicyclette","nb_cyclomoteur","nb_motocyclette","nb_taxi","nb_urgence","nb_motoneige","nb_VHR","nb_autres_types","nb_veh_non_precise","NB_DECES_PIETON","NB_BLESSES_PIETON","NB_VICTIMES_PIETON","NB_DECES_MOTO","NB_BLESSES_MOTO","NB_VICTIMES_MOTO","NB_DECES_VELO","NB_BLESSES_VELO","NB_VICTIMES_VELO","Temp","Rel.Hum","Wind.Spd","Dew.Point.Temp","Stn_Press","Wind.Dir","weekdays","days","SeverityDeadly","SeverityLight Injury","SeverityMaterial High","SeverityMaterial Low","SeveritySevere Injury","as.factor(Accident_Type)31","as.factor(Accident_Type)32","as.factor(Accident_Type)33","as.factor(Accident_Type)34","as.factor(Accident_Type)35","as.factor(Accident_Type)36","as.factor(Accident_Type)37","as.factor(Accident_Type)38","as.factor(Accident_Type)39","as.factor(Accident_Type)40","as.factor(Accident_Type)41","as.factor(Accident_Type)42","as.factor(Accident_Type)43","as.factor(Accident_Type)44","as.factor(Accident_Type)45","as.factor(Accident_Type)46","as.factor(Accident_Type)47","as.factor(Accident_Type)48","as.factor(Accident_Type)49","as.factor(Accident_Type)50","as.factor(Accident_Type)51","as.factor(Accident_Type)52","as.factor(Accident_Type)53","as.factor(Accident_Type)54","as.factor(Accident_Type)55","as.factor(Accident_Type)59","as.factor(Accident_Type)71","as.factor(Accident_Type)72","as.factor(Accident_Type)73","as.factor(Accident_Type)74","as.factor(Accident_Type)75","as.factor(Accident_Type)99","Accident_CategoryFixed Object","Accident_CategoryMoving Object","Accident_CategoryNo Collision","Auth_Speed10","Auth_Speed100","Auth_Speed20","Auth_Speed30","Auth_Speed40","Auth_Speed50","Auth_Speed60","Auth_Speed70","Auth_Speed80","Auth_Speed90","Surface_CondDry","Surface_CondHard snow","Surface_CondIce","Surface_CondMud","Surface_CondOil","Surface_CondSand or gravel","Surface_CondSlush","Surface_CondSnow","Surface_CondWater accumulation","Surface_CondWet","IlluminationDay and clear","IlluminationDay and semi-dark","IlluminationNight and dark","IlluminationNight and lighted","EnvironmentCommercial","EnvironmentForest","EnvironmentIndustrial","EnvironmentPark","EnvironmentResidential","EnvironmentRural","EnvironmentSchool area","WeatherBlack Ice","WeatherClear Sky","WeatherCloudy","WeatherDrizzle","WeatherFoggy","WeatherHeavy Rain","WeatherSnow","WeatherSnowstorms","WeatherStrong Wind","cluster_id_0","cluster_id_1","cluster_id_2","cluster_id_3","cluster_id_4","cluster_id_5"
"2013-10-27",75,140,0,0,15,15,109,2,0,1,0,2,0,1,2,0,0,0,23,0,3,3,0,0,0,0,0,0,415,5315.625,315.625,37.5,7509.03125,1459.375,75,450,0,14,29,32,0,56,4,0,0,0,0,0,0,0,4,1,0,0,0,0,0,0,0,1,0,0,2,0,0,0,0,0,1,0,0,0,1,8,60,2,2,0,0,2,10,25,0,0,0,0,38,0,0,0,0,0,0,0,0,25,29,5,0,31,38,0,2,1,30,0,1,0,26,23,18,0,0,0,0,0,9,6,21,12,9,18
"2013-10-28",89,170,1,1,21,23,108,10,0,2,7,0,1,4,4,0,0,1,33,1,7,8,0,0,0,0,6,6,354.145833333333,5558.79166666667,723.125,-254.7625,9005.57625,2362.20833333333,0,0,1,20,30,37,1,65,9,7,0,0,0,1,0,0,0,0,0,0,0,0,0,0,0,0,0,1,2,0,0,0,1,0,0,0,0,0,0,4,82,0,0,0,0,3,8,40,0,0,0,0,58,0,0,0,0,0,0,0,0,21,51,9,0,22,45,0,4,0,31,1,3,0,57,8,14,0,0,0,0,0,11,8,21,19,9,21
"2013-10-29",76,152,0,0,10,10,109,6,0,4,4,0,1,2,1,0,0,0,25,0,0,0,0,1,1,0,4,4,19.3166666666667,4743.66666666667,402.166666666667,-468.35,7759.06166666667,2042.08695652174,0,76,0,10,26,40,0,61,0,4,0,0,0,0,1,0,0,0,1,0,0,0,0,0,0,0,0,0,1,0,0,0,2,0,0,0,0,0,1,4,66,1,2,0,0,0,10,27,2,0,0,0,65,0,1,0,0,0,0,0,0,1,47,7,0,14,34,0,3,1,34,0,2,0,56,9,1,0,0,0,0,0,4,4,15,15,15,23
"2013-10-30",77,154,1,0,32,33,115,9,0,2,2,0,2,3,1,0,0,0,20,1,5,6,0,1,1,0,2,2,210.145833333333,5242.41666666667,346.5,-209.504166666667,7810.3025,1540,0,154,1,23,23,30,0,59,7,2,0,1,0,0,0,0,0,0,0,2,0,0,0,0,0,1,1,0,0,0,0,0,0,0,0,0,0,1,1,4,69,2,1,0,0,5,10,38,1,0,0,0,68,0,0,1,0,0,0,0,0,3,47,2,0,21,34,0,3,2,35,0,1,0,52,18,1,0,0,0,0,0,5,6,23,16,11,16
"2013-10-31",100,183,0,0,33,33,149,7,0,4,2,0,0,3,4,0,0,0,14,0,16,16,0,0,0,0,2,2,793.333333333333,8820.83333333333,662.5,610.833333333333,10020,1737.5,0,300,0,28,34,38,0,66,16,2,0,0,0,0,0,0,1,0,2,0,0,1,0,0,0,2,3,0,0,0,0,0,2,0,0,0,0,0,2,11,84,2,0,0,0,2,9,52,1,0,0,0,17,0,0,0,0,0,0,0,2,76,41,16,0,39,48,0,1,0,46,0,4,0,11,10,65,0,9,0,0,0,13,11,21,21,9,25
"2013-11-01",113,222,1,2,31,34,176,6,0,1,4,0,0,3,2,0,0,1,29,0,11,11,0,0,0,1,3,4,1552.80833333333,8470.29166666667,1097.04166666667,1023.59166666667,11109.9716666667,2104.625,0,452,1,25,42,43,2,78,11,3,0,0,0,0,1,5,1,1,2,1,0,0,0,0,0,1,0,0,1,0,0,0,0,0,0,0,0,1,0,7,98,1,2,0,0,4,15,42,0,0,0,0,68,0,0,0,0,0,0,0,1,36,66,9,0,32,60,0,7,0,43,0,1,0,27,19,25,0,2,0,0,33,8,14,32,16,19,24
"2013-11-02",78,157,0,0,17,17,123,3,0,3,1,0,0,4,1,0,0,0,22,0,3,3,0,0,0,0,1,1,410.8,5677.75,646.75,45.5,7783.62,2418,78,390,0,14,30,34,0,63,4,1,0,0,0,0,0,1,0,0,0,0,0,0,0,0,0,0,2,0,1,0,0,0,2,0,0,0,0,0,0,5,69,0,0,0,0,3,13,26,0,0,0,0,33,0,0,0,0,0,0,0,0,33,34,5,2,28,43,0,0,0,31,1,1,0,20,19,23,0,0,0,0,1,7,10,17,12,11,21
"2013-11-03",55,110,0,0,8,8,84,4,1,2,0,1,0,2,2,0,0,0,14,0,2,2,0,0,0,0,0,0,37.125,2507.08333333333,515.625,-550.458333333333,5588.84791666667,1929.58333333333,55,330,0,5,27,23,0,42,2,0,0,0,0,0,0,0,2,0,0,0,0,0,0,0,0,0,0,0,1,0,0,0,0,0,0,0,0,0,2,3,44,2,1,0,0,1,9,18,0,0,0,0,47,0,0,0,0,0,0,0,0,0,18,3,4,21,24,0,1,1,26,0,0,0,45,1,0,0,0,0,0,0,4,3,19,10,9,10
"2013-11-04",88,167,0,1,27,28,121,11,0,2,4,1,1,4,1,0,0,0,22,0,8,8,0,1,1,0,2,2,54.2666666666667,3967.33333333333,524.333333333333,-880.733333333333,9053.88,1881,0,0,0,23,30,34,1,63,8,3,0,0,0,0,0,0,1,0,1,0,0,0,0,0,0,3,1,0,0,0,0,0,2,0,1,0,0,0,2,8,74,3,1,0,0,3,11,29,0,1,0,0,81,0,1,0,0,0,0,0,0,1,57,9,0,14,39,0,4,0,42,0,2,0,78,3,0,0,0,0,0,0,5,9,14,21,12,27
"2013-11-05",63,116,0,0,16,16,86,12,0,1,3,0,1,2,0,0,0,0,11,0,2,2,0,1,1,0,3,3,295.05,3276,409.5,-282.45,6449.1525,1050,0,63,0,13,22,28,0,46,3,3,0,0,0,0,0,0,0,1,1,0,0,0,0,1,0,1,0,0,1,0,0,0,3,0,0,0,0,0,1,8,52,1,2,0,0,4,7,23,1,0,0,0,58,0,0,1,0,0,0,0,0,0,34,2,1,21,24,0,6,0,29,0,4,0,49,10,0,0,0,0,0,0,4,5,20,13,7,14
"2013-11-06",69,132,0,0,25,25,100,4,1,3,4,0,0,2,1,0,0,0,17,0,2,2,0,0,0,0,2,2,662.6875,4680.5,506,268.525,6969.66125,1216.125,0,138,0,16,20,33,0,50,3,4,0,0,0,0,0,0,1,0,0,0,0,0,0,0,0,0,2,0,1,0,0,1,1,0,0,0,0,0,2,6,57,2,0,0,0,1,10,26,1,0,0,0,44,0,0,0,0,0,0,0,0,18,28,9,0,28,39,0,4,0,22,0,1,0,30,20,13,0,0,0,0,0,10,3,20,12,5,19
"2013-11-07",73,153,1,0,22,23,123,5,0,3,1,0,1,4,2,0,0,1,13,0,1,1,1,0,1,0,1,1,543.241666666667,5128.25,483.625,159.6875,7290.17541666667,1593.83333333333,0,219,1,18,28,26,0,62,1,2,0,0,0,0,0,0,1,0,0,0,0,0,0,0,0,1,1,0,1,0,0,0,0,0,0,0,0,0,2,4,65,2,0,0,0,1,10,35,2,0,0,0,58,0,0,0,0,0,0,0,0,11,36,10,0,22,33,0,3,1,32,0,2,0,33,27,6,1,1,0,0,0,7,2,20,17,4,23
"2013-11-08",72,144,0,0,18,18,104,10,0,2,1,0,1,1,2,0,0,0,23,0,1,1,0,0,0,0,1,1,180.3,4332,375,-323.4,7226.55,1569,0,288,0,14,24,34,0,57,1,1,0,0,0,0,0,0,0,0,1,1,0,0,0,0,0,1,0,0,1,0,0,0,2,0,0,0,0,0,2,6,59,2,0,0,0,2,6,32,1,0,0,0,66,0,0,0,0,0,0,0,0,3,35,12,0,24,42,0,0,0,26,0,2,0,47,22,1,0,0,0,0,0,6,7,25,9,8,17
"2013-11-09",49,96,0,0,16,16,72,0,1,1,1,1,0,4,3,0,0,0,13,0,2,2,0,0,0,0,0,0,105.35,2933.875,238.875,-241.733333333333,4946.44791666667,988.166666666667,49,245,0,12,14,23,0,42,2,1,0,0,0,0,0,0,0,0,0,0,0,0,0,0,0,1,0,0,0,0,0,0,0,0,0,0,0,0,2,1,45,2,0,0,0,2,5,22,0,1,0,0,42,0,1,0,0,0,0,0,0,4,24,4,1,17,25,0,3,0,17,0,1,0,29,15,2,0,0,1,0,0,5,1,12,7,5,19
"2013-11-10",72,130,0,0,18,18,105,5,0,0,0,0,0,6,1,0,0,0,13,0,6,6,0,0,0,0,0,0,267.6,6351,387,140.4,7184.01,1443,72,432,0,15,31,26,0,46,5,0,0,0,0,0,1,0,1,0,1,0,0,0,1,0,0,4,1,1,1,0,0,0,0,0,0,0,1,0,1,10,52,2,2,0,0,2,8,33,0,0,0,1,8,0,0,0,0,0,0,0,0,60,24,5,1,39,33,0,0,2,32,1,1,0,9,6,52,0,1,0,0,0,4,7,21,8,12,20
"2013-11-11",73,132,0,4,32,36,99,10,1,4,4,0,0,0,4,0,0,0,10,0,14,14,0,0,0,0,4,4,136.570833333333,5602.75,520.125,-135.354166666667,7329.65625,1460,0,0,0,24,27,19,3,44,16,4,0,0,0,0,0,0,1,0,1,2,1,0,0,0,0,1,0,0,0,0,0,0,1,0,0,0,0,0,0,7,64,0,0,0,0,1,6,40,0,0,0,0,20,0,0,0,0,0,0,0,0,50,24,3,1,42,33,0,4,1,30,0,4,0,6,18,44,0,2,0,0,0,9,7,18,8,12,19
"2013-11-12",61,111,0,1,16,17,90,8,0,3,0,0,0,1,3,0,0,0,6,0,4,4,0,0,0,0,0,0,-169.529166666667,3634.58333333333,343.125,-585.6,6163.99916666667,1380.125,0,61,0,11,25,24,1,45,6,0,0,0,0,0,0,0,2,0,1,0,0,0,0,0,0,1,0,0,0,0,0,0,3,0,0,0,0,0,1,7,51,1,0,0,0,2,9,30,0,0,0,0,54,0,0,0,0,0,0,0,0,3,39,4,0,16,36,0,3,1,18,0,1,0,38,17,1,0,0,0,0,1,7,6,12,12,10,14
"2013-11-13",55,105,0,1,11,12,79,6,1,3,1,0,1,4,1,0,0,0,9,0,5,5,0,1,1,0,1,1,-188.833333333333,3428.33333333333,387.291666666667,-536.25,5573.21875,1141.25,0,110,0,10,20,24,1,40,7,0,0,0,0,0,1,0,0,0,1,1,0,0,0,0,0,1,0,0,0,0,0,0,1,0,1,0,0,0,0,4,48,1,1,0,0,1,7,23,0,0,0,0,51,0,0,0,0,0,0,0,0,0,33,6,0,12,30,0,3,0,21,0,1,0,42,7,0,0,0,0,0,0,2,6,15,12,11,9
"2013-11-14",62,114,0,1,22,23,85,6,0,1,2,0,0,2,1,0,0,0,17,0,8,8,0,0,0,0,2,2,243.35,3955.08333333333,493.416666666667,-148.025,6231.10333333333,1103.08333333333,0,186,0,16,20,25,1,45,8,2,0,0,0,0,0,0,1,0,0,0,0,0,0,1,0,0,0,0,0,0,0,0,2,0,0,0,0,0,0,4,55,0,0,0,1,3,9,20,1,0,0,0,56,0,0,0,0,0,0,0,0,1,36,6,0,18,26,0,3,1,28,0,3,0,34,22,0,0,0,0,0,0,9,6,12,8,9,18
"2013-11-15",68,136,0,0,15,15,109,12,0,1,0,0,0,0,4,0,0,1,9,0,0,0,0,0,0,0,0,0,515.383333333333,3264,493,-192.383333333333,6854.315,1170.16666666667,0,272,0,12,22,34,0,58,0,0,0,0,0,0,1,0,3,1,0,0,0,0,0,0,0,1,0,0,1,0,0,0,0,0,0,0,0,0,0,6,59,0,1,0,1,0,11,27,1,0,0,0,63,0,0,0,0,0,0,0,0,0,35,2,0,28,32,0,2,0,33,0,1,0,50,12,0,0,0,0,0,0,4,5,20,12,11,16
"2013-11-16",67,134,0,0,23,23,104,5,2,2,3,1,0,1,1,0,0,0,15,0,0,0,0,0,0,0,2,2,557.216666666667,3093.16666666667,295.916666666667,-180.620833333333,6791.23166666667,1235.13043478261,67,335,0,11,27,29,0,54,0,2,0,0,0,0,0,0,1,0,1,0,0,0,0,0,0,1,1,0,2,0,0,0,0,0,0,0,0,0,0,6,56,0,0,0,0,0,10,34,1,0,0,0,63,0,0,0,0,0,0,0,0,0,34,5,0,26,35,0,5,0,24,1,0,0,62,2,0,0,0,0,0,0,8,7,10,7,15,20
"2013-11-17",50,96,0,0,22,22,81,0,1,0,0,1,0,2,2,0,0,0,9,0,2,2,0,0,0,0,0,0,488.541666666667,3706.25,366.666666666667,260.208333333333,5028.66666666667,877.083333333333,50,300,0,17,16,17,0,40,3,0,0,0,0,0,1,0,0,0,0,0,0,0,0,0,0,2,0,0,0,0,0,0,0,0,0,0,1,0,2,2,44,3,0,0,1,1,7,26,0,1,0,0,23,0,0,0,0,0,0,0,0,24,18,9,0,23,27,0,1,0,20,0,0,0,20,3,24,0,1,0,0,0,5,1,12,12,7,13
"2013-11-18",56,110,0,1,21,22,82,7,1,1,2,1,2,4,1,0,0,0,9,0,5,5,0,1,1,0,2,2,544.366666666667,3693.66666666667,662.666666666667,192.733333333333,5530.81666666667,1024.33333333333,0,0,0,18,17,20,1,41,3,2,0,0,0,0,0,0,1,1,0,0,0,0,0,0,0,1,0,0,1,0,0,0,2,0,0,0,0,0,2,6,46,2,0,0,0,1,7,24,0,0,0,0,35,0,0,0,0,0,0,0,0,16,29,7,1,17,33,0,1,1,19,0,1,0,23,18,8,0,2,0,0,2,6,4,12,10,13,11
"2013-11-19",53,100,0,0,14,14,71,8,0,3,3,0,0,1,3,0,0,0,11,0,6,6,0,0,0,0,2,2,3.75416666666667,2650,399.708333333333,-485.6125,5339.66166666667,1481.79166666667,0,53,0,13,15,25,0,37,6,3,0,0,0,0,0,0,0,0,0,0,0,0,0,0,0,2,0,0,0,0,0,0,2,0,0,0,0,0,1,4,46,1,1,0,0,2,5,29,1,0,0,0,48,0,0,0,0,0,0,0,0,3,23,5,1,22,25,0,2,0,23,0,0,0,32,17,0,0,0,0,0,2,6,4,15,8,5,15
"2013-11-20",68,130,0,2,17,19,101,8,1,3,1,0,0,5,3,0,0,0,8,0,9,9,0,0,0,0,1,1,-101.433333333333,3663.5,362.666666666667,-658.75,6978.27333333333,1660.33333333333,0,136,0,17,27,22,2,53,10,1,0,0,0,0,0,0,0,1,2,0,0,0,0,0,0,0,0,0,1,0,0,0,0,0,0,0,0,0,0,4,64,0,0,0,0,4,11,34,0,0,0,0,67,0,0,0,0,0,0,0,0,0,47,4,0,17,35,0,0,0,25,0,6,0,64,3,0,0,0,0,0,0,8,2,21,13,11,13
"2013-11-21",77,141,1,2,22,25,107,4,1,3,2,0,0,2,6,0,0,0,16,1,6,7,0,0,0,0,2,2,35.6125,5049.91666666667,410.666666666667,-407.779166666667,7878.09458333333,1485.45833333333,0,231,1,20,27,27,2,57,9,2,0,1,0,0,1,0,1,0,0,0,0,0,0,0,0,1,0,0,0,0,0,0,0,0,0,0,0,0,1,2,70,1,2,0,0,3,14,37,0,0,0,0,70,0,0,0,0,0,0,0,0,3,44,5,0,25,34,0,6,1,33,0,1,0,61,12,2,0,0,0,0,0,10,3,19,10,14,21
"2013-11-22",80,156,0,0,32,32,125,10,0,0,2,0,0,6,1,0,0,0,12,0,12,12,0,0,0,0,2,2,282.333333333333,6253.33333333333,440,-9.66666666666666,8069.46666666667,1530,0,320,0,27,32,21,0,54,11,2,0,1,0,0,0,0,1,0,1,0,0,0,0,0,0,0,0,0,0,0,0,0,1,0,0,0,0,0,2,3,68,2,0,0,0,1,10,41,0,0,0,0,21,0,0,0,0,0,0,0,0,58,39,7,0,34,49,0,4,1,25,1,0,0,16,20,41,1,0,0,0,0,4,10,18,18,15,15
"2013-11-23",44,88,0,2,17,19,71,0,1,2,0,0,0,3,1,0,0,0,10,0,1,1,0,0,0,0,0,0,-106.883333333333,2920.5,319,-347.233333333333,4412.99833333333,1079.83333333333,44,220,0,10,25,7,2,34,1,0,0,0,0,0,0,0,1,0,0,0,0,0,0,0,0,1,1,0,0,0,0,0,0,1,0,0,0,0,1,3,35,2,0,0,0,1,9,26,0,0,0,0,34,0,1,0,0,0,0,1,0,4,12,1,0,27,18,0,1,0,21,0,1,0,25,12,0,0,1,1,0,0,0,5,16,4,6,13
"2013-11-24",37,67,0,0,9,9,56,2,0,0,1,0,0,1,1,0,0,0,6,0,1,1,0,0,0,0,1,1,-300.1625,1782.16666666667,326.833333333333,-642.258333333333,3730.4325,1023.66666666667,37,222,0,6,18,13,0,27,1,1,0,1,0,0,0,0,1,0,1,0,0,0,0,0,0,1,1,0,2,1,0,0,0,0,0,0,0,0,0,7,30,0,1,0,0,0,7,15,0,0,0,0,35,0,0,0,0,0,0,0,0,0,12,3,2,17,19,0,1,1,15,0,1,0,24,9,0,0,0,0,0,1,3,3,12,5,4,10
"2013-11-25",54,106,0,0,4,4,80,8,1,0,1,0,0,3,1,0,0,0,12,0,0,0,0,0,0,0,1,1,-403.2,3055.5,348.75,-797.85,5478.1425,1071,0,0,0,4,19,31,0,44,1,1,0,0,0,0,0,0,1,0,1,1,0,0,0,0,0,0,0,0,2,0,0,0,1,0,0,0,0,0,0,6,46,0,1,0,0,1,14,19,1,0,0,0,52,0,0,0,0,0,0,0,0,0,24,7,1,17,31,0,4,0,17,1,1,0,36,13,0,0,0,0,0,0,7,2,12,11,7,15
"2013-11-26",89,168,0,0,14,14,126,9,3,4,3,0,0,3,3,0,0,0,17,0,7,7,0,0,0,0,3,3,84.55,5877.70833333333,686.041666666667,-437.2125,8993.85791666667,1487.04166666667,0,89,0,14,44,31,0,64,8,3,0,0,0,0,1,0,0,0,2,0,0,0,0,1,0,1,0,0,1,0,0,0,1,0,0,0,0,1,0,6,76,1,0,0,0,2,16,35,1,0,0,0,37,0,4,0,0,0,9,25,0,12,25,6,0,56,37,0,3,0,46,0,1,0,22,25,2,0,0,37,2,0,10,6,20,26,10,17
"2013-11-27",86,170,0,0,16,16,121,10,4,2,1,0,0,3,3,0,0,2,24,0,3,3,0,0,0,0,0,0,35.1166666666667,7797.33333333333,498.083333333333,-79.9083333333333,8531.70166666667,2291.9,0,172,0,11,36,39,0,71,2,0,0,0,0,1,0,1,1,0,3,1,0,0,0,0,0,0,1,0,0,0,0,0,2,0,0,0,0,0,0,8,75,0,0,0,0,3,16,27,2,0,0,0,1,1,2,0,0,0,16,44,0,19,38,6,0,38,38,0,3,0,41,0,3,0,9,9,17,0,1,46,1,0,13,4,17,14,14,24
"2013-11-28",106,215,0,1,21,22,166,12,3,2,1,0,0,2,11,0,0,2,16,0,7,7,0,0,0,0,1,1,-746.416666666667,6956.25,348.916666666667,-1320.14166666667,10683.9608333333,2240.13333333333,0,318,0,19,43,43,1,85,7,1,0,0,0,0,1,0,6,1,1,0,0,0,0,0,0,1,0,0,1,0,0,0,0,0,0,0,0,0,0,10,94,0,0,0,0,3,30,45,0,0,0,0,8,12,43,0,0,0,5,27,0,9,60,7,0,35,41,0,3,0,59,0,1,0,80,14,0,0,0,9,0,0,10,7,35,17,11,26
"2013-11-29",97,186,0,1,35,36,149,11,1,0,0,1,0,3,5,0,0,0,16,0,5,5,0,0,0,0,0,0,-823.691666666666,6507.08333333333,586.041666666667,-1313.94583333333,9962.70833333333,2566.45833333333,0,388,0,22,38,36,1,81,5,0,0,0,0,1,2,0,1,0,2,0,0,0,0,0,0,2,1,0,1,0,0,0,0,0,0,0,0,0,0,7,89,0,1,0,0,1,20,40,0,0,0,0,21,8,33,0,0,0,3,7,0,19,49,5,1,40,45,0,3,0,40,0,4,0,77,16,0,0,0,0,0,0,9,7,31,16,17,17
"2013-11-30",69,146,0,1,21,22,123,0,1,0,0,0,0,4,2,0,0,0,16,0,5,5,0,0,0,0,0,0,-504.275,5051.375,313.375,-787.75,7084.0575,1198.875,69,345,0,17,27,24,1,53,5,0,0,0,0,0,0,0,0,0,0,0,0,0,0,0,0,1,0,0,0,0,0,0,1,0,0,0,0,0,1,2,58,1,1,0,0,2,6,33,1,0,0,0,19,6,13,0,0,0,2,7,0,20,32,7,1,27,42,0,1,0,26,0,0,0,43,22,0,0,0,1,0,0,4,3,16,10,11,25
"2013-12-01",52,98,0,0,14,14,76,0,0,1,0,0,0,6,3,0,0,1,11,0,3,3,0,0,0,0,0,0,-117,4188.16666666667,264.333333333333,-271.7,5264.00333333333,1085.21739130435,52,312,0,10,24,18,0,42,3,0,0,0,0,0,0,0,1,0,0,0,1,0,0,0,0,2,0,0,0,0,0,0,2,0,0,0,0,0,0,6,45,0,0,0,0,1,8,21,0,0,0,0,7,5,5,0,0,0,3,9,0,18,15,4,1,25,16,0,2,0,31,0,1,0,16,19,1,0,0,11,0,0,5,5,14,9,3,16
"2013-12-02",83,161,0,0,24,24,124,11,0,3,0,0,0,3,3,0,0,1,16,0,2,2,0,0,0,0,0,0,-99.9458333333333,7279.79166666667,643.25,-246.925,8349.385,2351.66666666667,0,0,0,18,37,28,0,63,4,0,0,0,0,0,0,0,1,1,1,2,0,0,0,0,0,0,0,0,0,0,0,0,0,0,0,0,0,3,2,5,67,5,0,0,0,1,8,44,1,0,0,0,7,3,4,0,0,0,8,17,0,38,40,5,0,33,39,1,5,2,29,0,2,0,23,29,2,1,0,22,0,0,7,9,21,12,14,20
"2013-12-03",60,116,1,0,10,11,90,5,1,2,0,0,0,2,2,0,0,0,14,0,2,2,0,0,0,0,0,0,8.25,5350,257.5,-85.75,6032.275,1555,0,60,1,9,29,21,0,44,3,0,0,0,0,0,1,0,1,0,2,1,1,0,0,0,0,0,0,0,0,0,0,0,0,0,0,0,0,0,0,5,48,0,0,0,0,0,8,25,0,1,0,0,11,0,1,0,0,0,3,12,0,29,24,5,3,25,20,0,8,2,26,0,2,0,23,32,0,0,0,0,0,0,6,8,14,6,10,16
"2013-12-04",69,131,0,1,20,21,104,3,2,6,1,0,0,2,4,0,0,0,9,0,8,8,0,0,0,0,1,1,53.475,5166.375,368,-221.95,6971.73125,1377.125,0,138,0,17,24,27,1,51,8,1,0,0,0,0,1,0,0,0,1,1,0,0,0,0,0,1,0,0,0,0,0,0,1,0,0,0,0,0,2,4,61,2,0,0,0,2,14,25,0,0,0,0,24,0,3,0,0,0,1,3,0,34,32,8,0,26,25,0,4,0,36,0,4,0,40,23,0,0,0,1,0,0,6,7,20,12,8,16
"2013-12-05",66,117,0,0,19,19,88,11,1,4,4,0,0,4,1,0,0,0,4,0,10,10,0,0,0,0,3,3,286.275,5450.5,478.5,107.8,6618.26,1292.5,0,198,0,19,17,30,0,44,11,4,0,0,0,0,0,1,1,0,0,0,0,0,0,0,0,0,0,0,0,0,0,0,1,0,0,0,0,0,0,2,60,0,1,0,0,1,12,30,0,0,0,0,11,0,2,0,0,0,1,3,0,46,26,9,1,26,36,0,4,0,22,0,2,0,19,20,22,1,0,0,0,0,4,5,21,8,9,19
"2013-12-06",59,113,0,1,12,13,94,4,0,0,2,0,0,4,1,0,0,1,7,0,4,4,0,0,0,0,2,2,127.341666666667,3446.58333333333,417.916666666667,-327.204166666667,5942.99625,1258.66666666667,0,236,0,12,25,21,1,48,4,2,0,1,0,0,0,0,1,0,0,0,0,0,0,0,0,0,0,0,0,0,0,0,1,0,0,0,0,0,0,2,55,0,0,0,0,2,12,29,1,0,0,0,44,0,0,1,0,0,0,0,0,13,19,1,2,37,28,0,4,0,20,0,4,0,36,21,1,0,0,0,0,0,3,2,20,14,6,14
"2013-12-07",53,106,0,0,27,27,87,3,0,2,1,0,0,5,0,0,0,0,8,0,5,5,0,0,0,0,0,0,-194.995833333333,2546.20833333333,280.458333333333,-696.508333333333,5387.03041666667,1289.66666666667,53,265,0,14,17,22,0,42,5,1,0,0,0,0,0,0,0,1,0,0,0,0,0,0,0,0,0,1,0,0,0,0,1,0,0,0,0,0,0,3,48,0,0,0,0,0,6,27,0,0,0,0,46,0,0,0,0,0,0,2,0,4,20,2,0,29,34,0,4,0,12,0,2,0,42,7,0,0,0,0,1,0,2,6,18,9,8,10
"2013-12-08",59,115,1,0,17,18,97,3,1,0,1,0,0,1,1,0,0,0,11,0,4,4,0,0,0,0,0,0,-326.958333333333,3112.25,204.041666666667,-811.495833333333,6043.91083333333,1455.33333333333,59,354,1,9,24,25,0,46,4,1,0,0,0,0,0,0,1,1,1,0,0,0,0,1,0,0,1,0,0,0,0,0,1,0,0,0,0,0,0,6,51,0,1,0,0,4,6,29,0,0,0,0,47,0,2,0,0,0,1,3,0,2,28,4,0,23,26,0,0,0,31,0,0,0,51,5,0,0,0,1,0,0,5,4,13,14,3,20
"2013-12-09",89,165,1,1,15,17,121,10,6,2,0,0,0,3,6,0,0,0,17,0,5,5,0,0,0,0,0,0,-154.266666666667,6708.375,700.875,-508.783333333333,8964.78458333333,1208.91666666667,0,0,1,13,33,41,1,67,7,0,0,0,0,0,0,0,1,0,3,0,0,1,0,0,0,2,1,0,1,0,0,0,2,0,0,0,0,0,1,11,74,1,0,0,0,1,14,35,0,1,0,0,4,1,7,0,0,0,5,60,0,9,49,11,0,24,36,0,6,0,42,0,3,0,8,10,3,0,0,61,3,0,12,9,20,19,8,21