"Date","NB_Accidents","NB_VEH_IMPLIQUES_ACCDN","NB_MORTS","NB_BLESSES_GRAVES","NB_BLESSES_LEGERS","NB_VICTIMES_TOTAL","nb_automobile_camion_leger","nb_camionLourd_tractRoutier","nb_outil_equipement","nb_tous_autobus_minibus","nb_bicyclette","nb_cyclomoteur","nb_motocyclette","nb_taxi","nb_urgence","nb_motoneige","nb_VHR","nb_autres_types","nb_veh_non_precise","NB_DECES_PIETON","NB_BLESSES_PIETON","NB_VICTIMES_PIETON","NB_DECES_MOTO","NB_BLESSES_MOTO","NB_VICTIMES_MOTO","NB_DECES_VELO","NB_BLESSES_VELO","NB_VICTIMES_VELO","Temp","Rel.Hum","Wind.Spd","Dew.Point.Temp","Stn_Press","Wind.Dir","weekdays","days","SeverityDeadly","SeverityLight Injury","SeverityMaterial High","SeverityMaterial Low","SeveritySevere Injury","as.factor(Accident_Type)31","as.factor(Accident_Type)32","as.factor(Accident_Type)33","as.factor(Accident_Type)34","as.factor(Accident_Type)35","as.factor(Accident_Type)36","as.factor(Accident_Type)37","as.factor(Accident_Type)38","as.factor(Accident_Type)39","as.factor(Accident_Type)40","as.factor(Accident_Type)41","as.factor(Accident_Type)42","as.factor(Accident_Type)43","as.factor(Accident_Type)44","as.factor(Accident_Type)45","as.factor(Accident_Type)46","as.factor(Accident_Type)47","as.factor(Accident_Type)48","as.factor(Accident_Type)49","as.factor(Accident_Type)50","as.factor(Accident_Type)51","as.factor(Accident_Type)52","as.factor(Accident_Type)53","as.factor(Accident_Type)54","as.factor(Accident_Type)55","as.factor(Accident_Type)59","as.factor(Accident_Type)71","as.factor(Accident_Type)72","as.factor(Accident_Type)73","as.factor(Accident_Type)74","as.factor(Accident_Type)75","as.factor(Accident_Type)99","Accident_CategoryFixed Object","Accident_CategoryMoving Object","Accident_CategoryNo Collision","Auth_Speed10","Auth_Speed100","Auth_Speed20","Auth_Speed30","Auth_Speed40","Auth_Speed50","Auth_Speed60","Auth_Speed70","Auth_Speed80","Auth_Speed90","Surface_CondDry","Surface_CondHard snow","Surface_CondIce","Surface_CondMud","Surface_CondOil","Surface_CondSand or gravel","Surface_CondSlush","Surface_CondSnow","Surface_CondWater accumulation","Surface_CondWet","IlluminationDay and clear","IlluminationDay and semi-dark","IlluminationNight and dark","IlluminationNight and lighted","EnvironmentCommercial","EnvironmentForest","EnvironmentIndustrial","EnvironmentPark","EnvironmentResidential","EnvironmentRural","EnvironmentSchool area","WeatherBlack Ice","WeatherClear Sky","WeatherCloudy","WeatherDrizzle","WeatherFoggy","WeatherHeavy Rain","WeatherSnow","WeatherSnowstorms","WeatherStrong Wind","cluster_id_0","cluster_id_1","cluster_id_2","cluster_id_3","cluster_id_4","cluster_id_5"
"2013-12-10",69,136,0,0,26,26,108,8,0,1,1,0,0,2,4,0,0,0,12,0,5,5,0,0,0,0,1,1,-240.872727272727,3606.81818181818,417.136363636364,-824.236363636364,6907.52727272727,1486.63636363636,0,69,0,22,26,21,0,53,5,1,0,0,0,0,0,0,1,1,0,1,0,0,0,0,0,0,0,1,0,0,0,0,2,0,0,0,0,0,1,6,59,1,0,0,0,2,8,31,1,0,0,0,16,5,16,0,0,0,3,8,0,18,47,4,0,14,34,0,6,1,25,0,2,0,50,9,0,0,0,2,0,2,8,5,13,14,9,20
"2013-12-11",64,128,0,1,14,15,97,6,1,0,1,0,0,7,2,0,0,0,14,0,3,3,0,0,0,0,0,0,-493.066666666667,3818.66666666667,322.666666666667,-911.733333333333,6450.72,1378.66666666667,0,128,0,12,28,23,1,52,3,1,0,1,0,0,0,0,0,1,0,0,0,0,0,0,0,3,0,0,2,0,0,0,0,0,0,0,0,0,1,6,57,1,1,0,1,1,10,31,1,0,0,0,24,4,6,0,0,0,2,13,0,14,35,8,3,16,35,0,3,0,25,0,0,0,38,18,0,0,0,4,0,0,7,4,19,6,9,19
"2013-12-12",62,123,0,0,17,17,100,7,1,1,1,0,0,4,3,0,0,0,6,0,5,5,0,0,0,0,0,0,-781.975,3371.25,405.583333333333,-1234.83333333333,6272.85,1485.41666666667,0,186,0,14,22,26,0,55,6,0,0,0,0,0,0,0,0,0,0,0,0,0,0,0,0,0,0,0,0,0,0,0,0,0,0,0,0,0,0,0,61,0,0,0,0,2,9,31,0,0,0,0,32,4,8,0,0,0,0,5,0,9,37,4,0,18,43,0,0,0,15,0,3,0,45,11,0,0,0,3,0,0,9,4,16,8,11,14
"2013-12-13",108,223,0,0,27,27,182,8,1,3,1,0,0,3,1,0,0,0,24,0,8,8,0,0,0,0,0,0,-1429.65,5728.5,886.5,-2263.95,10913.805,3087,0,432,0,23,48,37,0,86,6,1,0,0,0,0,1,0,0,0,2,0,0,0,0,0,1,2,0,0,0,0,0,0,1,0,0,0,0,0,1,6,94,1,0,0,0,3,15,51,2,0,0,0,39,6,15,0,0,0,1,19,0,20,40,6,0,56,56,0,8,0,37,0,4,0,77,14,0,0,0,7,0,1,12,13,25,15,16,27
"2013-12-14",69,139,0,1,5,6,110,4,1,1,0,0,0,8,2,0,0,0,13,0,1,1,0,0,0,0,0,0,-1313.875,4246.375,583.625,-1698.8375,7070.4875,1006.25,69,345,0,5,37,26,1,61,1,0,0,0,0,0,0,0,3,0,1,0,0,0,0,0,0,1,0,0,0,0,0,0,0,0,0,0,0,1,0,5,62,1,0,0,0,2,11,38,1,0,0,0,23,4,10,0,0,0,0,26,0,5,23,6,0,38,35,0,1,0,31,0,0,0,34,11,0,0,0,14,8,1,3,7,21,9,10,19
"2013-12-15",95,178,0,1,8,9,126,3,8,3,0,0,0,5,4,0,0,0,29,0,3,3,0,0,0,0,0,0,-1234.20833333333,7809.79166666667,993.541666666667,-1461.8125,9489.43125,2466.04166666667,95,570,0,7,38,49,1,72,3,0,0,0,0,0,0,0,1,0,2,0,0,0,0,1,0,4,2,0,3,0,0,0,2,0,0,0,0,0,0,15,75,0,0,0,0,1,25,35,0,0,0,0,1,1,4,0,0,0,0,82,0,0,39,4,1,41,30,0,3,0,61,0,0,0,11,3,0,0,0,49,23,1,7,5,27,23,13,20
"2013-12-16",139,267,0,0,27,27,193,20,10,5,0,0,0,3,3,0,0,0,33,0,1,1,0,0,0,0,0,0,-2358.94583333333,9370.91666666667,880.333333333333,-3006.45416666667,13988.6125,3104.33333333333,0,0,0,22,53,64,0,119,2,0,0,0,0,0,0,1,5,0,0,1,0,0,0,0,0,2,2,1,0,0,0,0,1,0,0,0,0,0,1,12,122,1,0,0,1,2,26,54,2,1,0,0,1,17,3,0,0,0,4,96,0,9,73,9,0,43,63,0,8,0,64,0,0,0,89,22,0,1,0,11,1,0,20,7,27,18,27,40
"2013-12-17",114,231,0,0,17,17,165,23,4,4,0,0,0,2,3,0,0,0,30,0,2,2,0,0,0,0,0,0,-2004.975,8721,902.5,-2363.125,11532.9525,2888,0,114,0,14,45,55,0,94,2,0,0,0,0,0,1,0,2,0,1,0,0,0,0,1,0,4,0,0,0,0,0,0,1,0,0,0,0,1,1,9,97,2,0,0,0,3,19,50,1,0,0,0,2,8,10,0,0,0,5,80,0,6,61,14,0,31,52,0,7,0,50,0,4,0,50,26,0,0,0,29,0,0,11,7,29,26,19,22
"2013-12-18",103,203,0,0,18,18,153,14,2,2,0,0,0,3,4,0,0,1,24,0,6,6,0,0,0,0,0,0,-1068.19583333333,8325.83333333333,592.25,-1345.4375,10360.77,2480.58333333333,0,206,0,15,42,46,0,85,6,0,0,1,0,0,1,0,1,0,2,0,1,0,0,1,1,0,0,0,0,0,0,0,1,0,0,0,0,0,0,7,93,0,0,0,0,3,25,30,0,1,0,0,1,2,4,0,0,0,15,60,0,18,46,8,0,43,44,0,3,1,48,0,4,0,52,36,0,1,0,8,1,0,7,8,33,15,18,22
"2013-12-19",95,186,0,0,12,12,127,14,5,1,0,0,0,6,2,0,0,0,31,0,4,4,0,0,0,0,0,0,-263.229166666667,7544.58333333333,502.708333333333,-559.3125,9546.43125,1789.16666666667,0,285,0,11,38,46,0,75,5,0,0,0,0,0,0,0,3,1,3,0,0,0,0,0,0,1,0,0,0,1,0,0,0,0,0,0,0,0,1,9,80,1,1,0,0,3,14,41,1,0,0,0,1,1,2,0,0,0,21,45,0,17,48,9,0,32,40,0,7,0,38,0,4,0,32,32,0,0,0,20,0,0,10,5,18,21,16,25
"2013-12-20",136,270,0,2,20,22,205,15,9,8,0,0,0,3,1,0,0,1,28,0,7,7,0,0,0,0,0,0,-845.466666666667,11378.6666666667,1649,-1165.06666666667,13695.8233333333,3847.66666666667,0,544,0,19,70,45,2,103,7,0,0,0,0,0,0,1,3,1,0,1,1,1,0,0,0,2,2,0,2,0,0,0,1,0,0,0,1,2,0,14,111,3,0,0,0,2,13,62,3,0,0,0,4,2,3,0,0,0,9,105,0,6,60,16,0,52,63,1,4,0,60,0,3,2,11,8,0,0,0,94,11,0,13,17,29,26,19,32
"2013-12-21",76,145,0,0,10,10,102,1,7,3,0,0,0,5,4,0,0,0,23,0,1,1,0,0,0,0,0,0,-596.6,6580.33333333333,807.5,-737.833333333333,7635.11833333333,1735.33333333333,76,380,0,9,37,30,0,57,1,0,0,0,0,0,0,0,4,0,1,0,0,0,0,0,0,1,0,1,1,0,0,0,1,0,0,0,0,0,1,9,58,1,1,0,0,0,13,32,1,0,0,0,3,4,4,0,0,0,5,59,0,0,25,4,2,39,29,0,2,0,42,1,0,4,9,4,0,0,0,50,6,0,7,4,21,14,6,24
"2013-12-22",91,175,0,0,5,5,120,8,13,3,0,0,0,4,4,0,1,0,22,0,0,0,0,0,0,0,0,0,-721.933333333333,7879.08333333333,1304.33333333333,-890.283333333333,9137.27208333333,2733.79166666667,91,546,0,5,45,41,0,73,0,0,0,0,0,0,1,0,3,1,1,1,0,0,0,0,0,3,1,0,1,0,0,0,1,0,0,0,0,1,1,12,74,2,2,0,1,1,22,30,2,0,0,0,1,4,5,0,0,0,0,78,0,0,34,7,1,42,27,0,1,1,58,0,1,4,4,4,1,0,0,59,12,0,6,6,20,17,26,16
"2013-12-23",108,213,0,0,9,9,148,17,13,0,0,0,0,3,2,0,0,1,29,0,3,3,0,0,0,0,0,0,-765.45,9450,540,-950.4,10899.495,3204,0,0,0,8,43,57,0,88,4,0,0,0,0,0,2,0,2,0,0,0,0,0,0,0,1,0,0,0,0,0,0,0,2,0,0,0,0,0,0,5,94,0,0,0,0,4,21,28,0,1,0,0,2,4,0,0,0,1,11,81,0,4,56,5,1,34,38,0,5,1,59,1,0,0,40,42,0,0,0,15,1,1,9,6,24,24,14,31
"2013-12-24",90,177,0,2,16,18,137,12,3,0,0,0,0,1,3,0,0,0,21,0,4,4,0,0,0,0,0,0,-1192.125,6813.75,401.25,-1495.875,9135.2625,2186.25,0,90,0,12,36,40,2,71,4,0,0,0,0,0,0,0,0,0,0,1,0,0,0,0,1,0,0,0,2,0,0,0,1,0,1,0,0,1,0,5,75,2,0,0,0,4,11,35,0,0,0,1,1,13,4,0,0,0,7,44,0,14,56,2,1,29,36,0,5,0,45,1,1,0,68,9,0,0,0,7,0,0,8,5,20,17,23,17
"2013-12-25",46,89,0,0,4,4,68,2,0,1,0,0,0,2,0,0,0,1,15,0,1,1,0,0,0,0,0,0,-773.375,3235.33333333333,264.5,-963.7,4705.14833333333,885.5,0,92,0,4,28,14,0,38,2,0,0,0,0,0,1,0,0,0,0,0,0,0,0,0,0,0,0,0,0,0,0,0,0,0,0,0,0,1,0,0,41,1,0,0,0,2,10,19,0,1,0,0,2,5,4,0,0,0,3,23,0,6,16,1,1,25,15,0,0,0,29,1,0,0,36,5,0,0,0,2,0,0,3,4,5,11,5,18
"2013-12-26",79,150,0,0,16,16,113,7,4,1,0,0,0,1,6,0,0,0,18,0,4,4,0,0,0,0,0,0,-924.958333333333,6527.375,457.541666666667,-1111.26666666667,8006.97916666667,2562.34782608696,0,237,0,13,34,32,0,56,4,0,0,0,0,0,0,0,2,2,1,0,0,0,0,0,4,1,0,0,0,0,0,0,2,0,0,0,0,1,0,12,60,1,0,0,0,1,14,35,1,0,0,0,3,4,6,0,0,0,7,51,0,7,33,3,0,39,27,0,4,3,42,0,0,0,32,18,0,0,0,26,0,0,7,2,21,16,13,20
"2013-12-27",75,149,0,0,15,15,112,9,3,1,0,0,0,5,3,0,0,1,15,0,3,3,0,0,0,0,0,0,-470.625,5937.5,415.625,-697.8125,7591.28125,1500,0,300,0,14,32,29,0,65,2,0,0,0,0,0,0,0,1,1,0,0,0,0,0,0,2,1,0,0,1,0,0,0,0,0,0,0,0,0,0,6,67,0,1,0,0,0,8,30,2,0,0,0,6,4,0,0,0,0,8,39,0,13,33,3,1,31,32,0,4,0,38,0,0,0,47,15,0,1,0,5,0,0,8,4,17,15,14,17
"2013-12-28",55,107,0,0,9,9,77,9,4,0,0,0,0,2,0,0,0,1,14,0,4,4,0,0,0,0,0,0,-2.74999999999999,4697.91666666667,341.458333333333,-121,5528.69166666667,907.5,55,275,0,7,27,21,0,43,4,0,0,0,0,0,0,0,0,0,1,2,0,0,0,0,1,1,0,0,0,0,0,0,0,0,0,0,0,0,0,5,47,0,0,0,0,1,13,19,0,0,0,0,1,0,2,0,0,0,9,20,0,18,16,3,0,32,23,0,2,1,27,0,0,0,15,20,8,0,0,5,0,0,7,4,16,6,5,17
"2013-12-29",50,93,0,0,10,10,74,1,0,0,0,0,0,2,0,0,0,0,16,0,2,2,0,0,0,0,0,0,-349.375,4364.58333333333,572.916666666667,-436.041666666667,5004.3125,1512.5,50,300,0,7,21,22,0,31,3,0,0,0,0,0,0,0,0,0,3,0,0,0,0,0,0,0,3,0,3,0,0,0,0,0,0,0,0,0,0,9,34,0,1,0,0,0,13,22,0,0,0,0,1,3,24,0,0,0,0,12,0,7,27,3,0,15,22,0,3,0,24,0,0,2,23,19,1,0,0,2,0,0,5,4,6,17,6,12
"2013-12-30",76,145,0,1,12,13,116,5,2,1,0,0,0,4,2,0,0,1,14,0,2,2,0,0,0,0,0,0,-1050.7,5291.5,443.333333333333,-1390.16666666667,7648.60833333333,1729,0,0,0,9,35,31,1,55,5,0,0,0,0,0,0,0,1,0,0,1,0,0,0,0,1,0,1,0,1,0,0,0,3,0,0,0,0,0,0,8,60,0,0,0,0,0,15,31,0,0,0,0,11,5,22,0,0,0,1,19,0,15,46,6,0,17,40,0,2,0,34,0,0,1,54,9,1,0,0,2,2,0,7,2,16,20,11,20
"2013-12-31",62,128,0,0,17,17,111,2,1,1,0,0,0,4,1,0,0,0,8,0,1,1,0,0,0,0,0,0,-1044.7,4420.08333333333,361.666666666667,-1292.7,6265.77166666667,1092.75,0,62,0,12,26,24,0,56,2,0,0,0,0,0,0,0,1,0,0,0,0,0,0,0,1,0,0,0,0,0,0,0,0,0,0,0,0,0,0,2,58,0,1,0,0,1,7,33,0,0,0,0,15,6,12,0,0,0,2,17,0,8,31,3,0,26,31,0,1,0,30,0,0,0,29,18,1,0,0,12,0,0,5,9,13,11,8,16
"2014-01-01",60,115,0,0,13,13,90,1,2,0,0,0,0,6,3,0,0,1,12,0,2,2,0,0,0,0,0,0,-1075.5,3545,362.5,-1449,6110.4,1490,0,120,0,9,34,17,0,47,3,0,0,0,0,0,0,0,1,0,1,0,0,1,0,0,1,2,0,0,1,0,0,0,0,0,0,0,0,0,1,7,50,1,0,0,0,1,14,32,0,0,0,0,10,7,14,0,0,0,1,15,0,10,15,1,1,38,27,0,3,1,27,0,1,0,40,14,0,0,0,0,0,0,4,1,17,9,10,19
"2014-01-02",46,85,0,0,4,4,66,2,0,0,0,0,0,2,0,0,0,0,15,0,2,2,0,0,0,0,0,0,-1144.05833333333,2796.41666666667,557.75,-1393.03333333333,4691.92333333333,563.5,0,138,0,3,20,23,0,35,1,0,0,0,0,0,1,0,0,0,2,1,0,0,0,0,0,1,0,0,1,0,0,0,0,0,0,0,0,0,0,5,37,0,0,0,0,1,8,18,1,0,0,0,8,4,14,0,0,0,0,15,0,2,17,3,0,21,16,0,2,0,25,0,0,0,21,13,0,1,0,5,1,0,2,2,12,5,11,14
"2014-01-03",73,141,0,0,19,19,109,12,0,1,0,0,0,2,1,0,0,0,16,0,1,1,0,0,0,0,0,0,-1608.12916666667,4118.41666666667,699.583333333333,-2078.37083333333,7413.6975,2159.58333333333,0,292,0,17,32,24,0,60,3,0,0,0,0,0,0,0,0,1,0,0,1,0,0,1,0,2,0,0,1,0,0,0,2,1,0,0,0,0,0,8,63,1,0,1,0,0,11,31,1,0,0,0,2,8,27,0,0,0,4,21,0,11,39,2,0,29,27,0,14,1,29,0,0,0,56,6,0,0,0,7,0,0,9,5,21,14,12,12
"2014-01-04",47,93,0,1,5,6,72,1,0,1,0,0,0,0,0,0,0,0,19,0,3,3,0,0,0,0,0,0,-675.625,3366.375,332.916666666667,-865.583333333333,4761.02166666667,971.333333333333,47,235,0,5,18,23,1,40,3,0,0,0,0,0,0,0,0,0,0,0,0,0,0,0,0,0,1,0,0,0,0,0,0,0,0,0,0,0,0,1,43,0,1,0,0,0,6,17,0,0,0,0,4,5,10,0,0,0,2,8,0,13,24,0,0,15,20,0,0,1,23,0,2,0,30,8,0,0,0,3,0,0,5,2,11,5,9,15
"2014-01-05",55,108,0,0,13,13,88,1,1,2,0,0,0,0,3,0,0,1,12,0,3,3,0,0,0,0,0,0,-320.375,4367.91666666667,268.125,-487.4375,5558.07083333333,1171.73913043478,55,330,0,10,29,16,0,46,3,0,0,0,0,0,0,1,0,0,1,0,0,0,0,0,0,0,1,0,0,0,0,0,1,0,0,0,0,0,1,3,50,1,0,0,0,1,8,26,0,0,0,0,1,2,11,0,0,0,5,16,0,13,20,2,0,24,23,0,1,0,29,0,0,2,19,10,3,0,0,10,0,0,2,3,13,11,7,19
"2014-01-06",95,181,0,1,8,9,122,16,9,3,0,0,0,2,3,0,0,1,25,0,5,5,0,0,0,0,0,0,-70.8541666666667,7532.70833333333,672.916666666667,-377.229166666667,9368.74166666667,1634.79166666667,0,0,0,8,38,48,1,74,3,0,0,0,0,0,0,2,2,0,0,1,1,0,0,0,1,1,0,0,1,0,0,0,3,0,0,0,0,0,0,10,79,0,1,0,0,3,17,40,1,0,0,0,4,2,53,1,0,0,2,4,4,15,43,11,1,33,34,0,2,0,49,1,6,15,18,20,18,0,2,5,0,5,9,5,21,16,16,28
"2014-01-07",52,103,0,0,17,17,73,8,3,3,1,0,0,1,2,0,0,1,11,0,1,1,0,0,0,0,1,1,-727.35,2983.5,444.166666666667,-1077.91666666667,5188.86333333333,1040,0,52,0,11,19,22,0,45,2,1,0,0,0,0,0,1,0,0,0,0,0,0,0,0,0,2,0,0,0,0,0,0,1,0,0,0,0,0,0,3,49,0,1,0,0,0,5,31,0,0,0,0,10,4,21,0,0,1,0,6,0,9,30,2,0,20,27,0,1,1,20,0,1,0,36,9,0,0,0,2,1,3,4,1,21,5,4,17
"2014-01-08",75,142,1,0,19,20,112,6,4,1,0,0,0,1,3,0,0,0,15,0,2,2,0,0,0,0,0,0,-852.5,4446.875,612.5,-1333.125,7608.3125,1368.75,0,150,1,15,26,33,0,63,3,0,0,0,0,0,1,0,1,0,1,0,0,0,0,0,1,2,1,0,0,0,0,0,0,0,0,0,0,0,1,6,67,1,0,0,1,3,7,34,0,0,0,0,24,5,30,0,0,0,0,3,0,8,50,4,0,17,36,0,1,0,33,0,5,0,53,16,0,0,0,1,0,0,5,9,13,13,11,24
"2014-01-09",76,145,1,0,20,21,112,8,1,4,0,0,0,4,4,1,0,0,11,1,6,7,0,0,0,0,0,0,-748.765217391304,4678.95652173913,413.04347826087,-1206.08695652174,7778.86434782609,1645.5652173913,0,228,1,16,21,38,0,57,9,0,0,0,0,0,1,0,4,0,0,0,0,0,0,0,1,0,0,0,0,0,0,0,2,0,0,0,0,0,0,7,67,0,0,0,0,0,14,32,0,1,0,0,30,8,20,0,0,0,0,1,0,12,46,8,0,20,48,0,3,0,22,1,1,0,66,7,0,0,0,0,0,0,8,2,26,8,14,18
"2014-01-10",58,113,0,0,12,12,95,4,0,0,0,0,0,1,3,0,0,0,10,0,3,3,0,0,0,0,0,0,-368.783333333333,4340.33333333333,256.166666666667,-588.458333333333,5903.07083333333,986,0,232,0,11,21,26,0,48,3,0,0,0,0,0,1,0,0,0,0,0,0,0,0,0,0,0,0,0,0,0,0,0,1,0,0,0,0,1,1,1,52,2,0,0,0,1,5,27,0,0,0,0,12,2,13,0,0,1,1,0,0,22,31,1,0,22,22,0,6,0,24,0,3,1,23,26,2,0,0,1,0,0,5,1,21,12,7,12
"2014-01-11",71,150,0,2,13,15,112,5,6,2,0,0,0,4,2,0,0,1,18,0,1,1,0,0,0,0,0,0,149.691666666667,6416.625,387.541666666667,50.2916666666667,7041.48416666667,1742.72727272727,71,355,0,9,32,29,1,57,1,0,0,0,0,0,0,0,2,0,2,1,0,0,0,0,0,2,1,0,0,0,0,0,0,0,0,0,0,0,1,8,58,1,1,0,0,0,17,28,0,0,0,0,3,0,44,0,0,0,2,0,0,17,29,10,0,26,25,0,3,1,38,0,0,14,10,15,22,4,0,0,0,1,12,7,11,14,13,14
"2014-01-12",51,100,0,0,11,11,81,1,1,0,0,0,0,1,1,0,0,0,15,0,3,3,0,0,0,0,0,0,144.7125,3876,408,-51.85,5054.12125,947.75,51,306,0,5,21,25,0,33,3,0,0,0,0,0,1,0,2,0,0,0,0,0,0,0,0,0,1,0,0,0,0,0,0,0,0,0,0,0,7,3,37,7,0,0,0,0,11,26,0,0,0,0,11,0,6,0,0,0,2,0,1,28,17,1,0,28,24,0,1,0,24,0,0,1,23,20,3,0,0,0,0,0,10,0,13,4,7,17
"2014-01-13",45,83,0,0,9,9,62,3,0,3,0,0,0,1,2,0,0,0,12,0,3,3,0,0,0,0,0,0,132.9375,2977.5,333.75,-126.5625,4502.025,796.875,0,0,0,8,18,19,0,36,4,0,0,0,0,0,0,0,0,2,0,0,0,0,0,0,0,2,0,0,0,0,0,0,0,0,0,0,0,0,0,4,40,0,1,0,0,1,8,21,0,0,0,0,16,2,2,0,0,0,0,2,0,20,26,3,1,12,23,0,1,0,19,0,1,0,29,8,3,1,0,0,0,0,4,2,14,10,5,10
"2014-01-14",56,98,0,1,14,15,69,4,1,1,0,0,0,2,4,0,0,1,16,0,6,6,0,0,0,0,0,0,234.266666666667,4881.33333333333,256.666666666667,121.566666666667,5578.97666666667,1101.33333333333,0,56,0,12,12,31,1,38,7,0,0,0,0,0,1,0,1,1,1,0,0,0,0,0,1,0,0,0,1,0,0,0,1,0,0,0,0,0,1,6,46,1,2,0,0,1,7,21,0,0,0,0,10,1,4,0,0,0,3,2,0,31,27,4,0,21,26,0,4,0,22,1,1,0,24,19,9,0,0,1,0,0,6,1,16,15,6,12
"2014-01-15",70,132,0,0,10,10,106,8,0,2,1,0,0,2,2,0,0,1,10,0,5,5,0,0,0,0,0,0,21.2916666666667,5255.83333333333,387.916666666667,-252.875,7015.60416666667,1421.30434782609,0,140,0,9,29,32,0,54,5,0,0,0,0,0,0,0,2,1,0,1,0,0,0,0,0,1,2,0,1,0,0,0,0,0,0,0,0,0,0,8,59,0,0,0,0,3,10,27,1,0,0,0,17,1,8,0,0,0,1,2,0,36,37,9,1,19,31,0,5,0,28,1,2,0,37,21,4,1,0,1,0,0,5,8,15,15,9,18
"2014-01-16",45,79,0,0,16,16,61,3,1,3,0,0,0,1,2,0,0,0,8,0,7,7,0,0,0,0,0,0,-47.8125,2844.375,198.75,-327.5625,4522.7625,1016.25,0,135,0,14,14,17,0,29,8,0,0,0,0,0,0,0,0,2,0,0,1,0,0,0,0,1,0,0,1,0,0,0,0,0,0,0,0,0,0,5,37,0,0,0,0,1,5,16,1,0,0,0,34,1,3,0,0,0,0,1,0,2,31,1,1,9,21,0,6,0,16,0,1,0,39,3,0,0,0,0,0,0,6,4,12,5,9,9
"2014-01-17",58,105,0,3,18,21,81,8,0,2,0,0,0,1,1,0,0,0,12,0,10,10,0,0,0,0,0,0,-81.2,4698,314.166666666667,-247.708333333333,5813.60583333333,860.333333333333,0,232,0,14,26,16,2,33,8,0,0,0,0,0,0,0,0,0,1,2,0,0,0,0,1,1,1,0,0,0,0,0,2,0,0,0,0,2,2,8,41,4,0,0,0,1,9,31,0,0,0,0,25,0,1,0,0,0,0,1,0,28,33,4,1,18,35,0,3,0,15,0,2,0,21,25,0,0,0,9,0,0,4,3,13,12,13,13
"2014-01-18",54,102,0,3,13,16,87,1,0,0,0,0,0,2,2,0,0,1,9,0,5,5,0,0,0,0,0,0,-29.25,4018.5,238.5,-247.5,5394.9375,1180.63636363636,54,270,0,11,18,22,3,39,7,0,0,0,0,0,2,0,1,0,0,0,0,0,0,0,0,0,0,1,0,0,0,0,0,0,0,0,0,0,0,2,48,0,1,0,1,0,7,27,0,0,0,0,20,2,0,0,0,0,0,2,0,24,27,1,1,23,30,0,1,0,21,0,0,0,37,8,0,0,0,3,1,0,8,6,15,7,5,13
"2014-01-19",42,80,0,0,9,9,68,0,1,0,0,0,0,2,0,0,0,0,9,0,3,3,0,0,0,0,0,0,-144.025,3395,388.5,-262.675,4156.915,780.5,42,252,0,8,18,16,0,32,3,0,0,0,0,0,0,0,0,2,0,0,0,1,0,0,0,0,1,0,0,0,0,0,0,0,0,0,0,0,0,4,35,0,0,0,0,1,5,23,1,0,0,0,5,1,0,0,0,0,0,8,0,25,10,3,1,27,26,0,0,1,12,0,1,0,12,17,0,0,0,11,0,0,2,1,13,7,5,14
"2014-01-20",67,140,0,0,16,16,101,12,2,3,0,0,0,0,0,0,0,0,22,0,0,0,0,0,0,0,0,0,-844.479166666667,3788.29166666667,482.958333333333,-1312.92083333333,6672.44625,2060.25,0,0,0,12,25,30,0,53,0,0,0,0,0,0,0,0,0,0,1,0,0,0,0,0,0,1,0,0,2,0,0,0,1,0,0,0,0,1,2,5,53,3,0,0,0,3,14,24,0,0,0,0,17,1,0,0,0,0,5,19,0,18,43,4,0,12,27,0,2,0,31,0,5,0,31,19,0,0,0,6,1,0,10,4,12,8,14,19
"2014-01-21",88,168,0,0,31,31,133,7,0,4,0,0,0,5,4,0,0,0,15,0,5,5,0,0,0,0,0,0,-1832.23333333333,4726.33333333333,539,-2446.4,8898.26666666667,2647.33333333333,0,88,0,26,34,28,0,67,6,0,0,2,0,0,0,0,1,0,0,2,0,0,0,0,1,1,1,0,1,0,0,0,1,0,0,0,0,0,1,8,75,1,0,0,0,0,12,47,0,0,0,0,58,2,6,0,0,1,1,8,0,9,58,3,1,21,39,0,5,0,35,1,3,0,78,7,0,0,0,1,0,0,6,9,16,21,14,22
"2014-01-22",66,131,0,0,23,23,100,9,1,2,1,0,0,3,4,0,0,1,10,0,2,2,0,0,0,0,1,1,-1332.375,3624.5,610.5,-1778.7,6652.1675,2046,0,132,0,20,25,21,0,46,3,0,0,0,0,0,0,0,1,1,2,1,0,0,0,0,1,2,1,0,1,0,0,0,0,0,0,0,0,0,0,10,49,0,1,0,0,2,7,31,0,0,0,0,43,4,3,0,0,0,0,6,0,5,44,2,0,16,36,0,3,1,21,0,2,0,61,0,0,0,0,0,0,0,7,7,21,12,9,10