"Date","NB_Accidents","NB_VEH_IMPLIQUES_ACCDN","NB_MORTS","NB_BLESSES_GRAVES","NB_BLESSES_LEGERS","NB_VICTIMES_TOTAL","nb_automobile_camion_leger","nb_camionLourd_tractRoutier","nb_outil_equipement","nb_tous_autobus_minibus","nb_bicyclette","nb_cyclomoteur","nb_motocyclette","nb_taxi","nb_urgence","nb_motoneige","nb_VHR","nb_autres_types","nb_veh_non_precise","NB_DECES_PIETON","NB_BLESSES_PIETON","NB_VICTIMES_PIETON","NB_DECES_MOTO","NB_BLESSES_MOTO","NB_VICTIMES_MOTO","NB_DECES_VELO","NB_BLESSES_VELO","NB_VICTIMES_VELO","Temp","Rel.Hum","Wind.Spd","Dew.Point.Temp","Stn_Press","Wind.Dir","weekdays","days","SeverityDeadly","SeverityLight Injury","SeverityMaterial High","SeverityMaterial Low","SeveritySevere Injury","as.factor(Accident_Type)31","as.factor(Accident_Type)32","as.factor(Accident_Type)33","as.factor(Accident_Type)34","as.factor(Accident_Type)35","as.factor(Accident_Type)36","as.factor(Accident_Type)37","as.factor(Accident_Type)38","as.factor(Accident_Type)39","as.factor(Accident_Type)40","as.factor(Accident_Type)41","as.factor(Accident_Type)42","as.factor(Accident_Type)43","as.factor(Accident_Type)44","as.factor(Accident_Type)45","as.factor(Accident_Type)46","as.factor(Accident_Type)47","as.factor(Accident_Type)48","as.factor(Accident_Type)49","as.factor(Accident_Type)50","as.factor(Accident_Type)51","as.factor(Accident_Type)52","as.factor(Accident_Type)53","as.factor(Accident_Type)54","as.factor(Accident_Type)55","as.factor(Accident_Type)59","as.factor(Accident_Type)71","as.factor(Accident_Type)72","as.factor(Accident_Type)73","as.factor(Accident_Type)74","as.factor(Accident_Type)75","as.factor(Accident_Type)99","Accident_CategoryFixed Object","Accident_CategoryMoving Object","Accident_CategoryNo Collision","Auth_Speed10","Auth_Speed100","Auth_Speed20","Auth_Speed30","Auth_Speed40","Auth_Speed50","Auth_Speed60","Auth_Speed70","Auth_Speed80","Auth_Speed90","Surface_CondDry","Surface_CondHard snow","Surface_CondIce","Surface_CondMud","Surface_CondOil","Surface_CondSand or gravel","Surface_CondSlush","Surface_CondSnow","Surface_CondWater accumulation","Surface_CondWet","IlluminationDay and clear","IlluminationDay and semi-dark","IlluminationNight and dark","IlluminationNight and lighted","EnvironmentCommercial","EnvironmentForest","EnvironmentIndustrial","EnvironmentPark","EnvironmentResidential","EnvironmentRural","EnvironmentSchool area","WeatherBlack Ice","WeatherClear Sky","WeatherCloudy","WeatherDrizzle","WeatherFoggy","WeatherHeavy Rain","WeatherSnow","WeatherSnowstorms","WeatherStrong Wind","cluster_id_0","cluster_id_1","cluster_id_2","cluster_id_3","cluster_id_4","cluster_id_5"
"2014-01-23",71,149,0,0,18,18,113,9,0,2,0,0,0,4,6,0,0,0,15,0,2,2,0,0,0,0,0,0,-1409.64583333333,4265.91666666667,464.458333333333,-1821.15,7169.96458333333,1559.04166666667,0,213,0,14,29,28,0,61,3,0,0,0,0,0,0,0,1,0,0,0,0,0,0,0,0,1,0,1,0,0,0,0,0,0,0,0,0,0,1,3,64,1,0,0,0,1,16,33,1,0,0,0,51,3,3,0,0,0,0,4,0,7,42,4,0,21,28,0,5,0,29,0,7,0,61,5,0,0,0,0,1,0,11,3,20,14,6,17
"2014-01-24",84,168,0,0,24,24,146,6,0,3,0,0,0,1,1,0,0,0,11,0,8,8,0,0,0,0,0,0,-1478.75,5019,675.5,-1985.55,8483.475,1701,0,336,0,20,29,35,0,70,6,0,0,0,0,0,0,1,0,0,1,0,0,0,0,0,0,2,0,0,0,0,0,0,2,0,0,0,0,1,0,5,77,1,1,0,1,2,9,39,0,0,0,0,62,4,6,0,0,0,1,1,0,7,55,5,0,23,39,0,4,0,34,2,5,0,67,15,0,0,0,0,0,1,9,8,21,21,11,14
"2014-01-25",63,124,0,1,7,8,101,3,0,0,1,0,0,2,2,0,0,1,14,0,1,1,0,0,0,0,0,0,-493.5,4452,546,-775.95,6220.7775,1076.25,63,315,0,7,35,20,1,41,1,1,0,0,0,0,0,0,1,3,2,0,0,1,0,0,1,3,2,1,0,0,0,0,1,0,0,0,0,0,0,15,43,0,0,0,1,2,7,26,0,0,0,1,5,2,2,0,0,0,9,35,0,6,32,8,0,20,28,0,2,0,31,0,1,0,12,14,0,0,0,29,2,1,4,3,17,13,9,17
"2014-01-26",66,133,0,3,12,15,113,4,0,0,0,0,0,5,2,0,0,0,9,0,3,3,0,0,0,0,0,0,-1154.725,3712.5,429,-1598.3,6567.1925,1314.5,66,396,0,10,30,23,3,51,3,0,0,0,0,0,0,0,3,1,1,1,0,0,1,0,0,0,0,0,1,0,0,0,1,0,0,0,0,0,0,9,54,0,1,0,1,0,12,27,1,0,0,0,13,4,6,0,0,1,4,19,0,18,32,1,0,30,35,0,1,0,27,1,0,0,39,12,0,0,0,9,1,2,7,6,20,8,11,14
"2014-01-27",136,267,0,0,26,26,198,11,4,9,1,0,0,7,6,0,0,2,29,0,3,3,0,0,0,0,0,0,-1663.16666666667,9486,912.333333333333,-2288.76666666667,13520.1147826087,3128,0,0,0,21,62,53,0,98,3,1,0,0,0,0,1,0,5,1,3,3,2,0,0,0,0,3,2,2,1,0,0,0,4,0,0,0,0,1,0,26,103,1,1,0,0,3,16,76,0,1,0,0,1,3,3,0,0,0,6,114,0,3,88,15,0,27,64,0,11,2,54,0,2,0,31,7,0,2,0,56,30,2,12,13,35,19,17,40
"2014-01-28",71,137,0,1,12,13,109,7,1,3,1,0,0,2,2,0,0,2,10,0,7,7,0,0,0,0,1,1,-1023.87916666667,3928.66666666667,591.666666666667,-1526.20416666667,7171.20708333333,1357.875,0,71,0,12,31,27,1,57,6,1,0,0,0,0,0,0,0,1,0,0,0,0,0,0,2,0,2,0,1,0,0,0,0,0,1,0,0,0,0,6,64,1,1,0,0,3,10,32,1,0,1,0,6,7,3,0,0,0,7,26,0,20,46,5,0,18,26,0,5,0,37,0,2,0,59,8,0,0,0,2,1,0,6,2,13,10,14,26
"2014-01-29",70,133,0,1,16,17,106,5,3,1,0,0,0,3,2,0,0,1,12,0,6,6,0,0,0,0,0,0,-812.875,4065.83333333333,627.083333333333,-1278.375,7045.29583333333,1280.41666666667,0,140,0,13,28,28,1,52,8,0,0,0,0,0,0,0,1,3,0,0,0,0,0,0,0,1,0,0,0,0,0,0,0,0,1,0,0,0,2,5,60,3,0,0,0,0,16,35,1,2,0,0,11,5,1,0,0,0,8,15,0,28,46,6,0,17,29,0,8,0,31,0,1,0,48,16,0,0,0,2,0,0,10,4,13,11,12,20
"2014-01-30",66,135,0,0,18,18,108,6,2,2,0,0,0,4,2,0,0,0,11,0,5,5,0,0,0,0,0,0,-502.425,3786.75,486.75,-966.625,6677.495,1144,0,198,0,16,27,23,0,55,6,0,0,0,0,0,0,0,2,0,0,2,0,0,0,0,0,0,0,0,0,0,0,0,0,0,0,0,0,0,0,4,61,0,0,0,0,3,9,29,2,1,1,0,11,1,0,0,0,0,5,8,0,35,39,8,0,17,38,0,3,0,22,0,1,0,51,11,0,0,0,1,0,0,11,1,22,8,14,10
"2014-01-31",58,111,0,1,14,15,88,6,0,2,0,0,0,0,1,0,0,1,13,0,4,4,0,0,0,0,0,0,-99.5666666666667,3303.58333333333,422.916666666667,-532.633333333333,5827.21166666667,1046.41666666667,0,232,0,11,23,23,1,41,5,0,1,0,0,0,1,0,0,0,0,0,1,0,0,0,1,0,0,1,1,1,0,0,0,0,0,0,0,1,1,5,48,2,0,0,1,2,8,25,0,1,0,0,17,2,0,0,0,0,3,6,1,27,30,0,1,25,24,0,4,0,23,1,5,0,37,18,0,0,0,2,0,0,3,4,10,11,14,16
"2014-02-01",71,145,0,0,16,16,111,4,2,0,0,0,0,3,4,0,0,0,21,0,2,2,0,0,0,0,0,0,-261.8125,5023.25,310.625,-596.104166666667,7181.17666666667,1103.45833333333,71,355,0,10,36,25,0,57,3,0,0,0,0,0,0,0,0,0,1,2,0,0,0,0,0,0,1,0,2,0,0,0,1,0,0,0,0,0,0,7,60,0,2,0,0,2,6,30,1,1,0,0,7,2,3,0,0,0,1,38,0,17,25,4,0,34,32,0,2,0,35,0,0,0,23,10,0,0,0,35,0,0,3,3,19,17,14,15
"2014-02-02",58,104,0,1,8,9,79,0,5,0,1,0,0,2,2,0,0,2,13,0,0,0,0,0,0,0,1,1,-73.95,4901,275.5,-206.383333333333,5825.61666666667,1248.26086956522,58,348,0,8,27,22,1,46,2,1,0,0,0,0,1,0,2,0,1,1,0,0,0,0,0,0,2,0,1,0,0,0,1,0,0,0,0,0,0,8,50,0,0,0,0,0,11,27,2,0,0,0,1,2,1,0,0,0,7,37,0,7,21,1,0,33,23,0,2,1,28,1,1,0,18,19,0,0,0,15,1,0,4,4,21,11,5,13
"2014-02-03",65,122,0,2,13,15,87,6,4,2,0,0,0,5,1,0,0,1,16,0,1,1,0,0,0,0,0,0,-565.5,4097.70833333333,387.291666666667,-943.583333333333,6604.59583333333,1803.75,0,0,0,8,27,28,2,51,1,0,0,0,0,0,0,0,3,0,3,0,0,0,0,0,0,1,1,0,0,0,0,0,1,0,0,0,0,0,1,9,52,1,0,0,0,4,9,32,1,0,0,0,12,3,3,0,0,0,2,19,0,24,36,1,0,23,27,0,7,1,28,0,1,1,53,7,0,0,0,1,0,0,6,8,9,20,8,14
"2014-02-04",58,115,0,0,14,14,89,7,3,1,0,0,0,2,1,0,0,0,12,0,3,3,0,0,0,0,0,0,-468.35,3765.16666666667,282.75,-788.558333333333,5918.34416666667,1381.91304347826,0,58,0,9,26,23,0,49,3,0,0,0,0,0,0,0,0,0,0,0,0,0,0,0,0,1,1,1,0,0,0,0,0,0,0,0,0,0,0,3,52,0,0,0,0,1,9,21,0,0,0,0,10,6,1,0,0,0,1,20,0,16,32,3,2,16,23,0,4,2,27,0,0,0,46,5,0,0,0,4,0,0,4,4,12,9,15,14
"2014-02-05",107,209,1,1,19,21,165,9,4,3,0,0,0,7,2,0,0,0,19,1,3,4,0,0,0,0,0,0,-991.0875,7984.875,1056.625,-1391,10811.5475,2955.875,0,214,1,16,41,48,1,87,5,0,0,0,0,0,0,0,2,0,1,0,1,0,0,0,1,0,2,1,0,0,1,0,0,0,0,0,0,0,2,9,92,2,0,0,0,3,15,53,0,1,0,0,4,3,2,0,0,0,4,82,0,9,59,13,0,32,43,0,5,0,50,1,3,0,17,12,0,0,0,64,9,0,14,11,30,16,11,25
"2014-02-06",83,161,0,0,22,22,125,8,3,5,0,0,0,4,3,0,0,1,12,0,5,5,0,0,0,0,0,0,-1079.69166666667,5329.29166666667,577.541666666667,-1525.47083333333,8414.05583333333,1960.875,0,249,0,20,29,34,0,66,4,0,0,0,0,0,2,0,1,0,0,0,0,0,0,0,1,0,0,0,1,0,0,0,1,0,0,0,0,0,4,4,72,4,0,0,0,2,4,40,3,0,0,0,8,4,1,0,0,0,7,36,0,22,53,1,0,25,36,0,12,0,28,0,2,0,65,13,0,0,0,1,0,0,6,5,18,15,11,28
"2014-02-07",80,163,0,1,17,18,127,9,1,4,0,0,0,5,5,0,0,1,11,0,2,2,0,0,0,0,0,0,-696.333333333333,5466.66666666667,716.666666666667,-1081,8079.5,1463.33333333333,0,320,0,13,30,36,1,65,2,0,0,0,0,0,1,1,2,0,0,0,0,0,0,0,0,0,1,1,0,0,0,0,1,0,0,0,0,0,1,5,69,1,1,0,0,2,10,38,1,0,0,0,11,1,1,0,0,0,8,43,0,16,45,5,0,30,41,0,7,1,27,2,2,0,35,28,0,0,0,12,3,2,5,9,21,12,12,21
"2014-02-08",52,103,0,2,12,14,86,0,0,0,0,0,0,4,0,0,0,1,12,0,3,3,0,0,0,0,0,0,-460.85,3102.66666666667,316.333333333333,-796.466666666667,5265.065,1016.16666666667,52,260,0,8,23,19,2,44,3,0,0,0,0,0,0,0,2,0,0,0,0,0,0,0,0,2,1,0,0,0,0,0,0,0,0,0,0,0,0,5,47,0,1,0,0,1,6,21,0,0,0,0,8,0,1,0,0,0,3,17,0,20,25,1,2,23,30,0,0,0,18,0,2,0,39,10,0,0,0,0,0,0,3,3,19,4,8,15
"2014-02-09",48,93,0,0,12,12,81,2,0,1,0,0,0,1,1,0,0,0,7,0,1,1,0,0,0,0,0,0,-416.2,3692,212,-575.8,4847.74,912,48,288,0,7,26,15,0,35,4,0,0,0,0,0,0,0,2,0,0,0,0,0,0,2,0,0,0,0,0,0,0,0,1,0,0,0,0,0,1,5,39,1,0,0,0,1,6,18,1,0,0,0,3,1,2,0,0,0,2,17,0,21,25,1,0,19,21,0,2,0,23,0,1,0,25,13,0,0,0,3,1,0,5,3,14,7,8,11
"2014-02-10",72,129,0,0,18,18,96,6,3,2,1,0,0,6,3,0,0,0,12,0,8,8,0,0,0,0,0,0,-683.4,4857,408,-1052.4,7267.8,2031,0,0,0,15,32,25,0,51,9,0,0,0,0,0,0,0,0,1,0,1,0,0,0,0,0,1,0,0,0,0,0,0,1,0,0,0,0,0,2,4,60,2,1,0,0,1,6,40,0,0,0,0,16,2,1,0,0,0,3,7,0,40,41,3,0,25,39,0,2,1,29,0,0,0,57,10,0,0,0,1,0,0,4,7,18,13,13,17
"2014-02-11",62,123,0,0,15,15,101,7,1,2,0,0,0,3,1,0,0,0,8,0,2,2,0,0,0,0,0,0,-848.883333333333,3332.5,374.583333333333,-1311.81666666667,6313.97666666667,1821.25,0,62,0,12,23,27,0,50,4,0,0,0,0,0,0,0,1,0,0,0,1,0,0,0,0,1,1,0,0,0,0,0,1,0,0,0,0,0,0,5,54,0,0,0,0,2,9,31,0,0,0,0,30,2,1,0,0,0,1,8,0,15,40,3,0,14,28,0,3,0,25,0,3,0,53,5,0,0,0,0,0,0,6,6,10,12,8,20
"2014-02-12",71,135,1,1,18,20,110,9,0,1,0,0,0,1,3,0,0,0,11,1,4,5,0,0,0,0,0,0,-929.2125,3831.04166666667,381.625,-1462.30416666667,7255.96333333333,1354.91666666667,0,142,1,13,28,28,1,57,6,0,0,1,0,0,0,0,1,0,0,2,0,0,0,0,0,1,0,0,0,0,0,0,1,0,0,0,0,0,1,5,64,1,1,0,1,2,6,35,0,0,0,0,39,0,4,0,0,0,1,6,0,14,50,0,0,20,36,0,3,0,31,0,0,0,59,5,0,1,0,1,0,0,9,7,15,12,10,18
"2014-02-13",78,149,0,2,23,25,119,11,1,0,0,0,0,1,2,0,0,0,15,0,8,8,0,0,0,0,0,0,-698.75,5001.75,653.25,-1140.75,7861.75,2011.75,0,234,0,18,28,30,2,60,7,0,0,1,0,0,0,1,1,0,0,1,0,0,0,0,0,1,0,0,1,0,0,0,3,0,0,0,0,0,0,7,69,0,0,0,0,3,15,38,1,0,0,0,32,4,5,0,0,0,1,15,0,19,46,1,0,30,42,0,7,0,25,0,3,0,43,19,0,0,0,11,2,0,5,4,17,11,10,31
"2014-02-14",119,234,0,0,21,21,180,7,6,5,0,0,0,7,4,0,0,0,25,0,4,4,0,0,0,0,0,0,-547.895833333333,10338.125,1393.29166666667,-769.0375,11720.16125,3594.79166666667,0,476,0,16,54,49,0,93,3,0,0,0,0,0,0,0,6,1,1,0,0,0,0,0,0,0,1,0,1,0,1,0,4,0,0,0,0,0,2,15,96,2,1,0,0,6,15,37,1,0,0,0,1,3,2,0,0,0,9,94,0,6,64,3,2,42,49,0,6,2,55,0,3,0,28,11,1,0,0,64,10,0,13,13,24,21,22,26
"2014-02-15",68,124,0,0,8,8,93,4,6,0,0,0,0,3,1,0,0,0,17,0,1,1,0,0,0,0,0,0,-458.433333333333,4972.5,464.666666666667,-732.133333333333,6799.88666666667,1717,68,340,0,7,34,27,0,52,1,0,0,0,0,0,1,0,2,0,2,0,1,0,0,0,1,0,0,0,0,0,0,0,3,0,0,0,0,1,1,9,54,2,0,0,0,2,10,33,0,0,0,0,4,0,0,1,0,0,7,38,0,14,26,5,0,31,33,0,0,1,28,1,2,0,30,20,0,0,0,12,2,0,5,5,25,10,7,16
"2014-02-16",54,104,0,2,7,9,84,4,2,3,0,0,0,0,2,0,0,0,9,0,5,5,0,0,0,0,0,0,-616.336363636364,3294,432,-953.345454545454,5412.44454545455,1291.09090909091,54,324,0,6,24,23,1,42,4,0,0,0,0,0,0,1,0,0,0,1,0,0,0,0,0,1,0,0,0,0,0,0,2,0,0,0,0,1,0,4,47,1,0,0,0,1,6,26,0,0,0,0,16,2,2,0,0,0,2,19,0,12,33,2,0,15,25,0,2,0,24,0,1,0,44,4,0,0,0,1,0,0,7,3,13,12,7,12
"2014-02-17",90,174,0,3,28,31,132,14,1,3,1,0,0,1,5,0,0,0,17,0,7,7,0,0,0,0,0,0,-1126.875,4188.75,573.75,-1950,9156.3,2077.5,0,0,0,19,35,33,3,75,6,0,0,0,0,0,0,0,1,0,2,0,0,0,0,0,0,0,0,0,0,0,0,0,2,0,0,0,0,0,0,5,81,0,0,0,0,3,15,44,0,0,0,0,19,2,1,0,0,0,3,31,0,28,57,4,0,21,37,0,6,2,44,0,0,0,73,10,0,0,0,1,0,0,6,3,22,23,13,23
"2014-02-18",96,193,0,0,14,14,147,9,5,4,0,0,0,5,7,0,0,0,16,0,2,2,0,0,0,0,0,0,-931.6,6940,552,-1337.6,9687.6,1936,0,96,0,11,41,44,0,81,2,0,0,0,0,0,0,0,0,0,0,0,0,0,0,2,0,3,1,0,2,0,0,0,0,0,0,0,0,0,0,8,83,0,2,0,1,3,16,39,1,0,0,0,5,5,1,0,0,0,13,53,0,13,63,6,0,24,40,0,6,0,44,0,3,0,26,18,0,0,0,44,0,1,14,2,32,16,14,18
"2014-02-19",51,100,0,0,12,12,78,5,3,1,1,0,0,1,1,0,0,1,9,0,4,4,0,0,0,0,1,1,-73.525,3944,342.125,-252.875,5098.83125,901,0,102,0,9,23,19,0,37,4,1,0,0,0,1,0,0,2,1,1,0,0,0,0,0,0,0,0,0,0,0,0,0,2,0,0,0,0,0,1,6,43,1,0,0,1,0,8,29,0,0,0,0,4,0,1,0,0,0,3,9,0,32,30,2,1,14,27,0,3,0,19,0,1,0,25,22,0,0,0,2,0,0,3,3,14,9,8,14
"2014-02-20",57,115,0,0,15,15,78,8,1,0,1,0,0,3,2,0,0,2,20,0,4,4,0,0,0,0,0,0,24.225,3842.75,356.25,-283.575,5748.64,1073.5,0,171,0,11,21,25,0,44,4,0,0,0,0,0,1,0,1,0,0,0,0,0,0,0,0,0,1,0,0,0,0,0,3,0,0,0,0,0,0,5,49,0,0,0,1,0,6,28,0,0,0,0,16,3,0,0,0,0,2,3,0,29,38,4,0,11,24,0,4,0,25,0,3,0,46,6,0,0,0,0,0,0,1,4,20,6,9,17
"2014-02-21",67,133,0,1,9,10,110,4,2,0,0,0,0,2,5,0,0,0,10,0,2,2,0,0,0,0,0,0,129.533333333333,5664.29166666667,438.291666666667,-29.0333333333333,6700.44666666667,1292.54166666667,0,268,0,8,31,27,1,52,4,0,0,0,0,0,1,0,2,0,1,1,1,0,0,0,0,0,0,0,1,0,0,0,0,0,0,0,1,0,0,6,57,1,0,0,0,2,12,32,0,0,0,0,6,0,14,0,0,0,1,1,0,38,23,6,0,32,22,0,2,1,40,0,1,4,17,9,27,1,0,0,0,1,7,2,10,19,11,18
"2014-02-22",59,116,0,0,12,12,94,1,0,0,0,0,0,1,0,0,0,2,18,0,4,4,0,0,0,0,0,0,173.804166666667,3021.29166666667,690.791666666667,-376.125,5879.69416666667,1079.20833333333,59,295,0,10,26,23,0,45,4,0,0,1,0,0,0,0,0,0,0,0,0,0,0,1,0,0,1,0,1,0,0,0,1,1,0,0,0,0,1,4,50,2,0,0,1,1,14,24,0,0,0,0,27,1,8,0,0,0,0,3,0,17,37,0,0,16,24,0,1,1,32,0,0,0,44,7,1,0,0,1,0,1,5,8,18,7,10,11
"2014-02-23",43,79,0,0,15,15,59,1,0,0,1,0,0,5,2,0,0,2,9,0,6,6,0,0,0,0,1,1,-18.9916666666667,2196.58333333333,333.25,-406.529166666667,4304.73,811.625,43,258,0,12,15,16,0,29,5,1,0,0,0,0,0,0,0,1,0,0,1,0,0,0,0,1,0,0,0,0,0,0,2,0,0,0,0,0,0,5,35,0,1,0,0,0,4,22,1,0,1,0,35,1,2,0,0,0,0,1,0,3,21,1,0,20,19,0,1,0,21,0,0,0,36,7,0,0,0,0,0,0,5,3,15,4,6,10
"2014-02-24",50,96,0,0,10,10,76,6,0,2,0,0,0,1,3,0,0,1,7,0,2,2,0,0,0,0,0,0,-369.166666666667,2543.75,312.5,-794.166666666667,5003.97916666667,1183.33333333333,0,0,0,10,16,24,0,42,3,0,0,0,0,0,1,0,1,0,0,0,0,0,0,0,0,0,0,0,0,0,0,0,2,0,0,0,0,0,1,3,46,1,0,0,0,2,8,28,0,0,0,0,37,2,2,0,0,0,1,0,0,5,34,2,0,12,23,0,4,0,20,0,1,0,38,8,0,0,0,1,0,0,6,4,11,6,12,11
"2014-02-25",57,115,0,1,11,12,92,2,1,1,1,0,0,2,1,0,0,0,15,0,2,2,0,0,0,0,0,0,-617.2625,3249,256.5,-1007.95,5724.605,1363.25,0,57,0,11,26,19,1,44,2,1,0,0,0,0,1,0,0,0,1,1,0,1,0,0,0,0,0,0,0,0,0,0,2,0,0,0,0,1,0,5,48,1,0,0,0,3,7,19,0,0,0,0,38,0,2,0,0,0,0,4,0,6,38,4,0,11,25,0,3,0,23,2,2,0,39,12,0,0,0,0,0,0,7,3,13,11,7,16
"2014-02-26",55,114,0,0,18,18,92,4,2,0,2,0,0,1,3,0,0,0,10,0,3,3,0,0,0,0,1,1,-613.25,3565.83333333333,385,-917.583333333333,5496.15,1079.375,0,110,0,12,24,19,0,43,3,2,0,0,0,0,0,0,1,0,0,0,0,0,0,0,1,0,1,1,0,0,0,0,1,0,0,0,0,0,0,5,48,0,1,0,0,2,6,29,0,0,0,0,12,2,3,0,0,0,1,20,0,13,37,4,1,11,22,0,1,1,30,0,0,0,30,8,0,0,0,12,1,1,8,3,12,8,8,16
"2014-02-27",51,105,0,0,15,15,84,6,1,2,0,0,0,2,0,0,0,0,10,0,5,5,0,0,0,0,0,0,-541.025,2862.375,346.375,-911.2,5073.6925,973.25,0,153,0,13,23,15,0,41,5,0,0,0,0,0,0,0,0,0,0,0,0,0,0,1,0,1,1,0,0,0,0,0,0,0,0,0,0,0,0,3,46,0,0,0,0,1,9,23,0,0,0,0,22,2,4,0,0,0,0,5,0,15,30,1,0,17,21,0,3,0,24,2,0,0,26,18,0,0,0,3,0,0,4,1,17,12,5,12
"2014-02-28",78,154,0,1,19,20,120,7,0,1,0,0,0,4,7,0,0,0,15,0,6,6,0,0,0,0,0,0,-1131.975,4026.75,510.25,-1767.675,7913.49,1794,0,312,0,17,32,28,1,64,6,0,0,0,0,0,0,1,0,0,1,0,0,0,1,0,0,0,0,0,0,0,0,0,0,0,0,0,0,1,1,2,71,2,0,0,0,1,13,41,1,0,0,0,68,1,2,0,0,0,0,1,0,4,55,2,1,19,45,0,2,0,29,0,2,0,70,4,0,0,0,0,0,1,8,5,23,16,10,16
"2014-03-01",42,87,0,0,8,8,64,2,0,2,1,0,0,3,1,0,0,0,14,0,0,0,0,0,0,0,1,1,-363.125,2327.5,274.75,-679,4250.96,700,42,210,0,6,16,20,0,36,0,1,0,0,0,0,0,0,1,0,0,1,0,0,0,0,0,0,0,0,0,0,0,0,0,0,0,0,0,0,1,2,37,1,0,0,0,0,8,12,0,0,0,0,23,2,0,0,0,0,0,3,0,12,23,2,0,13,20,0,2,0,20,0,0,0,21,14,0,0,0,5,0,0,5,7,11,4,3,12
"2014-03-02",54,111,0,0,12,12,91,0,1,1,0,0,0,8,1,0,0,0,9,0,2,2,0,0,0,0,0,0,-529.65,3008.25,411.75,-939.375,5459.13,1514.25,54,324,0,11,27,16,0,42,2,0,0,0,0,0,0,0,2,0,0,0,0,0,0,0,0,2,0,0,1,0,0,0,1,0,0,0,0,0,1,6,44,1,2,0,0,1,6,26,0,0,0,0,11,2,1,0,0,0,0,24,0,12,26,1,0,23,25,0,0,0,26,0,1,0,30,7,0,0,0,12,1,0,3,5,12,11,8,15
"2014-03-03",45,87,0,0,11,11,71,3,1,1,1,0,0,1,6,0,0,0,3,0,3,3,0,0,0,0,1,1,-655.875,1903.125,298.125,-1110.5625,4563.35625,1113.75,0,0,0,11,14,20,0,35,3,1,0,0,0,0,1,0,0,0,0,0,0,0,0,0,0,1,0,0,0,0,0,0,1,0,0,0,0,0,1,2,40,1,1,0,0,0,6,24,0,0,0,0,35,3,0,0,0,0,0,2,0,4,30,2,0,8,20,0,4,1,18,0,0,0,42,1,0,0,0,0,0,0,3,5,13,6,10,8
"2014-03-04",60,113,0,0,17,17,88,6,1,1,1,0,0,3,5,0,0,0,8,0,3,3,0,0,0,0,1,1,-814,3570,370,-1193.25,6101.75,1407.5,0,60,0,12,27,21,0,50,3,1,0,0,0,0,1,0,1,0,0,0,0,0,0,0,0,0,1,0,1,0,0,0,0,0,0,0,0,0,0,3,55,0,0,0,0,0,6,33,0,0,0,0,30,0,1,0,0,0,3,14,0,9,41,3,0,15,34,0,5,0,19,1,1,0,36,5,0,0,0,16,0,0,11,9,14,10,3,13
"2014-03-05",52,98,0,0,16,16,76,4,3,2,0,0,0,1,4,0,0,0,8,0,6,6,0,0,0,0,0,0,-652.816666666667,3575,400.833333333333,-899.166666666667,5312.905,1228.5,0,104,0,13,28,11,0,35,6,0,0,0,0,0,0,0,0,0,1,0,0,0,0,1,0,1,0,1,1,0,0,0,0,0,0,0,0,0,0,5,41,0,1,0,0,3,5,23,1,0,0,0,19,0,2,0,0,0,3,10,0,17,35,1,0,15,29,0,4,0,15,0,2,0,38,4,1,0,0,5,0,0,6,7,11,11,5,12
"2014-03-06",50,89,0,1,11,12,64,4,1,1,0,0,0,3,4,0,0,1,11,0,6,6,0,0,0,0,0,0,-607.083333333333,1843.75,291.666666666667,-1205.41666666667,5136.45833333333,1312.5,0,150,0,10,15,24,1,33,7,0,0,0,0,0,0,0,1,1,1,1,0,0,0,0,0,0,0,0,1,0,0,0,0,0,0,0,0,0,0,5,40,0,1,0,0,1,7,18,0,0,0,0,35,2,2,0,0,0,0,5,0,3,33,0,0,13,23,0,1,1,22,0,1,0,41,5,0,0,0,0,0,0,2,2,12,5,14,15
"2014-03-07",43,76,0,0,21,21,60,3,1,1,0,0,0,5,1,0,0,0,5,0,6,6,0,0,0,0,0,0,-214.820833333333,1659.08333333333,247.25,-749.095833333333,4351.11625,756.083333333333,0,172,0,17,7,19,0,29,8,0,0,0,0,0,0,0,1,1,1,0,0,0,0,0,0,0,0,0,0,0,0,0,1,0,0,0,0,0,0,4,37,0,0,0,1,1,6,24,0,0,0,0,36,1,0,0,0,0,0,0,0,4,28,1,0,13,18,0,1,0,24,0,0,0,40,1,0,0,0,0,0,0,4,7,11,9,0,12
"2014-03-08",41,78,0,0,10,10,64,2,1,2,0,0,0,1,1,0,0,1,6,0,0,0,0,0,0,0,0,0,-25.7958333333333,2171.29166666667,305.791666666667,-393.770833333333,4110.9675,977.166666666667,41,205,0,6,18,17,0,34,0,0,0,0,0,0,0,0,0,1,1,0,0,0,0,0,0,1,2,0,1,0,0,0,0,0,0,0,0,0,0,6,34,0,0,0,0,0,6,23,0,0,0,0,26,0,0,0,0,0,1,3,0,9,23,2,0,13,21,0,0,1,18,0,0,0,32,3,0,0,0,2,1,0,0,7,12,3,8,11