"Date","NB_Accidents","NB_VEH_IMPLIQUES_ACCDN","NB_MORTS","NB_BLESSES_GRAVES","NB_BLESSES_LEGERS","NB_VICTIMES_TOTAL","nb_automobile_camion_leger","nb_camionLourd_tractRoutier","nb_outil_equipement","nb_tous_autobus_minibus","nb_bicyclette","nb_cyclomoteur","nb_motocyclette","nb_taxi","nb_urgence","nb_motoneige","nb_VHR","nb_autres_types","nb_veh_non_precise","NB_DECES_PIETON","NB_BLESSES_PIETON","NB_VICTIMES_PIETON","NB_DECES_MOTO","NB_BLESSES_MOTO","NB_VICTIMES_MOTO","NB_DECES_VELO","NB_BLESSES_VELO","NB_VICTIMES_VELO","Temp","Rel.Hum","Wind.Spd","Dew.Point.Temp","Stn_Press","Wind.Dir","weekdays","days","SeverityDeadly","SeverityLight Injury","SeverityMaterial High","SeverityMaterial Low","SeveritySevere Injury","as.factor(Accident_Type)31","as.factor(Accident_Type)32","as.factor(Accident_Type)33","as.factor(Accident_Type)34","as.factor(Accident_Type)35","as.factor(Accident_Type)36","as.factor(Accident_Type)37","as.factor(Accident_Type)38","as.factor(Accident_Type)39","as.factor(Accident_Type)40","as.factor(Accident_Type)41","as.factor(Accident_Type)42","as.factor(Accident_Type)43","as.factor(Accident_Type)44","as.factor(Accident_Type)45","as.factor(Accident_Type)46","as.factor(Accident_Type)47","as.factor(Accident_Type)48","as.factor(Accident_Type)49","as.factor(Accident_Type)50","as.factor(Accident_Type)51","as.factor(Accident_Type)52","as.factor(Accident_Type)53","as.factor(Accident_Type)54","as.factor(Accident_Type)55","as.factor(Accident_Type)59","as.factor(Accident_Type)71","as.factor(Accident_Type)72","as.factor(Accident_Type)73","as.factor(Accident_Type)74","as.factor(Accident_Type)75","as.factor(Accident_Type)99","Accident_CategoryFixed Object","Accident_CategoryMoving Object","Accident_CategoryNo Collision","Auth_Speed10","Auth_Speed100","Auth_Speed20","Auth_Speed30","Auth_Speed40","Auth_Speed50","Auth_Speed60","Auth_Speed70","Auth_Speed80","Auth_Speed90","Surface_CondDry","Surface_CondHard snow","Surface_CondIce","Surface_CondMud","Surface_CondOil","Surface_CondSand or gravel","Surface_CondSlush","Surface_CondSnow","Surface_CondWater accumulation","Surface_CondWet","IlluminationDay and clear","IlluminationDay and semi-dark","IlluminationNight and dark","IlluminationNight and lighted","EnvironmentCommercial","EnvironmentForest","EnvironmentIndustrial","EnvironmentPark","EnvironmentResidential","EnvironmentRural","EnvironmentSchool area","WeatherBlack Ice","WeatherClear Sky","WeatherCloudy","WeatherDrizzle","WeatherFoggy","WeatherHeavy Rain","WeatherSnow","WeatherSnowstorms","WeatherStrong Wind","cluster_id_0","cluster_id_1","cluster_id_2","cluster_id_3","cluster_id_4","cluster_id_5"
"2014-03-09",48,88,0,1,16,17,72,0,2,2,1,0,0,1,2,0,0,0,8,0,4,4,0,0,0,0,1,1,-300.218181818182,2356.36363636364,331.636363636364,-749.672727272727,4825.98545454545,1248,48,288,0,12,23,12,1,30,6,1,0,0,0,0,0,0,1,0,1,0,0,0,0,0,1,2,0,0,0,0,0,0,1,0,0,0,0,0,2,6,37,2,0,0,0,0,4,27,0,0,0,0,39,0,0,1,0,0,0,5,0,3,32,0,0,15,30,0,1,0,15,0,0,0,42,1,0,0,0,4,0,0,1,3,12,7,10,15
"2014-03-10",60,120,0,0,11,11,92,7,1,1,0,0,0,5,1,0,0,0,13,0,2,2,0,0,0,0,0,0,-146.181818181818,4947.27272727273,360,-304.909090909091,5973.81818181818,970.909090909091,0,0,0,10,28,22,0,48,2,0,0,0,0,0,1,0,1,0,1,0,0,0,0,0,0,0,1,0,0,0,0,0,2,0,0,0,0,0,0,5,51,0,0,0,0,3,6,28,0,0,0,0,11,0,0,0,0,0,3,24,0,20,29,1,0,26,23,0,4,0,25,0,4,0,24,12,0,0,0,22,1,0,9,3,12,14,6,16
"2014-03-11",63,116,0,1,20,21,84,6,3,0,1,0,0,8,3,0,0,0,11,0,6,6,0,0,0,0,1,1,208.95,4620,330.75,-77.7,6243.1425,1071,0,63,0,12,27,23,1,47,6,1,0,0,0,0,0,0,1,1,1,0,0,0,0,0,0,1,2,0,0,0,0,0,1,0,0,0,0,1,0,7,54,1,0,0,0,2,12,25,0,0,0,0,21,2,0,0,0,0,1,12,0,22,41,1,0,18,38,0,5,0,20,0,0,0,34,15,0,0,0,8,1,0,8,3,20,9,6,17
"2014-03-12",78,146,0,1,19,20,106,10,4,5,0,0,0,4,1,0,0,0,16,0,5,5,0,0,0,0,0,0,-341.557894736842,5587.26315789474,1104.31578947368,-702.821052631579,7767.44526315789,2233.26315789474,0,156,0,15,37,25,1,56,7,0,0,0,0,0,0,0,4,1,1,0,0,0,0,0,0,0,1,1,1,0,0,0,0,0,0,0,0,0,1,9,63,1,0,0,2,1,10,37,0,0,0,0,15,2,1,0,0,0,0,55,0,4,45,7,0,23,39,0,2,0,35,0,0,0,11,11,0,0,0,26,27,1,13,3,22,11,9,20
"2014-03-13",127,259,0,0,24,24,200,18,10,2,0,0,0,3,3,0,0,0,23,0,3,3,0,0,0,0,0,0,-1438.275,7683.5,1778,-2322.195,12642.088,3968.75,0,381,0,20,59,48,0,103,5,0,0,0,0,0,1,0,1,1,3,1,0,0,0,0,0,2,1,0,0,0,0,0,1,0,0,0,0,0,2,10,109,2,0,0,2,5,23,50,1,0,0,0,5,6,4,0,0,0,5,93,0,11,88,3,0,31,46,0,8,0,68,0,4,0,46,18,0,0,0,45,11,0,14,6,35,24,15,33
"2014-03-14",81,152,0,0,19,19,111,10,7,2,0,0,0,5,5,0,0,0,12,0,4,4,0,0,0,0,0,0,-479.828571428571,4543.71428571429,732.857142857143,-1081.15714285714,8098.88142857143,1454.14285714286,0,324,0,15,33,33,0,63,4,0,0,0,0,0,0,1,1,1,1,0,1,1,0,0,1,1,1,0,0,0,0,0,2,0,0,0,0,0,0,10,68,0,0,0,0,3,11,32,0,0,0,0,7,5,4,0,0,0,6,34,1,21,50,5,0,23,33,0,6,0,37,0,3,0,52,24,0,0,0,4,0,0,6,6,23,20,5,21
"2014-03-15",44,89,0,1,13,14,67,0,0,1,0,0,0,4,4,0,0,0,13,0,5,5,0,0,0,0,0,0,104.94,2906.2,325.6,-147.4,4369.596,913,44,220,0,6,18,19,1,39,3,0,0,0,0,0,0,0,1,0,0,0,0,0,0,0,0,0,0,1,0,0,0,0,0,0,0,0,0,0,0,2,42,0,2,0,0,0,10,20,0,0,0,1,16,0,1,0,0,0,1,7,0,15,22,0,1,20,24,0,1,0,17,0,0,0,23,15,1,0,0,1,0,0,2,2,13,12,3,12
"2014-03-16",41,82,0,0,11,11,70,2,0,1,0,0,0,4,0,0,0,0,5,0,3,3,0,0,0,0,0,0,-424.617391304348,2001.86956521739,292.347826086957,-784.704347826087,4144.31565217391,1098.08695652174,41,246,0,9,19,13,0,34,4,0,0,0,0,0,0,0,0,0,0,1,0,0,0,0,0,0,0,0,1,0,0,0,1,0,0,0,0,0,0,3,38,0,1,0,1,1,8,17,1,0,0,0,33,0,2,0,0,0,0,1,0,3,25,3,0,10,19,0,1,1,19,0,0,0,41,0,0,0,0,0,0,0,6,2,13,5,7,8
"2014-03-17",43,86,0,4,10,14,65,5,0,1,1,0,0,1,2,0,0,0,11,0,4,4,0,0,0,0,1,1,-492.463157894737,1980.26315789474,255.736842105263,-898.926315789474,4356.94105263158,1102.15789473684,0,0,0,8,16,15,4,30,4,1,0,0,0,0,0,0,0,0,1,0,0,0,0,0,0,0,0,0,1,0,0,0,1,0,0,0,0,0,0,3,35,0,0,0,0,0,5,20,0,0,0,0,34,1,1,0,0,0,1,3,0,1,28,1,0,6,17,0,2,0,22,0,0,0,35,3,0,0,0,1,0,0,4,2,9,7,8,13
"2014-03-18",63,117,0,0,18,18,91,6,1,2,1,0,0,4,2,0,0,0,10,0,4,4,0,0,0,0,0,0,-464.3625,2798.25,399,-1111.425,6409.75125,1223.25,0,63,0,12,29,22,0,42,4,1,0,0,0,0,0,0,2,0,1,0,0,0,0,0,0,1,1,0,2,0,0,0,2,0,0,0,1,0,0,9,47,1,0,0,0,1,13,29,0,0,0,0,53,0,2,0,0,0,0,3,0,2,50,2,0,10,27,0,3,0,31,0,2,0,58,3,0,0,0,0,0,0,6,5,18,8,8,18
"2014-03-19",40,81,0,0,7,7,68,1,1,1,0,0,0,0,1,0,0,0,9,0,1,1,0,0,0,0,0,0,-112.666666666667,2090,338.333333333333,-459,4040.85,981.666666666667,0,80,0,6,17,17,0,35,1,0,0,0,0,0,0,0,0,0,0,0,0,0,0,0,0,0,0,0,0,0,0,0,1,0,0,0,0,0,0,1,36,0,0,0,0,1,3,21,0,0,0,0,27,0,0,0,0,0,1,3,0,5,27,1,1,7,17,0,2,0,17,1,1,0,17,17,1,0,0,1,0,0,5,3,8,6,7,11
"2014-03-20",44,85,0,1,8,9,66,6,1,0,0,0,0,1,3,0,0,0,8,0,1,1,0,0,0,0,0,0,66.55,3718,386.833333333333,-38.3166666666667,4370.66666666667,768.166666666667,0,132,0,7,18,18,1,26,1,0,0,0,0,0,0,0,3,0,0,1,0,0,0,1,1,0,0,0,0,0,0,0,1,0,0,0,0,0,0,7,27,0,0,0,0,0,11,19,0,0,0,0,6,1,0,0,0,0,2,8,0,25,26,1,0,14,21,0,1,0,19,0,1,0,8,16,10,0,0,8,0,0,3,7,10,11,6,7
"2014-03-21",51,97,0,1,13,14,68,4,2,3,0,1,0,1,3,0,0,1,14,0,6,6,0,0,0,0,0,0,-13.8125,3172.625,310.25,-358.0625,5106.73625,1149.625,0,204,0,11,18,21,1,34,6,0,0,0,0,0,0,0,1,1,1,0,0,0,0,0,0,0,0,0,1,0,0,0,0,0,1,0,0,1,0,4,40,2,1,0,1,1,9,18,1,1,0,0,29,1,3,0,0,0,0,5,0,7,37,1,0,10,18,0,5,0,24,0,1,0,35,7,1,0,0,2,0,1,6,5,13,13,6,8
"2014-03-22",78,145,0,0,14,14,114,2,6,2,0,0,0,4,2,0,0,0,15,0,0,0,0,0,0,0,0,0,-144.3,6152.25,614.25,-398.45,7803.1525,1621.75,78,390,0,10,42,26,0,61,0,0,0,1,0,0,0,0,2,2,2,0,0,0,0,0,0,2,0,0,1,0,0,0,3,0,0,0,0,0,0,12,62,0,0,0,0,1,13,35,1,0,0,0,16,2,3,0,0,0,1,47,0,8,45,5,0,24,31,0,3,0,42,0,1,0,24,17,1,0,0,27,7,0,4,5,19,14,11,25
"2014-03-23",54,109,0,0,10,10,84,1,1,0,0,0,0,3,2,0,0,3,15,0,2,2,0,0,0,0,0,0,-456.075,2781,474.75,-912.375,5452.83,1449,54,324,0,7,24,23,0,43,2,0,0,0,0,0,0,0,2,0,1,0,0,0,0,0,1,2,0,0,0,0,0,0,0,0,0,0,0,0,0,6,45,0,0,0,0,1,10,17,1,1,0,0,18,1,2,0,0,0,0,21,1,10,31,4,0,17,23,0,1,1,28,0,0,0,41,6,0,0,0,4,1,0,2,5,18,4,8,17
"2014-03-24",57,108,0,1,9,10,77,14,0,3,1,0,0,3,3,0,0,0,7,0,4,4,0,0,0,0,0,0,-498.75,2265.75,406.125,-1146.65,5765.36,1417.875,0,0,0,9,25,22,1,44,5,1,0,0,0,0,1,0,0,0,0,0,0,0,0,0,0,1,0,0,0,0,0,0,2,0,0,0,0,0,0,3,51,0,0,0,0,1,9,26,0,1,0,0,40,2,1,0,0,0,0,8,0,3,44,2,0,7,25,0,3,0,26,0,1,0,50,0,0,0,0,1,1,0,4,2,19,9,9,14
"2014-03-25",53,103,0,0,13,13,79,8,0,3,0,0,0,2,0,0,0,1,10,0,3,3,0,0,0,0,0,0,-261.245833333333,2784.70833333333,373.208333333333,-702.25,5333.2575,889.958333333333,0,53,0,10,19,24,0,44,4,0,0,0,0,0,1,0,0,0,1,0,0,0,0,0,0,0,0,0,2,0,0,0,0,0,0,0,0,0,0,3,49,0,0,0,2,5,8,19,0,0,0,0,40,2,2,0,0,0,0,3,0,4,43,1,0,7,28,0,1,0,21,0,1,0,49,2,0,0,0,1,0,0,6,5,10,6,5,21
"2014-03-26",40,73,0,0,8,8,53,4,0,1,0,0,0,2,3,0,0,0,10,0,3,3,0,0,0,0,0,0,-188.833333333333,1995,298.333333333333,-561.666666666667,4023.46666666667,1136.66666666667,0,80,0,7,15,18,0,28,5,0,0,0,0,0,0,1,0,0,0,0,0,0,0,0,0,0,0,0,1,0,0,0,1,0,0,0,0,0,0,2,34,0,1,0,0,0,10,15,0,0,0,0,25,1,0,0,0,0,0,3,0,3,28,2,0,6,18,0,2,0,15,0,1,0,33,0,0,0,0,0,0,0,2,1,18,9,4,6
"2014-03-27",59,119,0,0,18,18,91,3,0,1,1,0,0,2,1,0,0,1,19,0,2,2,0,0,0,0,0,0,-380.795833333333,3181.08333333333,378.583333333333,-865.0875,5980.6825,1165.25,0,177,0,13,26,20,0,47,2,1,0,0,0,0,0,0,1,0,0,0,0,0,0,0,0,0,0,0,0,0,0,0,1,0,0,0,0,0,1,2,50,1,1,0,0,1,8,26,1,0,0,0,39,2,0,0,0,0,0,4,0,9,39,2,0,14,33,0,4,0,20,0,0,0,33,16,0,0,0,4,0,0,7,5,12,7,8,20
"2014-03-28",88,165,0,2,21,23,124,10,5,4,0,0,1,5,4,0,0,0,12,0,4,4,0,0,0,0,0,0,147.766666666667,7494.66666666667,564.666666666667,-53.9,8818.62666666667,1547.33333333333,0,352,0,16,41,29,2,66,6,0,0,0,0,0,1,0,2,0,1,1,0,0,0,0,0,2,1,0,3,0,0,0,1,0,0,0,0,0,0,11,73,0,1,0,1,0,14,44,0,0,0,0,5,0,1,0,0,0,3,29,0,45,56,11,0,13,39,0,8,2,38,0,0,0,9,19,27,0,1,21,4,0,9,5,26,18,10,20
"2014-03-29",45,99,0,0,9,9,80,0,0,3,1,0,0,4,0,0,0,1,10,0,1,1,0,0,0,0,0,0,86.0625,3058.125,416.25,-154.3125,4567.25625,954.375,45,225,0,7,14,24,0,37,1,0,0,0,0,0,0,0,0,0,0,0,0,0,0,0,0,0,0,0,0,0,0,0,0,1,0,0,0,0,1,0,38,2,0,0,0,0,6,17,0,0,0,0,26,0,1,0,0,0,0,5,0,10,29,0,1,11,25,0,0,0,18,1,0,0,23,15,0,0,0,4,0,0,2,3,19,4,7,10
"2014-03-30",65,124,0,0,10,10,96,2,5,1,0,0,0,5,4,0,0,0,11,0,2,2,0,0,0,0,0,0,-47.3958333333333,5473.54166666667,1123.95833333333,-206.375,6546.50208333333,1486.875,65,390,0,9,34,22,0,49,1,0,0,0,0,0,0,0,0,1,1,2,0,0,0,0,2,3,1,0,3,0,0,0,1,0,0,0,0,0,0,14,50,0,0,0,0,1,9,27,1,1,0,0,4,3,0,0,0,0,3,42,0,11,36,3,0,23,30,0,2,1,30,0,1,0,10,14,1,0,0,26,10,1,6,4,17,15,7,16
"2014-03-31",67,131,0,0,12,12,100,7,2,4,0,0,0,4,3,0,0,0,11,0,2,2,0,0,0,0,0,0,126.4625,4190.29166666667,642.083333333333,-308.758333333333,6779.42291666666,1630.33333333333,0,0,0,9,23,35,0,58,1,0,0,0,0,0,0,1,0,1,0,0,0,0,0,0,0,0,0,0,1,0,0,0,2,0,0,0,0,0,2,4,60,2,1,0,0,3,7,28,0,1,0,0,29,2,2,0,0,2,0,11,0,19,54,1,0,10,31,0,4,0,28,0,1,0,59,3,0,0,0,2,0,0,8,1,19,11,12,16
"2014-04-01",69,132,0,0,11,11,104,8,0,2,1,0,0,3,2,0,0,0,12,0,3,3,0,0,0,0,1,1,106.0875,3608.125,566.375,-533.3125,6980.385,1000.5,0,69,0,10,23,36,0,52,3,1,0,0,0,0,0,0,1,0,1,2,0,0,0,0,0,0,0,1,0,0,0,0,1,1,0,0,0,0,1,6,56,2,1,0,0,2,7,32,0,0,0,0,49,1,6,0,0,0,0,3,0,5,55,3,0,9,30,0,4,2,28,0,4,0,62,4,0,0,0,0,0,0,5,2,22,10,9,21
"2014-04-02",54,105,0,0,4,4,73,14,0,2,4,1,0,1,4,0,0,0,6,0,2,2,0,0,0,0,2,2,209.25,3296.25,398.25,-160.425,5435.595,1073.25,0,108,0,4,19,31,0,43,1,4,0,1,0,0,0,0,0,0,1,0,0,0,0,0,0,0,0,0,0,0,0,0,1,0,0,0,0,0,2,2,49,2,0,0,0,1,6,22,1,0,0,0,48,1,0,0,0,1,0,1,0,1,48,1,1,3,26,0,3,0,23,0,1,0,38,14,0,0,0,0,0,0,6,4,15,8,7,14
"2014-04-03",57,109,1,1,15,17,82,6,0,3,2,1,0,0,1,0,0,0,14,1,6,7,0,0,0,0,0,0,57,3116,344.375,-414.675,5770.46625,1567.5,0,171,1,7,21,27,1,40,6,1,0,0,0,0,0,0,0,1,0,0,0,0,1,0,0,0,0,0,1,0,0,0,0,0,0,0,0,0,1,3,47,1,0,0,0,0,8,26,0,0,0,0,44,0,2,0,0,0,0,0,0,1,41,3,0,7,28,0,3,0,22,0,1,0,45,2,0,0,0,0,0,0,5,8,14,14,5,11
"2014-04-04",81,156,0,0,19,19,112,9,0,3,1,0,1,6,3,0,0,0,21,0,4,4,0,0,0,0,1,1,138.7125,5126.625,607.5,-393.1875,8147.35125,732.375,0,324,0,15,31,35,0,65,5,1,0,0,0,1,1,0,1,0,0,0,0,0,0,1,0,0,0,0,1,0,0,0,2,0,0,0,0,0,1,5,73,1,2,0,0,2,11,36,1,0,0,0,47,0,0,0,0,0,0,1,1,29,42,2,1,32,39,0,6,0,31,0,4,0,46,7,21,0,2,0,0,1,5,3,29,17,16,11
"2014-04-05",50,93,0,0,8,8,74,0,0,2,0,0,0,3,4,0,0,0,10,0,2,2,0,0,0,0,0,0,144.791666666667,3670.83333333333,468.75,-74.1666666666667,4983.60416666667,945.833333333333,50,250,0,8,22,20,0,40,1,0,0,1,0,0,0,0,0,1,0,1,2,0,0,0,1,0,0,0,0,0,0,0,1,0,0,0,0,0,1,6,42,1,0,0,0,0,11,23,0,0,0,0,31,0,0,0,0,0,0,0,0,17,26,3,0,18,26,0,1,0,20,0,1,0,21,20,6,0,0,0,0,1,7,5,11,16,6,5
"2014-04-06",41,84,0,0,12,12,67,3,0,1,0,0,1,2,0,0,0,0,10,0,0,0,0,0,0,0,0,0,128.466666666667,2219.125,281.875,-220.033333333333,4138.06166666667,855.875,41,246,0,7,17,17,0,34,0,0,0,0,0,1,0,0,1,2,0,0,0,0,0,0,0,0,0,0,0,0,0,0,0,0,0,0,0,0,1,3,35,1,0,0,0,2,5,20,0,1,0,0,36,0,0,0,0,0,0,0,0,1,28,1,0,9,17,0,1,2,21,0,0,0,38,1,0,0,0,0,0,0,3,5,12,5,7,9
"2014-04-07",44,87,0,0,3,3,62,4,0,1,1,1,0,1,4,0,0,0,13,0,0,0,0,0,0,0,1,1,371.25,1750.83333333333,304.333333333333,-204.783333333333,4435.915,762.666666666667,0,0,0,3,13,28,0,35,1,1,0,0,0,0,0,0,0,0,0,0,0,1,0,0,0,1,0,0,0,0,0,0,2,0,0,0,0,0,1,4,37,1,0,0,0,2,6,21,0,0,0,0,38,0,0,0,0,1,0,0,0,1,32,1,0,5,21,0,3,0,17,0,2,0,32,7,0,0,0,0,0,0,4,2,13,7,7,11
"2014-04-08",45,85,0,2,12,14,65,2,0,2,2,0,0,3,1,0,0,0,10,0,5,5,0,0,0,0,1,1,201.75,4070.625,255,137.8125,4441.125,802.5,0,45,0,10,16,17,2,29,7,1,0,0,0,0,0,0,0,0,0,0,0,0,0,0,1,0,1,0,1,0,1,0,1,0,0,0,0,0,2,5,37,2,0,0,0,0,2,26,0,0,0,0,11,0,0,0,0,0,0,0,0,33,30,2,1,12,20,0,2,0,17,0,4,0,10,10,23,0,1,0,0,0,2,4,18,12,2,7
"2014-04-09",73,137,0,1,13,14,104,11,0,2,2,0,0,4,1,0,0,1,12,0,6,6,0,0,0,0,1,1,204.4,3570.91666666667,486.666666666667,-565.141666666667,7288.5025,1961.875,0,146,0,11,31,30,1,54,7,2,0,0,0,0,0,0,1,1,1,1,0,0,0,0,0,3,0,1,0,0,0,0,0,0,0,0,0,0,2,8,63,2,0,0,1,1,10,35,0,0,0,0,65,0,1,0,0,0,1,0,0,4,61,0,0,11,35,0,3,0,30,1,1,0,70,1,0,0,0,0,0,0,5,3,19,10,12,24
"2014-04-10",43,81,0,0,12,12,63,0,1,2,2,0,0,1,1,0,0,1,10,0,4,4,0,0,0,0,1,1,336.295833333333,2216.29166666667,342.208333333333,-85.2833333333333,4300.9675,743.541666666667,0,129,0,12,14,17,0,27,5,1,0,0,0,0,0,0,1,1,1,1,0,0,0,0,0,0,0,0,0,0,0,0,2,0,0,0,0,1,1,6,33,2,0,0,0,0,6,18,0,0,0,0,42,0,0,0,0,0,0,0,0,1,39,0,0,3,25,0,1,0,16,1,0,0,38,4,0,0,0,0,0,0,3,3,13,10,2,12
"2014-04-11",53,104,0,1,16,17,80,11,1,2,1,1,0,2,0,0,0,0,6,0,3,3,0,0,0,0,0,0,457.7875,3215.33333333333,337.875,35.3333333333333,5322.74583333333,1219,0,212,0,15,17,20,1,38,3,1,0,0,0,0,0,0,1,2,0,0,0,0,0,1,0,2,0,0,0,0,0,0,1,0,0,0,0,0,0,7,42,0,0,0,1,3,6,25,0,0,0,0,45,0,0,0,0,0,0,0,0,7,38,3,0,12,25,0,5,0,21,0,1,0,47,0,5,0,0,0,0,0,6,4,19,10,5,9
"2014-04-12",44,86,0,0,14,14,69,2,0,1,1,1,0,1,1,0,0,0,10,0,2,2,0,0,0,0,1,1,408.833333333333,1816.83333333333,275,-152.716666666667,4445.66833333333,922.166666666667,44,220,0,11,20,13,0,34,2,1,0,0,0,1,0,0,0,0,1,0,0,1,0,0,0,1,0,0,0,0,0,0,0,0,0,0,0,0,0,3,38,0,0,0,0,1,4,21,1,0,0,0,38,0,0,0,0,1,0,0,0,1,22,2,0,15,23,0,2,0,19,0,0,0,38,2,0,0,0,0,0,0,2,1,11,9,5,16
"2014-04-13",30,57,0,0,6,6,51,2,0,1,0,1,0,2,0,0,0,0,0,0,0,0,0,0,0,0,0,0,144.75,2267.5,312.5,13.875,3023.15,837.5,30,180,0,5,15,10,0,26,0,0,0,0,0,1,0,0,0,1,0,0,0,0,0,0,0,0,0,0,1,0,0,0,0,0,0,0,0,0,0,2,27,0,1,0,0,0,6,18,0,0,0,0,20,0,0,0,0,0,0,0,0,10,17,0,0,12,19,0,0,0,10,0,1,0,16,7,4,0,2,0,0,0,7,1,10,4,3,5
"2014-04-14",51,100,0,0,15,15,75,5,1,0,1,0,0,0,5,0,0,1,12,0,3,3,0,0,0,0,1,1,617.95,4094.875,354.875,425.2125,5083.05,1056.125,0,0,0,14,10,27,0,36,3,2,0,0,0,0,0,1,0,0,0,1,0,1,0,1,0,0,1,0,0,0,0,0,0,0,0,0,0,0,0,4,42,0,0,0,1,3,8,18,1,0,0,0,31,0,0,0,0,0,0,0,0,17,30,3,0,12,21,0,3,0,24,0,0,0,27,9,9,1,2,0,0,0,7,1,15,9,8,11
"2014-04-15",59,109,0,0,8,8,83,7,0,1,2,0,0,3,1,0,0,0,12,0,0,0,0,0,0,0,2,2,441.516666666667,5044.5,413,307.045833333333,5861.99416666667,1160.33333333333,0,59,0,7,22,30,0,41,1,2,0,0,0,0,1,0,2,1,0,0,0,0,0,0,0,0,0,1,0,0,0,0,0,0,0,0,1,0,3,4,45,4,0,0,1,1,7,26,3,0,0,0,7,0,7,0,0,0,1,1,0,38,31,4,0,18,23,0,6,1,26,0,0,0,12,6,23,0,1,12,0,0,9,2,19,4,10,15
"2014-04-16",63,131,0,0,11,11,107,5,0,0,2,0,1,7,1,0,0,0,8,0,3,3,0,0,0,0,2,2,-215.25,3100.125,477.75,-804.0375,6401.35588235294,1645.875,0,126,0,10,29,24,0,45,4,2,0,0,0,0,1,0,1,0,1,1,0,0,0,0,0,1,1,0,0,0,0,0,0,0,0,0,0,0,1,5,52,1,1,0,2,2,8,28,2,0,0,0,45,0,9,0,0,0,0,1,0,4,46,1,0,13,34,0,1,0,21,0,6,0,52,4,0,0,0,2,0,0,3,4,20,15,9,12
"2014-04-17",61,113,0,0,13,13,85,8,0,1,1,1,0,3,0,0,0,0,14,0,2,2,0,0,0,0,1,1,180.7125,2772.95833333333,363.458333333333,-490.541666666667,6280.45833333333,927.708333333333,0,183,0,10,19,32,0,41,4,3,0,0,0,0,0,0,1,0,0,2,0,0,0,0,0,2,0,1,0,0,0,0,0,0,0,0,0,0,0,6,48,0,1,0,0,2,8,20,0,0,0,0,57,0,0,0,0,0,0,0,0,0,42,0,0,15,27,0,2,1,26,0,2,0,54,1,0,1,0,0,0,0,8,5,22,10,7,9
"2014-04-18",42,77,0,0,5,5,61,3,0,1,1,0,0,1,3,0,0,1,6,0,3,3,0,0,0,0,1,1,272.475,1690.5,334.25,-283.675,4275.565,805,0,168,0,5,16,21,0,29,2,1,0,0,0,0,1,0,1,0,0,0,0,0,0,0,0,0,1,0,0,0,0,0,3,0,0,0,0,0,2,5,33,2,0,0,0,1,7,12,0,0,0,0,39,0,0,0,0,0,0,0,0,2,25,4,0,12,23,0,1,1,16,0,0,0,33,6,0,0,0,0,0,0,1,3,11,8,8,11
"2014-04-19",40,77,0,1,8,9,66,1,0,0,0,0,1,1,2,0,0,0,6,0,1,1,0,1,1,0,0,0,286.333333333333,1923.33333333333,361.666666666667,-180.666666666667,4068.11666666667,1290,40,200,0,6,18,15,1,28,3,0,0,0,0,0,1,0,0,0,1,1,0,0,0,0,0,1,0,0,0,0,0,0,0,0,0,0,0,0,2,3,32,2,1,0,0,0,4,18,0,0,0,0,31,0,0,0,0,0,0,0,0,8,25,1,0,14,24,0,0,1,15,0,0,0,33,3,3,0,0,0,0,0,3,4,7,3,4,19
"2014-04-20",36,69,0,0,8,8,57,0,0,0,1,0,2,1,1,0,0,0,7,0,3,3,0,1,1,0,0,0,287.25,1107,210,-315.75,3671.61,823.5,36,216,0,7,16,13,0,26,2,1,0,0,0,0,0,0,1,0,0,2,0,0,0,0,0,2,0,0,0,0,0,0,2,0,0,0,0,0,0,7,29,0,0,0,0,0,7,14,0,0,0,0,34,0,0,0,0,0,0,0,0,0,20,1,1,11,13,0,2,1,19,0,1,0,33,1,0,0,0,0,0,0,2,2,12,6,6,8
"2014-04-21",37,74,0,0,8,8,56,1,0,0,2,0,1,2,3,0,0,0,9,0,2,2,0,1,1,0,1,1,491.791666666667,1620.29166666667,211.208333333333,35.15,3717.32833333333,679.875,0,0,0,7,15,15,0,30,2,2,0,1,0,0,0,0,0,0,0,0,0,0,0,0,0,1,1,0,0,0,0,0,0,0,0,0,0,0,0,2,35,0,0,0,0,0,4,20,0,0,0,0,31,0,0,0,0,0,0,0,0,3,25,2,0,9,20,0,0,0,14,0,1,0,23,8,3,0,0,0,0,0,3,1,6,7,11,9
"2014-04-22",34,67,0,1,9,10,53,4,0,1,2,0,0,1,2,0,0,0,4,0,3,3,0,0,0,0,2,2,324.558333333333,2996.25,206.833333333333,259.533333333333,3371.51083333333,770.173913043478,0,34,0,8,17,8,1,24,4,2,0,0,0,0,0,0,0,0,0,0,0,0,0,0,0,0,0,0,0,0,0,0,0,0,0,0,0,0,2,0,30,2,0,0,0,1,4,20,1,0,0,1,3,0,0,0,0,0,0,0,0,31,24,3,0,7,17,0,3,0,14,0,0,0,3,5,25,1,0,0,0,0,3,4,11,1,6,9