"Date","NB_Accidents","NB_VEH_IMPLIQUES_ACCDN","NB_MORTS","NB_BLESSES_GRAVES","NB_BLESSES_LEGERS","NB_VICTIMES_TOTAL","nb_automobile_camion_leger","nb_camionLourd_tractRoutier","nb_outil_equipement","nb_tous_autobus_minibus","nb_bicyclette","nb_cyclomoteur","nb_motocyclette","nb_taxi","nb_urgence","nb_motoneige","nb_VHR","nb_autres_types","nb_veh_non_precise","NB_DECES_PIETON","NB_BLESSES_PIETON","NB_VICTIMES_PIETON","NB_DECES_MOTO","NB_BLESSES_MOTO","NB_VICTIMES_MOTO","NB_DECES_VELO","NB_BLESSES_VELO","NB_VICTIMES_VELO","Temp","Rel.Hum","Wind.Spd","Dew.Point.Temp","Stn_Press","Wind.Dir","weekdays","days","SeverityDeadly","SeverityLight Injury","SeverityMaterial High","SeverityMaterial Low","SeveritySevere Injury","as.factor(Accident_Type)31","as.factor(Accident_Type)32","as.factor(Accident_Type)33","as.factor(Accident_Type)34","as.factor(Accident_Type)35","as.factor(Accident_Type)36","as.factor(Accident_Type)37","as.factor(Accident_Type)38","as.factor(Accident_Type)39","as.factor(Accident_Type)40","as.factor(Accident_Type)41","as.factor(Accident_Type)42","as.factor(Accident_Type)43","as.factor(Accident_Type)44","as.factor(Accident_Type)45","as.factor(Accident_Type)46","as.factor(Accident_Type)47","as.factor(Accident_Type)48","as.factor(Accident_Type)49","as.factor(Accident_Type)50","as.factor(Accident_Type)51","as.factor(Accident_Type)52","as.factor(Accident_Type)53","as.factor(Accident_Type)54","as.factor(Accident_Type)55","as.factor(Accident_Type)59","as.factor(Accident_Type)71","as.factor(Accident_Type)72","as.factor(Accident_Type)73","as.factor(Accident_Type)74","as.factor(Accident_Type)75","as.factor(Accident_Type)99","Accident_CategoryFixed Object","Accident_CategoryMoving Object","Accident_CategoryNo Collision","Auth_Speed10","Auth_Speed100","Auth_Speed20","Auth_Speed30","Auth_Speed40","Auth_Speed50","Auth_Speed60","Auth_Speed70","Auth_Speed80","Auth_Speed90","Surface_CondDry","Surface_CondHard snow","Surface_CondIce","Surface_CondMud","Surface_CondOil","Surface_CondSand or gravel","Surface_CondSlush","Surface_CondSnow","Surface_CondWater accumulation","Surface_CondWet","IlluminationDay and clear","IlluminationDay and semi-dark","IlluminationNight and dark","IlluminationNight and lighted","EnvironmentCommercial","EnvironmentForest","EnvironmentIndustrial","EnvironmentPark","EnvironmentResidential","EnvironmentRural","EnvironmentSchool area","WeatherBlack Ice","WeatherClear Sky","WeatherCloudy","WeatherDrizzle","WeatherFoggy","WeatherHeavy Rain","WeatherSnow","WeatherSnowstorms","WeatherStrong Wind","cluster_id_0","cluster_id_1","cluster_id_2","cluster_id_3","cluster_id_4","cluster_id_5"
"2014-04-23",55,99,0,0,7,7,72,8,1,2,2,0,0,0,4,0,0,0,10,0,1,1,0,0,0,0,1,1,427.395833333333,3212.91666666667,717.291666666667,-14.2083333333333,5471.675,1851.66666666667,0,110,0,7,20,28,0,36,2,2,0,0,0,0,0,0,0,0,2,0,0,0,0,0,0,2,2,0,0,0,0,0,2,0,0,0,0,0,1,8,40,1,1,0,0,2,12,19,0,0,0,0,48,0,0,0,0,0,0,0,0,5,43,2,0,8,28,0,2,1,22,0,2,0,32,20,1,0,0,0,0,0,3,4,18,10,9,11
"2014-04-24",59,111,0,0,26,26,88,5,1,3,2,0,2,2,1,0,0,0,7,0,4,4,0,3,3,0,1,1,426.029166666667,2310.83333333333,798.958333333333,-349.329166666667,5923.62458333333,2001.08333333333,0,177,0,19,18,22,0,43,5,1,0,0,0,0,0,0,0,1,0,0,0,0,0,0,0,0,0,2,1,0,0,0,1,0,0,0,0,0,1,5,49,1,0,0,0,0,7,33,0,0,0,0,55,0,0,0,0,0,0,0,0,0,49,1,1,6,32,0,2,0,24,0,1,0,53,2,0,0,0,0,0,0,9,3,19,7,4,17
"2014-04-25",62,123,0,2,18,20,88,11,0,3,3,0,0,5,3,0,0,0,10,0,6,6,0,0,0,0,3,3,442.266666666667,2162.25,524.416666666667,-465.516666666667,6233.11833333333,1149.58333333333,0,248,0,13,27,20,2,44,6,3,0,0,0,0,0,0,0,0,0,0,0,0,0,0,0,1,1,0,0,0,0,0,2,0,0,0,0,0,2,4,53,2,1,0,0,0,10,28,0,0,0,0,56,0,0,0,0,1,0,0,0,0,48,1,0,11,29,0,4,0,24,0,1,0,56,3,0,0,0,0,0,0,5,5,17,11,8,16
"2014-04-26",40,80,0,0,9,9,70,1,1,0,0,0,0,1,1,0,0,0,6,0,2,2,0,0,0,0,0,0,249.333333333333,3068.33333333333,316.666666666667,75.8333333333333,3992.93333333333,996.666666666667,40,200,0,9,18,13,0,33,2,0,0,0,0,0,0,0,1,0,0,0,0,0,0,0,0,0,1,0,0,0,0,0,0,0,0,0,0,0,0,2,35,0,0,0,0,1,9,18,0,0,0,0,7,0,0,0,0,0,0,0,1,30,25,2,0,11,19,0,1,0,13,0,2,0,8,1,29,0,0,0,0,0,2,1,14,6,3,14
"2014-04-27",43,86,0,1,17,18,65,1,0,2,0,0,0,7,1,0,0,0,10,0,3,3,0,0,0,0,0,0,248.683333333333,3325.33333333333,431.791666666667,85.2833333333333,4336.78291666667,1318.66666666667,43,258,0,13,15,14,1,34,3,0,0,0,0,0,0,1,1,0,0,1,0,0,0,0,0,0,0,0,1,0,0,0,0,0,0,0,0,0,0,3,38,0,1,0,0,1,7,25,1,0,0,0,23,0,0,0,0,0,0,0,0,16,21,0,0,19,13,0,2,0,25,0,1,0,11,17,12,0,0,0,0,0,4,5,15,5,5,9
"2014-04-28",62,126,1,0,21,22,101,4,1,0,6,0,0,1,1,0,0,1,11,0,3,3,0,0,0,1,4,5,508.658333333333,3769.08333333333,653.583333333333,64.325,6282.33083333333,1082.41666666667,0,0,1,18,22,21,0,44,4,6,0,0,0,0,0,0,2,0,0,0,0,0,0,0,0,0,0,0,0,0,0,0,1,0,0,0,0,0,1,3,54,1,1,0,0,1,11,24,0,0,0,0,57,0,0,0,0,0,0,0,0,3,47,3,0,11,29,0,5,1,23,0,2,0,48,9,1,0,0,0,0,0,7,6,14,14,10,11
"2014-04-29",62,123,0,1,18,19,93,4,2,5,3,1,0,2,3,0,0,0,10,0,4,4,0,0,0,0,3,3,651.258333333333,3317,511.5,35.9083333333333,6312.7625,661.333333333333,0,62,0,14,22,25,1,45,4,4,0,0,0,0,0,3,1,0,1,0,0,0,0,0,0,2,0,0,0,0,0,0,0,0,0,0,0,0,2,4,56,2,1,0,0,0,10,29,2,1,0,0,51,1,0,0,0,0,0,0,0,7,42,0,0,16,27,0,3,0,28,1,2,0,39,11,8,0,0,0,0,0,8,6,17,9,5,17
"2014-04-30",64,127,0,2,13,15,94,7,0,1,0,0,1,8,3,0,0,0,13,0,4,4,0,0,0,0,0,0,468.266666666667,5114.66666666667,437.333333333333,252.533333333333,6502.64,840,0,128,0,10,25,27,2,50,4,0,0,0,0,0,0,0,0,0,0,0,0,0,0,0,0,1,1,1,0,0,0,0,3,0,0,0,0,0,0,6,54,0,2,0,0,0,11,26,0,0,0,0,19,0,0,0,0,0,0,0,3,35,35,7,2,14,32,0,4,0,25,0,2,0,12,10,33,0,3,0,0,0,10,6,14,15,4,15
"2014-05-01",55,116,0,1,17,18,82,16,0,2,1,0,0,2,5,0,0,0,8,0,2,2,0,0,0,0,0,0,560.521739130435,4476.52173913043,373.04347826087,384.04347826087,5487.80434782609,901.521739130435,0,165,0,10,23,21,1,45,2,1,0,0,0,0,1,0,0,0,1,0,0,0,0,0,0,0,0,1,0,0,0,0,0,0,0,0,0,0,1,2,49,1,2,0,1,1,7,32,0,0,0,0,31,0,0,0,0,0,0,0,0,18,48,2,0,2,35,0,1,1,16,0,0,0,18,14,15,1,0,0,0,0,2,3,20,7,9,14
"2014-05-02",58,114,2,1,11,14,93,5,0,2,2,0,0,3,0,0,0,1,8,2,2,4,0,0,0,0,2,2,631.233333333333,3844.91666666667,442.25,278.641666666667,5772.5225,1065.75,0,232,1,7,27,22,1,45,2,2,0,0,0,0,0,0,0,1,1,0,0,0,0,0,0,1,1,0,0,0,0,0,1,0,0,0,0,0,0,5,49,0,1,0,0,2,5,24,0,0,0,0,46,0,0,0,0,0,0,0,0,10,42,4,2,9,30,0,2,0,22,1,2,0,34,15,7,0,0,0,0,0,9,3,11,10,13,12
"2014-05-03",49,103,0,0,13,13,86,1,0,2,3,1,3,0,2,0,0,0,5,0,0,0,0,1,1,0,2,2,558.6,3607.625,340.958333333333,328.3,4887.58666666667,882,49,245,0,10,20,19,0,41,0,2,0,0,0,0,0,0,0,0,0,1,0,0,0,0,0,0,0,1,1,0,0,0,0,0,0,0,0,0,2,3,43,2,0,0,0,2,5,25,0,0,0,0,40,0,0,0,0,0,0,0,0,8,26,3,0,18,20,0,2,0,27,0,0,0,23,20,3,0,0,0,0,0,6,3,14,6,6,14
"2014-05-04",52,99,0,0,16,16,75,2,1,2,1,0,1,6,1,0,0,0,10,0,3,3,0,1,1,0,1,1,463.233333333333,4508.83333333333,301.166666666667,353.166666666667,5161.82333333333,1126.66666666667,52,312,0,12,26,14,0,38,3,1,0,0,0,0,0,0,2,1,1,0,0,0,0,0,0,0,0,0,1,1,0,0,0,0,0,0,0,0,1,6,42,1,1,0,0,4,8,18,1,0,0,0,14,0,0,0,0,0,0,0,1,36,28,4,0,19,29,0,3,0,19,0,0,0,9,10,29,0,2,0,1,0,4,8,15,7,7,11
"2014-05-05",51,96,0,0,12,12,69,7,0,2,3,1,0,0,0,0,0,0,14,0,2,2,0,0,0,0,2,2,474.725,3410.625,431.375,164.2625,5109.71125,1568.25,0,0,0,11,18,22,0,37,2,3,0,0,0,0,0,0,0,1,0,0,0,0,0,0,0,0,0,0,1,0,0,0,1,1,0,0,1,0,1,3,42,3,0,0,0,1,4,28,0,0,0,0,41,0,0,0,0,0,0,0,0,5,35,0,0,10,19,0,0,1,24,0,4,0,31,15,0,0,0,0,0,0,4,2,15,11,7,12
"2014-05-06",58,119,1,2,18,21,83,9,0,2,2,1,5,3,2,0,0,0,12,1,3,4,0,4,4,0,1,1,556.075,2822.66666666667,519.583333333333,-59.45,5834.02666666667,1819.75,0,58,1,14,24,18,1,49,3,2,0,0,0,0,0,0,1,1,0,0,0,0,0,0,0,0,0,0,0,0,0,0,0,0,0,0,0,0,2,2,54,2,0,0,0,3,4,23,0,0,0,0,56,0,0,0,0,0,0,0,0,0,48,1,0,6,31,0,1,0,21,0,4,0,51,5,0,0,0,0,0,0,8,7,7,12,8,16
"2014-05-07",69,142,0,0,16,16,101,8,0,2,4,1,2,5,3,0,0,0,16,0,2,2,0,2,2,0,3,3,743.475,2938.25,442.75,-132.825,6992.345,1969.375,0,138,0,14,22,33,0,52,1,3,0,0,0,0,1,0,0,0,0,0,1,0,0,0,0,1,1,0,2,0,0,0,1,0,1,0,0,0,1,6,57,2,0,0,0,1,12,27,0,0,0,0,64,0,0,0,0,1,0,0,0,2,52,2,2,9,32,0,4,1,27,0,1,0,61,4,0,0,0,0,0,0,5,4,22,16,8,14
"2014-05-08",65,123,0,0,24,24,91,6,1,3,6,1,4,3,1,0,0,0,7,0,4,4,0,3,3,0,5,5,799.5,2312.91666666667,506.458333333333,-209.083333333333,6586.99166666667,1194.375,0,195,0,22,22,21,0,49,4,5,0,0,0,0,0,0,0,0,2,0,0,0,0,0,0,2,0,0,0,0,0,0,0,0,0,0,0,0,0,4,58,0,1,0,0,4,5,30,1,0,0,0,62,0,0,0,0,0,0,0,0,1,58,2,1,3,39,0,2,1,20,1,1,0,56,7,0,0,0,0,0,0,7,6,21,6,9,16
"2014-05-09",48,102,0,1,15,16,74,2,2,0,4,0,0,5,5,0,0,0,10,0,1,1,0,0,0,0,3,3,669.4,2644,356,231,4835.88,784,0,192,0,12,16,19,1,37,1,3,0,0,0,0,0,0,0,0,0,0,0,0,0,0,0,0,0,0,0,0,0,0,0,0,0,0,0,0,1,0,41,1,0,0,0,1,6,20,0,0,0,0,44,0,0,0,0,0,0,0,0,2,40,1,0,6,28,0,1,0,15,0,3,0,36,9,1,0,0,0,0,0,2,6,17,9,5,9
"2014-05-10",64,135,0,3,15,18,109,3,0,1,2,0,3,5,3,0,0,0,9,0,1,1,0,2,2,0,2,2,1169.6,4133.33333333333,565.333333333333,677.6,6381.09333333333,1160,64,320,0,11,27,24,2,46,1,2,0,0,0,0,0,0,0,0,0,1,0,0,0,0,0,0,1,0,1,0,0,1,1,0,0,0,0,0,1,5,49,1,0,0,0,1,7,34,1,0,0,0,55,0,0,0,0,0,0,0,1,6,44,2,0,15,33,0,3,3,24,0,0,0,56,1,6,0,0,0,0,0,3,5,16,7,13,20
"2014-05-11",45,96,0,2,22,24,81,0,0,0,5,0,2,3,1,0,0,0,4,0,1,1,0,1,1,0,5,5,722.625,2070,345,190.125,4515.75,898.125,45,270,0,14,14,15,2,28,2,5,0,0,0,0,0,0,0,0,1,0,0,0,0,0,0,0,0,0,1,0,0,0,0,0,0,0,0,0,0,2,35,0,0,0,0,4,8,19,0,0,0,0,40,0,0,0,0,1,0,0,0,1,27,3,1,13,16,0,1,1,23,0,1,0,38,3,0,0,0,0,0,0,1,3,15,11,4,11
"2014-05-12",52,105,0,0,8,8,80,4,0,1,4,0,2,0,4,0,0,0,10,0,1,1,0,2,2,0,2,2,767.433333333333,2439.66666666667,420.333333333333,147.983333333333,5253.53833333333,810.333333333333,0,0,0,8,15,29,0,39,1,4,0,0,0,0,0,0,0,0,1,1,0,0,0,0,0,1,1,0,0,0,0,0,1,0,0,0,0,0,0,5,44,0,1,0,0,4,10,19,0,0,0,0,48,0,0,0,0,0,0,0,0,0,38,0,1,11,23,0,2,0,21,0,4,0,49,0,0,0,0,0,0,0,4,5,19,7,6,11
"2014-05-13",50,97,0,0,10,10,62,8,0,2,3,2,3,3,3,0,0,0,11,0,1,1,0,1,1,0,1,1,653.75,2860.41666666667,443.75,232.708333333333,5066.45833333333,377.083333333333,0,50,0,10,12,28,0,35,1,3,0,0,0,1,1,0,1,0,1,0,0,0,0,0,0,0,0,0,0,0,0,0,1,0,0,0,0,0,2,3,41,2,0,0,0,2,5,31,1,0,0,0,40,0,0,0,0,0,0,0,0,6,35,4,0,10,21,0,3,0,23,0,0,0,21,19,6,0,0,0,0,0,4,3,19,11,4,9
"2014-05-14",65,136,0,0,8,8,103,13,1,1,2,2,1,4,2,0,0,0,7,0,1,1,0,0,0,0,1,1,1230.9375,4095,476.666666666667,755.625,6565.53181818182,1094.16666666667,0,130,0,7,32,26,0,54,0,1,0,0,0,1,1,0,0,0,1,0,0,0,0,0,0,3,0,0,0,0,0,0,0,0,0,0,0,0,1,4,57,1,0,0,0,2,13,28,0,1,0,0,62,0,0,0,0,0,0,0,0,2,50,3,0,12,34,0,3,0,26,0,1,0,53,11,0,0,0,0,0,0,5,5,16,14,10,15
"2014-05-15",89,180,0,0,28,28,124,13,0,4,8,2,6,3,3,0,0,0,17,0,2,2,0,2,2,0,6,6,1962.45,6003.79166666667,845.5,1391.36666666667,8950.374,1483.33333333333,0,267,0,24,32,33,0,66,2,7,0,0,0,0,0,0,0,0,5,1,0,0,0,0,0,1,0,0,0,0,0,0,2,0,0,0,0,0,1,9,75,1,4,0,0,1,21,32,0,0,0,0,87,0,0,0,0,0,0,0,0,0,72,1,0,14,40,0,5,0,39,0,3,0,86,0,0,0,0,0,0,0,8,6,23,21,8,23
"2014-05-16",79,152,0,0,25,25,118,6,0,2,2,1,0,3,5,0,0,0,15,0,2,2,0,0,0,0,2,2,1505.27916666667,6115.91666666667,533.25,1176.44166666667,7932.706,1379.20833333333,0,316,0,21,28,30,0,65,2,2,0,0,0,0,1,0,0,0,2,0,0,0,0,0,0,0,0,0,0,0,0,0,2,0,0,0,0,0,2,4,70,2,1,0,0,3,8,34,0,0,0,0,23,0,0,0,0,0,0,0,1,50,48,8,0,20,43,0,9,2,22,0,2,0,22,5,44,0,3,0,0,0,16,3,15,8,14,23
"2014-05-17",58,114,0,0,15,15,95,4,0,1,1,0,0,4,3,0,0,0,6,0,1,1,0,0,0,0,1,1,666.758333333333,4321,422.916666666667,397.541666666667,5817.59333333333,1157.58333333333,58,290,0,9,32,17,0,41,1,1,0,0,0,0,1,0,0,0,4,0,0,1,0,0,0,1,1,0,1,0,0,0,1,0,0,0,0,0,0,9,44,0,0,0,0,2,6,22,0,0,0,0,47,0,0,0,0,0,0,0,0,9,38,2,1,15,23,0,4,1,29,0,1,0,46,2,6,0,2,0,0,0,8,6,11,11,7,15
"2014-05-18",43,80,0,0,14,14,63,1,1,1,1,1,1,2,1,0,0,0,8,0,1,1,0,1,1,0,1,1,518.508333333333,2139.25,274.125,52.3166666666667,4351.42409090909,994.375,43,258,0,11,13,19,0,29,1,1,0,0,0,0,0,1,1,0,0,0,0,0,0,0,0,1,1,0,4,0,0,0,0,0,0,0,0,0,0,7,32,0,0,0,0,1,5,17,0,0,0,0,42,0,0,0,0,0,0,0,0,0,24,1,0,15,18,0,1,2,19,0,2,0,42,0,0,0,0,0,0,0,9,1,13,6,6,8
"2014-05-19",45,97,0,0,12,12,77,1,0,1,6,1,2,1,1,0,0,0,7,0,0,0,0,1,1,0,5,5,679.125,1655.625,279.375,5.25,4547.75625,1186.875,0,0,0,10,19,16,0,35,0,6,0,0,0,0,1,0,0,0,0,0,0,0,0,0,0,0,0,0,0,0,0,0,1,0,0,0,0,0,0,1,42,0,0,0,0,3,8,23,0,1,0,0,42,0,0,0,0,0,0,0,0,0,32,0,0,8,19,0,2,1,21,0,0,0,42,0,0,0,0,0,0,0,5,1,14,5,4,16
"2014-05-20",65,121,0,0,20,20,92,8,1,3,4,1,1,0,2,0,0,0,9,0,2,2,0,1,1,0,3,3,1099.85416666667,2860,427.916666666667,210.166666666667,6558.12083333333,1324.375,0,65,0,15,30,20,0,48,2,4,0,0,0,0,0,0,1,0,1,1,0,0,1,1,0,1,1,0,0,0,0,0,1,0,1,0,0,0,0,8,54,1,0,0,0,2,10,34,0,0,0,0,61,0,0,0,0,1,0,0,0,0,52,1,2,8,30,0,3,0,28,0,1,0,61,0,0,0,0,0,0,0,3,3,19,13,10,17
"2014-05-21",67,134,0,0,16,16,101,12,1,3,2,1,3,0,3,0,0,0,8,0,2,2,0,1,1,0,1,1,1247.31666666667,3129.45833333333,354.541666666667,432.708333333333,6733.44416666667,1080.375,0,134,0,13,26,28,0,53,2,2,0,0,0,0,0,1,0,0,1,0,0,0,0,0,0,1,0,0,0,0,0,0,2,0,0,0,0,0,3,4,58,3,2,0,0,2,13,24,0,1,0,1,67,0,0,0,0,0,0,0,0,0,56,0,0,9,29,0,5,0,30,0,1,0,66,1,0,0,0,0,0,0,4,4,13,14,11,21
"2014-05-22",66,126,0,0,20,20,95,12,0,4,4,2,0,1,2,0,0,0,6,0,6,6,0,0,0,0,4,4,1002.375,5219.5,495,756.525,6612.21,1578.5,0,198,0,17,19,30,0,47,5,4,0,0,0,0,0,0,0,1,0,0,0,0,0,0,0,2,0,0,0,1,0,0,2,0,1,0,0,0,1,6,56,2,0,0,0,2,15,31,0,1,0,0,49,0,0,0,0,0,0,0,0,13,50,6,0,7,36,0,1,0,25,1,3,0,27,25,10,0,0,0,0,0,7,8,15,14,4,18
"2014-05-23",59,111,0,2,27,29,77,9,1,1,3,1,1,4,4,0,0,3,7,0,4,4,0,0,0,0,2,2,893.85,4508.58333333333,521.166666666667,643.1,5925.12416666667,1202.125,0,236,0,15,20,22,2,39,3,3,0,0,0,0,0,1,1,1,1,1,0,0,0,1,0,2,2,0,1,0,0,0,0,0,0,0,0,0,0,10,46,0,1,0,1,1,10,29,0,0,0,0,56,0,0,0,0,0,0,0,0,2,42,1,1,14,31,0,4,0,22,0,1,0,44,13,1,0,0,0,0,0,3,8,19,4,9,16
"2014-05-24",61,120,0,2,20,22,97,5,0,2,3,0,2,4,0,0,0,1,6,0,2,2,0,1,1,0,1,1,986.420833333333,4257.29166666667,429.541666666667,633.129166666667,6148.97791666667,1751.20833333333,61,305,0,14,26,19,2,46,4,2,0,1,0,0,1,1,0,0,0,0,0,0,0,0,0,3,1,0,0,0,0,0,0,0,0,0,0,0,1,4,55,1,0,0,1,1,8,29,1,0,0,0,60,0,0,0,0,0,0,0,0,0,44,1,0,16,37,0,1,2,21,0,0,0,53,7,0,0,0,0,0,0,5,5,13,9,11,18
"2014-05-25",43,81,0,3,20,23,65,1,0,2,3,0,2,2,1,0,0,0,5,0,2,2,0,1,1,0,1,1,787.616666666667,2836.20833333333,245.458333333333,481.241666666667,4327.32291666667,894.041666666667,43,258,0,15,16,9,3,31,1,1,0,0,0,0,0,0,0,3,1,1,0,0,0,0,0,0,1,0,2,0,0,0,0,0,0,0,0,0,1,8,33,1,0,0,1,1,7,21,0,0,0,0,38,0,0,0,0,0,0,0,0,3,24,3,1,10,18,0,1,2,21,0,1,0,36,2,2,0,0,0,0,0,0,5,15,7,6,10
"2014-05-26",64,129,0,1,8,9,88,9,0,0,4,2,2,7,1,0,0,0,16,0,1,1,0,1,1,0,0,0,1218.66666666667,4466.66666666667,397.333333333333,851.466666666667,6403.06666666667,1285.33333333333,0,0,0,6,20,37,1,48,1,1,0,0,0,0,1,0,2,0,2,0,0,0,0,0,0,1,0,0,1,0,0,0,1,0,1,0,0,0,1,7,51,2,0,0,0,2,4,30,1,0,0,0,43,0,0,0,0,0,0,0,0,17,39,3,1,19,31,0,1,1,27,1,1,0,32,15,12,0,1,0,0,0,7,1,25,11,8,12
"2014-05-27",59,120,0,1,23,24,95,5,0,2,1,3,1,4,2,0,0,1,6,0,3,3,0,0,0,0,1,1,636.4625,5167.41666666667,690.791666666667,518.708333333333,5911.01333333333,1649.54166666667,0,59,0,18,19,21,1,45,4,1,0,0,0,0,1,0,1,0,0,0,0,0,0,0,0,2,1,0,0,0,0,0,0,0,0,0,0,0,2,4,51,2,0,0,0,2,7,26,2,0,0,0,18,0,0,0,0,0,0,0,0,39,48,3,0,7,26,0,6,2,23,0,1,0,13,15,27,0,1,0,0,0,4,3,13,12,10,17
"2014-05-28",66,126,0,1,16,17,90,12,0,0,5,1,1,6,2,0,0,1,8,0,1,1,0,1,1,0,4,4,801.9,5192,550,550.275,6662.425,954.25,0,132,0,14,24,27,1,51,1,4,0,0,0,0,0,0,1,0,0,0,1,1,0,0,0,1,0,0,1,0,0,0,2,0,0,0,0,0,2,7,56,2,2,0,0,1,8,32,0,0,0,0,50,0,0,0,0,0,0,0,0,11,51,2,0,7,30,0,4,0,30,0,1,0,33,22,6,0,0,0,0,0,9,4,16,10,7,20
"2014-05-29",78,151,0,1,28,29,109,10,0,6,9,0,1,2,4,0,0,1,9,0,4,4,0,1,1,0,8,8,872.733333333333,6595.33333333333,268.666666666667,676,7910.32666666667,1638,0,234,0,24,27,26,1,53,5,9,0,0,0,0,0,0,2,0,0,0,0,0,0,0,0,1,2,0,1,0,0,0,1,0,0,1,0,0,0,7,67,1,2,0,0,1,13,35,0,1,0,0,73,0,0,0,0,0,0,0,1,2,62,0,3,10,36,0,5,0,34,0,2,0,71,3,0,0,0,0,0,0,8,7,25,16,10,12
"2014-05-30",69,141,0,2,27,29,111,9,0,1,5,0,3,0,4,0,0,1,7,0,1,1,0,2,2,0,3,3,1132.19206535335,4203.03627267042,449.061053783615,553.35839587242,6940.44672600773,1319.32268036841,0,276,0,20,26,21,2,53,1,5,0,0,0,0,0,0,1,1,0,0,0,0,0,0,0,0,0,1,0,0,0,0,3,0,0,1,0,0,0,6,59,1,1,0,0,5,11,32,0,0,0,0,58,0,0,0,0,0,0,0,0,9,57,2,1,8,32,0,6,1,28,0,1,0,51,13,3,0,1,0,0,0,8,2,19,11,10,19
"2014-05-31",68,139,0,2,31,33,118,1,1,2,1,2,1,0,1,0,0,0,12,0,2,2,0,1,1,0,0,0,1115.78348469605,4142.12270350128,442.55292256936,545.338708975718,6839.86054157284,1300.20206181235,68,340,0,17,24,25,2,54,3,1,0,0,0,0,0,0,0,0,2,1,0,0,0,0,0,2,1,0,0,0,0,0,1,0,0,0,0,0,1,7,58,1,1,0,1,1,9,33,0,0,0,0,66,0,0,0,0,0,0,0,0,1,53,1,1,11,22,0,4,3,37,0,0,0,63,1,0,0,0,0,0,0,4,6,19,12,8,19
"2014-06-01",54,112,0,0,13,13,90,3,1,0,5,2,0,2,2,0,0,0,7,0,0,0,0,0,0,0,2,2,886.063355493923,3289.33273513337,351.439085569786,433.063092421894,5431.65395948431,1032.51340202745,54,324,0,12,26,16,0,37,0,4,0,0,0,1,1,0,0,0,0,1,0,0,0,0,0,1,0,0,0,1,0,0,2,0,0,0,0,0,0,5,43,0,0,0,0,0,10,20,0,0,0,0,47,0,0,0,0,0,0,0,0,0,38,1,1,11,20,0,1,4,24,0,2,0,50,1,0,0,0,0,0,0,4,6,17,8,5,14
"2014-06-02",66,124,0,2,18,20,87,13,0,3,2,0,3,0,2,0,0,0,14,0,7,7,0,2,2,0,2,2,1082.96632338146,4020.29556516301,429.536660140849,529.299335182315,6638.68817270305,1261.96082470022,0,0,0,14,29,21,2,41,6,2,0,0,0,0,0,1,2,1,2,1,0,0,0,0,0,0,0,0,0,1,0,0,4,0,0,0,0,0,0,11,50,0,1,0,0,1,9,29,1,1,0,0,61,0,0,0,0,0,0,0,0,1,60,0,0,3,28,0,3,0,30,0,3,0,62,0,0,0,0,0,0,0,6,4,18,16,8,14
"2014-06-03",81,161,0,0,22,22,116,15,2,1,2,4,1,6,4,0,0,1,9,0,5,5,0,0,0,0,2,2,1329.09503324088,4933.99910270006,527.158628354678,649.594638632841,8147.48093922647,1548.77010304118,0,81,0,18,34,29,0,62,5,2,0,0,0,0,0,0,1,0,0,0,0,0,0,0,0,0,2,0,0,0,0,0,0,0,0,0,0,1,0,3,69,1,0,0,0,3,14,40,2,1,0,0,42,0,0,0,0,0,0,0,1,34,65,5,1,8,43,0,3,1,29,0,4,0,28,19,19,0,10,0,0,0,4,2,24,13,17,21
"2014-06-04",68,135,0,0,20,20,108,8,0,2,2,0,0,1,2,0,0,1,11,0,3,3,0,0,0,0,2,2,1115.78348469605,4142.12270350128,442.55292256936,545.338708975718,6839.86054157284,1300.20206181235,0,136,0,17,22,29,0,51,4,1,0,0,0,0,1,0,2,0,0,0,0,0,0,0,0,4,0,0,0,0,0,0,0,0,0,0,0,1,0,6,57,1,0,0,0,3,17,24,2,1,0,0,56,0,0,0,0,1,0,0,0,1,54,4,1,4,28,0,5,0,30,0,1,0,49,11,0,0,1,0,0,0,8,9,20,14,7,10
"2014-06-05",58,114,0,0,17,17,88,7,0,2,6,2,1,3,1,0,0,0,4,0,4,4,0,1,1,0,3,3,951.697678123102,3532.98701180992,377.471610426807,465.141840008701,5833.99869722389,1108.99587625171,0,174,0,17,19,22,0,42,3,4,0,0,0,1,0,0,0,0,0,0,0,0,0,0,0,0,2,0,0,0,0,0,1,0,1,0,0,0,2,3,50,3,0,0,0,2,8,25,1,0,0,0,50,0,0,0,0,0,0,0,0,4,48,1,1,7,30,0,2,0,25,0,1,0,32,22,3,0,0,0,0,0,5,7,24,2,10,10