"Date","NB_Accidents","NB_VEH_IMPLIQUES_ACCDN","NB_MORTS","NB_BLESSES_GRAVES","NB_BLESSES_LEGERS","NB_VICTIMES_TOTAL","nb_automobile_camion_leger","nb_camionLourd_tractRoutier","nb_outil_equipement","nb_tous_autobus_minibus","nb_bicyclette","nb_cyclomoteur","nb_motocyclette","nb_taxi","nb_urgence","nb_motoneige","nb_VHR","nb_autres_types","nb_veh_non_precise","NB_DECES_PIETON","NB_BLESSES_PIETON","NB_VICTIMES_PIETON","NB_DECES_MOTO","NB_BLESSES_MOTO","NB_VICTIMES_MOTO","NB_DECES_VELO","NB_BLESSES_VELO","NB_VICTIMES_VELO","Temp","Rel.Hum","Wind.Spd","Dew.Point.Temp","Stn_Press","Wind.Dir","weekdays","days","SeverityDeadly","SeverityLight Injury","SeverityMaterial High","SeverityMaterial Low","SeveritySevere Injury","as.factor(Accident_Type)31","as.factor(Accident_Type)32","as.factor(Accident_Type)33","as.factor(Accident_Type)34","as.factor(Accident_Type)35","as.factor(Accident_Type)36","as.factor(Accident_Type)37","as.factor(Accident_Type)38","as.factor(Accident_Type)39","as.factor(Accident_Type)40","as.factor(Accident_Type)41","as.factor(Accident_Type)42","as.factor(Accident_Type)43","as.factor(Accident_Type)44","as.factor(Accident_Type)45","as.factor(Accident_Type)46","as.factor(Accident_Type)47","as.factor(Accident_Type)48","as.factor(Accident_Type)49","as.factor(Accident_Type)50","as.factor(Accident_Type)51","as.factor(Accident_Type)52","as.factor(Accident_Type)53","as.factor(Accident_Type)54","as.factor(Accident_Type)55","as.factor(Accident_Type)59","as.factor(Accident_Type)71","as.factor(Accident_Type)72","as.factor(Accident_Type)73","as.factor(Accident_Type)74","as.factor(Accident_Type)75","as.factor(Accident_Type)99","Accident_CategoryFixed Object","Accident_CategoryMoving Object","Accident_CategoryNo Collision","Auth_Speed10","Auth_Speed100","Auth_Speed20","Auth_Speed30","Auth_Speed40","Auth_Speed50","Auth_Speed60","Auth_Speed70","Auth_Speed80","Auth_Speed90","Surface_CondDry","Surface_CondHard snow","Surface_CondIce","Surface_CondMud","Surface_CondOil","Surface_CondSand or gravel","Surface_CondSlush","Surface_CondSnow","Surface_CondWater accumulation","Surface_CondWet","IlluminationDay and clear","IlluminationDay and semi-dark","IlluminationNight and dark","IlluminationNight and lighted","EnvironmentCommercial","EnvironmentForest","EnvironmentIndustrial","EnvironmentPark","EnvironmentResidential","EnvironmentRural","EnvironmentSchool area","WeatherBlack Ice","WeatherClear Sky","WeatherCloudy","WeatherDrizzle","WeatherFoggy","WeatherHeavy Rain","WeatherSnow","WeatherSnowstorms","WeatherStrong Wind","cluster_id_0","cluster_id_1","cluster_id_2","cluster_id_3","cluster_id_4","cluster_id_5"
"2014-06-06",63,124,0,1,15,16,90,8,1,1,4,4,0,2,0,0,0,1,13,0,3,3,0,0,0,0,3,3,1033.74058140958,3837.5548576556,410.012266498083,505.24027449221,6336.92961939836,1204.59896903203,0,252,0,11,22,29,1,46,3,4,0,0,0,0,0,0,0,0,0,0,0,1,0,0,0,2,0,1,0,0,0,0,0,0,0,0,0,0,2,4,53,2,0,0,0,2,5,29,0,1,0,0,58,0,0,0,0,0,0,0,0,2,49,1,0,11,40,0,0,1,19,0,1,0,49,10,1,0,0,0,0,0,3,8,20,11,7,14
"2014-06-07",49,98,0,0,10,10,81,4,1,1,5,0,0,2,0,0,0,0,4,0,2,2,0,0,0,0,2,2,804.020452207448,2984.76488928769,318.898429498509,392.964657938385,4928.72303730984,936.910309247133,49,245,0,10,14,25,0,31,3,5,0,0,0,0,1,0,0,0,0,0,0,1,0,0,0,0,0,0,1,0,0,0,0,0,0,0,1,0,1,2,40,2,1,0,0,2,8,21,0,0,0,0,47,0,0,0,0,2,0,0,0,0,36,0,1,12,17,0,0,0,29,1,0,0,46,1,0,0,0,0,0,0,6,2,17,9,3,12
"2014-06-08",56,111,0,3,11,14,85,2,0,1,3,0,0,5,3,0,0,0,12,0,1,1,0,0,0,0,2,2,918.880516808512,3411.15987347164,364.455347998296,449.102466215298,5632.8263283541,1070.75463913958,56,336,0,9,18,27,2,47,1,2,0,0,0,0,0,0,0,0,0,0,0,0,0,0,0,0,0,0,1,0,0,0,1,0,0,0,0,1,1,2,50,2,1,0,0,2,7,25,0,0,0,0,49,0,0,0,0,0,0,0,0,2,31,2,2,17,24,0,4,1,22,0,0,0,47,3,0,0,0,0,0,0,6,2,17,11,11,9
"2014-06-09",47,98,1,0,20,21,69,4,0,1,3,0,4,5,3,0,0,1,8,0,1,1,1,1,2,0,2,2,771.203290892859,2862.93775094942,305.882167069999,376.925284144982,4727.55066844005,898.669072135005,0,0,1,15,14,17,0,35,1,3,0,0,0,0,0,0,1,0,1,0,0,0,0,0,0,0,0,0,0,0,0,0,2,0,0,0,0,0,0,4,39,0,0,0,0,3,7,18,3,0,0,0,46,0,0,0,0,0,0,0,0,0,42,1,0,4,21,0,6,0,17,0,3,0,46,0,0,0,0,0,0,0,3,2,14,8,5,15
"2014-06-10",58,107,0,1,20,21,76,11,0,5,5,1,2,1,0,0,0,0,6,0,8,8,0,2,2,0,5,5,951.697678123102,3532.98701180992,377.471610426807,465.141840008701,5833.99869722389,1108.99587625171,0,58,0,20,12,25,1,38,8,5,0,0,0,0,0,0,1,0,0,0,0,0,0,0,0,0,0,0,0,0,0,0,1,0,0,0,0,0,2,2,51,2,0,0,0,1,10,29,0,1,0,0,49,0,0,0,0,0,0,0,0,6,52,0,0,5,31,0,1,0,23,0,1,0,48,4,4,0,0,0,0,0,3,5,18,8,9,15
"2014-06-11",65,123,0,1,22,23,80,11,0,2,14,2,1,3,5,0,0,0,5,0,2,2,0,1,1,0,10,10,1066.55774272417,3959.38199599387,423.028528926594,521.279648285613,6538.10198826815,1242.84020614416,0,130,0,18,25,21,1,36,2,11,0,0,0,0,0,0,0,1,1,0,0,0,0,0,0,1,2,0,1,0,0,0,4,0,0,0,0,0,3,10,49,3,0,0,0,5,8,29,0,0,0,0,48,0,0,0,0,0,0,0,0,15,48,1,0,15,33,0,1,0,25,1,3,0,32,15,16,0,1,0,0,0,4,4,19,9,12,17
"2014-06-12",71,145,0,0,28,28,102,7,1,2,5,2,1,6,4,0,0,0,15,0,4,4,0,0,0,0,4,4,1165.00922666794,4324.86341100869,462.077316212125,569.397769665824,7141.61909487752,1357.56391748054,0,213,0,24,22,25,0,46,5,6,0,0,0,0,0,0,0,0,0,0,0,0,0,0,0,1,0,0,2,0,0,0,2,0,0,0,0,0,1,5,57,1,1,0,0,0,6,42,1,0,0,0,7,0,0,0,0,0,0,0,1,59,50,5,0,12,37,0,3,0,27,0,2,0,7,7,50,0,2,0,0,1,5,5,29,9,8,15
"2014-06-13",71,150,0,0,29,29,122,7,0,2,2,1,1,1,3,0,0,1,10,0,2,2,0,1,1,0,2,2,1165.00922666794,4324.86341100869,462.077316212125,569.397769665824,7141.61909487752,1357.56391748054,0,284,0,17,27,27,0,59,3,1,0,0,0,0,1,0,0,0,0,0,0,0,0,1,0,0,0,0,0,0,0,0,0,0,0,0,0,0,0,1,64,0,0,0,0,1,10,38,0,0,0,0,14,0,0,0,0,0,0,0,0,55,53,6,0,9,35,0,4,0,29,0,0,0,12,7,44,1,6,0,0,0,4,6,23,7,10,21
"2014-06-14",59,116,0,2,13,15,89,2,0,0,6,0,3,6,1,0,0,0,9,0,2,2,0,1,1,0,3,3,968.106258780397,3593.90058097905,383.979741641062,473.161526905403,5934.58488165878,1128.11649480777,59,295,0,13,22,22,2,39,2,5,0,0,0,0,0,0,1,0,0,1,0,0,0,1,0,0,0,0,1,0,0,0,6,1,0,0,0,0,0,10,46,1,1,0,0,0,12,24,0,0,0,0,42,0,0,0,0,0,0,0,0,14,32,4,0,20,24,0,5,1,28,0,1,0,34,11,11,0,0,0,0,0,7,7,18,4,7,16
"2014-06-15",48,91,0,2,7,9,71,3,0,1,2,1,0,3,0,0,0,0,10,0,3,3,0,0,0,0,1,1,787.611871550153,2923.85132011855,312.390298284254,384.944971041684,4828.13685287494,917.789690691069,48,288,0,6,24,16,2,31,3,2,0,0,0,0,2,0,1,4,0,1,0,0,0,0,0,0,0,0,0,0,0,0,1,0,0,0,0,0,1,7,38,1,0,0,0,4,12,19,0,0,0,0,46,0,0,0,0,0,0,0,0,0,31,3,0,12,15,1,2,2,26,0,1,0,44,2,0,0,0,0,0,0,3,2,11,18,2,12
"2014-06-16",47,88,0,0,16,16,55,11,0,1,4,0,4,4,4,0,0,1,4,0,2,2,0,2,2,0,3,3,771.203290892859,2862.93775094942,305.882167069999,376.925284144982,4727.55066844005,898.669072135005,0,0,0,14,17,16,0,29,2,4,0,0,0,0,0,0,0,0,2,0,0,0,0,0,0,3,1,0,1,0,0,0,0,0,0,0,0,0,1,7,35,1,2,0,0,2,8,19,1,0,0,0,44,0,0,0,0,0,0,0,0,0,37,0,1,8,24,0,2,0,18,0,1,0,41,4,0,0,0,0,0,0,6,3,14,10,7,7
"2014-06-17",70,140,1,0,27,28,103,5,0,2,11,2,1,4,3,0,0,0,9,1,0,1,0,1,1,0,9,9,1148.60064601064,4263.94984183956,455.56918499787,561.378082769122,7041.03291044263,1338.44329892448,0,70,1,22,20,27,0,45,1,11,0,0,0,0,0,0,1,1,1,0,0,0,0,1,0,0,1,0,0,0,0,0,3,0,0,0,0,0,0,8,57,0,1,0,1,2,10,35,1,0,0,0,58,0,0,0,0,0,0,0,1,9,54,2,0,13,40,0,2,0,26,0,1,0,52,6,4,0,6,0,0,0,5,4,20,13,12,16
"2014-06-18",66,121,0,1,16,17,86,7,2,2,5,1,2,6,2,0,0,1,7,0,4,4,0,2,2,0,4,4,1082.96632338146,4020.29556516301,429.536660140849,529.299335182315,6638.68817270305,1261.96082470022,0,132,0,15,24,26,1,42,5,5,0,0,0,1,1,0,0,0,1,1,0,0,0,0,0,2,0,0,0,0,0,0,2,0,0,0,0,1,0,6,54,1,0,0,0,1,12,33,1,0,0,0,54,0,0,0,0,0,0,0,0,9,50,3,0,11,33,0,5,0,28,0,0,0,53,4,5,0,1,0,0,0,3,5,20,9,14,15
"2014-06-19",64,122,0,1,19,20,92,10,0,1,4,1,1,3,0,0,0,0,10,0,6,6,0,0,0,0,3,3,1410.46153846154,1954.46153846154,295.384615384615,242.707692307692,6447.40923076923,1230.76923076923,0,192,0,15,21,27,1,48,6,4,0,0,0,0,1,0,0,0,0,0,0,0,0,0,0,0,0,0,1,0,0,0,1,0,0,0,0,0,0,2,59,0,0,0,1,2,13,30,0,0,0,0,61,0,0,0,0,0,0,0,0,0,49,2,0,9,29,0,1,1,30,0,1,0,58,2,0,0,0,0,0,0,9,5,22,11,10,7
"2014-06-20",72,146,0,0,24,24,104,8,0,4,6,0,2,4,3,0,0,0,15,0,2,2,0,1,1,0,5,5,1238.7,3054,339,295.8,7253.28,684,0,288,0,19,28,25,0,57,3,6,0,0,0,0,0,0,0,0,0,1,0,0,0,0,0,2,1,0,0,0,0,0,1,0,0,0,0,0,1,5,66,1,2,0,0,1,11,29,0,0,0,0,69,0,0,0,0,0,0,0,0,0,55,1,0,13,40,0,2,1,27,0,1,0,68,1,0,0,0,0,0,0,3,2,24,17,12,14
"2014-06-21",54,104,0,0,19,19,85,6,0,3,1,0,1,2,2,0,0,0,4,0,3,3,0,0,0,0,1,1,964.35,2445.75,198,304.65,5429.34,819,54,270,0,12,24,18,0,42,3,1,0,0,0,0,0,0,0,0,0,0,0,0,0,0,0,2,2,0,0,0,0,0,1,0,0,0,0,0,1,5,46,1,0,0,0,2,6,28,0,0,0,0,53,0,0,0,0,0,0,0,0,0,35,1,0,16,31,0,1,2,17,1,1,0,52,0,0,0,0,0,0,0,4,1,18,12,11,8
"2014-06-22",59,108,0,1,16,17,75,1,0,1,7,2,3,4,2,0,0,0,13,0,2,2,0,3,3,0,5,5,1139.19166666667,2994.25,231.083333333333,495.6,5936.875,978.416666666667,59,354,0,14,23,21,1,35,2,7,0,0,0,1,0,0,0,0,1,0,0,0,1,0,0,1,0,1,1,0,0,0,2,0,0,0,0,0,3,7,45,3,1,0,0,3,14,20,1,0,0,0,57,0,0,0,0,0,0,0,0,0,41,2,0,13,21,0,1,1,32,0,0,0,55,1,0,0,0,0,0,0,3,6,21,8,8,13
"2014-06-23",59,114,0,1,18,19,82,6,0,2,6,0,4,5,2,0,0,0,7,0,4,4,0,2,2,0,5,5,1312.75,2937.70833333333,253.208333333333,628.595833333333,5947.96208333333,1030.04166666667,0,0,0,17,18,23,1,43,4,6,0,1,0,0,0,0,1,0,0,0,0,0,0,0,0,1,0,0,0,0,0,0,0,0,0,0,0,0,2,2,54,2,0,0,0,3,10,24,0,0,0,0,54,0,0,0,0,0,0,0,0,0,40,0,0,15,22,0,1,0,33,0,0,0,51,4,0,0,0,0,0,0,3,5,17,10,6,18
"2014-06-24",40,81,0,0,20,20,54,3,0,3,5,0,0,8,1,0,0,0,7,0,3,3,0,0,0,0,2,2,816.166666666667,3366.66666666667,156.666666666667,698.833333333333,4016.38333333333,696.363636363636,0,40,0,16,11,13,0,24,3,5,0,0,0,0,0,0,1,0,0,0,0,0,0,0,0,0,3,0,0,0,0,0,0,0,1,0,0,0,0,4,32,1,0,0,0,0,2,24,0,0,0,0,12,0,0,0,0,0,0,0,3,24,21,4,1,13,19,0,3,1,15,0,1,0,7,4,23,0,5,0,0,0,5,3,12,4,6,10
"2014-06-25",68,131,0,0,18,18,98,9,3,3,4,1,2,2,1,0,0,0,8,0,4,4,0,1,1,0,2,2,1407.30434782609,5460.69565217391,257.217391304348,1154.22608695652,6824.06608695652,461.217391304348,0,136,0,16,17,35,0,52,4,3,0,0,0,0,0,0,1,1,0,0,0,0,0,0,0,1,1,0,0,0,0,0,2,0,0,0,0,0,1,6,59,1,0,0,0,2,10,33,0,0,0,0,63,0,0,0,0,1,0,0,0,3,60,3,0,4,39,0,2,0,25,0,1,0,49,16,2,0,0,0,0,0,7,4,19,14,9,15
"2014-06-26",58,114,0,0,11,11,86,8,0,0,4,0,3,4,2,0,0,0,7,0,1,1,0,1,1,0,3,3,1267.54166666667,3228.66666666667,261,682.708333333333,5829.9425,625.916666666667,0,174,0,11,17,30,0,47,2,4,0,0,0,0,0,0,0,0,0,0,0,0,0,0,0,0,0,0,0,0,0,0,1,0,1,0,0,0,1,1,53,2,0,0,0,2,11,24,0,0,0,0,55,0,0,0,0,0,0,0,0,0,49,3,0,5,29,0,3,0,25,0,0,0,55,0,0,0,0,0,0,0,6,2,16,7,11,16
"2014-06-27",82,149,0,2,29,31,106,9,1,2,7,1,4,7,5,0,0,0,7,0,5,5,0,3,3,0,5,5,1910.94166666667,3977,300.666666666667,910.883333333333,8288.93583333333,1600.78260869565,0,328,0,24,23,33,2,52,6,7,0,0,0,1,1,0,1,0,1,1,0,0,0,0,0,0,2,1,0,0,0,0,4,0,0,0,0,0,2,10,67,2,0,0,0,1,12,42,1,0,0,0,81,0,0,0,0,0,0,0,0,0,64,0,0,17,42,0,5,0,33,0,0,0,80,1,0,0,0,0,0,0,5,4,23,13,17,20
"2014-06-28",43,81,0,1,18,19,62,3,0,1,4,1,3,2,0,0,0,0,5,0,1,1,0,2,2,0,4,4,1039.88333333333,2065.79166666667,189.916666666667,513.670833333333,4359.77,873.681818181818,43,215,0,13,12,17,1,30,1,4,0,0,0,0,0,0,0,1,1,0,0,1,0,0,0,0,0,0,0,0,0,0,1,0,0,0,0,1,1,4,35,2,1,0,0,0,6,22,0,0,0,0,38,0,0,0,0,1,0,0,0,0,30,1,0,9,21,0,1,0,19,0,1,0,39,0,0,0,0,0,0,0,4,2,9,8,9,11
"2014-06-29",48,95,0,1,15,16,78,3,0,0,4,0,0,2,0,0,0,0,8,0,2,2,0,0,0,0,4,4,1241,2540,254,729.8,4846.96,790,48,288,0,11,16,20,1,34,2,4,0,0,0,0,0,0,0,0,0,0,1,0,0,0,0,0,1,0,0,0,1,0,2,0,0,0,0,0,1,5,40,1,1,0,0,1,11,17,0,0,0,0,46,0,0,0,0,0,0,0,0,0,33,2,0,10,15,0,0,3,28,0,0,0,46,0,0,0,0,0,0,0,4,4,9,7,7,17
"2014-06-30",59,110,0,3,28,31,75,12,1,0,6,0,5,4,0,0,0,0,7,0,5,5,0,1,1,0,4,4,1540.6375,3898.91666666667,371.208333333333,1133.78333333333,5918.95375,1150.5,0,0,0,21,20,15,3,38,6,5,0,0,0,1,0,0,1,0,0,1,0,0,0,0,0,2,0,0,0,0,0,0,3,0,1,0,0,0,0,7,50,1,1,0,0,1,9,29,1,0,0,0,58,0,0,0,0,0,0,0,0,0,48,2,0,8,34,0,3,0,18,1,0,0,50,8,0,0,0,0,0,0,7,3,18,13,7,11
"2014-07-01",55,101,0,0,14,14,82,7,0,1,1,0,1,0,1,0,0,0,8,0,2,2,0,0,0,0,1,1,1511.30434782609,3630,349.130434782609,1115.30434782609,5481.32391304348,954.130434782609,0,55,0,9,18,28,0,38,3,1,0,0,0,0,1,1,0,0,0,0,0,0,0,0,0,2,0,0,2,0,0,0,2,0,0,0,0,0,0,6,44,0,2,0,1,0,7,24,0,0,0,0,52,0,0,0,0,0,0,0,0,0,38,2,1,12,23,0,1,1,26,0,1,0,51,2,0,0,0,0,0,0,6,3,16,11,5,14
"2014-07-02",71,140,0,1,26,27,96,12,1,2,4,0,5,7,2,0,0,2,9,0,2,2,0,3,3,0,4,4,1881.79583333333,4470.04166666667,591.666666666667,1331.54583333333,7092.3675,1449.58333333333,0,142,0,17,25,28,1,56,3,3,0,0,0,0,0,0,1,0,1,0,0,0,0,0,0,2,0,0,0,0,0,0,0,0,0,0,0,1,3,4,62,4,1,0,0,2,13,36,0,0,0,0,69,0,0,0,0,0,0,0,0,0,55,3,0,11,36,0,2,0,30,0,1,0,62,6,0,0,0,0,0,0,5,3,21,16,12,14
"2014-07-03",60,118,0,3,18,21,81,11,2,0,5,1,1,5,4,0,0,1,7,0,1,1,0,1,1,0,3,3,1324.90909090909,4535.45454545455,286.363636363636,1053.27272727273,6024.46363636364,1082.72727272727,0,180,0,12,21,24,3,43,1,5,0,0,0,0,0,0,4,1,0,0,0,0,0,0,0,2,0,0,0,0,0,0,1,0,0,0,0,0,2,8,49,2,0,0,0,1,4,30,1,0,0,0,52,0,0,0,0,0,0,0,0,5,44,5,0,8,27,0,3,0,26,1,0,0,36,18,3,0,0,0,0,0,8,4,15,8,15,10
"2014-07-04",70,139,0,0,21,21,106,6,1,2,4,2,0,3,3,0,0,2,10,0,4,4,0,0,0,0,3,3,1383.08333333333,4363.33333333333,303.333333333333,805.291666666667,7048.9125,1184.16666666667,0,280,0,14,26,30,0,56,4,4,0,0,0,0,0,0,0,0,0,1,0,0,0,1,0,0,0,0,1,0,0,0,1,0,0,0,0,0,0,4,64,0,1,0,0,1,6,35,1,0,0,0,62,0,0,0,0,0,0,0,0,5,59,0,0,9,34,0,3,0,29,0,1,0,54,9,4,0,0,0,0,0,4,9,22,13,4,18
"2014-07-05",55,111,0,1,27,28,88,2,0,1,7,1,4,2,3,0,0,0,3,0,2,2,0,3,3,0,6,6,1199.22916666667,2282.5,355.208333333333,441.375,5531.2125,1095.41666666667,55,275,0,21,15,18,1,37,2,6,0,0,0,0,0,0,1,0,1,1,1,0,0,0,0,0,0,0,0,0,0,0,3,0,0,0,0,0,1,7,45,1,0,0,0,3,11,24,0,0,0,0,53,0,0,0,0,0,0,0,0,0,40,2,0,12,28,0,1,1,22,0,1,0,49,4,0,0,0,0,0,0,9,3,17,9,6,11
"2014-07-06",45,92,0,1,21,22,74,0,0,2,4,0,2,0,2,0,0,1,7,0,3,3,0,2,2,0,2,2,1041.375,2261.25,406.875,543.9375,4504.875,873.75,45,270,0,13,17,14,1,34,3,4,0,0,0,0,1,0,0,0,0,0,0,0,0,0,0,0,0,0,0,0,0,0,1,0,0,0,0,1,0,1,42,1,0,0,0,0,7,18,0,1,0,0,42,0,0,0,0,0,0,0,0,0,29,0,0,12,24,0,2,0,14,0,0,0,40,2,0,0,0,0,0,0,3,1,14,9,5,13
"2014-07-07",69,139,0,3,19,22,103,13,0,2,3,0,0,3,1,0,0,0,14,0,2,2,0,0,0,0,3,3,1468.10769230769,4607.07692307692,408.692307692308,1013.76923076923,6873.56769230769,1289.76923076923,0,0,0,18,26,22,3,56,2,3,0,0,0,0,0,0,0,0,0,1,0,0,0,0,0,1,0,0,0,0,0,0,1,0,0,0,0,0,2,3,61,2,1,0,1,3,11,32,2,1,0,0,32,0,0,0,0,0,0,0,0,30,52,5,0,7,32,0,7,0,25,0,0,0,20,25,15,0,2,0,0,0,1,7,21,17,9,14
"2014-07-08",74,142,0,2,21,23,108,8,0,0,4,3,1,2,3,0,0,0,13,0,3,3,0,1,1,0,4,4,1907.72,5150.4,658.6,1444.48,7326.222,1309.8,0,74,0,17,29,26,2,52,3,4,0,0,0,0,1,0,0,0,1,1,0,0,0,1,0,1,0,0,0,0,0,0,1,0,0,0,0,0,3,5,60,3,0,0,0,2,16,34,0,1,0,0,62,0,0,0,0,0,0,0,0,9,58,3,0,11,35,0,5,0,33,0,1,0,56,7,6,0,2,0,0,0,7,6,19,21,8,13
"2014-07-09",59,112,1,1,19,21,77,8,0,3,10,1,2,0,3,0,0,0,8,0,3,3,1,0,1,0,8,8,1209.21904761905,4026.04761904762,494.47619047619,844.261904761905,5883.53619047619,1208.09523809524,0,118,1,18,17,22,1,39,4,9,0,0,0,0,0,0,0,0,1,1,0,0,0,0,0,1,0,0,1,0,0,0,2,0,0,0,0,0,0,6,52,0,2,0,0,0,11,26,0,0,0,0,58,0,0,0,0,0,0,0,0,1,47,4,0,8,31,0,0,1,25,0,1,0,54,4,0,0,0,0,0,1,4,5,23,7,2,18
"2014-07-10",61,122,0,1,20,21,93,7,0,2,5,0,4,0,3,0,0,0,8,0,6,6,0,1,1,0,4,4,1162.30416666667,3586.29166666667,391.416666666667,635.925,6157.46708333333,1349.625,0,183,0,18,13,29,1,43,6,5,0,0,0,0,1,0,1,0,0,1,0,0,0,1,0,0,0,0,0,0,0,0,0,0,0,0,0,0,0,3,55,0,2,0,0,1,8,28,0,0,0,0,56,0,0,0,0,0,0,0,0,0,47,4,0,8,25,0,3,1,30,0,0,0,56,1,0,0,0,0,0,0,2,1,18,15,11,14
"2014-07-11",62,116,0,2,25,27,83,11,1,3,2,1,3,2,3,0,0,0,7,0,4,4,0,0,0,0,2,2,1306.39166666667,3355.75,322.916666666667,678.9,6284.19083333333,1389.83333333333,0,248,0,14,26,20,2,47,4,2,0,0,0,0,0,0,1,0,0,0,0,0,0,0,0,1,0,0,1,0,0,0,0,0,0,0,0,0,2,3,53,2,0,0,0,2,9,27,0,0,0,0,59,0,0,0,0,0,0,0,0,0,50,3,0,8,33,0,2,2,23,0,2,0,58,1,0,0,0,0,0,0,3,4,26,8,7,14
"2014-07-12",55,115,0,0,20,20,93,4,0,0,5,0,3,4,0,0,0,0,6,0,1,1,0,1,1,0,2,2,1262.02083333333,3020.41666666667,355.208333333333,717.979166666667,5558.62083333333,1235.20833333333,55,275,0,14,17,24,0,45,1,4,0,0,0,0,0,0,0,0,0,0,0,0,0,0,0,1,0,0,0,0,0,0,1,0,0,0,0,0,1,2,50,1,0,0,0,0,8,27,0,0,0,0,53,0,0,0,0,0,0,0,0,0,32,2,0,19,26,0,1,0,25,0,0,0,50,3,0,0,0,0,0,0,1,3,19,14,3,15
"2014-07-13",32,62,1,1,15,17,53,1,0,0,0,0,2,2,1,0,0,0,3,1,3,4,0,1,1,0,0,0,709.333333333333,2633.33333333333,174.666666666667,606.133333333333,3200.85333333333,576,32,192,1,11,9,10,1,26,4,0,0,0,0,0,1,0,0,0,0,0,0,0,0,0,0,0,0,0,0,0,0,0,0,0,0,0,0,0,1,0,31,1,0,0,0,0,5,16,0,0,0,0,15,0,0,0,0,0,0,0,0,16,18,2,0,11,18,0,0,0,12,1,0,0,9,11,11,0,0,0,0,0,0,1,13,5,7,6
"2014-07-14",43,87,0,0,13,13,64,8,1,2,4,0,2,2,0,0,0,1,3,0,2,2,0,0,0,0,4,4,903.5375,2653.45833333333,268.75,562.7625,4305.10625,885.083333333333,0,0,0,10,18,15,0,32,2,5,0,0,0,0,0,0,0,1,0,0,0,0,0,0,0,1,0,0,0,0,0,0,0,0,0,0,0,0,1,2,39,1,0,0,0,3,7,20,1,0,0,0,43,0,0,0,0,0,0,0,0,0,39,0,0,4,25,0,3,0,14,0,1,0,36,6,0,0,0,0,0,0,3,6,14,5,6,9
"2014-07-15",57,116,0,0,19,19,90,9,1,2,5,1,0,2,0,0,0,0,6,0,3,3,0,0,0,0,3,3,1126.9375,4405.625,149.625,888.0125,5689.0275,783.75,0,57,0,16,17,24,0,38,4,5,0,0,0,0,1,0,1,0,0,0,1,0,0,0,0,1,0,0,1,0,0,0,1,0,0,0,0,1,2,5,48,3,0,0,0,1,9,23,0,0,0,0,37,0,0,0,0,0,0,0,0,15,45,1,1,9,24,0,3,1,29,0,0,0,24,14,14,0,0,0,0,0,4,7,20,5,4,17
"2014-07-16",47,90,0,0,8,8,68,6,0,2,3,0,1,0,4,0,0,0,6,0,0,0,0,0,0,0,3,3,980.929166666667,3084.375,354.458333333333,650.95,4697.02333333333,990.916666666666,0,94,0,7,19,21,0,32,1,3,0,1,0,0,0,0,0,1,2,0,0,0,0,0,0,2,2,0,0,0,0,0,1,0,0,0,0,0,0,8,37,0,0,0,0,2,10,17,0,0,0,0,42,0,0,0,0,0,0,0,0,0,39,3,0,2,29,0,2,0,11,0,0,0,40,2,0,0,0,0,0,0,4,3,7,11,11,11
"2014-07-17",57,114,0,0,9,9,82,9,1,3,2,0,1,3,2,0,0,0,11,0,3,3,0,1,1,0,2,2,1064.7125,3773.875,332.5,685.425,5730.0675,1220.75,0,171,0,9,23,25,0,47,2,2,0,0,0,0,0,1,0,1,0,0,0,0,0,0,0,1,0,0,1,0,0,0,0,0,0,0,0,0,0,3,52,0,1,0,0,3,10,20,0,0,0,0,55,0,0,0,0,0,0,0,0,0,45,1,0,9,24,0,2,1,28,0,2,0,52,2,0,0,0,0,0,0,1,5,13,14,5,19
"2014-07-18",61,123,0,1,19,20,99,10,1,2,3,0,2,1,3,0,0,2,0,0,3,3,0,1,1,0,3,3,1271.34166666667,3705.75,531.208333333333,763.516666666667,6174.24208333333,1321.66666666667,0,244,0,15,30,15,1,46,3,3,0,0,0,0,0,0,0,0,1,0,1,0,0,0,0,1,1,0,1,0,0,0,2,0,0,0,0,0,0,7,52,0,0,0,0,3,9,25,1,0,0,0,58,0,0,0,0,1,0,0,0,1,51,0,1,7,23,0,5,1,28,0,0,0,59,0,1,0,0,0,0,0,2,5,16,13,8,17