"Date","NB_Accidents","NB_VEH_IMPLIQUES_ACCDN","NB_MORTS","NB_BLESSES_GRAVES","NB_BLESSES_LEGERS","NB_VICTIMES_TOTAL","nb_automobile_camion_leger","nb_camionLourd_tractRoutier","nb_outil_equipement","nb_tous_autobus_minibus","nb_bicyclette","nb_cyclomoteur","nb_motocyclette","nb_taxi","nb_urgence","nb_motoneige","nb_VHR","nb_autres_types","nb_veh_non_precise","NB_DECES_PIETON","NB_BLESSES_PIETON","NB_VICTIMES_PIETON","NB_DECES_MOTO","NB_BLESSES_MOTO","NB_VICTIMES_MOTO","NB_DECES_VELO","NB_BLESSES_VELO","NB_VICTIMES_VELO","Temp","Rel.Hum","Wind.Spd","Dew.Point.Temp","Stn_Press","Wind.Dir","weekdays","days","SeverityDeadly","SeverityLight Injury","SeverityMaterial High","SeverityMaterial Low","SeveritySevere Injury","as.factor(Accident_Type)31","as.factor(Accident_Type)32","as.factor(Accident_Type)33","as.factor(Accident_Type)34","as.factor(Accident_Type)35","as.factor(Accident_Type)36","as.factor(Accident_Type)37","as.factor(Accident_Type)38","as.factor(Accident_Type)39","as.factor(Accident_Type)40","as.factor(Accident_Type)41","as.factor(Accident_Type)42","as.factor(Accident_Type)43","as.factor(Accident_Type)44","as.factor(Accident_Type)45","as.factor(Accident_Type)46","as.factor(Accident_Type)47","as.factor(Accident_Type)48","as.factor(Accident_Type)49","as.factor(Accident_Type)50","as.factor(Accident_Type)51","as.factor(Accident_Type)52","as.factor(Accident_Type)53","as.factor(Accident_Type)54","as.factor(Accident_Type)55","as.factor(Accident_Type)59","as.factor(Accident_Type)71","as.factor(Accident_Type)72","as.factor(Accident_Type)73","as.factor(Accident_Type)74","as.factor(Accident_Type)75","as.factor(Accident_Type)99","Accident_CategoryFixed Object","Accident_CategoryMoving Object","Accident_CategoryNo Collision","Auth_Speed10","Auth_Speed100","Auth_Speed20","Auth_Speed30","Auth_Speed40","Auth_Speed50","Auth_Speed60","Auth_Speed70","Auth_Speed80","Auth_Speed90","Surface_CondDry","Surface_CondHard snow","Surface_CondIce","Surface_CondMud","Surface_CondOil","Surface_CondSand or gravel","Surface_CondSlush","Surface_CondSnow","Surface_CondWater accumulation","Surface_CondWet","IlluminationDay and clear","IlluminationDay and semi-dark","IlluminationNight and dark","IlluminationNight and lighted","EnvironmentCommercial","EnvironmentForest","EnvironmentIndustrial","EnvironmentPark","EnvironmentResidential","EnvironmentRural","EnvironmentSchool area","WeatherBlack Ice","WeatherClear Sky","WeatherCloudy","WeatherDrizzle","WeatherFoggy","WeatherHeavy Rain","WeatherSnow","WeatherSnowstorms","WeatherStrong Wind","cluster_id_0","cluster_id_1","cluster_id_2","cluster_id_3","cluster_id_4","cluster_id_5"
"2014-07-19",45,83,0,2,16,18,60,0,0,1,8,0,3,5,0,0,0,1,5,0,1,1,0,3,3,0,7,7,1036.3125,2416.875,193.125,574.6875,4563.75,736.875,45,225,0,14,16,13,2,24,1,8,0,0,0,0,1,0,0,1,1,0,1,1,0,0,0,1,0,0,1,0,0,0,0,0,0,0,1,1,0,6,34,2,0,0,0,2,5,24,1,0,0,0,43,0,0,0,0,0,0,0,0,0,28,1,0,15,20,0,2,1,18,1,1,0,40,3,0,0,0,0,0,0,2,4,13,6,8,12
"2014-07-20",47,95,0,1,11,12,77,1,0,1,2,0,1,0,2,0,0,3,8,0,3,3,0,1,1,0,1,1,1132.50416666667,2577.16666666667,244.791666666667,651.929166666667,4753.05125,724.583333333333,47,282,0,8,26,12,1,32,4,2,0,0,0,0,0,0,0,1,0,0,0,0,0,0,0,1,0,0,0,0,0,0,1,0,0,0,0,0,0,3,38,0,0,0,0,1,6,26,0,0,0,0,44,0,0,0,0,0,0,0,0,0,26,1,0,18,21,0,1,0,25,0,0,0,42,0,0,0,0,0,0,0,4,1,17,8,4,13
"2014-07-21",41,83,0,0,17,17,61,10,1,1,3,0,1,1,0,0,0,0,5,0,2,2,0,0,0,0,3,3,1028.41666666667,2389.95833333333,208.416666666667,651.729166666667,4142.69125,809.75,0,0,0,13,15,13,0,29,2,3,0,0,0,0,0,0,0,0,0,1,0,0,0,0,0,0,0,1,1,0,0,0,2,0,0,0,0,0,0,5,34,0,0,0,0,1,8,17,0,0,0,0,39,0,0,0,0,0,0,0,0,1,33,3,0,5,27,0,1,1,12,0,0,0,38,2,1,0,0,0,0,0,2,9,5,10,3,12
"2014-07-22",47,91,0,1,16,17,68,5,0,3,3,2,2,1,0,0,0,0,7,0,5,5,0,1,1,0,2,2,1210.64166666667,2925.75,397.541666666667,835.425,4733.11541666667,967.416666666666,0,47,0,14,17,15,1,33,5,3,0,0,0,0,0,0,1,0,0,0,0,0,0,0,0,0,0,0,0,0,0,0,2,0,0,0,0,0,2,3,41,2,0,0,0,1,11,17,1,0,0,0,47,0,0,0,0,0,0,0,0,0,34,1,2,8,17,0,3,3,23,0,0,0,46,0,0,0,0,0,0,0,7,3,12,12,4,9
"2014-07-23",67,135,0,1,17,18,106,7,0,2,4,0,1,2,3,0,0,1,9,0,2,2,0,1,1,0,3,3,1580.3625,4564.375,360.125,1143.74583333333,6697.04083333333,1337.20833333333,0,134,0,14,29,23,1,48,3,4,0,0,0,0,0,0,0,2,1,0,0,0,0,0,0,1,0,0,0,0,0,0,4,0,0,0,0,0,2,8,55,2,0,0,0,3,8,34,0,0,0,0,47,0,0,0,0,0,0,0,0,16,43,3,3,14,29,0,4,1,31,0,0,0,39,12,10,0,2,0,0,0,3,3,21,13,16,11
"2014-07-24",53,100,0,1,22,23,78,3,0,0,9,2,2,2,0,0,0,0,4,0,6,6,0,2,2,0,7,7,1019.80833333333,2667.66666666667,276.041666666667,451.383333333333,5322.59125,892.166666666667,0,159,0,20,18,14,1,30,7,8,0,0,0,0,0,0,0,1,0,0,0,0,0,0,0,0,1,0,1,0,0,0,1,0,0,0,0,0,2,4,45,2,0,0,0,4,12,21,0,0,0,0,51,0,0,0,0,0,0,0,0,0,39,0,0,13,25,0,2,0,25,0,0,0,48,1,0,0,0,0,0,0,7,4,14,11,6,11
"2014-07-25",54,99,0,0,30,30,65,6,0,1,8,5,4,4,0,0,0,0,6,0,7,7,0,5,5,0,6,6,1120.5,3361.5,578.25,706.725,5420.0925,1134,0,216,0,25,12,17,0,34,7,6,0,0,0,0,0,0,0,0,1,0,1,0,0,0,0,0,0,0,0,0,0,0,1,0,0,0,0,0,2,3,47,2,0,0,0,1,11,25,1,0,0,0,51,0,0,0,0,0,0,0,0,1,43,0,0,11,22,0,5,0,26,0,1,0,48,5,0,0,0,0,0,0,3,5,12,10,8,16
"2014-07-26",34,66,0,1,19,20,57,1,0,0,3,0,1,2,1,0,0,0,1,0,4,4,0,1,1,0,2,2,727.316666666667,2236.91666666667,264.916666666667,498.808333333333,3405.44,667.25,34,170,0,12,13,8,1,22,4,3,0,0,0,0,0,0,0,0,1,0,0,0,0,0,0,1,1,0,0,0,0,0,1,0,0,0,0,0,0,4,29,0,0,0,0,0,7,18,0,1,0,0,32,0,0,0,0,0,0,0,0,1,24,0,0,8,12,0,0,0,22,0,0,0,29,2,1,0,0,0,0,0,6,3,5,5,8,7
"2014-07-27",31,61,0,1,13,14,50,2,0,0,0,0,0,3,1,0,0,1,4,0,2,2,0,0,0,0,0,0,652.55,2529.08333333333,174.375,546.891666666667,3084.97791666667,639.375,31,186,0,8,8,14,1,21,2,0,0,0,0,0,0,0,0,0,0,2,0,1,0,0,0,1,1,0,0,0,0,0,1,0,0,0,0,1,0,6,23,1,0,0,0,0,1,15,0,0,0,0,14,0,0,0,0,0,0,0,0,15,14,0,2,13,14,0,3,1,11,0,0,0,16,4,6,0,2,0,0,0,4,3,11,4,4,5
"2014-07-28",43,89,0,0,9,9,72,3,0,0,3,2,0,1,2,0,0,0,6,0,0,0,0,0,0,0,1,1,720.608333333333,3728.45833333333,202.458333333333,623.141666666667,4277.12041666667,406.708333333333,0,0,0,8,22,13,0,27,0,3,0,0,0,0,0,0,0,1,0,1,0,0,0,1,0,3,0,0,1,0,0,0,1,0,0,0,0,0,2,8,30,2,0,0,0,0,6,25,1,0,0,0,9,0,0,0,0,0,0,0,0,31,27,2,1,11,19,0,3,0,20,0,1,0,10,4,23,0,3,0,0,0,1,7,12,5,8,10
"2014-07-29",39,78,0,1,15,16,60,1,0,2,6,0,2,1,0,0,0,0,6,0,0,0,0,1,1,0,5,5,665.7625,2580.5,273,410.475,3902.3075,996.125,0,39,0,12,10,16,1,31,0,5,0,0,0,0,0,0,0,1,0,0,0,0,0,0,0,0,0,0,0,0,0,0,1,0,0,0,0,0,0,2,36,0,0,0,0,0,6,20,0,0,0,0,35,0,0,0,0,0,0,0,0,4,28,2,0,9,18,0,4,0,16,0,0,0,36,2,1,0,0,0,0,0,6,3,7,6,8,9
"2014-07-30",49,98,0,1,14,15,78,4,0,1,2,1,1,2,0,0,0,0,9,0,3,3,0,0,0,0,2,2,930.591666666667,3350.375,279.708333333333,625.566666666667,4928.27708333333,928.958333333333,0,98,0,11,20,17,1,38,2,2,0,0,0,0,0,0,0,0,0,0,0,0,0,0,0,2,1,0,0,0,0,0,1,0,1,0,0,0,0,4,42,1,0,0,0,1,11,19,0,0,0,0,41,0,0,0,1,1,0,0,0,1,39,1,0,6,20,0,2,1,25,0,0,0,38,5,1,0,0,0,0,0,5,2,13,10,3,16
"2014-07-31",50,94,0,0,16,16,67,7,0,2,5,1,1,3,1,0,0,0,7,0,3,3,0,1,1,0,3,3,900.833333333333,3952.08333333333,310.416666666667,709.583333333333,5036.20833333333,1033.33333333333,0,150,0,11,18,21,0,33,3,5,0,0,0,0,0,0,0,0,0,1,0,0,0,0,0,1,0,0,0,1,0,0,1,0,0,0,0,0,1,4,41,1,0,0,0,0,10,17,1,0,0,0,40,0,0,0,0,0,0,0,0,9,35,3,0,10,23,0,6,0,20,1,0,0,35,5,6,0,0,0,0,0,7,2,17,7,8,9
"2014-08-01",40,83,0,0,11,11,64,3,0,1,3,2,3,4,0,0,0,1,2,0,0,0,0,1,1,0,3,3,845.666666666667,2656.66666666667,215,573.666666666667,4043.3,816.666666666667,0,160,0,9,18,13,0,32,0,2,0,0,0,0,0,0,0,0,0,0,0,0,0,0,0,0,0,0,1,0,0,0,1,0,1,0,0,0,0,2,34,1,0,0,0,0,6,21,0,0,0,0,38,0,0,0,0,1,0,0,0,0,33,1,0,5,14,0,1,0,24,0,0,0,34,5,0,0,0,0,0,0,5,2,12,4,5,12
"2014-08-02",59,116,0,0,21,21,93,6,0,2,2,2,3,1,2,0,0,0,5,0,2,2,0,3,3,0,1,1,1338.07083333333,4149.66666666667,238.458333333333,985.545833333333,5963.15458333333,1123.45833333333,59,295,0,13,22,24,0,40,2,3,0,0,0,0,1,0,0,0,1,0,0,1,0,1,0,3,0,1,1,0,0,0,2,0,0,0,0,0,0,10,46,0,0,0,0,1,5,26,1,0,0,0,57,0,0,0,0,0,0,0,0,0,40,1,0,17,25,0,6,1,26,0,0,0,55,3,0,0,0,0,0,0,5,5,15,9,10,15
"2014-08-03",26,47,0,1,12,13,38,0,0,1,3,0,2,2,1,0,0,0,0,0,3,3,0,1,1,0,3,3,603.091666666667,1726.83333333333,102.916666666667,417.625,2623.075,546,26,156,0,9,6,10,1,17,4,3,0,0,0,0,0,0,0,0,0,0,0,0,0,0,0,0,0,0,0,0,0,0,1,0,0,0,0,0,1,1,24,1,0,0,0,1,3,16,0,0,0,0,26,0,0,0,0,0,0,0,0,0,14,1,0,11,8,0,1,2,14,0,0,0,25,1,0,0,0,0,0,0,1,2,8,5,2,8
"2014-08-04",54,104,0,0,16,16,77,6,1,2,4,1,3,3,0,0,0,0,7,0,1,1,0,1,1,0,1,1,1260.225,3339,308.25,821.7,5438.07,1197,0,0,0,11,19,24,0,43,1,4,0,0,0,0,0,0,0,0,1,0,0,1,0,0,0,0,0,0,1,0,0,0,0,0,1,0,0,1,0,3,48,2,1,0,0,1,8,23,1,0,0,0,48,0,0,0,0,0,0,0,0,4,46,0,0,6,25,0,4,1,20,0,1,0,49,2,1,0,0,0,0,0,4,3,20,4,6,17
"2014-08-05",51,104,0,0,16,16,83,5,1,2,2,2,1,1,2,0,0,0,5,0,2,2,0,0,0,0,0,0,1090.975,3933.375,310.25,871.4625,5128.135,1134.75,0,51,0,13,16,22,0,39,2,2,0,0,0,0,1,0,0,1,1,0,0,0,0,0,0,1,0,0,1,0,0,0,0,0,0,0,0,0,1,4,44,1,1,0,0,0,6,25,1,0,0,0,51,0,0,0,0,0,0,0,0,0,43,3,0,5,26,0,1,0,21,0,0,0,50,1,0,0,0,0,0,0,8,4,14,5,6,14
"2014-08-06",40,76,0,0,15,15,63,6,0,0,3,0,0,0,0,0,0,0,4,0,2,2,0,0,0,0,3,3,847.5,2083.33333333333,153.333333333333,410.5,4013.8,806.666666666667,0,80,0,13,19,8,0,29,1,3,0,0,0,0,0,0,0,1,0,0,0,0,0,0,0,1,0,0,2,0,0,0,3,0,0,0,0,0,0,7,33,0,0,0,0,2,6,15,0,0,0,0,40,0,0,0,0,0,0,0,0,0,36,0,0,3,16,0,3,1,18,1,1,0,39,1,0,0,0,0,0,0,4,4,13,6,7,6
"2014-08-07",66,127,0,0,37,37,95,8,1,2,4,2,2,3,3,0,0,0,7,0,4,4,0,2,2,0,4,4,1299.925,4215.75,354.75,824.45,6629.7,1452,0,198,0,25,20,21,0,45,5,4,0,0,0,0,0,0,0,0,1,0,0,0,0,0,0,3,0,0,0,1,0,0,0,0,0,0,1,1,0,5,54,2,0,0,0,1,12,35,0,0,0,0,61,0,0,0,0,0,0,0,1,3,49,3,1,12,29,0,3,0,29,1,2,0,58,7,0,0,0,0,0,0,10,5,27,6,3,15
"2014-08-08",54,104,0,1,23,24,78,7,0,1,5,2,4,3,0,0,0,0,4,0,1,1,0,2,2,0,4,4,1211.4,2803.5,335.25,635.625,5442.0075,1374.75,0,216,0,19,20,14,1,41,1,4,0,0,0,0,0,0,2,0,1,0,0,1,0,0,0,1,0,0,0,0,0,0,1,0,0,0,0,0,1,6,46,1,0,0,0,2,7,30,0,0,0,0,51,0,0,0,0,0,0,0,0,0,42,3,0,8,29,0,1,0,21,1,0,0,52,0,0,0,0,0,0,0,3,6,19,6,6,14
"2014-08-09",42,78,0,1,22,23,58,3,0,0,6,1,2,2,1,0,0,0,5,0,2,2,0,3,3,0,4,4,1008,1982.75,217,492.275,4240.565,934.5,42,210,0,16,17,8,1,28,2,6,0,0,0,0,0,0,0,1,0,0,1,0,0,0,0,1,1,0,1,0,0,0,0,0,1,0,0,0,0,5,36,1,0,0,0,0,4,24,0,1,0,0,41,0,0,0,0,0,0,0,0,0,25,1,1,13,21,0,3,0,17,0,0,0,39,2,0,0,0,0,0,0,3,2,15,6,4,12
"2014-08-10",37,72,0,0,9,9,55,2,0,1,2,0,0,3,2,0,0,0,7,0,0,0,0,0,0,0,2,2,918.370833333333,1911.66666666667,222,513.683333333333,3739.00416666667,792.416666666667,37,222,0,8,12,17,0,31,0,2,0,0,0,0,1,0,1,0,0,0,0,0,0,0,0,0,0,0,1,0,0,0,0,0,0,0,0,0,0,2,34,0,0,0,0,1,4,19,0,0,0,0,36,0,0,0,0,0,0,0,0,1,22,1,0,14,20,0,2,0,14,0,0,0,37,0,0,0,0,0,0,0,4,4,6,8,5,10
"2014-08-11",59,114,0,0,12,12,81,8,0,2,5,2,3,1,3,0,0,0,9,0,1,1,0,2,2,0,5,5,1502.2875,3087.66666666667,275.333333333333,861.645833333333,5955.95166666667,1030.04166666667,0,0,0,12,22,25,0,39,2,5,0,0,0,1,2,0,1,0,0,0,0,0,0,0,0,1,0,0,0,0,0,0,2,0,0,0,0,1,0,4,49,1,0,0,1,1,14,18,1,0,0,0,56,0,0,0,0,0,0,0,0,0,41,1,1,13,31,0,1,1,23,0,0,0,54,0,0,0,0,0,0,0,5,4,13,15,11,11
"2014-08-12",47,88,0,0,10,10,65,3,1,1,6,1,0,2,1,0,0,0,8,0,2,2,0,0,0,0,5,5,1118.40416666667,2821.95833333333,287.875,712.245833333333,4727.16208333333,744.166666666667,0,47,0,10,16,21,0,35,2,5,0,0,0,0,0,0,1,1,0,0,0,0,0,0,0,1,0,0,0,0,0,0,1,0,0,0,0,0,1,4,42,1,0,0,0,1,8,24,0,0,0,0,44,0,0,0,0,0,0,0,0,3,39,0,1,6,31,0,0,0,15,0,1,0,41,3,3,0,0,0,0,0,5,4,15,10,5,8
"2014-08-13",64,129,0,2,28,30,103,8,2,2,3,0,0,2,4,0,0,0,5,0,6,6,0,0,0,0,2,2,1221.6,5925.33333333333,253.333333333333,1140.53333333333,6389.09333333333,1016,0,128,0,22,18,22,2,47,5,3,0,0,0,0,0,0,2,2,1,0,0,0,0,0,0,0,0,0,2,0,0,0,1,0,0,0,0,0,0,8,55,0,0,0,0,3,8,30,0,1,0,0,2,0,0,0,0,0,0,0,0,59,38,11,0,12,34,0,1,2,23,0,0,0,7,3,46,0,5,0,0,0,8,5,19,10,5,17
"2014-08-14",46,90,0,0,14,14,68,5,1,3,1,0,3,2,0,0,0,0,7,0,2,2,0,2,2,0,1,1,690,3373.33333333333,381.416666666667,466.516666666667,4592.525,906.583333333333,0,138,0,13,20,13,0,32,2,1,0,0,0,0,0,0,0,0,2,2,0,0,0,0,0,0,0,1,1,0,0,0,2,0,1,0,0,0,0,8,35,1,0,0,0,0,11,26,0,0,0,0,40,0,0,0,0,0,0,0,0,5,34,0,0,11,25,0,5,0,13,0,1,0,24,20,2,0,0,0,0,0,0,2,14,11,10,9
"2014-08-15",49,99,0,0,9,9,70,6,2,0,4,1,1,4,1,0,0,0,10,0,1,1,0,0,0,0,1,1,701.3125,4093.54166666667,320.541666666667,564.316666666667,4905.96166666667,1024.91666666667,0,196,0,8,24,17,0,42,1,3,0,0,0,1,0,0,0,0,0,0,0,0,0,0,0,0,2,0,0,0,0,0,0,0,0,0,0,0,0,2,47,0,0,0,0,0,10,24,0,0,0,0,31,0,0,0,0,0,0,1,0,16,35,1,0,10,25,0,2,0,21,0,0,0,28,9,9,0,0,0,0,0,3,5,15,5,7,14
"2014-08-16",43,81,1,0,10,11,71,0,0,1,0,0,1,2,0,0,0,0,6,1,0,1,0,1,1,0,0,0,696.958333333333,3583.33333333333,220.375,572.795833333333,4304.01333333333,817,43,215,1,6,25,11,0,34,3,0,0,0,0,0,0,0,0,1,1,1,0,0,0,0,0,0,1,0,0,0,0,0,0,0,0,0,0,2,0,4,37,2,0,0,0,1,3,22,0,0,0,0,8,0,0,0,0,0,0,0,0,31,22,3,1,13,21,0,1,0,19,0,0,0,7,5,24,1,2,0,0,0,4,1,17,3,5,13
"2014-08-17",38,74,0,0,18,18,60,1,1,1,3,0,1,3,0,0,0,0,4,0,1,1,0,1,1,0,3,3,685.425,2929.16666666667,172.583333333333,518.383333333333,3802.15333333333,902.5,38,228,0,13,11,14,0,26,2,5,0,0,0,0,0,1,0,0,1,0,0,0,0,0,0,0,0,0,1,0,0,0,0,0,0,0,0,0,1,2,34,1,0,0,0,0,6,19,0,0,0,0,29,0,0,0,0,0,0,0,1,4,14,1,0,22,18,0,0,0,18,0,1,0,23,8,3,0,0,0,0,0,2,1,12,9,2,12
"2014-08-18",45,85,0,0,20,20,63,4,0,3,5,0,1,2,1,0,0,0,6,0,5,5,0,1,1,0,3,3,793.5,2709.375,226.875,434.625,4512.75,1074.375,0,0,0,17,14,14,0,31,6,5,0,0,0,0,0,0,0,0,0,0,0,0,0,1,0,0,0,0,0,0,0,0,0,0,0,0,0,0,0,1,42,0,0,0,1,0,14,17,0,0,0,0,43,0,0,0,0,0,0,0,0,0,34,2,0,5,22,0,2,0,18,0,0,0,41,1,0,0,0,0,0,0,2,0,13,11,4,15
"2014-08-19",54,102,0,2,16,18,76,9,2,3,3,0,0,1,2,0,0,0,6,0,6,6,0,0,0,0,1,1,1033.875,3523.5,173.25,652.275,5422.68,1001.25,0,54,0,10,17,25,2,42,6,2,0,0,0,0,0,0,0,0,0,0,0,0,0,0,0,1,0,0,0,0,0,0,1,0,0,0,0,0,1,2,50,1,0,0,0,1,12,23,0,0,0,0,51,0,0,0,0,0,0,0,0,0,38,3,0,10,22,0,2,0,28,0,0,0,49,0,0,0,0,0,0,0,6,4,13,13,11,7
"2014-08-20",50,101,0,1,10,11,71,10,0,1,5,1,1,5,0,0,0,1,6,0,0,0,0,0,0,0,4,4,1088.125,3066.66666666667,160.416666666667,685.208333333333,5030.89583333333,647.916666666667,0,100,0,9,23,17,1,36,0,5,0,0,0,0,0,0,0,0,0,0,0,0,0,0,0,0,1,0,0,0,0,0,2,0,0,0,0,0,0,3,41,0,1,0,0,1,5,27,0,0,0,0,47,0,0,0,0,0,0,0,0,0,39,0,0,8,19,0,4,1,23,0,1,0,45,2,0,0,0,0,0,0,6,4,20,8,5,7
"2014-08-21",65,132,0,0,23,23,92,6,0,0,11,1,0,5,5,0,0,0,12,0,2,2,0,0,0,0,10,10,1376.10416666667,4379.375,200.416666666667,960.375,6551.81041666667,647.291666666667,0,195,0,19,21,25,0,43,2,11,0,0,0,0,0,0,1,1,0,0,0,0,0,0,0,1,2,0,0,0,0,0,1,0,0,0,0,0,1,6,56,1,1,0,0,0,14,35,0,0,0,0,60,0,0,0,0,0,0,0,0,1,48,2,0,13,34,0,4,0,25,0,0,0,33,27,1,0,0,0,0,0,7,5,21,14,3,15
"2014-08-22",62,127,0,2,21,23,100,4,0,2,4,0,5,2,1,0,0,0,9,0,1,1,0,5,5,0,3,3,1240.51666666667,4285.75,211.833333333333,877.041666666667,6260.295,669.083333333333,0,248,0,14,22,24,2,47,1,4,0,0,0,0,0,0,0,0,0,0,0,0,0,0,0,0,0,0,1,1,0,0,1,0,0,0,0,0,4,3,52,4,0,0,1,2,9,24,0,0,0,0,54,0,0,0,0,0,0,0,0,2,40,2,0,16,32,0,2,2,20,0,2,0,45,12,0,0,0,0,0,0,8,7,14,10,5,18
"2014-08-23",38,82,0,1,9,10,72,0,1,1,2,0,1,1,0,0,0,0,4,0,2,2,0,1,1,0,2,2,794.833333333333,2737.58333333333,112.416666666667,578.233333333333,3844.2225,658.666666666667,38,190,0,8,17,12,1,32,2,1,0,0,0,0,0,0,1,0,0,0,0,0,0,0,0,0,0,0,0,0,0,0,1,0,0,0,0,1,0,2,35,1,0,0,0,4,7,19,0,0,0,0,36,0,0,0,0,0,0,0,0,0,21,1,0,14,18,0,1,0,18,0,0,0,34,2,0,0,0,0,0,0,3,4,9,6,3,13
"2014-08-24",40,79,0,1,12,13,65,0,0,1,3,3,0,2,0,0,0,0,5,0,3,3,0,0,0,0,3,3,945.5,2396.66666666667,138.333333333333,601.166666666667,4047.65,695.652173913043,40,240,0,12,15,12,1,28,3,3,0,0,0,0,0,0,0,0,0,1,0,0,0,0,0,0,1,0,0,0,0,0,0,0,0,0,0,0,0,2,34,0,0,0,0,0,5,20,1,0,0,0,36,0,0,0,0,0,0,0,0,0,21,2,0,15,17,0,2,1,17,0,0,0,35,0,0,0,0,0,0,0,4,1,14,6,6,9
"2014-08-25",75,149,0,0,32,32,106,18,0,2,6,0,1,3,4,0,0,0,9,0,3,3,0,0,0,0,4,4,1857.5,4371.875,518.75,1180,7583.71875,1759.375,0,0,0,25,26,24,0,54,6,6,0,0,0,0,0,0,2,0,1,0,1,0,0,0,0,0,1,0,0,0,0,0,1,1,0,0,0,0,1,6,66,2,1,0,0,0,15,43,0,0,0,0,73,0,0,0,0,0,0,0,0,0,60,1,0,10,27,0,4,0,41,0,1,0,70,0,0,0,0,0,0,0,6,3,21,21,10,14
"2014-08-26",69,129,0,0,31,31,97,9,0,0,7,2,2,4,2,0,0,1,5,0,5,5,0,2,2,0,6,6,1703.725,4194.625,583.625,1136.4875,6952.44,1423.125,0,69,0,28,23,18,0,48,6,7,0,0,0,0,0,0,1,0,1,0,0,0,0,0,0,0,0,0,1,0,0,0,2,0,0,0,0,0,1,5,61,1,0,0,0,3,9,31,0,0,0,0,67,0,0,0,0,0,0,0,0,0,56,2,0,10,35,0,5,0,24,1,3,0,65,1,0,0,0,0,0,0,11,5,15,9,10,19
"2014-08-27",63,124,0,3,27,30,89,9,0,1,5,0,3,8,1,0,0,0,8,0,5,5,0,2,2,0,4,4,1429.575,4050.375,443.625,965.475,6323.70375,1454.25,0,126,0,18,21,22,2,46,4,5,0,0,0,0,0,0,0,0,0,0,0,0,0,0,0,0,0,0,2,0,0,0,1,0,0,0,0,0,0,3,55,0,0,0,0,2,10,26,0,0,0,0,59,0,0,0,0,0,0,0,0,1,46,4,0,10,34,0,3,0,23,1,0,0,48,11,1,0,0,0,0,0,7,4,17,10,6,19
"2014-08-28",59,114,0,1,15,16,78,13,0,1,5,0,5,0,0,0,0,0,12,0,1,1,0,3,3,0,4,4,1087.075,3579.33333333333,287.625,620.483333333333,5929.795,1534,0,177,0,12,25,21,1,43,3,5,0,0,0,1,0,0,0,0,0,0,0,0,0,0,0,1,1,0,0,0,0,0,1,0,0,0,0,0,2,3,52,2,0,0,0,1,8,23,0,0,0,0,51,0,0,0,0,0,0,0,1,0,46,0,0,11,24,0,3,0,25,0,4,0,43,10,0,0,0,0,0,0,4,6,15,8,5,21
"2014-08-29",72,140,0,1,16,17,99,10,0,0,3,2,2,5,1,0,0,0,18,0,2,2,0,2,2,0,3,3,1329.6,4395,324,744,7289.28,1203,0,288,0,14,30,27,1,50,3,2,0,0,0,1,0,0,0,0,1,0,0,0,0,0,0,1,0,0,0,0,0,0,4,0,0,0,0,0,1,6,56,1,2,1,0,2,14,28,0,0,0,0,65,0,0,0,0,0,0,0,0,0,53,1,0,14,29,0,4,0,29,0,4,0,65,1,0,0,0,0,0,0,6,5,23,16,7,15
"2014-08-30",50,101,0,0,18,18,79,2,0,0,4,2,2,0,2,0,0,0,10,0,2,2,0,1,1,0,2,2,1087.91666666667,3247.91666666667,312.5,736.875,5042.83333333333,835.416666666667,50,250,0,14,15,21,0,39,1,5,0,0,0,0,0,1,0,0,0,1,0,0,0,0,0,0,0,0,0,0,0,0,0,0,1,0,0,0,0,1,46,1,2,0,0,1,2,26,0,1,0,0,49,0,0,0,0,0,0,0,0,0,34,0,0,14,26,0,1,1,21,0,0,0,44,5,0,0,0,0,0,0,4,3,14,10,9,10
"2014-08-31",61,125,0,1,13,14,98,4,0,0,6,0,1,5,1,0,0,0,10,0,1,1,0,1,1,0,4,4,1366.4,5228.20833333333,381.25,1209.07083333333,6117.30875,1133.58333333333,61,366,0,13,25,22,1,43,1,4,0,0,0,0,0,0,1,0,1,0,0,0,0,0,0,1,1,0,1,0,0,0,1,0,0,0,0,0,1,6,48,1,0,0,0,2,6,36,0,0,0,0,35,0,0,0,0,0,0,0,0,22,29,2,0,26,24,0,1,0,36,0,0,0,22,24,8,0,4,0,0,0,11,0,22,11,3,14
"2014-09-01",38,73,0,0,10,10,54,2,0,1,5,2,0,1,3,0,0,0,5,0,1,1,0,0,0,0,4,4,850.725,3006.75,229.583333333333,698.408333333333,3813.80666666667,805.916666666667,0,0,0,10,15,13,0,23,2,5,0,0,0,0,0,0,0,0,0,1,0,0,0,0,0,0,0,0,1,1,0,0,0,0,0,0,0,1,2,3,30,3,0,0,1,0,7,20,0,0,0,0,32,0,0,0,0,0,0,0,0,5,15,1,1,19,11,0,1,1,22,0,1,0,29,7,0,0,0,0,0,0,2,3,11,7,4,11