"Date","NB_Accidents","NB_VEH_IMPLIQUES_ACCDN","NB_MORTS","NB_BLESSES_GRAVES","NB_BLESSES_LEGERS","NB_VICTIMES_TOTAL","nb_automobile_camion_leger","nb_camionLourd_tractRoutier","nb_outil_equipement","nb_tous_autobus_minibus","nb_bicyclette","nb_cyclomoteur","nb_motocyclette","nb_taxi","nb_urgence","nb_motoneige","nb_VHR","nb_autres_types","nb_veh_non_precise","NB_DECES_PIETON","NB_BLESSES_PIETON","NB_VICTIMES_PIETON","NB_DECES_MOTO","NB_BLESSES_MOTO","NB_VICTIMES_MOTO","NB_DECES_VELO","NB_BLESSES_VELO","NB_VICTIMES_VELO","Temp","Rel.Hum","Wind.Spd","Dew.Point.Temp","Stn_Press","Wind.Dir","weekdays","days","SeverityDeadly","SeverityLight Injury","SeverityMaterial High","SeverityMaterial Low","SeveritySevere Injury","as.factor(Accident_Type)31","as.factor(Accident_Type)32","as.factor(Accident_Type)33","as.factor(Accident_Type)34","as.factor(Accident_Type)35","as.factor(Accident_Type)36","as.factor(Accident_Type)37","as.factor(Accident_Type)38","as.factor(Accident_Type)39","as.factor(Accident_Type)40","as.factor(Accident_Type)41","as.factor(Accident_Type)42","as.factor(Accident_Type)43","as.factor(Accident_Type)44","as.factor(Accident_Type)45","as.factor(Accident_Type)46","as.factor(Accident_Type)47","as.factor(Accident_Type)48","as.factor(Accident_Type)49","as.factor(Accident_Type)50","as.factor(Accident_Type)51","as.factor(Accident_Type)52","as.factor(Accident_Type)53","as.factor(Accident_Type)54","as.factor(Accident_Type)55","as.factor(Accident_Type)59","as.factor(Accident_Type)71","as.factor(Accident_Type)72","as.factor(Accident_Type)73","as.factor(Accident_Type)74","as.factor(Accident_Type)75","as.factor(Accident_Type)99","Accident_CategoryFixed Object","Accident_CategoryMoving Object","Accident_CategoryNo Collision","Auth_Speed10","Auth_Speed100","Auth_Speed20","Auth_Speed30","Auth_Speed40","Auth_Speed50","Auth_Speed60","Auth_Speed70","Auth_Speed80","Auth_Speed90","Surface_CondDry","Surface_CondHard snow","Surface_CondIce","Surface_CondMud","Surface_CondOil","Surface_CondSand or gravel","Surface_CondSlush","Surface_CondSnow","Surface_CondWater accumulation","Surface_CondWet","IlluminationDay and clear","IlluminationDay and semi-dark","IlluminationNight and dark","IlluminationNight and lighted","EnvironmentCommercial","EnvironmentForest","EnvironmentIndustrial","EnvironmentPark","EnvironmentResidential","EnvironmentRural","EnvironmentSchool area","WeatherBlack Ice","WeatherClear Sky","WeatherCloudy","WeatherDrizzle","WeatherFoggy","WeatherHeavy Rain","WeatherSnow","WeatherSnowstorms","WeatherStrong Wind","cluster_id_0","cluster_id_1","cluster_id_2","cluster_id_3","cluster_id_4","cluster_id_5"
"2014-09-02",63,119,0,1,16,17,81,14,1,5,7,0,0,0,5,0,0,0,6,0,2,2,0,0,0,0,3,3,1461.3375,4898.25,501.375,1191.4875,6292.4925,1246.875,0,63,0,14,21,27,1,46,2,5,0,0,0,0,0,0,0,1,0,0,0,0,0,0,0,0,3,1,1,0,0,0,0,0,0,0,0,0,2,6,53,2,0,0,0,4,9,27,1,0,0,0,47,0,0,0,0,0,0,0,0,14,48,2,0,10,26,0,3,1,26,0,4,0,43,9,10,0,0,0,0,0,5,6,20,12,7,13
"2014-09-03",62,122,0,0,22,22,92,7,0,2,12,0,0,1,0,0,0,0,8,0,4,4,0,0,0,0,11,11,1335.325,4265.08333333333,475.333333333333,927.416666666667,6223.99916666667,1289.08333333333,0,124,0,21,19,22,0,40,4,12,0,0,0,0,0,0,0,0,0,0,0,0,0,1,0,2,0,0,0,0,1,0,2,0,0,0,0,0,0,6,56,0,0,0,0,0,11,27,0,1,0,0,56,0,0,0,0,0,0,0,0,1,54,1,0,4,28,0,3,0,27,0,2,0,55,2,0,0,0,0,0,0,11,1,13,10,9,18
"2014-09-04",64,133,0,2,22,24,100,6,1,3,5,1,3,2,1,0,0,1,10,0,4,4,0,1,1,0,5,5,1458.13333333333,4058.66666666667,485.333333333333,970.4,6455.57333333333,1314.66666666667,0,192,0,19,19,24,2,45,4,4,0,0,0,0,1,0,2,0,1,1,1,1,0,0,0,0,0,0,0,0,0,0,1,0,0,0,0,0,1,7,54,1,0,0,1,1,8,24,0,0,0,0,61,0,0,0,0,0,0,0,0,0,46,0,0,12,19,0,1,1,39,0,1,0,57,0,0,0,0,0,0,0,4,3,22,8,8,19
"2014-09-05",89,169,0,2,25,27,132,7,0,1,9,1,3,1,4,0,0,1,10,0,1,1,0,2,2,0,9,9,2216.84166666667,6100.20833333333,660.083333333333,1643.53333333333,8941.94125,1728.08333333333,0,356,0,22,32,33,2,55,2,9,0,0,0,0,1,0,0,1,2,0,0,0,0,0,0,2,0,0,0,0,1,0,3,0,0,0,0,1,2,9,67,3,0,0,0,0,22,41,2,0,0,0,66,0,0,0,0,0,0,0,1,15,60,4,0,20,38,0,4,0,41,0,2,0,64,9,4,1,4,0,0,0,7,5,31,12,7,27
"2014-09-06",44,93,0,0,15,15,76,1,0,1,2,1,2,2,1,0,0,0,7,0,3,3,0,0,0,0,2,2,896.316666666667,3496.16666666667,236.5,730.766666666667,4404.675,925.833333333333,44,220,0,13,13,18,0,34,3,2,0,0,0,0,1,0,0,0,2,0,0,0,0,0,0,0,1,0,0,0,0,0,0,0,0,0,0,0,0,3,40,0,0,0,1,1,7,22,0,0,0,0,23,0,0,0,1,0,0,0,0,19,31,1,0,12,26,0,1,0,17,0,0,0,17,12,14,0,0,0,0,0,4,3,10,8,9,10
"2014-09-07",38,75,0,0,13,13,58,2,0,2,4,0,2,2,1,0,0,0,4,0,1,1,0,2,2,0,3,3,645.841666666667,2428.83333333333,235.916666666667,372.716666666667,3838.12666666667,881.916666666667,38,228,0,11,18,9,0,29,1,4,0,0,0,0,0,0,0,0,1,0,0,1,0,0,0,0,1,0,0,0,0,0,0,0,0,0,0,0,1,3,34,1,0,0,0,0,4,20,0,0,0,0,35,0,0,0,0,0,0,0,0,1,22,1,0,12,24,0,0,0,12,0,0,0,34,2,0,0,0,0,0,0,0,2,9,5,6,16
"2014-09-08",64,121,0,1,23,24,83,8,0,5,8,3,1,3,1,0,0,1,8,0,2,2,0,0,0,0,7,7,1248,4037.33333333333,277.333333333333,759.466666666667,6507.68,1181.33333333333,0,0,0,21,23,19,1,44,1,9,0,0,0,0,0,1,0,1,0,0,0,0,0,0,0,1,0,0,1,0,0,0,2,0,0,0,0,0,1,5,55,1,1,0,0,2,15,28,1,0,0,0,63,0,0,0,0,0,0,0,0,0,48,0,0,12,32,0,1,0,27,0,0,0,61,2,0,0,0,0,0,0,5,3,15,11,10,20
"2014-09-09",65,129,0,1,20,21,98,9,1,3,3,0,3,1,2,0,0,1,8,0,3,3,0,1,1,0,2,2,1154.04545454545,4567.72727272727,413.636363636364,782.954545454545,6611.32727272727,1105,0,65,0,17,28,19,1,51,3,3,0,0,0,0,0,0,0,0,1,0,0,0,0,0,0,0,0,0,1,0,0,0,0,0,0,0,0,1,2,2,57,3,0,0,0,1,11,34,0,0,0,0,63,0,0,0,0,0,0,0,0,0,56,2,0,5,32,0,4,1,23,0,4,0,61,2,0,0,0,0,0,0,7,4,12,15,12,15
"2014-09-10",56,114,0,1,13,14,86,9,0,1,5,0,4,1,1,0,0,0,7,0,3,3,0,2,2,0,4,4,1239.09333333333,3576.53333333333,287.466666666667,835.146666666667,5634.72,798.933333333333,0,112,0,12,19,24,1,41,3,3,0,0,0,1,0,0,0,0,1,0,0,0,0,0,0,1,0,0,0,0,1,0,0,0,0,0,0,0,1,3,48,1,1,0,0,2,9,24,0,0,0,0,51,0,0,0,0,0,0,0,0,2,43,0,1,10,25,0,1,2,27,0,0,0,43,8,1,0,0,0,0,0,5,9,13,10,7,12
"2014-09-11",48,94,0,1,13,14,72,5,1,3,4,0,1,3,2,0,0,0,3,0,1,1,0,0,0,0,3,3,852.8,3600,336,632.2,4788.88,914,0,144,0,11,18,18,1,36,1,4,0,0,0,0,0,0,0,0,1,0,0,0,0,0,0,0,0,0,0,1,0,0,1,0,0,0,1,0,1,3,41,2,0,0,0,1,6,26,0,0,0,0,30,0,0,0,0,0,0,0,0,14,34,2,0,11,29,0,3,0,15,0,1,0,21,13,11,0,0,0,0,0,4,3,14,6,5,16
"2014-09-12",68,132,0,0,14,14,89,9,0,2,9,0,1,5,3,0,0,1,13,0,2,2,0,0,0,0,7,7,742.05,4505,328.666666666667,324.133333333333,6893.78333333333,1666,0,272,0,14,23,31,0,47,3,8,0,0,0,0,0,0,2,3,0,0,0,0,0,0,0,0,0,0,0,0,0,0,1,0,0,1,0,0,0,6,58,1,2,0,0,0,12,28,1,0,0,0,60,0,0,0,0,1,0,0,0,1,52,2,1,10,26,0,4,1,31,0,5,0,51,10,1,0,0,0,0,0,4,4,26,13,8,13
"2014-09-13",71,148,0,4,27,31,134,1,0,1,1,0,3,0,1,0,0,1,6,0,1,1,0,2,2,0,1,1,714.141666666667,6058.66666666667,331.333333333333,544.0375,7186.20583333333,1026.54166666667,71,355,0,15,35,18,3,58,1,1,0,0,0,0,0,0,1,0,0,1,1,0,0,0,0,0,1,1,1,0,0,0,0,0,0,0,0,0,1,6,60,1,0,0,0,1,10,39,0,0,0,0,31,0,0,0,0,0,0,0,0,36,35,5,0,25,30,0,4,1,29,0,2,0,22,17,25,0,4,0,0,0,6,5,18,17,6,19
"2014-09-14",37,75,0,0,6,6,52,1,0,1,9,0,0,1,3,0,0,0,8,0,4,4,0,0,0,0,2,2,325.6,2660.91666666667,185,147.5375,3758.49083333333,855.625,37,222,0,5,18,14,0,25,4,1,0,0,0,0,0,0,0,0,2,0,0,0,0,0,0,0,0,0,0,0,0,0,0,0,0,0,0,0,0,2,30,0,1,0,0,0,9,16,1,2,0,0,36,0,0,0,0,0,0,0,0,0,14,0,1,21,22,0,1,0,12,0,1,0,26,8,0,0,0,0,0,0,1,2,14,7,5,8
"2014-09-15",53,105,0,0,22,22,84,8,0,1,7,0,1,1,1,0,0,0,2,0,2,2,0,1,1,0,3,3,667.1375,3544.375,329.041666666667,333.679166666667,5360.48625,1062.20833333333,0,0,0,15,18,20,0,40,2,7,0,0,0,0,1,0,2,0,0,0,0,0,0,0,0,1,0,0,0,0,0,0,0,0,0,0,0,0,0,3,50,0,0,0,0,0,7,30,1,0,0,0,51,0,0,0,0,0,0,0,0,0,49,1,0,1,25,0,3,0,21,0,2,0,46,5,0,0,0,0,0,0,4,7,14,9,8,11
"2014-09-16",58,107,0,0,19,19,73,13,0,5,3,1,2,1,3,0,0,0,6,0,5,5,0,2,2,0,2,2,826.016666666667,4176,323.833333333333,518.375,5830.93333333334,1268.75,0,58,0,16,22,20,0,38,6,3,0,0,0,0,1,0,0,0,1,0,0,0,0,0,0,0,0,0,0,0,0,0,2,0,0,0,0,0,1,3,48,1,0,0,0,0,9,30,0,0,0,0,49,0,0,0,0,1,0,0,0,5,50,3,0,2,30,0,4,0,16,0,3,0,42,12,1,0,0,0,0,0,4,4,18,6,7,19
"2014-09-17",62,118,0,0,10,10,90,8,2,4,3,1,1,2,1,0,0,0,6,0,2,2,0,0,0,0,1,1,857.666666666667,4433,462.416666666667,537.075,6228.4425,1245.16666666667,0,124,0,9,25,28,0,49,2,2,0,0,0,0,0,0,0,1,0,1,0,0,0,0,0,1,0,1,1,0,0,0,0,0,0,0,0,0,2,5,53,2,0,0,0,1,3,37,0,0,0,0,45,0,0,0,0,0,0,0,0,14,43,4,2,10,33,0,3,1,23,0,1,0,33,14,11,0,0,0,0,0,7,1,18,10,12,14
"2014-09-18",53,103,0,3,12,15,78,5,0,3,3,0,3,6,1,0,0,0,4,0,2,2,0,3,3,0,1,1,526.025,3160.125,229.666666666667,106.883333333333,5351.52041666667,803.833333333333,0,159,0,11,21,18,3,36,3,3,0,0,0,0,0,1,0,0,1,0,0,0,0,0,0,0,1,0,0,0,0,0,4,0,0,0,0,0,2,6,43,2,0,0,0,1,7,24,3,0,0,0,47,1,0,0,0,0,0,0,0,2,41,2,0,8,29,0,6,1,11,0,3,0,42,7,0,0,0,1,0,0,5,6,19,9,7,7
"2014-09-19",73,145,1,2,31,34,104,11,0,4,11,2,1,5,2,0,0,0,5,0,1,1,0,1,1,0,9,9,641.183333333333,3689.54166666667,352.833333333333,-107.979166666667,7430.73083333333,1113.25,0,292,1,23,26,22,1,47,2,11,0,0,0,0,0,1,2,0,1,0,0,0,0,0,0,0,1,0,0,0,0,0,0,0,0,0,0,0,1,4,61,1,0,0,0,0,12,40,1,0,0,0,71,0,0,0,0,0,0,0,0,0,55,1,0,16,37,0,4,0,30,0,1,0,69,2,0,0,0,0,0,0,3,7,30,10,7,16
"2014-09-20",55,110,0,0,20,20,91,2,0,0,2,1,2,1,6,0,0,0,5,0,2,2,0,2,2,0,2,2,838.291666666667,3852.29166666667,346.041666666667,537.854166666667,5535.31458333333,957.916666666667,55,275,0,16,19,20,0,40,2,2,0,0,0,1,0,0,1,1,0,0,0,0,0,0,0,4,1,0,1,0,0,0,0,0,0,0,0,0,2,8,45,2,0,0,0,1,9,23,1,0,0,0,50,0,0,0,0,0,0,0,0,2,35,0,0,19,22,0,0,1,28,0,3,0,31,20,1,0,0,0,0,0,3,3,16,10,7,16
"2014-09-21",54,110,0,1,17,18,100,1,1,0,2,0,0,2,0,0,0,0,4,0,3,3,0,0,0,0,2,2,1038.825,4203,301.5,823.5,5370.2775,947.25,54,324,0,12,25,16,1,39,3,2,0,0,0,0,1,0,0,0,1,0,0,0,0,0,0,1,0,0,2,0,0,0,1,0,0,0,0,0,1,5,45,1,0,0,0,1,3,31,1,0,0,0,31,0,0,0,0,0,0,0,1,21,32,1,0,21,25,0,1,0,23,0,3,0,28,12,11,0,1,1,0,0,5,2,17,9,8,13
"2014-09-22",46,91,0,0,12,12,65,9,0,1,3,1,0,0,4,0,0,0,8,0,3,3,0,0,0,0,3,3,522.1,3358,327.75,301.875,4596.93333333333,877.833333333333,0,0,0,12,14,20,0,35,4,3,0,0,0,0,0,0,0,0,0,0,0,0,0,0,0,1,0,0,0,0,0,0,0,0,0,0,0,0,1,1,42,1,0,0,0,2,6,27,0,0,0,0,43,0,0,0,0,0,0,0,0,0,35,2,0,8,19,0,3,0,21,0,1,0,22,20,0,1,0,0,0,0,6,1,9,11,5,14
"2014-09-23",48,93,0,1,20,21,76,5,1,2,3,2,0,2,0,0,0,0,2,0,2,2,0,0,0,0,3,3,581.2,3750,354,401.2,4870,990,0,48,0,16,16,15,1,39,2,2,0,0,0,0,0,0,0,0,0,0,0,0,0,0,0,0,0,0,1,0,0,0,1,0,1,0,0,0,1,2,43,2,0,0,0,1,7,26,0,0,0,0,42,0,0,0,0,0,0,0,0,4,36,1,1,9,29,0,1,0,16,0,1,0,36,11,0,0,0,0,0,0,5,2,10,6,5,20
"2014-09-24",63,124,0,0,28,28,89,6,0,1,7,3,4,2,1,0,0,1,10,0,4,4,0,4,4,0,4,4,968.625,4882.5,212.625,696.675,6452.38125,1084.125,0,126,0,20,18,25,0,45,5,7,0,0,0,0,0,0,0,1,0,0,0,0,0,0,0,0,0,0,1,0,0,0,0,1,0,0,0,0,2,2,57,3,1,0,0,1,9,30,0,0,0,0,61,0,0,0,0,0,0,0,0,0,51,2,0,9,33,0,5,0,23,0,0,0,48,12,0,1,0,0,0,0,7,6,14,9,10,17
"2014-09-25",70,140,0,0,33,33,104,9,0,2,6,2,1,4,3,0,0,1,8,0,3,3,0,0,0,0,4,4,1249.20833333333,4844.58333333333,437.5,827.458333333333,7134.45833333333,1519.58333333333,0,210,0,25,16,29,0,58,2,6,0,0,0,0,0,0,1,0,0,0,0,0,0,0,0,0,0,0,0,0,0,0,0,0,0,0,0,1,1,1,66,2,0,0,0,1,12,32,0,0,0,0,69,0,0,0,0,1,0,0,0,0,55,3,0,10,28,0,4,0,35,0,1,0,66,3,0,0,0,0,0,0,8,4,14,8,13,23
"2014-09-26",59,116,0,0,29,29,81,7,0,3,10,1,2,5,0,0,0,0,7,0,4,4,0,2,2,0,8,8,1205.32083333333,3758.79166666667,322.041666666667,766.016666666667,5983.26375,1241.45833333333,0,236,0,23,21,15,0,32,5,9,0,0,0,0,0,0,0,0,0,0,0,0,0,0,0,0,1,0,2,0,0,0,2,0,1,0,0,0,3,5,46,4,0,0,0,1,14,22,0,0,0,0,58,0,0,0,0,0,0,0,0,0,45,2,0,11,32,0,2,0,24,0,1,0,56,1,0,0,0,0,0,0,3,9,15,7,11,14
"2014-09-27",58,109,0,1,17,18,89,3,0,1,5,1,1,5,1,0,0,1,2,0,2,2,0,1,1,0,5,5,1256.90833333333,3610.5,439.833333333333,812.241666666667,5876.72916666667,1152.75,58,290,0,13,22,22,1,39,3,5,0,0,0,0,0,0,0,0,1,1,0,1,0,0,0,1,0,0,0,0,0,0,3,0,0,0,0,0,0,7,47,0,0,0,0,1,7,28,0,0,0,0,54,0,0,0,0,0,0,0,0,0,36,1,0,18,25,0,0,0,31,0,1,0,53,1,0,0,0,0,0,0,8,3,14,10,6,17
"2014-09-28",43,93,0,1,17,18,74,3,0,1,1,0,2,1,2,0,0,1,8,0,3,3,0,1,1,0,1,1,891.354166666667,2941.91666666667,481.958333333333,622.066666666667,4337.91166666667,917.333333333333,43,258,0,11,15,16,1,34,3,1,0,0,0,0,0,0,0,1,0,0,0,0,0,0,0,0,0,0,1,0,0,0,0,0,0,0,0,1,0,2,38,1,0,0,0,2,9,22,0,0,0,0,42,0,0,0,0,0,0,0,0,0,30,1,0,10,21,0,2,0,17,0,1,0,41,1,0,0,0,0,0,0,2,1,14,5,9,12
"2014-09-29",62,115,2,0,16,18,87,3,1,4,5,2,1,2,1,0,0,1,8,1,1,2,1,0,1,0,5,5,916.308333333333,4665.5,351.333333333333,643.25,6240.79083333333,444.333333333333,0,0,2,12,15,33,0,42,3,5,0,0,0,0,2,0,0,0,1,0,0,0,0,0,0,0,1,0,0,0,0,0,1,0,1,0,0,0,3,3,52,4,0,0,0,0,8,32,0,0,1,0,56,0,0,0,0,1,0,0,0,0,47,1,1,11,27,0,3,0,29,1,0,0,46,11,0,0,0,0,0,0,4,3,17,12,10,16
"2014-09-30",48,94,0,2,18,20,66,5,0,5,6,0,1,1,1,0,0,1,8,0,2,2,0,1,1,0,4,4,594,3932,202,447.2,4835.68,278,0,48,0,13,13,20,2,31,3,6,0,0,0,1,0,0,0,0,0,0,0,0,0,0,0,0,0,1,0,0,0,0,0,0,0,0,0,0,2,1,41,2,0,0,1,1,8,21,0,0,0,0,46,0,0,0,0,0,0,0,0,0,34,3,0,8,20,0,1,0,22,0,2,0,40,6,0,0,0,0,0,0,2,5,18,8,6,9
"2014-10-01",64,122,0,0,25,25,83,8,0,6,5,1,1,3,2,0,0,1,12,0,4,4,0,1,1,0,4,4,865.866666666667,5032,280,628.8,6474.56,381.333333333333,0,128,0,21,16,27,0,40,4,4,0,0,0,0,1,0,1,1,3,0,0,0,0,0,0,0,1,0,1,0,0,0,2,1,0,0,0,0,3,9,49,4,0,0,1,2,8,35,0,0,0,0,62,0,0,0,0,0,0,0,0,1,46,3,1,13,34,0,3,0,26,0,0,0,49,14,0,0,0,0,0,1,4,3,15,15,10,17
"2014-10-02",46,91,0,0,15,15,65,8,0,2,4,0,0,2,2,0,0,0,8,0,1,1,0,0,0,0,3,3,653.583333333333,3425.08333333333,164.833333333333,438.916666666667,4655.545,690,0,138,0,11,14,21,0,33,1,4,0,0,0,0,0,0,0,0,1,1,0,0,0,0,0,2,0,1,0,0,0,0,0,0,0,0,0,0,1,5,38,1,0,0,0,2,6,24,0,0,0,0,42,0,0,0,0,0,0,0,0,1,30,3,0,11,23,0,1,0,17,0,2,0,42,2,0,0,0,0,0,0,4,5,15,4,3,15
"2014-10-03",72,139,0,0,16,16,106,10,1,2,3,0,3,1,1,0,0,0,12,0,5,5,0,2,2,0,3,3,1191.9,4689,306,677.7,7231.41,1059,0,288,0,16,21,35,0,53,5,3,0,0,0,0,0,0,0,0,0,1,0,0,0,0,0,6,1,0,2,0,0,0,0,0,0,0,0,0,0,10,61,0,1,0,0,1,10,30,1,0,0,0,65,0,0,0,0,0,0,0,0,1,45,1,0,22,36,0,3,0,30,0,1,0,63,3,1,0,0,0,0,0,7,8,27,9,4,17
"2014-10-04",77,142,0,1,21,22,115,4,0,0,4,0,2,6,3,0,0,0,8,0,4,4,0,1,1,0,3,3,1044.95416666667,6570.66666666667,404.25,844.1125,7647.12666666667,1241.625,77,385,0,19,30,27,1,52,4,4,0,0,0,0,0,0,0,1,6,0,1,0,0,0,0,1,2,0,1,0,0,0,0,0,1,0,0,0,0,12,60,1,0,0,0,1,8,40,0,0,0,0,12,0,0,0,0,0,0,0,1,64,30,8,1,38,35,0,3,0,38,0,0,0,13,7,51,0,5,0,0,0,8,5,28,6,7,23
"2014-10-05",48,97,0,0,16,16,75,0,1,1,2,1,4,4,1,0,0,0,8,0,1,1,0,1,1,0,1,1,528.4,3206,368,234.2,4787.16,952,48,288,0,11,18,19,0,37,2,2,0,0,0,0,0,0,0,0,1,0,0,0,0,0,0,1,0,0,0,0,0,0,2,0,1,0,0,0,0,4,41,1,0,0,0,2,13,20,0,0,0,0,38,0,0,0,0,0,0,0,0,9,21,4,0,23,18,0,1,0,27,0,1,0,32,9,5,0,0,0,0,0,4,4,14,5,6,15
"2014-10-06",55,105,0,1,26,27,69,9,1,3,4,0,3,6,3,0,0,1,6,0,1,1,0,3,3,0,3,3,703.083333333333,3359.58333333333,311.666666666667,290.125,5523.81041666667,946.458333333333,0,0,0,21,13,20,1,39,1,4,0,0,0,0,0,0,2,0,0,0,1,0,0,0,0,0,2,0,0,0,0,0,2,1,0,0,0,0,1,7,44,2,0,0,0,1,9,26,0,1,0,0,52,0,0,0,0,0,0,0,0,1,38,2,2,10,22,0,3,0,27,1,1,0,44,8,0,0,0,0,0,0,2,3,12,9,9,20
"2014-10-07",65,129,1,1,22,24,104,5,1,1,3,0,2,5,3,0,0,0,5,1,2,3,0,0,0,0,2,2,992.604166666667,4929.16666666667,319.583333333333,710.125,6515.30208333333,1132.08333333333,0,65,1,15,18,30,1,52,3,3,0,0,0,0,0,0,0,0,0,0,0,0,0,0,0,2,0,0,0,0,0,1,0,0,0,0,0,0,1,3,58,1,0,0,0,2,9,29,1,0,0,0,42,0,0,0,0,0,0,0,0,21,52,3,0,9,38,0,1,0,23,0,1,0,40,9,13,0,1,0,0,0,2,6,16,15,10,16
"2014-10-08",62,129,0,0,23,23,100,6,0,4,8,0,0,2,0,0,0,0,9,0,3,3,0,0,0,0,6,6,815.3,4952.25,511.5,595.716666666667,6164.97,1162.5,0,124,0,20,23,19,0,41,5,7,0,0,0,0,0,1,0,0,0,1,0,0,0,0,0,1,0,0,1,0,0,0,1,0,0,0,0,0,2,4,54,2,0,0,0,1,11,38,0,0,0,0,15,0,0,0,0,0,0,0,0,47,44,6,0,12,29,0,3,1,23,0,3,0,17,16,27,0,2,0,0,0,5,2,32,9,6,8
"2014-10-09",71,138,1,2,30,33,110,10,1,5,5,0,1,2,2,0,0,1,1,0,5,5,1,0,1,0,3,3,599.95,4881.25,594.625,209.745833333333,7104.52625,1340.125,0,213,1,23,22,23,2,52,5,4,0,0,0,0,0,0,0,0,1,1,0,0,0,0,0,1,0,1,0,0,0,0,1,0,0,0,0,0,3,5,61,3,0,0,0,1,10,35,0,0,0,0,57,0,0,0,0,0,1,0,0,10,51,2,0,15,46,0,4,0,18,1,1,0,45,19,3,0,0,1,0,1,6,11,21,12,6,15
"2014-10-10",55,104,0,0,11,11,76,3,0,1,2,2,1,4,2,0,0,1,12,0,4,4,0,1,1,0,1,1,465.4375,3705.625,341.458333333333,147.583333333333,5540.21875,1067.91666666667,0,220,0,10,21,24,0,37,4,2,0,0,0,1,0,0,0,0,0,0,0,0,0,0,0,0,2,0,0,0,0,0,2,1,0,0,0,0,1,4,44,2,1,0,0,5,6,21,0,0,0,0,54,0,0,0,0,0,0,0,0,0,38,1,2,12,29,0,0,0,24,0,1,0,49,2,0,0,0,0,0,0,5,7,17,8,7,11
"2014-10-11",49,99,0,0,16,16,75,3,0,0,4,0,0,5,3,0,0,0,9,0,0,0,0,0,0,0,2,2,443.654166666667,3272.79166666667,200.083333333333,148.429166666667,4950.89875,992.25,49,245,0,11,19,19,0,39,0,4,0,0,0,0,0,0,0,2,0,0,0,0,0,0,0,0,0,0,1,0,0,0,0,0,0,0,0,0,0,3,43,0,2,0,0,0,4,17,0,0,0,0,47,0,0,0,0,0,0,0,0,0,23,1,0,20,30,0,0,0,16,0,1,0,40,6,0,0,0,0,0,0,4,1,15,4,4,21
"2014-10-12",56,115,0,0,22,22,100,1,0,0,3,1,0,3,0,0,0,0,7,0,3,3,0,0,0,0,2,2,517.066666666667,3437,354.666666666667,108.5,5681.9,1323,56,336,0,17,23,16,0,44,3,2,0,0,0,0,0,0,1,0,0,1,0,0,0,0,0,2,0,0,0,0,0,0,0,0,0,0,0,0,0,4,49,0,0,0,0,1,10,31,0,0,0,0,54,0,0,0,0,0,0,0,0,2,30,4,0,19,28,0,2,0,26,0,0,0,52,2,1,0,0,0,0,0,3,5,16,6,7,19
"2014-10-13",27,54,0,0,9,9,42,0,0,1,2,0,0,3,0,0,0,0,6,0,0,0,0,0,0,0,2,2,324.225,1820.25,149.625,160.2,2734.8075,450,0,0,0,7,12,8,0,21,0,2,0,0,0,0,0,0,0,0,0,0,0,0,0,0,0,1,1,0,1,0,0,0,0,0,0,0,0,0,1,3,23,1,1,0,0,1,6,11,0,1,0,0,24,0,0,0,0,0,0,0,0,0,17,3,0,5,9,0,0,0,17,0,0,0,25,0,0,0,0,0,0,0,1,0,7,6,7,6
"2014-10-14",49,95,0,1,17,18,71,5,1,2,5,0,1,3,2,0,0,1,4,0,1,1,0,0,0,0,4,4,931.6125,3525.95833333333,283.791666666667,671.708333333333,4935.60666666667,839.125,0,49,0,14,15,19,1,35,1,5,0,0,0,0,1,0,0,0,0,1,0,0,0,0,0,1,0,0,1,0,0,0,0,0,0,0,0,0,2,3,42,2,1,0,0,1,11,24,0,0,0,0,46,0,0,0,0,0,0,0,0,1,40,0,0,8,22,0,2,2,22,0,1,0,38,9,0,0,0,0,0,0,5,1,15,9,5,14
"2014-10-15",60,119,0,2,20,22,82,10,0,4,5,0,1,3,3,0,1,2,8,0,2,2,0,0,0,0,5,5,1249.5,4635,277.5,998.5,6025.05,1112.5,0,120,0,19,19,20,2,47,3,4,1,0,0,0,0,0,0,0,0,0,0,0,0,0,0,0,1,0,1,0,0,0,1,0,0,0,0,0,2,3,55,2,1,0,0,0,12,25,0,0,0,0,47,0,0,0,0,0,0,0,0,13,44,4,0,12,33,1,2,0,24,0,0,0,31,22,6,0,0,0,0,1,3,5,21,7,11,13
"2014-10-16",79,149,0,1,33,34,124,8,0,2,2,1,2,4,0,0,0,0,6,0,11,11,0,3,3,0,1,1,1384.14583333333,7439.16666666667,223.833333333333,1307.45,7881.40208333333,1570.125,0,237,0,27,23,28,1,55,11,2,0,0,0,0,0,0,2,0,0,1,0,0,0,0,0,0,0,0,0,0,0,0,1,0,0,0,0,1,2,4,68,3,0,0,0,1,14,41,0,0,0,0,22,0,0,0,0,0,0,0,0,56,45,12,0,21,38,0,7,0,30,0,3,0,26,12,39,0,0,0,0,0,6,4,30,14,6,19