"Date","NB_Accidents","NB_VEH_IMPLIQUES_ACCDN","NB_MORTS","NB_BLESSES_GRAVES","NB_BLESSES_LEGERS","NB_VICTIMES_TOTAL","nb_automobile_camion_leger","nb_camionLourd_tractRoutier","nb_outil_equipement","nb_tous_autobus_minibus","nb_bicyclette","nb_cyclomoteur","nb_motocyclette","nb_taxi","nb_urgence","nb_motoneige","nb_VHR","nb_autres_types","nb_veh_non_precise","NB_DECES_PIETON","NB_BLESSES_PIETON","NB_VICTIMES_PIETON","NB_DECES_MOTO","NB_BLESSES_MOTO","NB_VICTIMES_MOTO","NB_DECES_VELO","NB_BLESSES_VELO","NB_VICTIMES_VELO","Temp","Rel.Hum","Wind.Spd","Dew.Point.Temp","Stn_Press","Wind.Dir","weekdays","days","SeverityDeadly","SeverityLight Injury","SeverityMaterial High","SeverityMaterial Low","SeveritySevere Injury","as.factor(Accident_Type)31","as.factor(Accident_Type)32","as.factor(Accident_Type)33","as.factor(Accident_Type)34","as.factor(Accident_Type)35","as.factor(Accident_Type)36","as.factor(Accident_Type)37","as.factor(Accident_Type)38","as.factor(Accident_Type)39","as.factor(Accident_Type)40","as.factor(Accident_Type)41","as.factor(Accident_Type)42","as.factor(Accident_Type)43","as.factor(Accident_Type)44","as.factor(Accident_Type)45","as.factor(Accident_Type)46","as.factor(Accident_Type)47","as.factor(Accident_Type)48","as.factor(Accident_Type)49","as.factor(Accident_Type)50","as.factor(Accident_Type)51","as.factor(Accident_Type)52","as.factor(Accident_Type)53","as.factor(Accident_Type)54","as.factor(Accident_Type)55","as.factor(Accident_Type)59","as.factor(Accident_Type)71","as.factor(Accident_Type)72","as.factor(Accident_Type)73","as.factor(Accident_Type)74","as.factor(Accident_Type)75","as.factor(Accident_Type)99","Accident_CategoryFixed Object","Accident_CategoryMoving Object","Accident_CategoryNo Collision","Auth_Speed10","Auth_Speed100","Auth_Speed20","Auth_Speed30","Auth_Speed40","Auth_Speed50","Auth_Speed60","Auth_Speed70","Auth_Speed80","Auth_Speed90","Surface_CondDry","Surface_CondHard snow","Surface_CondIce","Surface_CondMud","Surface_CondOil","Surface_CondSand or gravel","Surface_CondSlush","Surface_CondSnow","Surface_CondWater accumulation","Surface_CondWet","IlluminationDay and clear","IlluminationDay and semi-dark","IlluminationNight and dark","IlluminationNight and lighted","EnvironmentCommercial","EnvironmentForest","EnvironmentIndustrial","EnvironmentPark","EnvironmentResidential","EnvironmentRural","EnvironmentSchool area","WeatherBlack Ice","WeatherClear Sky","WeatherCloudy","WeatherDrizzle","WeatherFoggy","WeatherHeavy Rain","WeatherSnow","WeatherSnowstorms","WeatherStrong Wind","cluster_id_0","cluster_id_1","cluster_id_2","cluster_id_3","cluster_id_4","cluster_id_5"
"2014-10-17",73,135,0,0,21,21,102,9,0,4,3,1,1,3,5,0,0,0,7,0,3,3,0,0,0,0,1,1,1166.47916666667,5666.625,571.833333333333,876,7232.68791666667,1414.375,0,292,0,17,29,27,0,53,5,3,0,0,0,0,0,0,1,0,0,0,0,0,0,0,0,2,1,0,0,0,0,0,1,0,1,0,0,0,4,5,61,5,1,0,0,0,12,27,2,0,0,0,51,0,0,0,0,0,0,0,0,17,39,2,1,29,33,0,3,1,32,0,1,0,35,29,6,0,0,0,0,0,7,2,24,15,8,17
"2014-10-18",58,113,0,1,19,20,95,3,0,2,1,1,0,4,1,0,0,1,5,0,3,3,0,0,0,0,0,0,780.583333333333,4357.25,350.416666666667,526.108333333333,5746.32583333333,1186.58333333333,58,290,0,14,26,17,1,40,3,2,0,0,0,0,1,0,0,1,0,0,0,0,0,0,0,2,1,0,0,0,0,0,2,0,1,0,0,0,0,6,46,1,0,0,0,1,4,33,0,0,0,0,30,0,0,0,0,0,0,0,0,22,26,3,1,26,27,0,3,2,19,0,2,0,19,20,14,0,0,0,0,0,5,6,17,6,10,14
"2014-10-19",43,94,0,1,11,12,72,5,0,1,4,0,0,2,2,0,0,1,7,0,2,2,0,0,0,0,2,2,258.895833333333,2451,193.5,-89.225,4312.5775,1121.58333333333,43,258,0,6,18,18,1,36,1,4,0,0,0,0,0,0,0,0,0,0,0,0,0,0,0,0,0,0,0,0,0,0,0,0,0,0,0,0,1,0,41,1,1,0,0,1,9,21,1,0,0,0,38,0,0,0,0,0,0,0,0,3,22,1,2,16,21,0,3,1,18,0,0,0,26,14,0,0,0,0,0,0,4,2,17,4,4,12
"2014-10-20",47,91,0,1,17,18,73,5,0,1,0,1,0,3,3,0,0,0,5,0,2,2,0,0,0,0,0,0,243.225,2988.41666666667,176.25,-59.7291666666667,4724.87083333333,891.041666666666,0,0,0,13,15,18,1,36,2,0,0,0,0,0,0,0,2,0,0,1,0,0,0,0,0,1,0,0,1,0,0,0,1,0,0,0,0,0,1,6,38,1,0,0,0,0,7,21,0,0,0,0,36,0,0,0,0,0,0,0,0,9,32,3,0,11,18,0,2,0,26,0,1,0,18,22,4,0,1,0,0,0,5,1,12,11,6,12
"2014-10-21",63,125,0,4,20,24,98,6,0,2,5,0,0,5,3,0,0,0,6,0,7,7,0,0,0,0,4,4,421.8375,4966.5,343.875,205.5375,6351.94875,393.75,0,63,0,18,24,17,4,43,9,5,0,0,0,0,0,0,0,0,0,0,0,0,0,0,0,3,1,0,1,0,0,0,1,0,0,0,0,0,0,6,57,0,0,0,1,1,12,33,0,0,0,0,13,0,0,0,0,0,0,0,0,50,42,9,1,9,25,0,6,0,26,0,4,0,11,25,27,0,0,0,0,0,6,6,15,16,7,13
"2014-10-22",70,134,0,0,17,17,98,12,0,5,5,1,2,1,4,0,0,0,6,0,4,4,0,1,1,0,1,1,599.083333333333,4421.66666666667,498.75,135.916666666667,7102.08333333333,294.583333333333,0,140,0,15,22,33,0,53,5,4,0,0,0,0,0,0,0,0,0,0,1,0,0,0,0,2,1,1,0,0,0,0,2,0,0,0,0,0,0,7,62,0,0,0,0,3,15,32,0,0,0,0,61,0,0,0,0,0,0,0,0,6,47,4,0,17,39,0,4,1,24,0,0,0,45,20,2,0,0,0,0,0,5,3,24,9,11,18
"2014-10-23",76,143,0,1,26,27,115,8,0,4,4,1,0,5,1,0,0,0,5,0,8,8,0,0,0,0,3,3,572.216666666667,6004,601.666666666667,305.266666666667,7663.42833333333,310.333333333333,0,228,0,21,26,28,1,55,8,4,0,0,0,0,0,0,2,1,0,1,0,0,0,0,0,0,0,0,0,0,0,0,1,0,0,0,0,0,1,5,67,1,0,0,0,2,6,44,1,0,0,0,19,0,0,0,0,1,0,0,0,51,38,11,0,26,38,0,5,0,28,0,2,0,18,15,36,0,2,0,0,0,8,2,17,11,12,26
"2014-10-24",77,159,0,1,20,21,127,8,2,4,0,0,2,3,3,0,0,0,10,0,6,6,0,0,0,0,0,0,757.4875,5329.04166666667,522.958333333333,331.741666666667,7716.04166666667,1074.79166666667,0,308,0,15,38,23,1,58,7,0,0,0,0,0,1,0,3,0,0,0,1,0,0,0,0,0,0,0,1,0,0,0,0,0,0,0,0,0,1,5,66,1,0,0,0,1,9,41,2,1,0,0,56,0,0,0,0,0,0,0,0,16,44,6,1,24,37,0,7,0,26,1,1,0,43,21,8,0,0,0,0,0,7,4,25,10,16,15
"2014-10-25",59,120,0,0,12,12,102,2,0,0,2,1,0,5,3,0,0,0,5,0,1,1,0,0,0,0,2,2,606.225,4604.45833333333,631.791666666667,382.516666666667,5859.92916666667,1199.66666666667,59,295,0,9,34,16,0,50,1,2,0,0,0,0,0,0,0,0,0,1,0,0,0,0,0,1,0,0,2,0,0,0,0,0,0,0,0,0,0,4,53,0,0,0,0,2,7,27,1,1,0,0,28,0,0,0,0,0,0,0,0,26,20,8,0,30,32,0,2,0,24,0,0,0,26,18,13,0,0,0,0,0,7,3,19,8,6,16
"2014-10-26",39,70,0,0,12,12,60,3,0,0,1,0,0,1,1,0,0,0,4,0,3,3,0,0,0,0,1,1,349.05,2939.625,195,184.7625,3863.275,789.75,39,234,0,10,12,17,0,26,3,1,0,0,0,0,0,0,0,1,1,1,0,0,0,1,0,0,0,0,1,0,0,0,1,0,0,0,0,0,0,6,30,0,1,0,0,1,6,21,0,0,0,0,28,0,0,0,0,0,0,0,0,10,23,1,0,12,18,0,2,0,19,0,0,0,21,14,3,0,0,0,0,0,1,4,10,9,7,8
"2014-10-27",56,112,0,0,26,26,88,5,1,1,5,0,1,2,0,0,0,0,9,0,4,4,0,1,1,0,5,5,476.933333333333,3906,266,180.366666666667,5618.29333333333,947.333333333333,0,0,0,22,15,19,0,38,4,5,0,0,0,0,1,0,0,0,2,1,0,0,0,0,0,1,0,0,0,0,0,0,1,0,0,0,0,0,1,5,48,1,1,0,0,0,9,22,0,0,0,0,54,0,0,0,0,0,0,0,0,1,39,5,0,11,29,0,2,0,23,0,1,0,46,8,1,0,0,0,0,0,6,5,13,10,7,15
"2014-10-28",63,124,0,0,11,11,84,15,0,1,3,1,1,5,3,0,0,1,10,0,2,2,0,0,0,0,2,2,658.6125,4942.875,267.75,428.1375,6317.955,669.375,0,63,0,11,26,26,0,49,3,3,0,0,0,0,0,0,0,0,0,0,1,0,0,0,0,0,0,0,1,0,0,0,2,0,0,0,1,1,0,4,55,2,1,0,0,2,11,28,2,0,0,0,32,0,0,1,0,0,0,0,0,24,37,4,0,18,27,0,3,0,29,0,2,0,24,20,15,0,0,0,0,0,4,3,17,11,11,17
"2014-10-29",56,99,0,0,26,26,74,9,0,1,3,0,0,2,3,0,0,0,7,0,8,8,0,0,0,0,3,3,709.8,4048.33333333333,375.666666666667,422.333333333333,5595.75333333333,1057,0,112,0,21,16,19,0,37,8,3,0,0,0,0,0,0,0,0,2,1,0,0,0,0,0,1,0,1,0,0,0,0,1,0,0,0,0,0,0,6,48,0,0,0,0,2,5,26,2,0,0,0,41,0,0,0,0,0,0,0,0,12,35,4,1,13,27,0,1,1,23,0,2,0,31,19,3,0,0,0,0,0,4,4,9,6,13,20
"2014-10-30",81,154,0,4,30,34,115,13,1,5,6,0,2,4,0,0,0,1,7,0,7,7,0,0,0,0,3,3,579.15,5035.5,391.5,26.6625,8140.39875,1849.5,0,243,0,21,31,26,3,59,6,5,0,0,0,0,0,0,2,2,1,0,0,0,0,0,0,1,0,0,1,0,0,0,1,0,0,0,0,0,1,8,70,1,2,0,0,0,9,41,0,2,0,0,78,0,0,0,0,0,0,1,0,0,50,8,2,18,49,0,2,0,28,1,0,0,65,14,0,0,0,0,0,0,6,5,24,14,17,15
"2014-10-31",66,133,0,0,34,34,105,7,1,2,6,0,0,1,2,0,0,1,8,0,8,8,0,0,0,0,2,2,342.925,3550.25,299.75,-232.925,6658.9875,827.75,0,264,0,22,19,25,0,49,9,5,0,0,0,0,0,1,0,0,0,1,0,0,0,0,0,0,0,0,0,0,0,0,0,0,0,0,0,0,0,1,64,0,0,1,0,1,7,36,0,0,0,0,61,0,0,0,0,0,0,0,0,0,43,3,1,15,34,0,2,0,25,0,3,0,56,6,0,0,0,0,0,0,7,4,19,6,12,18
"2014-11-01",67,130,0,0,15,15,116,2,1,1,2,0,0,4,0,0,0,1,3,0,3,3,0,0,0,0,1,1,294.8,4307.54166666667,424.333333333333,-122.833333333333,6766.41375,474.583333333333,67,335,0,11,34,22,0,51,5,2,0,0,0,1,1,0,0,0,1,0,0,0,0,0,0,1,2,0,2,0,0,0,0,0,0,0,0,0,0,6,60,0,1,0,0,1,9,37,0,0,0,0,61,0,0,0,0,0,0,0,0,6,38,0,0,29,33,0,5,0,26,0,1,0,44,16,6,0,0,0,0,0,6,2,19,13,7,20
"2014-11-02",47,91,0,0,11,11,74,0,1,0,1,0,0,3,1,0,0,1,10,0,5,5,0,0,0,0,0,0,176.25,1948.54166666667,270.25,-418.104166666667,4737.40416666667,669.75,47,282,0,10,20,17,0,35,6,1,0,0,0,0,0,0,1,0,0,1,0,0,0,1,0,0,0,0,0,0,0,0,0,0,0,0,0,0,0,3,42,0,1,0,0,1,5,18,0,0,0,0,45,0,0,0,0,0,0,0,0,0,22,1,0,21,25,0,1,0,19,0,0,0,43,1,0,0,0,0,0,0,3,0,13,10,9,12
"2014-11-03",55,103,0,1,19,20,73,7,0,3,3,0,0,2,3,0,0,1,11,0,4,4,0,0,0,0,3,3,193.875,2610.20833333333,284.166666666667,-374.916666666667,5535.93333333333,1184.79166666667,0,0,0,15,15,24,1,42,4,3,0,0,0,0,0,0,0,0,0,0,0,0,0,0,0,0,1,0,0,0,0,0,0,0,0,0,0,0,1,1,49,1,2,0,0,1,7,30,0,0,0,0,50,0,0,0,0,0,0,0,0,1,24,4,0,24,24,0,1,0,27,0,0,0,44,5,0,0,0,0,0,0,5,2,16,9,9,14
"2014-11-04",64,116,0,1,12,13,85,8,0,3,4,0,0,1,4,0,0,0,11,0,4,4,0,0,0,0,2,2,548.266666666667,4418.66666666667,229.333333333333,196,6432.61333333333,1117.33333333333,0,64,0,10,20,33,1,43,6,4,0,0,0,0,1,0,0,0,0,1,0,0,0,0,0,3,0,0,1,0,0,0,1,0,0,0,0,0,1,6,54,1,0,0,0,1,5,26,2,0,0,0,47,0,0,0,0,2,0,0,0,12,36,3,0,23,35,0,2,0,23,0,3,0,29,23,9,0,0,0,0,0,4,8,18,10,7,17
"2014-11-05",58,113,0,1,17,18,92,6,0,0,5,1,0,1,0,0,0,0,8,0,4,4,0,0,0,0,2,2,603.990909090909,3872.81818181818,437.636363636364,246.5,5821.98727272727,1099.36363636364,0,116,0,12,21,24,1,43,3,5,0,0,0,0,1,0,0,0,0,0,0,0,0,0,0,1,0,0,1,0,0,0,0,0,0,0,0,1,0,2,52,1,0,0,0,2,9,27,1,0,0,0,46,0,0,0,0,0,0,0,0,7,33,3,0,19,30,0,3,0,24,0,0,0,32,18,3,0,0,0,0,0,3,6,17,6,8,18
"2014-11-06",78,148,0,2,17,19,115,10,0,2,4,0,0,4,1,0,0,0,12,0,4,4,0,0,0,0,4,4,503.75,5505.5,360.75,110.175,7832.3375,1046.5,0,234,0,16,29,32,1,60,6,4,0,0,0,0,0,0,0,1,0,0,0,0,0,0,0,1,0,0,1,0,0,0,0,0,0,0,0,0,0,3,70,0,0,0,0,2,13,38,0,0,0,0,55,0,0,0,0,0,0,0,0,18,42,10,1,23,33,0,6,2,34,0,2,0,42,19,14,0,0,0,0,0,10,2,24,15,6,21
"2014-11-07",68,129,0,0,18,18,106,8,0,0,3,0,0,5,4,0,0,0,3,0,5,5,0,0,0,0,2,2,191.533333333333,4935.66666666667,348.5,-128.066666666667,6783.73666666667,850,0,272,0,18,31,19,0,47,6,2,0,0,0,0,0,0,1,0,1,1,0,0,0,0,0,1,2,0,0,0,0,0,1,0,0,0,0,0,0,7,55,0,0,0,0,0,11,42,0,1,0,0,47,0,0,0,0,0,0,0,0,19,37,3,1,26,39,0,6,0,20,0,3,0,33,22,11,0,0,0,0,0,7,9,14,11,13,14
"2014-11-08",56,121,0,0,11,11,105,2,0,2,0,0,0,4,0,0,0,1,7,0,1,1,0,0,0,0,0,0,92.4,3292.33333333333,303.333333333333,-313.133333333333,5608.65666666667,1143.33333333333,56,280,0,8,22,26,0,46,2,0,0,0,0,0,0,0,0,0,0,1,0,0,0,0,0,0,1,0,1,0,0,0,0,0,0,0,0,0,1,3,48,1,2,0,0,1,10,23,2,0,0,0,51,0,0,0,0,0,0,0,0,4,24,3,2,26,27,0,1,0,28,0,0,0,43,9,3,0,0,0,0,0,9,4,15,13,2,13
"2014-11-09",40,83,0,0,3,3,65,0,0,1,2,0,1,6,2,0,0,0,6,0,0,0,0,0,0,0,0,0,182.666666666667,2498.33333333333,280,-86.6666666666667,4004,780,40,240,0,3,23,14,0,32,0,2,0,0,0,0,0,0,2,0,0,0,0,0,0,0,0,0,0,0,0,0,0,0,1,0,0,0,0,0,0,3,34,0,0,0,0,0,5,24,0,0,0,0,33,0,0,0,0,0,0,0,0,7,16,1,0,21,20,0,1,2,15,0,0,0,27,7,4,0,0,0,0,0,3,1,13,10,3,10
"2014-11-10",52,104,0,0,12,12,86,1,0,0,2,0,0,3,4,0,0,0,8,0,4,4,0,0,0,0,2,2,320.666666666667,3226.16666666667,221,-32.2833333333333,5243.095,840.666666666667,0,0,0,12,17,23,0,39,4,2,0,0,0,0,0,0,0,0,1,0,0,0,0,0,0,0,0,0,0,0,0,0,2,0,0,0,0,0,0,3,45,0,1,0,0,1,11,26,1,0,0,0,47,0,0,0,0,0,0,0,0,2,24,9,1,17,21,0,4,0,26,0,1,0,32,17,0,0,0,0,0,0,3,4,14,8,10,13
"2014-11-11",55,114,0,0,14,14,86,11,1,1,3,0,0,1,1,0,0,1,9,0,3,3,0,0,0,0,1,1,329.3125,3985.20833333333,185.625,73.3333333333333,5525.575,1086.25,0,55,0,11,23,21,0,46,3,1,0,0,0,0,0,1,0,0,0,0,0,0,0,0,0,0,0,0,0,0,0,0,2,0,0,0,0,0,0,2,51,0,0,0,0,3,6,28,0,0,0,0,52,0,1,0,0,0,0,0,0,1,35,5,1,14,29,0,1,0,23,0,1,0,50,4,0,0,0,0,0,0,3,5,22,7,10,8
"2014-11-12",85,157,0,1,35,36,127,13,1,3,4,0,0,2,3,0,0,0,4,0,11,11,0,0,0,0,3,3,422.166666666667,6020.83333333333,680,-25.1458333333333,8519.7625,1448.54166666667,0,170,0,31,23,30,1,60,12,4,0,1,0,0,0,0,1,0,1,0,0,0,0,0,0,2,2,0,1,0,0,0,0,0,0,0,0,0,0,7,77,0,1,0,0,1,13,49,2,0,0,0,52,0,0,0,0,0,0,0,0,32,49,10,1,24,41,1,6,0,31,0,4,0,50,16,18,0,0,0,0,0,10,5,27,15,12,16
"2014-11-13",58,108,0,2,23,25,80,8,0,1,3,1,1,7,2,0,0,0,5,0,5,5,0,0,0,0,3,3,151.766666666667,3405.08333333333,459.166666666667,-282.991666666667,5838.69083333333,1147.91666666667,0,174,0,19,21,17,1,42,5,3,0,1,0,0,0,0,1,0,0,2,0,0,0,1,0,1,0,0,0,0,0,0,1,0,0,0,0,0,0,6,51,0,0,0,0,3,2,27,1,0,0,0,54,0,0,0,0,0,0,0,0,2,32,2,1,21,28,0,2,1,24,0,2,0,45,10,0,0,0,0,0,0,2,7,21,8,8,12
"2014-11-14",66,136,0,0,23,23,108,7,0,3,1,1,1,3,2,0,0,0,10,0,5,5,0,1,1,0,0,0,-20.075,4620,376.75,-352.825,6639.5175,1460.25,0,264,0,17,23,26,0,51,4,1,0,0,0,0,0,0,0,0,0,0,0,0,0,0,0,0,1,0,0,0,0,0,2,0,0,0,0,0,1,3,56,1,0,0,0,1,9,26,2,0,0,0,55,0,0,0,0,0,0,0,0,5,34,8,0,18,31,0,3,0,23,0,1,0,43,13,1,1,0,1,0,0,5,5,19,13,8,16
"2014-11-15",51,98,0,0,14,14,79,4,0,1,5,1,0,1,0,0,0,1,6,0,2,2,0,0,0,0,4,4,-60.35,2951.625,274.125,-435.625,5167.25625,1028.5,51,255,0,13,24,14,0,36,3,5,0,0,0,0,0,0,0,1,0,0,1,0,0,0,0,1,0,0,0,0,0,0,1,0,0,0,0,0,0,4,44,0,1,0,0,0,9,24,1,0,0,0,48,0,0,0,0,0,0,0,0,2,21,2,1,23,28,0,1,3,16,0,0,0,44,4,0,0,0,1,0,0,2,5,14,9,9,12
"2014-11-16",34,65,0,0,12,12,57,1,0,1,1,0,0,1,4,0,0,0,0,0,2,2,0,0,0,0,1,1,37.6833333333333,2499,252.166666666667,-112.2,3438.0375,658.75,34,204,0,11,17,6,0,24,2,1,0,0,0,0,0,0,2,1,0,0,0,0,0,0,0,1,1,0,1,0,0,0,0,0,0,0,0,0,1,6,27,1,0,0,0,0,4,20,0,0,0,0,15,0,2,0,0,0,1,3,0,11,13,3,0,15,14,0,0,2,16,0,1,0,15,12,1,0,0,4,0,0,4,2,11,4,6,7
"2014-11-17",70,125,0,0,12,12,94,9,1,2,2,0,1,2,3,0,0,0,11,0,6,6,0,0,0,0,2,2,64.4583333333333,6477.91666666667,306.25,-14.875,6979.93333333333,959.583333333333,0,0,0,12,28,30,0,40,8,2,0,1,0,0,3,0,1,1,0,2,0,0,0,0,0,0,1,1,1,0,0,0,3,0,0,0,0,0,2,10,54,2,2,0,0,0,19,24,1,1,0,0,1,1,3,0,0,0,19,18,0,26,37,5,1,27,33,0,5,1,30,0,0,0,2,7,5,0,0,53,0,0,6,5,15,12,15,17
"2014-11-18",64,116,0,1,11,12,94,6,4,2,0,0,0,1,3,0,0,0,6,0,3,3,0,0,0,0,0,0,-152.266666666667,4306.66666666667,746.666666666667,-506.933333333333,6341.36,1242.66666666667,0,64,0,9,30,24,1,44,4,0,0,0,0,0,1,1,1,1,2,2,0,0,0,0,0,0,0,0,5,0,0,0,0,0,0,0,0,0,0,11,50,0,0,0,0,2,12,35,1,1,0,0,26,4,11,0,0,0,2,14,0,6,37,2,0,24,19,0,4,0,36,0,2,0,39,9,0,0,0,10,3,1,10,6,19,6,8,15
"2014-11-19",65,123,0,0,15,15,101,5,2,0,0,1,0,3,2,0,0,0,9,0,3,3,0,0,0,0,0,0,-289.520833333333,4395.625,528.125,-626.708333333333,6524.78125,1270.20833333333,0,130,0,13,20,32,0,49,3,0,0,0,0,0,0,0,2,1,0,0,0,0,0,0,0,2,0,0,1,0,0,0,3,1,0,0,0,0,0,9,52,1,0,0,0,2,12,28,0,0,0,0,17,3,8,0,0,0,4,11,0,15,45,1,0,15,27,0,6,1,27,0,1,0,38,15,0,0,0,4,0,0,8,4,22,10,5,16
"2014-11-20",75,144,1,1,24,26,114,7,0,1,2,0,1,9,2,0,0,0,8,1,7,8,0,1,1,0,1,1,-159.375,4696.875,681.25,-651.25,7482.4375,1425,0,225,1,18,29,26,1,53,10,2,1,0,0,0,0,0,1,0,1,0,0,0,0,0,0,1,0,0,0,0,0,0,0,0,2,0,0,0,1,3,66,3,1,0,0,1,7,38,2,1,0,0,45,2,5,0,0,0,1,4,0,14,38,7,0,27,43,0,3,0,25,1,2,0,53,16,1,0,0,2,0,1,11,1,15,13,15,20
"2014-11-21",60,112,0,1,25,26,91,9,1,2,0,0,0,2,2,0,0,0,5,0,7,7,0,0,0,0,0,0,-325,3542.5,350,-737.5,6065.575,1207.5,0,240,0,18,19,22,1,45,9,0,0,0,0,0,0,0,0,0,0,0,0,0,0,0,0,0,0,0,1,0,0,0,0,0,0,0,0,0,0,1,54,0,0,0,1,1,10,27,1,0,0,0,47,1,3,0,0,0,0,1,0,4,30,6,0,21,33,0,4,0,21,0,0,0,52,2,0,0,0,0,0,1,6,2,16,12,8,16
"2014-11-22",59,125,2,3,19,24,109,0,0,2,0,0,0,5,0,0,0,0,9,0,1,1,0,0,0,0,0,0,-61.4583333333333,4142.29166666667,486.75,-360.883333333333,5949.04375,1049.70833333333,59,295,1,13,26,19,0,48,1,0,0,0,0,0,0,1,0,0,0,1,0,1,0,0,0,0,2,0,0,0,0,0,0,0,0,0,0,1,0,4,50,1,0,0,0,3,4,31,0,0,0,0,23,1,5,0,0,0,4,9,0,14,16,6,0,35,25,0,0,1,33,0,0,0,20,13,9,0,0,15,0,0,5,1,22,8,4,19
"2014-11-23",40,79,0,1,12,13,67,2,0,0,0,0,0,0,1,0,0,0,9,0,1,1,0,0,0,0,0,0,206,3755,186.666666666667,166.833333333333,4024.75,726.666666666667,40,240,0,8,13,18,1,28,1,0,0,0,0,0,0,0,1,0,0,0,0,0,0,0,0,0,2,0,3,0,0,0,2,0,0,0,0,0,0,8,29,0,0,0,0,0,2,19,0,0,0,0,14,0,0,0,0,0,1,0,0,24,14,4,1,19,23,0,1,0,16,0,0,0,17,15,5,2,0,0,0,0,5,5,7,10,8,5
"2014-11-24",78,142,0,1,31,32,111,12,0,4,4,1,0,3,1,0,0,0,6,0,13,13,0,0,0,0,4,4,907.725,6145.75,575.25,619.775,7718.62,1358.5,0,0,0,26,24,27,1,48,15,4,0,0,0,2,0,1,0,0,0,0,0,0,0,0,0,2,0,0,0,0,0,0,2,0,0,0,0,0,1,4,70,1,0,0,0,1,14,31,1,2,0,0,17,0,1,0,0,0,0,1,0,54,32,15,0,28,41,0,5,0,29,0,1,0,27,13,27,0,4,0,0,1,4,6,21,9,12,26
"2014-11-25",48,101,0,0,13,13,82,4,0,3,0,0,0,1,0,0,0,1,10,0,2,2,0,0,0,0,0,0,314.8,2922,656,-23,4795.52,948,0,48,0,10,21,17,0,38,2,0,0,0,0,0,0,0,1,0,1,0,0,0,0,0,0,1,0,0,0,0,0,0,1,0,0,0,0,0,1,4,40,1,0,0,0,2,12,18,1,0,0,0,42,0,0,0,0,0,0,0,0,5,26,4,0,16,23,0,2,0,19,0,2,0,26,17,1,0,0,0,0,2,4,5,11,13,4,11
"2014-11-26",46,84,0,0,12,12,64,2,1,3,2,0,1,1,2,0,0,1,7,0,2,2,0,0,0,0,1,1,30.475,2769.58333333333,272.166666666667,-285.391666666667,4656.15833333333,586.5,0,92,0,10,17,19,0,33,2,2,0,0,0,0,0,0,1,1,0,0,2,0,0,1,0,0,0,0,1,0,0,0,0,0,0,0,0,0,1,6,37,1,0,0,0,0,5,24,1,1,0,0,44,0,0,0,0,0,0,0,0,0,24,3,0,17,20,0,7,0,17,0,0,0,25,18,0,0,0,0,0,0,2,2,15,12,4,11
"2014-11-27",49,97,1,1,16,18,83,6,0,3,2,0,0,1,0,0,0,0,2,0,2,2,0,0,0,1,1,2,-75.1333333333333,3040.04166666667,249.083333333333,-385.466666666667,4936.83166666667,806.458333333333,0,147,1,12,16,19,1,43,2,2,0,0,0,0,1,1,0,0,0,0,0,0,0,0,0,0,0,0,0,0,0,0,0,0,0,0,0,0,0,0,49,0,0,0,0,3,9,21,2,1,0,0,46,0,1,0,0,0,0,1,0,0,25,3,0,20,21,0,2,0,25,0,1,0,35,13,0,0,0,0,0,0,3,1,9,12,9,15
"2014-11-28",90,187,1,0,26,27,153,10,0,4,1,0,0,3,2,0,0,1,13,0,8,8,0,0,0,0,1,1,-395.625,6566.25,457.5,-773.25,9090.15,1860,0,360,1,22,36,31,0,71,8,1,0,0,0,0,0,0,1,0,1,0,0,0,0,0,0,2,1,0,0,0,0,0,0,0,0,0,0,0,1,5,80,1,1,0,0,1,14,53,1,0,0,0,39,1,5,0,0,0,3,8,0,29,44,7,0,35,45,0,2,1,41,0,0,0,46,24,0,0,0,17,0,0,5,10,25,15,15,20
"2014-11-29",52,104,0,0,6,6,86,4,0,1,0,0,0,1,2,0,0,0,10,0,1,1,0,0,0,0,0,0,-197.816666666667,3575,286,-459.333333333333,5264.50166666667,975,52,260,0,4,31,17,0,40,1,0,0,1,0,0,0,0,0,0,0,0,0,0,0,0,0,2,0,0,1,1,0,0,1,0,0,1,0,0,0,5,42,1,0,0,0,0,1,28,0,0,0,0,41,1,1,0,0,1,0,0,0,3,22,7,1,19,18,0,5,0,24,1,2,0,36,11,0,0,0,0,0,0,5,6,16,3,7,15
"2014-11-30",39,74,0,3,10,13,67,1,0,0,0,0,1,2,0,0,0,0,3,0,1,1,0,0,0,0,0,0,136.825,2825.875,260,-38.675,3906.825,679.25,39,234,0,7,15,15,2,33,0,0,0,0,0,0,0,0,2,1,0,0,0,0,0,0,0,0,0,0,0,0,0,0,0,0,0,0,0,0,1,3,33,1,0,0,0,0,5,19,2,0,0,0,29,0,0,0,0,0,0,0,0,9,11,1,0,26,17,0,1,0,20,0,1,0,26,10,2,0,0,0,0,0,3,6,14,3,3,10