"Date","NB_Accidents","NB_VEH_IMPLIQUES_ACCDN","NB_MORTS","NB_BLESSES_GRAVES","NB_BLESSES_LEGERS","NB_VICTIMES_TOTAL","nb_automobile_camion_leger","nb_camionLourd_tractRoutier","nb_outil_equipement","nb_tous_autobus_minibus","nb_bicyclette","nb_cyclomoteur","nb_motocyclette","nb_taxi","nb_urgence","nb_motoneige","nb_VHR","nb_autres_types","nb_veh_non_precise","NB_DECES_PIETON","NB_BLESSES_PIETON","NB_VICTIMES_PIETON","NB_DECES_MOTO","NB_BLESSES_MOTO","NB_VICTIMES_MOTO","NB_DECES_VELO","NB_BLESSES_VELO","NB_VICTIMES_VELO","Temp","Rel.Hum","Wind.Spd","Dew.Point.Temp","Stn_Press","Wind.Dir","weekdays","days","SeverityDeadly","SeverityLight Injury","SeverityMaterial High","SeverityMaterial Low","SeveritySevere Injury","as.factor(Accident_Type)31","as.factor(Accident_Type)32","as.factor(Accident_Type)33","as.factor(Accident_Type)34","as.factor(Accident_Type)35","as.factor(Accident_Type)36","as.factor(Accident_Type)37","as.factor(Accident_Type)38","as.factor(Accident_Type)39","as.factor(Accident_Type)40","as.factor(Accident_Type)41","as.factor(Accident_Type)42","as.factor(Accident_Type)43","as.factor(Accident_Type)44","as.factor(Accident_Type)45","as.factor(Accident_Type)46","as.factor(Accident_Type)47","as.factor(Accident_Type)48","as.factor(Accident_Type)49","as.factor(Accident_Type)50","as.factor(Accident_Type)51","as.factor(Accident_Type)52","as.factor(Accident_Type)53","as.factor(Accident_Type)54","as.factor(Accident_Type)55","as.factor(Accident_Type)59","as.factor(Accident_Type)71","as.factor(Accident_Type)72","as.factor(Accident_Type)73","as.factor(Accident_Type)74","as.factor(Accident_Type)75","as.factor(Accident_Type)99","Accident_CategoryFixed Object","Accident_CategoryMoving Object","Accident_CategoryNo Collision","Auth_Speed10","Auth_Speed100","Auth_Speed20","Auth_Speed30","Auth_Speed40","Auth_Speed50","Auth_Speed60","Auth_Speed70","Auth_Speed80","Auth_Speed90","Surface_CondDry","Surface_CondHard snow","Surface_CondIce","Surface_CondMud","Surface_CondOil","Surface_CondSand or gravel","Surface_CondSlush","Surface_CondSnow","Surface_CondWater accumulation","Surface_CondWet","IlluminationDay and clear","IlluminationDay and semi-dark","IlluminationNight and dark","IlluminationNight and lighted","EnvironmentCommercial","EnvironmentForest","EnvironmentIndustrial","EnvironmentPark","EnvironmentResidential","EnvironmentRural","EnvironmentSchool area","WeatherBlack Ice","WeatherClear Sky","WeatherCloudy","WeatherDrizzle","WeatherFoggy","WeatherHeavy Rain","WeatherSnow","WeatherSnowstorms","WeatherStrong Wind","cluster_id_0","cluster_id_1","cluster_id_2","cluster_id_3","cluster_id_4","cluster_id_5"
"2014-12-01",57,113,0,0,19,19,93,7,0,0,0,0,0,2,2,0,0,0,9,0,5,5,0,0,0,0,0,0,71.725,3895,270.75,-243.4375,5766.31,1208.875,0,0,0,15,21,21,0,47,4,0,0,0,0,0,0,0,1,0,2,0,0,0,0,0,0,1,0,0,0,0,0,0,0,0,0,0,0,0,1,4,51,1,1,0,0,0,10,27,1,0,0,0,48,0,0,0,0,0,0,1,0,7,25,9,0,22,30,0,6,0,19,1,0,0,43,10,1,0,0,0,0,0,7,4,13,10,7,16
"2014-12-02",51,102,0,0,13,13,85,4,1,0,0,0,1,0,4,0,0,0,7,0,5,5,0,0,0,0,0,0,-542.3,2932.5,303.875,-895.9,5245.9025,480.25,0,51,0,11,23,17,0,40,5,0,0,0,0,0,0,0,0,0,1,0,0,0,0,0,0,1,0,0,0,0,0,0,0,0,0,0,0,0,2,2,45,2,0,0,0,0,9,23,0,0,0,0,38,0,0,0,0,0,0,7,0,3,28,3,0,19,28,0,2,0,21,0,0,0,35,6,0,0,0,6,0,0,9,2,16,10,4,10
"2014-12-03",86,156,0,1,24,25,122,6,5,4,1,0,0,4,3,0,0,0,11,0,11,11,0,0,0,0,1,1,106.783333333333,7851.08333333333,501.666666666667,-6.09166666666666,8639.2375,1462,0,172,0,23,33,29,1,59,12,1,0,0,0,0,0,0,2,1,0,2,1,0,0,0,0,0,1,0,2,0,0,0,0,0,0,0,0,0,1,9,72,1,1,0,0,2,20,42,0,0,0,0,6,0,15,0,0,0,8,14,1,41,25,12,1,48,38,0,3,0,44,0,0,5,11,15,27,1,0,26,0,0,7,9,21,12,14,23
"2014-12-04",81,155,0,0,19,19,126,11,1,8,0,0,0,3,0,0,0,0,6,0,6,6,0,0,0,0,0,0,-443.475,4350.375,465.75,-1093.8375,8245.09125,1545.75,0,243,0,13,44,24,0,64,6,0,0,0,0,0,1,0,0,0,1,1,0,0,0,0,0,1,0,0,2,0,0,0,0,0,0,0,0,1,0,5,71,1,0,0,1,3,15,34,0,0,0,0,31,6,29,0,0,0,0,2,0,9,43,10,0,24,25,0,6,2,47,0,0,0,66,6,0,0,0,3,0,0,8,8,15,20,14,16
"2014-12-05",71,132,0,0,19,19,103,8,1,4,1,0,1,2,1,0,0,0,11,0,3,3,0,0,0,0,0,0,-576.579166666667,4656.41666666667,352.041666666667,-964.120833333333,7278.0325,360.916666666667,0,284,0,17,32,22,0,55,4,1,0,0,0,0,1,0,0,0,0,1,0,0,0,0,0,0,0,0,2,0,0,0,1,0,0,0,0,0,2,4,61,2,0,0,0,1,11,31,2,1,0,0,32,5,11,0,0,0,3,10,0,6,38,5,0,23,28,0,3,0,32,1,2,0,45,8,0,0,0,12,0,0,9,6,19,9,11,17
"2014-12-06",47,88,0,0,14,14,69,3,0,2,0,0,0,3,0,0,0,0,11,0,3,3,0,0,0,0,0,0,-100.854166666667,4243.70833333333,139.041666666667,-167.241666666667,4778.09833333333,779.416666666667,47,235,0,11,24,12,0,31,3,0,0,0,0,0,0,0,2,0,2,0,0,1,0,0,0,1,3,0,1,0,0,0,0,0,0,0,0,0,1,10,34,1,0,0,0,0,4,21,0,0,0,0,5,1,1,0,0,0,5,19,0,14,15,2,0,29,20,0,2,0,22,0,0,0,22,12,2,1,0,8,0,0,3,6,13,10,5,10
"2014-12-07",52,101,0,0,18,18,85,0,0,1,0,0,0,8,0,0,0,0,7,0,1,1,0,0,0,0,0,0,-477.75,3020.33333333333,251.333333333333,-833.083333333333,5360.355,671.666666666667,52,312,0,8,30,14,0,43,1,0,0,0,0,0,0,0,1,0,1,1,0,0,0,0,1,1,1,0,0,0,0,0,0,0,0,0,0,0,0,6,44,0,0,0,1,1,10,23,0,0,0,0,20,3,5,0,0,0,0,9,0,13,20,5,0,24,21,0,0,0,31,0,0,0,37,11,0,0,0,0,0,0,5,6,12,7,6,16
"2014-12-08",46,90,0,0,16,16,69,6,1,2,0,0,0,1,3,0,0,1,7,0,0,0,0,0,0,0,0,0,-442.366666666667,2717.83333333333,230,-745.2,4729.95,385.25,0,0,0,11,15,20,0,39,0,0,0,0,0,0,0,0,0,0,1,0,0,0,1,0,0,1,0,0,0,0,0,0,0,0,0,0,0,0,2,3,39,2,0,0,0,2,9,22,0,0,0,0,24,4,2,0,0,0,1,6,0,5,26,1,0,16,29,0,1,0,13,0,3,0,29,9,0,0,0,1,1,0,6,4,11,14,2,9
"2014-12-09",86,160,0,2,38,40,125,10,2,5,1,0,0,4,6,0,0,0,7,0,9,9,0,0,0,0,1,1,-171.283333333333,7449.75,369.083333333333,-341.85,8726.13333333333,913.75,0,86,0,19,41,24,2,58,10,1,0,0,0,0,1,0,1,1,1,3,1,0,0,0,0,2,1,0,0,0,0,0,0,0,0,0,0,1,1,10,70,2,0,0,0,1,6,53,0,1,0,0,9,1,1,0,0,0,10,49,0,16,40,13,0,30,42,0,6,1,34,0,1,0,14,13,1,0,0,52,6,0,12,3,18,9,17,27
"2014-12-10",134,265,0,0,35,35,213,13,9,7,0,0,0,10,2,0,0,0,11,0,2,2,0,0,0,0,0,0,-68.1166666666667,13321.8333333333,1529.83333333333,-80.9583333333333,13406.365,569.5,0,268,0,24,65,45,0,109,3,0,0,0,0,0,0,0,4,2,2,0,0,1,0,0,0,1,0,1,0,0,0,0,3,0,0,0,0,0,0,14,112,0,1,0,0,2,16,61,1,0,0,0,0,5,4,0,0,0,13,106,2,3,68,17,0,44,55,0,10,1,63,0,1,0,5,2,1,0,0,90,34,0,12,6,27,20,27,42
"2014-12-11",92,173,0,0,5,5,123,16,4,1,0,0,0,1,4,0,0,1,23,0,1,1,0,0,0,0,0,0,-35.2666666666667,9180.83333333334,663.166666666667,-37.95,9143.45833333334,1180.66666666667,0,276,0,5,40,47,0,72,1,1,0,0,0,0,1,0,1,2,1,1,0,0,0,0,0,2,1,0,0,0,0,0,2,0,0,0,0,0,1,10,75,1,3,0,0,3,12,35,1,0,0,0,3,2,3,0,0,0,17,52,0,9,42,11,1,29,38,0,6,0,39,1,7,0,18,10,4,0,0,44,5,0,10,5,24,11,15,27
"2014-12-12",105,203,0,1,21,22,145,18,4,2,3,0,0,8,4,0,0,1,18,0,4,4,0,0,0,0,0,0,-347.8125,9576.875,1859.375,-478.1875,10525.375,2388.75,0,420,0,17,36,51,1,77,4,3,0,0,0,0,1,0,1,0,2,1,0,0,0,0,0,2,1,0,0,0,0,0,2,0,1,0,0,1,1,9,85,3,1,0,0,1,12,49,1,1,0,0,2,1,5,0,0,0,11,61,0,17,45,8,2,42,42,0,9,0,45,0,3,0,21,19,0,0,0,53,1,0,8,7,35,13,16,26
"2014-12-13",77,144,0,0,20,20,116,2,1,2,0,0,0,4,2,0,0,0,17,0,3,3,0,0,0,0,0,0,-243.833333333333,6801.66666666667,1097.25,-371.525,7727.78416666667,1700.41666666667,77,385,0,16,31,30,0,57,3,0,0,0,0,0,0,1,0,1,2,1,0,0,0,0,0,1,0,0,1,1,0,0,0,0,0,0,0,0,2,7,61,2,0,0,0,2,12,26,1,0,0,0,4,7,3,0,0,0,5,37,0,20,23,5,1,45,28,0,2,0,42,0,1,0,42,24,0,0,0,6,0,0,6,7,27,15,7,15
"2014-12-14",58,122,0,2,18,20,105,4,0,1,0,0,0,4,0,0,0,0,8,0,3,3,0,0,0,0,0,0,-121.316666666667,4917.91666666667,285.166666666667,-251.575,5820.42083333333,1121.33333333333,58,348,0,10,21,25,2,52,3,0,0,0,0,0,0,0,0,0,0,0,0,0,0,1,0,0,0,0,0,0,0,0,0,0,0,0,0,0,0,1,55,0,0,0,0,1,9,27,1,1,0,0,5,4,0,0,0,0,4,23,0,21,23,3,1,31,23,0,2,1,28,0,2,0,39,15,0,0,0,0,0,0,3,5,14,4,11,21
"2014-12-15",62,120,0,0,20,20,94,6,3,2,1,0,0,2,2,0,0,0,10,0,2,2,0,0,0,0,1,1,-49.3416666666667,5112.41666666667,271.25,-210.541666666667,6260.32083333333,1467.33333333333,0,0,0,14,20,28,0,51,2,1,0,0,0,0,0,1,0,0,0,1,0,0,0,0,0,1,1,0,0,0,0,0,1,0,0,0,0,0,0,4,55,0,1,0,0,2,8,31,1,0,0,0,6,2,0,0,0,0,3,19,0,28,34,1,0,23,27,0,1,0,31,0,1,0,28,27,0,0,0,3,0,0,12,3,17,14,3,13
"2014-12-16",64,124,0,0,13,13,96,10,2,1,0,0,0,3,1,0,0,0,11,0,5,5,0,0,0,0,0,0,-28,5848,264,-106.4,6445.38666666667,698.666666666667,0,64,0,12,19,33,0,51,6,0,0,0,0,0,0,0,0,1,0,0,0,0,0,0,0,0,2,0,1,0,0,0,1,0,0,0,0,0,0,5,57,0,2,0,0,2,7,24,2,0,0,0,4,0,2,0,0,0,3,17,0,31,33,6,0,18,29,0,3,0,27,0,3,0,29,22,3,0,0,1,0,0,7,3,15,13,12,14
"2014-12-17",66,122,0,0,18,18,90,10,2,3,0,0,0,3,1,0,0,1,12,0,8,8,0,0,0,0,0,0,31.35,6454.25,192.5,9.625,6598.625,1108.25,0,132,0,15,29,22,0,48,9,0,0,0,0,0,0,0,1,0,2,1,0,0,0,0,0,3,0,0,1,0,0,0,0,0,0,0,0,0,1,8,57,1,0,0,0,1,7,18,0,0,0,0,3,0,5,0,0,0,1,13,0,41,32,14,0,17,28,0,4,0,30,0,2,2,18,13,21,2,0,6,0,0,6,7,15,9,9,20
"2014-12-18",67,129,0,0,25,25,100,9,3,0,0,0,0,5,2,0,0,1,9,0,4,4,0,0,0,0,0,0,-10.7782608695652,5965.91304347826,279.652173913043,-120.017391304348,6710.45782608696,1602.17391304348,0,201,0,15,17,35,0,50,7,0,0,0,0,0,0,0,0,0,1,0,0,0,0,0,0,0,0,0,0,0,0,0,1,0,0,0,0,1,1,2,57,2,0,0,2,1,11,25,0,1,0,0,9,1,2,0,0,0,4,12,0,34,36,5,0,21,31,0,1,0,27,0,2,0,25,21,2,0,0,13,0,0,7,6,16,11,11,16
"2014-12-19",62,128,0,1,21,22,105,5,0,3,1,0,0,2,0,0,0,0,12,0,5,5,0,0,0,0,1,1,-277.708333333333,4722.33333333333,449.5,-499.358333333333,6257.505,1503.5,0,248,0,19,22,20,1,49,4,1,0,0,0,0,0,0,0,0,0,0,0,0,0,0,0,1,0,0,1,0,0,0,0,0,0,0,0,0,1,2,54,1,1,0,0,2,10,31,1,0,0,0,39,3,2,0,0,1,0,7,0,6,28,6,1,23,26,0,2,1,31,0,0,0,51,5,0,0,0,0,0,0,3,5,21,5,4,24
"2014-12-20",57,115,0,0,14,14,96,1,0,0,0,0,0,5,2,0,0,1,10,0,2,2,0,0,0,0,0,0,-517.75,4849.75,206.625,-636.7375,5799.0375,1021.04347826087,57,285,0,12,29,16,0,47,2,0,0,0,0,0,0,0,0,1,1,0,0,0,0,0,0,0,1,0,0,0,0,0,1,0,0,0,0,0,0,4,49,0,0,0,0,4,6,23,1,0,0,0,24,7,5,0,0,0,2,5,0,10,24,4,1,26,25,0,1,1,27,1,1,0,44,9,0,0,0,2,0,0,7,7,16,7,12,8
"2014-12-21",49,94,0,0,12,12,80,0,0,0,0,0,0,5,0,0,0,0,9,0,3,3,0,0,0,0,0,0,-413.029166666667,4320.16666666667,187.833333333333,-493.0625,4994.52916666667,379.75,49,294,0,9,19,21,0,37,3,0,0,0,0,0,0,0,1,0,2,0,0,0,0,0,0,0,0,0,1,0,0,0,1,0,0,0,0,0,0,5,40,0,1,0,0,0,7,24,0,0,0,0,22,0,6,0,0,0,0,6,0,14,11,10,0,26,24,0,0,0,25,0,0,0,30,17,0,1,0,0,1,0,6,2,17,8,6,10
"2014-12-22",53,101,0,1,13,14,84,2,1,0,0,0,0,2,3,0,0,0,9,0,2,2,0,0,0,0,0,0,-364.595833333333,4522.66666666667,247.333333333333,-472.583333333333,5401.80416666667,494.666666666667,0,0,0,8,21,23,1,38,2,0,1,0,0,0,3,0,0,1,3,0,0,0,0,0,0,2,0,0,1,0,0,0,1,0,0,0,0,0,0,8,44,0,1,0,0,2,1,24,0,0,0,0,25,2,2,0,0,0,3,6,0,14,30,1,1,18,28,0,0,0,24,0,0,0,34,17,0,0,0,1,0,0,6,9,10,7,9,12
"2014-12-23",52,94,0,0,12,12,84,3,1,2,0,0,0,2,0,0,0,0,2,0,3,3,0,0,0,0,0,0,-39,4727.66666666667,151.666666666667,-107.033333333333,5266.53833333333,855.833333333333,0,52,0,10,26,16,0,40,2,0,0,0,0,0,0,0,0,0,1,1,0,0,0,0,0,1,1,0,2,0,0,0,1,0,0,0,0,0,0,7,42,0,0,0,0,1,5,28,0,0,0,0,6,2,3,0,0,0,0,11,0,27,27,2,0,21,27,0,1,0,24,0,0,0,22,9,6,1,0,9,0,0,5,3,12,10,9,13
"2014-12-24",49,96,0,0,17,17,83,5,0,2,0,0,0,2,1,0,0,0,3,0,5,5,0,0,0,0,0,0,238.875,4638.66666666667,183.75,199.675,4895.345,773.791666666667,0,98,0,11,20,18,0,38,5,0,0,0,0,0,0,0,1,0,0,0,0,0,0,0,0,1,2,0,0,0,0,0,1,0,0,0,0,0,0,5,43,0,0,0,0,1,5,25,1,0,0,0,2,0,3,0,0,0,0,0,0,41,18,7,0,22,19,0,3,0,24,0,1,1,7,3,29,0,6,0,0,0,4,3,10,10,4,18
"2014-12-25",27,52,0,0,8,8,43,0,0,1,0,0,0,1,2,0,0,0,5,0,2,2,0,0,0,0,0,0,155.3625,2036.25,319.5,42.975,2670.37875,504,0,81,0,4,14,9,0,22,0,0,0,0,0,0,0,0,0,0,0,0,0,0,0,0,0,1,0,0,2,0,0,0,0,0,0,0,0,0,0,3,22,0,0,0,0,1,5,8,0,0,0,0,14,0,0,0,0,0,0,0,0,12,11,1,0,14,11,0,1,0,12,0,0,0,15,5,4,0,0,0,0,2,6,2,6,4,1,8
"2014-12-26",34,63,0,0,9,9,50,0,0,2,0,0,0,2,2,0,0,2,5,0,5,5,0,0,0,0,0,0,136,2397,240.833333333333,-30.175,3426.32166666667,636.083333333333,0,136,0,7,13,14,0,26,3,0,0,0,0,0,0,0,0,0,0,0,0,0,0,0,0,0,1,1,0,0,0,0,0,0,0,0,0,0,1,2,29,1,1,0,1,0,5,13,0,0,0,0,29,0,0,0,0,0,0,1,0,2,13,3,0,16,15,0,1,0,15,0,0,0,24,6,1,0,0,0,0,0,2,1,8,8,3,12
"2014-12-27",41,76,0,2,15,17,63,1,0,0,0,0,0,4,1,0,0,0,7,0,3,3,0,0,0,0,0,0,156.825,3350.04166666667,193.041666666667,39.4625,4134.16666666667,777.291666666667,41,205,0,11,22,6,2,32,3,0,0,0,0,0,0,0,1,0,0,0,0,0,0,0,0,1,1,0,0,1,0,0,0,0,0,0,0,1,1,4,35,2,0,0,0,2,5,22,0,0,0,0,29,0,0,0,0,0,0,2,0,8,13,4,2,20,17,0,3,0,18,1,1,0,28,9,2,0,0,0,0,0,3,7,14,7,4,6
"2014-12-28",25,49,0,1,10,11,45,0,0,0,0,0,0,2,0,0,0,0,2,0,1,1,0,0,0,0,0,0,99.375,1709.375,157.291666666667,-35.4166666666667,2499.77083333333,469.791666666667,25,150,0,6,11,7,1,21,1,0,0,0,0,0,0,0,0,0,0,0,0,0,0,0,0,0,0,0,0,0,0,0,1,0,0,0,0,0,1,1,22,1,0,0,0,0,6,11,0,0,0,0,19,0,0,0,0,0,0,0,0,6,5,2,0,17,9,0,0,1,15,0,0,0,20,4,1,0,0,0,0,0,2,2,5,3,4,9
"2014-12-29",44,81,0,2,11,13,69,1,0,0,0,0,0,0,2,0,0,2,7,0,7,7,0,0,0,0,0,0,-250.8,2223.83333333333,236.5,-634.7,4451.16833333333,894.666666666667,0,0,0,8,16,18,2,31,6,0,0,0,0,0,0,0,0,1,0,0,0,0,0,0,0,1,0,0,0,0,0,0,1,0,0,0,0,0,0,3,37,0,0,0,0,1,4,19,0,0,0,0,37,0,0,0,0,0,0,0,0,2,22,2,0,17,25,0,1,1,16,0,0,0,37,2,0,0,0,0,0,0,4,4,7,10,8,11
"2014-12-30",39,76,0,0,17,17,67,2,0,1,1,0,0,0,2,0,0,1,2,0,4,4,0,0,0,0,1,1,-471.7375,1862.25,201.5,-818.675,3972.5075,882.375,0,39,0,15,12,12,0,30,5,1,0,0,0,0,0,0,1,0,0,0,0,0,0,0,0,0,0,0,0,0,0,0,0,0,0,0,0,0,2,1,36,2,0,0,0,1,7,21,1,0,0,0,37,0,0,0,0,0,0,1,0,0,28,3,0,7,20,0,1,0,14,0,2,0,37,1,0,0,0,0,0,0,4,4,7,6,7,11
"2014-12-31",36,71,0,0,5,5,54,3,0,1,0,0,0,6,1,0,0,0,6,0,1,1,0,0,0,0,0,0,-350.55,2031,259.5,-610.2,3641.64,796.5,0,72,0,5,18,13,0,30,1,0,0,0,0,0,0,0,1,0,0,0,0,0,0,0,0,0,1,0,0,0,0,0,1,0,0,0,0,0,0,3,31,0,1,0,1,2,4,19,0,0,0,0,32,0,0,0,0,0,0,1,0,1,19,2,0,13,17,0,3,0,14,0,0,0,32,1,0,0,0,0,0,1,8,0,8,3,4,13
"2015-01-01",50,96,0,0,17,17,76,0,0,1,0,0,0,7,2,0,0,0,10,0,1,1,0,0,0,0,0,0,-255.625,3816.66666666667,522.916666666667,-436.875,4995.60416666667,937.5,0,150,0,12,24,14,0,42,2,0,0,0,0,0,0,0,0,1,1,0,0,0,0,0,0,0,0,0,1,1,0,0,0,1,0,0,0,0,0,4,44,1,0,0,0,2,8,28,3,0,0,0,9,2,5,0,0,0,3,17,0,12,16,2,0,31,23,0,1,0,23,1,0,0,21,8,0,0,0,15,3,0,2,6,15,12,8,7
"2015-01-02",22,39,0,0,10,10,33,0,1,0,0,0,0,0,2,0,0,0,3,0,2,2,0,0,0,0,0,0,-168.116666666667,1159.58333333333,107.25,-347.691666666667,2222.0825,433.583333333333,0,88,0,7,9,6,0,15,1,0,0,0,0,0,0,0,2,1,0,0,0,0,0,0,0,1,0,0,1,0,0,0,0,0,0,0,0,0,0,5,16,0,2,0,0,0,1,8,1,0,0,0,7,2,1,0,0,0,1,7,0,4,8,2,0,11,11,0,1,0,10,0,0,0,18,3,0,0,0,1,0,0,2,1,9,7,3,0
"2015-01-03",63,119,0,2,10,12,95,2,3,0,0,0,0,2,3,0,0,0,14,0,2,2,0,0,0,0,0,0,-791.7,4074,275.625,-1140.3,6444.9,879.375,63,315,0,9,27,25,2,50,1,0,0,0,0,0,0,0,1,0,1,1,0,0,0,0,0,1,0,0,2,0,0,0,0,0,0,0,0,0,0,6,51,0,0,0,0,0,9,22,1,0,0,0,8,0,2,1,0,0,1,43,0,4,20,6,1,32,30,0,1,0,28,0,1,1,12,12,0,0,0,29,6,0,2,6,19,12,11,13
"2015-01-04",70,132,0,0,1,1,90,3,6,1,0,0,0,3,5,0,0,1,23,0,0,0,0,0,0,0,0,0,-190.458333333333,6647.08333333333,183.75,-240.333333333333,6966.05,1260,70,420,0,1,36,33,0,51,0,0,0,0,0,0,1,2,2,0,0,1,0,0,0,0,1,3,0,0,0,0,0,0,1,0,0,0,0,0,0,8,54,0,1,0,0,6,10,22,0,0,0,0,0,2,22,0,0,0,4,37,1,2,25,5,0,33,22,0,3,0,43,0,1,11,10,6,6,0,1,27,3,1,7,7,14,10,11,21
"2015-01-05",94,179,0,0,13,13,131,16,6,2,0,0,0,4,6,0,0,1,13,0,0,0,0,0,0,0,0,0,-1205.55,6160.91666666667,783.333333333333,-1687.3,9463.17583333333,1836.91666666667,0,0,0,9,46,39,0,74,0,0,1,0,0,0,1,0,2,1,0,0,0,0,0,1,0,1,1,0,1,0,0,0,4,0,0,0,0,0,0,11,76,0,0,0,0,1,17,30,0,0,0,0,3,7,62,0,0,0,2,14,0,3,54,7,1,27,39,0,3,0,46,0,2,2,60,15,0,0,0,4,3,3,17,5,17,23,8,24
"2015-01-06",102,198,0,0,19,19,147,15,3,5,1,0,0,4,4,0,0,0,19,0,2,2,0,0,0,0,1,1,-1459.13684210526,7386.94736842105,456.315789473684,-1856.93684210526,10327.3389473684,1921.8947368421,0,102,0,17,40,45,0,79,2,0,0,0,0,0,0,0,2,1,0,1,0,0,0,0,0,1,1,0,1,0,0,0,2,0,1,0,0,0,1,9,81,2,0,0,0,6,19,45,1,2,0,0,1,11,61,0,0,0,3,21,0,2,65,6,0,24,32,0,9,1,55,0,2,1,53,18,0,0,0,19,2,1,12,4,19,14,23,30
"2015-01-07",107,202,0,0,14,14,157,17,3,3,0,0,0,4,3,0,0,1,14,0,3,3,0,0,0,0,0,0,-2261.98,8260.4,588.5,-2578.7,10816.202,2568,0,214,0,12,46,49,0,82,2,0,0,0,0,0,0,0,1,1,3,1,0,0,0,0,1,2,0,1,2,0,0,0,3,0,0,0,0,2,1,15,84,3,0,0,0,3,13,44,3,0,0,0,1,5,19,0,0,0,1,71,0,2,57,11,1,28,47,0,7,0,45,0,2,0,16,24,0,0,0,55,0,0,14,5,24,15,16,33
"2015-01-08",92,177,0,1,10,11,140,11,3,0,0,0,0,3,4,0,0,0,16,0,2,2,0,0,0,0,0,0,-1709.28333333333,7114.66666666667,521.333333333333,-1984.13333333333,9294.76,1667.5,0,276,0,9,45,37,1,68,0,0,0,0,0,0,1,1,3,1,0,0,0,1,0,0,2,0,0,0,2,0,0,0,5,0,0,0,1,0,0,14,70,1,0,0,0,2,10,45,1,2,0,0,0,6,30,0,0,0,1,49,0,3,46,6,0,33,40,0,6,0,42,0,2,0,34,19,1,0,0,27,2,1,10,7,23,21,14,17
"2015-01-09",109,219,0,0,11,11,175,9,6,1,0,0,0,3,3,0,0,0,22,0,2,2,0,0,0,0,0,0,-922.866666666667,8125.04166666667,753.916666666667,-1344.33333333333,10894.3229166667,2043.75,0,436,0,8,51,50,0,89,2,0,0,0,0,0,1,0,1,0,3,0,0,0,0,0,0,3,1,0,0,0,0,0,1,0,0,0,0,0,1,9,92,1,0,0,0,2,18,52,0,0,0,0,1,3,23,0,0,0,9,62,0,4,57,8,1,38,49,0,5,0,51,0,2,2,35,22,0,0,0,39,2,1,16,7,32,13,18,23
"2015-01-10",63,133,0,1,21,22,114,1,0,1,1,0,0,5,3,0,0,0,8,0,2,2,0,0,0,0,1,1,-679.6125,4071.375,527.625,-1024.275,6382.34625,1241.625,63,315,0,14,28,20,1,55,2,1,0,0,0,0,0,0,1,0,0,0,1,0,0,0,0,0,0,0,1,0,0,0,0,0,0,0,0,0,0,3,58,0,0,0,0,0,21,27,0,0,0,0,2,7,23,0,0,0,6,19,0,3,32,3,0,24,18,0,2,0,41,0,0,1,46,6,0,0,0,4,1,0,8,8,17,7,8,15
"2015-01-11",41,77,0,0,6,6,60,2,0,0,0,0,0,3,2,0,0,0,10,0,1,1,0,0,0,0,0,0,-304.766666666667,2851.20833333333,273.333333333333,-495.929166666667,4180.63333333333,755.083333333333,41,246,0,6,20,15,0,32,1,0,0,0,0,0,0,1,0,0,1,0,0,0,0,0,0,0,0,0,1,0,0,0,1,0,0,0,1,0,0,3,34,1,0,0,0,1,10,15,0,0,0,0,0,2,12,0,0,0,4,13,0,7,13,0,0,27,17,0,2,0,22,0,0,0,22,14,0,0,0,2,0,0,4,3,7,8,6,13
"2015-01-12",63,121,0,0,8,8,91,13,2,1,0,0,0,2,3,0,0,0,9,0,1,1,0,0,0,0,0,0,-246.75,4764.375,325.5,-491.925,6390.22125,1225.875,0,0,0,7,34,22,0,50,2,0,0,0,0,0,0,0,2,1,0,0,0,0,0,0,0,0,0,1,0,0,0,0,1,0,0,0,0,0,1,5,52,1,0,0,0,1,12,26,2,1,0,0,1,2,4,0,0,0,9,34,0,6,34,7,2,17,26,0,3,0,30,0,2,0,13,21,0,0,0,23,0,0,7,6,19,7,9,15
"2015-01-13",86,157,0,0,17,17,116,11,4,2,0,0,0,6,8,0,0,1,9,0,8,8,0,0,0,0,0,0,-1545.85,4955.75,469.416666666667,-2096.25,8860.93833333333,1587.41666666667,0,86,0,16,34,36,0,64,9,0,0,0,0,0,0,2,2,0,0,0,0,0,0,0,2,0,0,0,1,0,0,0,0,0,0,0,0,0,1,5,75,1,0,0,0,2,10,46,1,0,0,0,6,8,12,0,0,0,9,35,0,11,56,3,0,22,33,0,6,1,42,0,1,0,67,9,0,0,0,2,0,0,9,6,20,13,12,26
"2015-01-14",65,128,0,0,11,11,98,10,1,2,0,0,0,4,4,0,0,0,9,0,3,3,0,0,0,0,0,0,-1084.95833333333,5037.5,257.291666666667,-1282.66666666667,6635.30833333333,1040,0,130,0,10,30,25,0,50,3,0,0,0,0,0,0,0,1,1,2,1,0,0,0,0,0,0,0,0,0,0,0,0,2,0,1,0,0,0,1,7,53,2,0,0,0,4,12,31,0,1,0,0,3,10,20,0,0,0,2,17,0,8,43,2,0,18,36,0,4,0,22,1,2,0,46,11,0,0,0,3,0,1,3,5,17,12,11,17