"Date","NB_Accidents","NB_VEH_IMPLIQUES_ACCDN","NB_MORTS","NB_BLESSES_GRAVES","NB_BLESSES_LEGERS","NB_VICTIMES_TOTAL","nb_automobile_camion_leger","nb_camionLourd_tractRoutier","nb_outil_equipement","nb_tous_autobus_minibus","nb_bicyclette","nb_cyclomoteur","nb_motocyclette","nb_taxi","nb_urgence","nb_motoneige","nb_VHR","nb_autres_types","nb_veh_non_precise","NB_DECES_PIETON","NB_BLESSES_PIETON","NB_VICTIMES_PIETON","NB_DECES_MOTO","NB_BLESSES_MOTO","NB_VICTIMES_MOTO","NB_DECES_VELO","NB_BLESSES_VELO","NB_VICTIMES_VELO","Temp","Rel.Hum","Wind.Spd","Dew.Point.Temp","Stn_Press","Wind.Dir","weekdays","days","SeverityDeadly","SeverityLight Injury","SeverityMaterial High","SeverityMaterial Low","SeveritySevere Injury","as.factor(Accident_Type)31","as.factor(Accident_Type)32","as.factor(Accident_Type)33","as.factor(Accident_Type)34","as.factor(Accident_Type)35","as.factor(Accident_Type)36","as.factor(Accident_Type)37","as.factor(Accident_Type)38","as.factor(Accident_Type)39","as.factor(Accident_Type)40","as.factor(Accident_Type)41","as.factor(Accident_Type)42","as.factor(Accident_Type)43","as.factor(Accident_Type)44","as.factor(Accident_Type)45","as.factor(Accident_Type)46","as.factor(Accident_Type)47","as.factor(Accident_Type)48","as.factor(Accident_Type)49","as.factor(Accident_Type)50","as.factor(Accident_Type)51","as.factor(Accident_Type)52","as.factor(Accident_Type)53","as.factor(Accident_Type)54","as.factor(Accident_Type)55","as.factor(Accident_Type)59","as.factor(Accident_Type)71","as.factor(Accident_Type)72","as.factor(Accident_Type)73","as.factor(Accident_Type)74","as.factor(Accident_Type)75","as.factor(Accident_Type)99","Accident_CategoryFixed Object","Accident_CategoryMoving Object","Accident_CategoryNo Collision","Auth_Speed10","Auth_Speed100","Auth_Speed20","Auth_Speed30","Auth_Speed40","Auth_Speed50","Auth_Speed60","Auth_Speed70","Auth_Speed80","Auth_Speed90","Surface_CondDry","Surface_CondHard snow","Surface_CondIce","Surface_CondMud","Surface_CondOil","Surface_CondSand or gravel","Surface_CondSlush","Surface_CondSnow","Surface_CondWater accumulation","Surface_CondWet","IlluminationDay and clear","IlluminationDay and semi-dark","IlluminationNight and dark","IlluminationNight and lighted","EnvironmentCommercial","EnvironmentForest","EnvironmentIndustrial","EnvironmentPark","EnvironmentResidential","EnvironmentRural","EnvironmentSchool area","WeatherBlack Ice","WeatherClear Sky","WeatherCloudy","WeatherDrizzle","WeatherFoggy","WeatherHeavy Rain","WeatherSnow","WeatherSnowstorms","WeatherStrong Wind","cluster_id_0","cluster_id_1","cluster_id_2","cluster_id_3","cluster_id_4","cluster_id_5"
"2015-01-15",85,163,0,0,18,18,123,9,2,2,2,0,0,3,3,0,0,0,19,0,2,2,0,0,0,0,1,1,-981.041666666667,6594.58333333333,297.5,-1250.20833333333,8562.82916666667,1208.47826086957,0,255,0,13,39,33,0,70,1,2,0,0,0,0,1,1,0,0,1,0,0,0,0,1,1,1,0,0,0,0,0,0,2,0,0,0,0,0,0,6,75,0,2,0,1,1,12,42,0,0,0,0,5,4,19,0,0,0,4,19,0,27,50,6,0,25,44,0,0,0,34,2,1,0,56,18,0,0,0,5,0,0,4,6,28,18,12,17
"2015-01-16",81,157,0,0,24,24,130,8,2,3,0,0,0,3,1,0,0,1,9,0,5,5,0,0,0,0,0,0,-776.925,5379.75,509.625,-1204.5375,8104.69125,1947.375,0,324,0,21,24,36,0,68,5,0,0,0,0,0,0,1,0,0,0,0,0,1,0,0,0,2,1,0,1,0,0,0,0,0,0,0,0,0,2,5,74,2,3,0,0,0,9,34,0,0,0,0,4,7,11,0,0,0,7,33,1,13,52,1,0,24,43,0,4,0,30,0,2,0,62,7,0,0,0,5,0,1,8,5,23,12,14,19
"2015-01-17",60,116,0,0,9,9,89,4,1,0,0,0,0,6,5,0,0,0,11,0,0,0,0,0,0,0,0,0,-1112.25,3562.5,345,-1473.25,6091.1,1040,60,300,0,7,29,24,0,44,1,0,0,0,0,0,0,0,0,1,0,0,0,0,0,1,1,1,2,0,0,0,0,1,0,0,0,0,0,0,0,7,45,0,0,0,0,2,6,33,0,0,0,0,8,10,11,1,0,0,1,15,0,11,28,3,0,25,22,0,2,0,31,0,3,0,41,14,0,0,0,0,0,0,7,2,19,10,4,18
"2015-01-18",36,72,0,0,4,4,58,3,1,2,0,0,0,2,2,0,0,0,4,0,0,0,0,0,0,0,0,0,-67.7739130434783,2608.5,172.5,-231.3,3597.345,602.181818181818,36,216,0,2,19,15,0,30,0,0,0,0,0,0,0,0,0,0,1,0,0,0,0,0,0,0,0,0,0,0,0,0,1,0,0,0,0,0,1,2,30,1,0,0,0,1,7,17,0,0,0,0,1,1,6,0,0,0,6,11,0,10,13,0,0,23,13,0,2,0,21,0,0,1,15,7,2,0,0,9,0,0,5,3,6,11,2,9
"2015-01-19",69,131,0,0,12,12,94,10,4,2,0,0,0,2,2,0,0,0,17,0,2,2,0,0,0,0,0,0,-155.25,5957,411.125,-292.1,6865.12625,1387.66666666667,0,0,0,10,24,35,0,49,2,0,0,0,0,0,0,0,0,0,0,0,0,0,1,0,0,1,0,0,1,0,0,0,3,0,1,0,0,0,2,6,51,3,1,0,0,2,10,30,0,0,0,0,3,3,4,0,0,0,11,28,0,18,39,8,1,21,35,1,4,0,26,0,1,0,30,21,0,0,0,14,0,0,6,3,10,20,8,22
"2015-01-20",79,150,0,0,16,16,111,13,3,3,0,0,0,4,4,0,0,0,12,0,5,5,0,0,0,0,0,0,-1191.9125,5335.79166666667,776.833333333333,-1560.90833333333,7927.81458333333,1619.5,0,79,0,13,36,30,0,64,5,0,0,0,0,0,1,1,0,0,1,0,0,0,0,0,2,0,0,0,1,0,0,0,0,0,0,0,0,0,1,4,71,1,0,0,0,5,13,35,2,0,0,0,21,12,8,0,0,0,2,14,0,18,51,1,1,22,40,0,6,1,28,0,0,0,65,8,0,0,0,2,1,0,11,4,22,14,7,21
"2015-01-21",81,154,0,0,21,21,122,10,2,2,0,0,0,4,4,0,0,1,9,0,10,10,0,0,0,0,0,0,-1055.025,5680.125,465.75,-1408.3875,8207.865,1167.75,0,162,0,18,31,32,0,62,9,0,0,0,0,0,0,0,2,0,0,1,0,0,0,0,1,0,0,0,1,2,0,0,0,0,0,0,0,0,1,7,71,1,0,0,0,2,12,36,0,0,0,0,22,8,7,0,0,0,2,16,0,21,42,5,1,30,37,0,3,0,34,1,4,0,66,7,0,0,0,2,0,0,11,8,17,17,7,21
"2015-01-22",64,126,0,0,17,17,93,7,3,3,0,0,0,3,5,0,0,0,12,0,4,4,0,0,0,0,0,0,-753.066666666667,4634.66666666667,394.666666666667,-1014.66666666667,6496,1514.66666666667,0,192,0,12,27,25,0,53,4,0,0,0,0,0,0,0,1,1,0,0,0,0,0,0,0,1,0,0,0,0,0,0,1,0,0,0,0,0,0,4,57,0,1,0,0,0,10,29,0,0,0,0,11,5,9,1,0,1,2,12,0,19,38,3,1,17,33,0,1,0,25,0,3,0,58,3,0,0,0,1,0,0,5,4,15,17,8,15
"2015-01-23",52,99,0,0,11,11,79,7,1,0,0,0,0,3,1,0,0,1,7,0,3,3,0,0,0,0,0,0,-242.45,3772.16666666667,494,-464.1,5239.91,972.833333333333,0,208,0,9,22,21,0,38,6,0,0,0,0,0,0,0,0,0,0,0,0,0,0,0,1,0,1,0,0,0,0,0,0,0,0,0,0,0,1,2,44,1,0,0,1,3,6,26,1,0,0,0,6,2,4,0,0,0,1,5,0,31,30,2,0,18,27,0,4,0,19,0,1,0,28,15,0,0,0,5,0,0,4,2,11,12,9,14
"2015-01-24",37,65,0,1,5,6,53,0,0,0,0,0,0,3,3,0,0,0,6,0,5,5,0,0,0,0,0,0,-58.275,2850.54166666667,257.458333333333,-188.545833333333,3663.53958333333,738.458333333333,37,185,0,5,17,14,1,23,6,0,0,0,0,0,0,0,0,1,0,0,0,1,0,0,0,1,0,0,1,0,0,0,0,0,0,0,1,0,0,4,29,1,0,0,0,1,3,14,1,1,0,0,5,2,2,0,0,0,0,5,0,21,7,4,0,22,17,0,1,0,17,0,0,0,18,11,1,0,0,2,0,0,4,1,14,5,6,7
"2015-01-25",51,98,0,1,14,15,85,2,0,0,0,0,0,3,2,0,0,0,6,0,2,2,0,0,0,0,0,0,-542.3,3140.75,335.75,-851.275,5088.2275,1113.5,51,306,0,11,28,11,1,42,2,0,0,0,0,0,0,0,0,0,1,1,0,0,0,0,0,0,0,0,0,1,0,1,0,0,0,0,0,0,0,4,44,0,0,0,0,0,6,30,0,0,0,0,22,6,7,0,0,0,1,5,0,8,26,2,0,22,22,0,3,1,23,0,0,0,41,5,0,0,0,3,0,0,5,4,14,8,6,14
"2015-01-26",62,110,1,2,11,14,84,9,3,6,0,0,0,2,3,0,0,0,3,1,5,6,0,0,0,0,0,0,-996.391666666667,3851.75,364.25,-1346.43333333333,6279.4375,818.916666666667,0,0,1,11,26,22,2,45,6,0,0,0,0,0,0,0,1,0,1,0,0,0,0,0,0,2,0,0,0,0,0,0,3,0,1,0,0,1,0,7,51,2,1,0,1,1,8,33,0,0,0,0,37,7,5,0,0,0,0,2,0,5,41,3,1,13,35,0,4,0,16,0,4,0,51,7,0,0,0,0,0,0,1,5,10,13,12,21
"2015-01-27",52,98,0,0,13,13,78,4,2,1,0,0,0,7,2,0,0,0,4,0,3,3,0,0,0,0,0,0,-658.666666666667,2916.33333333333,450.666666666667,-1028.73333333333,5244.54666666667,236.166666666667,0,52,0,10,22,20,0,40,4,0,0,1,0,0,0,1,0,1,1,0,0,0,0,0,0,2,0,0,2,0,0,0,0,0,0,0,0,0,0,6,46,0,1,0,0,2,9,25,0,0,0,0,35,3,4,0,0,0,0,7,0,2,32,2,0,15,28,0,6,0,14,0,2,0,37,10,0,0,0,1,0,0,6,5,13,10,5,13
"2015-01-28",53,102,0,1,19,20,85,2,1,3,1,0,0,2,0,0,0,1,7,0,7,7,0,0,0,0,1,1,-567.7625,2371.75,530,-1093.34583333333,5360.50833333333,1033.5,0,106,0,18,13,21,1,40,7,1,0,0,0,0,0,0,0,0,0,0,0,0,0,0,0,0,1,0,0,0,0,0,0,0,1,0,0,0,1,1,48,2,0,0,0,2,9,30,0,0,0,0,25,3,7,0,0,0,1,6,0,7,34,3,0,14,22,0,3,0,25,1,1,0,44,4,0,0,0,1,0,0,4,1,9,10,11,18
"2015-01-29",73,143,0,0,25,25,119,6,1,2,0,0,0,2,2,0,0,1,10,0,4,4,0,0,0,0,0,0,-554.495833333333,4002.83333333333,541.416666666667,-1120.24583333333,7374.61208333333,1201.45833333333,0,219,0,19,25,29,0,58,5,0,0,0,0,0,0,1,0,0,0,1,0,0,0,0,1,0,0,0,1,0,0,1,2,0,0,0,0,0,1,6,64,1,0,0,0,4,15,24,1,0,0,0,34,4,3,0,0,0,0,23,0,7,47,4,0,22,36,0,4,0,30,0,2,0,43,15,0,0,0,14,0,0,5,7,25,11,9,16
"2015-01-30",73,142,0,1,17,18,104,9,7,2,1,0,0,4,2,0,0,0,13,0,2,2,0,0,0,0,0,0,-444.995833333333,5675.75,416.708333333333,-691.066666666667,7326.37125,1755.04166666667,0,292,0,11,28,33,1,54,3,0,0,0,0,0,2,0,0,1,1,0,0,0,0,0,0,2,0,0,0,0,0,0,3,0,0,0,0,1,1,7,59,2,0,0,0,4,10,36,1,0,0,0,0,2,3,0,0,0,9,46,0,7,42,10,0,17,32,0,2,1,33,0,5,0,14,20,0,0,0,32,0,0,7,5,23,18,5,15
"2015-01-31",70,134,0,0,14,14,114,2,2,0,0,0,0,0,1,0,0,1,14,0,4,4,0,0,0,0,0,0,-1260.875,3992.91666666667,685.416666666667,-1716.16666666667,7086.91666666667,1490.41666666667,70,350,0,13,39,18,0,55,5,0,0,0,0,0,0,0,1,0,0,1,0,0,0,0,1,2,0,0,0,0,0,0,1,0,0,0,0,0,0,6,60,0,0,0,0,3,11,36,1,1,0,0,15,4,8,0,0,0,2,21,0,15,43,1,1,21,38,0,0,0,30,0,1,0,54,8,0,0,0,1,0,1,5,2,24,9,13,17
"2015-02-01",48,94,0,2,12,14,75,3,0,0,0,0,0,4,4,0,0,0,8,0,2,2,0,0,0,0,0,0,-733.4,2724,328,-1065.2,4866.3,890,48,288,0,10,15,21,2,36,2,0,0,0,0,0,0,1,0,1,0,1,0,0,0,0,0,0,2,0,0,1,0,0,0,0,0,0,0,0,0,5,39,0,0,0,0,1,9,21,0,0,0,0,7,9,6,0,0,0,0,15,0,8,17,1,0,27,21,0,1,0,24,0,0,0,35,7,0,0,0,2,1,0,0,3,17,11,5,12
"2015-02-02",108,217,0,0,21,21,180,8,2,1,0,0,0,4,3,0,0,0,19,0,2,2,0,0,0,0,0,0,-2128.95,7708.5,837,-2554.2,10859.4,702,0,0,0,21,45,42,0,87,1,0,0,0,0,0,0,0,2,1,1,1,0,1,0,1,0,3,0,0,1,1,0,0,1,0,0,0,0,0,1,13,88,1,0,0,0,3,12,54,0,0,0,0,2,8,12,0,0,0,1,80,0,2,74,8,0,21,51,0,11,0,37,2,1,0,12,13,0,0,0,47,29,2,10,12,16,22,10,38
"2015-02-03",75,145,0,0,12,12,116,8,1,3,0,0,0,3,1,0,0,0,13,0,2,2,0,0,0,0,0,0,-1151.25,5650,712.5,-1411.5625,7569.5625,1518.75,0,75,0,11,29,35,0,56,4,0,0,0,0,1,0,0,2,1,0,0,0,0,0,0,0,1,0,0,0,0,0,0,3,0,0,0,0,0,0,7,61,0,0,0,0,5,10,26,1,0,0,0,3,3,22,0,0,1,4,31,0,7,45,5,0,21,31,0,3,3,34,0,1,0,42,14,0,0,0,14,0,1,9,4,21,13,5,23
"2015-02-04",68,133,0,1,12,13,111,5,2,3,1,0,0,2,1,0,0,0,8,0,2,2,0,0,0,0,0,0,-417.066666666667,5916,334.333333333333,-541.45,6841.45166666667,1259.47826086957,0,136,0,10,32,25,1,49,3,1,0,0,0,0,0,0,1,1,1,0,0,0,0,0,2,0,0,0,0,0,0,0,1,0,0,0,0,0,4,6,53,4,0,0,0,1,6,39,1,0,0,0,0,4,4,0,0,0,2,54,0,1,30,4,0,33,25,0,3,0,36,1,3,0,13,5,0,0,0,46,0,0,4,8,15,11,4,26
"2015-02-05",89,177,0,1,18,19,134,11,4,1,1,0,0,7,5,0,0,1,13,0,4,4,0,0,0,0,1,1,-1103.6,5141.77272727273,412.636363636364,-1712.44090909091,8992.47909090909,2038.90909090909,0,267,0,14,38,36,1,72,5,1,0,0,0,0,0,1,0,0,1,0,1,0,0,0,1,0,1,0,0,0,0,0,0,0,0,0,0,1,0,4,79,1,0,0,0,3,8,43,2,1,0,0,4,7,1,0,0,0,9,44,0,22,54,6,0,21,41,0,6,1,38,0,0,0,63,11,0,0,0,6,0,0,6,6,21,20,18,18
"2015-02-06",69,141,0,1,19,20,113,12,1,1,0,0,0,1,2,0,0,0,11,0,1,1,0,0,0,0,0,0,-984.1125,5367.625,396.75,-1195.425,6949.42125,1357,0,276,0,15,31,22,1,56,2,0,0,0,0,0,0,0,0,0,1,0,0,0,0,0,0,0,1,0,0,0,0,0,2,0,0,0,0,1,1,4,58,2,1,0,1,3,13,27,0,1,0,0,6,5,2,0,0,0,2,38,0,12,31,3,0,33,32,0,4,0,31,0,1,0,32,17,0,0,0,14,1,0,6,4,21,18,8,12
"2015-02-07",62,126,1,0,10,11,110,2,2,0,1,0,0,3,1,0,0,0,7,0,1,1,0,0,0,0,1,1,-795.666666666667,4089.41666666667,297.083333333333,-1114.45,6255.59333333333,1278.75,62,310,1,8,35,18,0,50,1,1,0,0,0,0,1,0,1,0,1,1,0,0,0,0,0,1,0,0,2,0,0,0,0,0,0,0,0,0,0,6,53,0,0,0,0,4,8,33,0,1,0,0,2,6,3,0,0,0,7,29,0,13,31,3,0,26,28,0,4,0,27,0,0,0,29,21,0,0,0,8,0,0,4,9,16,7,9,17
"2015-02-08",96,179,0,1,21,22,143,3,4,3,0,0,0,4,6,0,0,1,15,0,7,7,0,0,0,0,0,0,-1538,7292,852,-1857.6,9712.76,372,96,576,0,16,39,40,1,67,7,0,0,0,0,0,0,0,5,0,0,1,0,0,0,1,0,2,1,0,1,0,0,0,1,0,0,0,0,0,4,12,74,4,0,0,0,2,10,51,0,0,0,0,1,1,8,0,0,0,4,76,0,3,43,6,0,41,37,0,1,1,52,1,2,0,8,9,0,0,0,53,23,0,7,4,31,18,12,24
"2015-02-09",99,191,0,0,11,11,148,18,3,3,0,0,0,0,5,0,0,0,14,0,1,1,0,0,0,0,0,0,-1378.9875,7713.75,664.125,-1678.05,10038.3525,705.375,0,0,0,10,40,49,0,76,1,0,0,0,0,0,0,0,3,3,1,0,0,0,0,0,3,1,3,0,0,0,0,0,2,0,0,0,0,0,2,16,77,2,1,0,1,2,11,46,1,1,0,0,0,4,6,0,0,0,6,73,0,3,60,12,0,20,44,0,3,1,44,0,1,0,35,34,0,0,0,16,3,2,7,8,23,19,12,30
"2015-02-10",82,154,0,0,9,9,114,11,3,3,0,0,0,0,1,0,0,1,21,0,4,4,0,0,0,0,0,0,-750.3,5835.66666666667,406.583333333333,-1101.53333333333,8317.3625,1510.16666666667,0,82,0,9,25,48,0,68,5,0,0,0,0,0,1,0,0,0,0,0,0,0,0,0,0,1,0,0,2,0,0,0,0,0,0,0,0,0,2,3,74,2,1,0,0,3,15,31,1,0,0,0,4,6,2,0,0,0,6,35,0,21,48,2,1,24,38,0,5,2,35,0,0,0,51,18,0,0,0,3,0,0,16,7,17,11,7,24
"2015-02-11",68,136,0,0,11,11,102,7,3,3,0,0,0,5,5,0,0,1,10,0,2,2,0,0,0,0,0,0,-893.633333333333,4264.16666666667,450.5,-1276.98333333333,6869.67166666667,436.333333333333,0,136,0,10,33,25,0,57,3,0,0,0,0,0,0,0,1,0,0,0,0,0,0,0,0,1,2,0,1,0,0,0,0,0,0,0,0,0,0,5,60,0,0,0,0,3,13,31,0,0,0,0,7,1,5,0,0,0,7,33,0,12,42,4,0,19,31,0,3,0,30,0,1,0,46,11,0,0,0,6,2,0,8,3,19,12,14,12
"2015-02-12",98,199,1,0,6,7,155,11,5,5,0,0,0,3,4,0,0,0,16,1,2,3,0,0,0,0,0,0,-1071.875,7982.91666666667,469.583333333333,-1324.63333333333,9792.48666666667,1870.16666666667,0,294,1,5,45,47,0,82,3,0,0,0,0,0,0,0,0,1,1,0,1,1,0,0,0,0,2,1,0,0,0,0,0,0,0,0,0,0,0,7,85,0,2,1,0,4,16,43,1,0,0,0,3,3,6,0,0,0,4,73,1,3,55,6,0,33,41,0,5,0,46,1,4,0,39,14,0,0,0,38,3,0,7,6,32,14,13,26
"2015-02-13",78,141,0,1,17,18,107,6,6,2,0,0,0,6,4,0,0,1,9,0,6,6,0,0,0,0,0,0,-1594.45,4400.5,585,-2105.025,7869.42,1716,0,312,0,12,34,31,1,59,6,0,0,0,0,0,1,0,3,0,1,1,0,0,0,1,0,1,0,0,1,0,0,0,0,0,0,0,0,0,1,8,66,1,0,0,1,3,12,31,0,1,0,0,3,4,4,0,0,0,5,44,0,15,41,8,0,25,35,0,4,1,36,0,1,0,52,10,0,0,0,7,1,0,5,5,17,8,12,31
"2015-02-14",69,140,0,0,8,8,122,5,1,1,0,0,0,3,4,0,0,0,4,0,1,1,0,0,0,0,0,0,-1158.625,5275.625,353.625,-1376.2625,6898.2175,575,69,345,0,8,37,24,0,57,1,0,0,0,0,0,1,1,2,0,0,0,0,0,0,1,1,0,0,0,1,0,0,0,1,0,0,0,0,0,0,6,60,0,0,0,0,2,20,32,1,0,0,0,4,3,2,0,0,0,10,38,0,11,36,6,0,24,25,0,2,1,39,0,1,0,21,32,0,0,0,11,1,0,4,5,23,7,10,20
"2015-02-15",49,99,0,1,9,10,81,2,1,1,0,0,0,3,1,0,0,0,10,0,2,2,0,0,0,0,0,0,-857.091666666667,2744,332.791666666667,-1193.35416666667,4924.05083333333,884.041666666667,49,294,0,7,19,22,1,44,2,0,0,0,0,0,0,0,0,1,0,1,0,0,0,0,0,0,0,0,1,0,0,0,0,0,0,0,0,0,0,3,46,0,0,0,2,0,10,20,1,0,0,0,3,3,1,0,0,0,3,25,1,11,25,1,1,18,26,0,3,1,17,0,1,0,37,6,0,0,0,4,0,0,3,2,12,11,5,16
"2015-02-16",90,184,0,1,21,22,145,10,2,4,0,0,0,3,6,0,0,1,13,0,5,5,0,0,0,0,0,0,-1767.75,4443.75,1106.25,-2484,9083.85,1833.75,0,0,0,19,40,30,1,68,8,0,0,0,0,0,0,0,0,0,1,0,1,0,0,0,0,2,0,0,1,0,0,0,0,0,0,0,0,0,1,5,76,1,2,0,0,0,14,41,2,2,0,0,18,5,15,0,0,0,4,19,0,27,69,3,0,12,50,0,7,0,25,0,5,0,78,6,0,0,0,0,0,0,10,9,20,11,19,21
"2015-02-17",70,145,0,0,18,18,117,7,2,3,1,0,0,5,1,0,0,0,9,0,3,3,0,0,0,0,1,1,-1131.375,3838.33333333333,373.333333333333,-1625.16666666667,7039.34583333333,1312.5,0,70,0,15,30,25,0,53,3,2,0,0,0,0,0,0,1,0,1,1,0,0,0,0,0,1,0,0,0,0,0,0,1,0,1,0,0,0,1,5,58,2,0,0,0,1,10,27,0,0,0,0,14,7,4,0,0,0,4,15,0,22,48,1,1,16,34,0,3,1,27,1,1,0,44,18,0,0,0,1,0,0,7,6,16,14,8,19
"2015-02-18",61,131,0,0,8,8,108,7,2,3,0,0,0,1,1,0,0,0,9,0,2,2,0,0,0,0,0,0,-726.916666666667,3832.83333333333,261.791666666667,-1079.19166666667,6108.845,991.25,0,122,0,7,32,22,0,53,2,0,0,0,0,0,0,0,1,0,1,0,0,0,0,0,0,0,0,0,0,0,0,0,0,0,0,0,0,0,1,2,55,1,0,0,1,3,10,27,0,0,0,0,11,4,2,0,0,0,1,12,0,27,44,2,0,13,22,0,5,0,29,0,2,0,46,9,0,0,0,3,0,0,7,3,7,15,12,17
"2015-02-19",93,173,0,0,12,12,142,8,5,1,0,0,0,3,3,0,0,1,10,0,5,5,0,0,0,0,0,0,-1154.75,7548.5,922.25,-1395,9259.42875,1844.5,0,279,0,10,49,34,0,72,5,0,0,0,0,0,0,0,0,0,1,1,0,0,0,0,1,0,3,0,3,0,0,0,2,0,0,0,0,0,0,11,77,0,2,0,0,3,18,41,3,0,0,0,1,2,2,0,0,0,8,72,0,4,61,9,0,19,44,0,6,1,37,0,2,0,14,8,0,0,0,55,10,2,10,7,23,18,14,21
"2015-02-20",116,237,0,0,18,18,193,13,0,0,0,0,0,6,7,0,0,0,18,0,4,4,0,0,0,0,0,0,-1963.3,7680.16666666667,1609.5,-2537.98333333333,11677.72,2126.66666666667,0,464,0,15,54,47,0,101,5,0,0,0,0,0,0,0,1,0,0,0,0,0,0,0,1,1,1,0,0,0,0,0,0,0,0,0,0,0,0,4,106,0,0,0,0,5,18,56,2,0,0,0,3,6,7,0,0,0,7,79,0,13,76,6,0,29,58,0,3,0,48,1,5,0,69,18,0,1,0,14,5,5,14,6,32,18,21,25
"2015-02-21",65,130,0,0,7,7,114,1,0,0,0,0,0,3,3,0,0,0,9,0,0,0,0,0,0,0,0,0,-731.791666666667,4601.45833333333,392.708333333333,-1018.875,6586.2875,1083.33333333333,65,325,0,4,33,28,0,57,0,0,0,0,0,0,0,0,0,1,2,0,0,0,0,0,1,0,0,0,1,0,0,0,1,0,0,0,0,0,0,6,57,0,1,0,0,1,9,32,2,0,0,0,4,5,3,0,0,0,4,43,0,3,26,6,0,29,33,0,3,1,27,0,0,0,17,9,0,0,0,33,2,0,5,6,21,11,6,16
"2015-02-22",42,78,0,0,5,5,63,3,1,0,0,0,0,4,2,0,0,0,5,0,0,0,0,0,0,0,0,0,-228.025,3391.5,267.75,-350.35,4244.2575,847.304347826087,42,252,0,4,20,18,0,25,0,0,0,0,0,0,0,0,0,1,1,0,0,0,1,1,0,1,1,0,0,0,0,0,1,0,0,0,0,0,0,7,25,0,0,0,0,0,8,18,0,0,0,0,3,4,0,0,0,0,5,24,0,5,16,1,0,24,17,0,2,0,21,0,0,0,18,6,0,0,0,16,0,0,5,1,11,8,3,14
"2015-02-23",77,165,0,0,19,19,123,18,2,3,0,0,0,4,4,0,0,0,11,0,3,3,0,0,0,0,0,0,-1359.05,3978.33333333333,494.083333333333,-1947.77916666667,7824.77208333333,1610.58333333333,0,0,0,16,32,29,0,66,3,0,0,0,0,0,0,1,1,0,0,0,0,0,0,0,1,0,0,0,1,0,0,0,0,0,0,0,0,0,0,3,70,0,0,0,0,4,9,38,1,2,0,0,13,4,7,0,0,0,1,26,1,20,50,6,0,18,37,0,4,0,29,1,4,0,64,8,0,0,0,2,0,0,11,8,19,14,8,17
"2015-02-24",65,130,0,0,13,13,105,9,3,0,0,0,0,0,7,0,0,0,6,0,2,2,0,0,0,0,0,0,-997.479166666667,3870.20833333333,514.583333333333,-1402.64583333333,6540.97708333333,1164.58333333333,0,65,0,12,21,32,0,54,2,0,0,0,0,0,1,0,0,0,1,0,0,0,0,1,1,1,0,0,0,0,0,0,0,0,0,0,1,0,0,4,57,1,1,0,0,3,7,31,0,0,0,0,20,4,3,0,0,0,1,15,0,18,49,1,1,11,29,0,2,0,29,0,2,0,48,13,0,0,0,0,0,0,9,5,16,13,3,19
"2015-02-25",57,105,0,1,14,15,81,6,2,2,0,0,0,0,5,0,0,0,9,0,8,8,0,0,0,0,0,0,-494.7125,3389.125,391.875,-874,5689.5025,1128.125,0,114,0,13,20,23,1,41,8,0,0,0,0,0,0,0,0,0,1,0,0,0,0,0,0,1,0,0,0,0,0,0,0,0,0,0,0,0,1,2,49,1,1,0,0,3,9,25,0,0,0,0,9,2,0,0,0,0,3,16,0,20,40,3,2,8,29,0,5,0,16,0,2,0,33,10,0,0,0,5,0,0,11,3,10,15,6,12
"2015-02-26",71,134,0,2,18,20,109,7,1,4,0,0,0,2,3,0,0,0,8,0,5,5,0,0,0,0,0,0,-1061.45,3825.125,349.083333333333,-1579.75,7181.26541666667,1488.04166666667,0,213,0,15,23,31,2,55,5,0,0,0,0,0,0,0,1,0,1,0,1,0,0,0,1,1,0,0,0,0,0,0,0,1,0,0,0,0,0,5,60,1,0,0,0,1,13,29,1,0,0,0,23,3,1,0,0,0,1,12,0,26,56,1,1,10,27,0,5,0,33,0,4,0,60,5,0,0,0,1,0,0,6,6,19,8,15,17
"2015-02-27",86,167,0,4,26,30,142,6,2,1,0,0,0,4,6,0,0,0,6,0,9,9,0,0,0,0,0,0,-1144.15833333333,4077.83333333333,813.416666666667,-1909.55833333333,8759.2075,1809.58333333333,0,344,0,19,36,27,4,66,10,0,0,0,0,0,0,1,2,0,0,0,0,0,0,0,1,1,0,0,0,0,0,0,3,0,0,0,0,1,0,7,77,1,1,0,0,5,10,44,1,0,0,0,46,1,4,0,0,0,0,8,0,22,57,3,0,23,52,0,6,0,25,0,2,0,76,6,0,0,0,0,0,0,14,5,30,15,13,9