"Date","NB_Accidents","NB_VEH_IMPLIQUES_ACCDN","NB_MORTS","NB_BLESSES_GRAVES","NB_BLESSES_LEGERS","NB_VICTIMES_TOTAL","nb_automobile_camion_leger","nb_camionLourd_tractRoutier","nb_outil_equipement","nb_tous_autobus_minibus","nb_bicyclette","nb_cyclomoteur","nb_motocyclette","nb_taxi","nb_urgence","nb_motoneige","nb_VHR","nb_autres_types","nb_veh_non_precise","NB_DECES_PIETON","NB_BLESSES_PIETON","NB_VICTIMES_PIETON","NB_DECES_MOTO","NB_BLESSES_MOTO","NB_VICTIMES_MOTO","NB_DECES_VELO","NB_BLESSES_VELO","NB_VICTIMES_VELO","Temp","Rel.Hum","Wind.Spd","Dew.Point.Temp","Stn_Press","Wind.Dir","weekdays","days","SeverityDeadly","SeverityLight Injury","SeverityMaterial High","SeverityMaterial Low","SeveritySevere Injury","as.factor(Accident_Type)31","as.factor(Accident_Type)32","as.factor(Accident_Type)33","as.factor(Accident_Type)34","as.factor(Accident_Type)35","as.factor(Accident_Type)36","as.factor(Accident_Type)37","as.factor(Accident_Type)38","as.factor(Accident_Type)39","as.factor(Accident_Type)40","as.factor(Accident_Type)41","as.factor(Accident_Type)42","as.factor(Accident_Type)43","as.factor(Accident_Type)44","as.factor(Accident_Type)45","as.factor(Accident_Type)46","as.factor(Accident_Type)47","as.factor(Accident_Type)48","as.factor(Accident_Type)49","as.factor(Accident_Type)50","as.factor(Accident_Type)51","as.factor(Accident_Type)52","as.factor(Accident_Type)53","as.factor(Accident_Type)54","as.factor(Accident_Type)55","as.factor(Accident_Type)59","as.factor(Accident_Type)71","as.factor(Accident_Type)72","as.factor(Accident_Type)73","as.factor(Accident_Type)74","as.factor(Accident_Type)75","as.factor(Accident_Type)99","Accident_CategoryFixed Object","Accident_CategoryMoving Object","Accident_CategoryNo Collision","Auth_Speed10","Auth_Speed100","Auth_Speed20","Auth_Speed30","Auth_Speed40","Auth_Speed50","Auth_Speed60","Auth_Speed70","Auth_Speed80","Auth_Speed90","Surface_CondDry","Surface_CondHard snow","Surface_CondIce","Surface_CondMud","Surface_CondOil","Surface_CondSand or gravel","Surface_CondSlush","Surface_CondSnow","Surface_CondWater accumulation","Surface_CondWet","IlluminationDay and clear","IlluminationDay and semi-dark","IlluminationNight and dark","IlluminationNight and lighted","EnvironmentCommercial","EnvironmentForest","EnvironmentIndustrial","EnvironmentPark","EnvironmentResidential","EnvironmentRural","EnvironmentSchool area","WeatherBlack Ice","WeatherClear Sky","WeatherCloudy","WeatherDrizzle","WeatherFoggy","WeatherHeavy Rain","WeatherSnow","WeatherSnowstorms","WeatherStrong Wind","cluster_id_0","cluster_id_1","cluster_id_2","cluster_id_3","cluster_id_4","cluster_id_5"
"2015-02-28",45,91,0,0,5,5,82,3,0,0,0,0,0,2,0,0,0,0,4,0,2,2,0,0,0,0,0,0,-467.4375,2745,433.125,-743.625,4626.9375,864.375,45,225,0,5,19,21,0,39,1,0,0,0,0,0,0,0,0,0,0,0,0,0,0,0,0,1,0,0,1,0,0,0,0,0,0,0,0,0,0,2,40,0,0,0,0,0,5,27,0,0,0,0,23,3,4,0,0,0,1,7,0,6,24,1,1,17,21,1,0,1,21,0,0,0,40,2,0,0,0,0,0,0,1,4,17,6,7,10
"2015-03-01",42,85,0,0,9,9,71,0,2,1,0,0,0,3,1,0,0,0,7,0,1,1,0,0,0,0,0,0,-295.4,2745.75,229.25,-527.45,4284.1575,761.25,42,252,0,7,17,18,0,35,1,0,0,0,0,0,0,0,0,0,0,0,0,0,0,0,1,0,1,0,2,0,0,0,1,0,0,0,0,0,0,5,36,0,1,0,0,1,9,15,0,0,0,0,13,2,1,0,0,0,1,6,0,17,13,3,0,24,20,0,1,0,18,1,1,0,25,8,0,0,0,6,0,0,3,4,9,8,7,11
"2015-03-02",38,71,0,0,10,10,62,0,0,0,1,0,0,2,2,0,0,0,4,0,7,7,0,0,0,0,0,0,-207.258333333333,2609.33333333333,256.5,-406.441666666667,3832.68,771.083333333333,0,0,0,10,15,13,0,24,7,1,0,0,0,0,0,0,0,1,0,0,0,0,0,0,0,0,0,0,0,0,0,0,2,0,0,0,0,0,0,3,32,0,0,0,0,1,4,16,1,0,0,0,11,0,0,0,0,0,5,4,0,16,24,3,0,10,22,0,2,1,13,0,0,0,27,4,1,0,0,4,0,0,6,2,14,5,4,7
"2015-03-03",63,126,0,1,3,4,96,8,1,0,0,0,0,2,5,0,0,0,14,0,2,2,0,0,0,0,0,0,-480.375,3575.25,346.5,-956.55,6366.54375,1128.52173913043,0,63,0,3,32,27,1,49,2,0,0,0,0,0,0,0,0,0,1,0,0,0,0,0,0,1,1,0,2,0,0,0,1,0,0,0,0,0,0,6,51,0,1,0,0,3,11,30,0,0,0,0,24,3,1,0,0,0,1,21,0,11,36,3,0,22,24,0,6,1,30,0,1,0,38,7,0,0,0,11,2,0,4,3,15,14,11,16
"2015-03-04",68,127,0,0,8,8,100,5,0,1,0,0,0,2,3,0,0,0,16,0,1,1,0,0,0,0,0,0,-68.85,4697.66666666667,575.166666666667,-441.15,6768.40833333333,1286.33333333333,0,136,0,7,29,32,0,50,2,0,0,0,0,0,0,2,2,0,1,0,0,0,0,0,0,0,0,0,1,0,1,0,4,0,0,0,0,0,0,9,54,0,0,0,0,1,14,23,5,0,0,0,11,1,4,0,0,0,5,20,0,24,44,0,0,20,25,0,7,2,33,0,0,0,49,12,0,0,0,2,1,0,6,3,18,11,6,24
"2015-03-05",66,128,0,1,18,19,99,9,2,5,0,0,0,1,1,0,0,0,11,0,1,1,0,0,0,0,0,0,-691.9,2970,437.25,-1334.3,6682.665,1548.25,0,198,0,11,27,27,1,55,1,0,0,0,0,0,0,1,0,1,1,1,0,0,0,0,1,0,0,0,0,0,0,0,0,0,0,0,0,0,0,4,57,0,1,0,0,1,4,34,1,0,0,1,35,5,1,0,0,0,1,7,0,13,34,5,0,22,30,0,6,0,28,0,0,0,52,8,0,0,0,1,0,0,10,4,13,13,7,19
"2015-03-06",66,130,0,0,13,13,104,8,1,1,0,0,0,2,2,0,0,0,12,0,2,2,0,0,0,0,0,0,-782.375,3371.5,827.75,-1319.45,6718.91,1394.25,0,264,0,12,29,25,0,55,2,0,0,0,0,1,0,0,0,0,0,2,0,0,0,0,0,3,0,0,0,0,0,0,0,0,0,0,0,0,0,5,58,0,1,0,0,1,10,33,0,0,0,0,38,1,1,0,0,0,2,8,0,13,38,4,0,21,33,0,2,1,26,0,0,0,56,4,0,0,0,1,0,1,4,8,20,4,15,15
"2015-03-07",50,93,0,2,20,22,76,4,1,2,0,0,0,1,0,0,0,0,9,0,2,2,0,0,0,0,0,0,-266.25,3489.58333333333,431.25,-507.5,5034.60416666667,989.583333333333,50,250,0,13,16,19,2,38,2,0,0,0,0,0,0,0,2,0,0,0,0,0,1,0,1,0,0,0,2,0,0,0,0,0,1,0,0,0,0,6,40,1,0,0,0,1,4,23,0,0,0,0,15,4,1,0,0,0,1,12,0,13,29,3,0,16,28,0,0,0,19,0,0,0,35,8,1,0,0,4,0,0,4,2,16,9,5,14
"2015-03-08",31,67,0,0,5,5,60,0,0,2,0,0,0,1,0,0,0,0,4,0,2,2,0,0,0,0,0,0,-90.1583333333333,2508.41666666667,229.916666666667,-180.1875,3116.49458333333,665.208333333333,31,186,0,5,19,7,0,24,2,0,0,0,0,0,0,0,0,0,0,0,0,0,0,0,0,1,1,0,0,0,0,0,0,0,0,0,0,0,2,2,26,2,0,0,0,0,8,15,0,0,0,0,4,0,1,0,0,0,0,9,0,16,16,0,0,14,14,0,0,0,16,0,0,0,18,7,0,0,0,4,0,0,3,0,7,7,2,12
"2015-03-09",57,106,0,1,20,21,88,8,0,1,0,0,0,2,2,0,0,0,5,0,5,5,0,0,0,0,0,0,-16.625,3944.875,370.5,-321.8125,5742.845,1080.625,0,0,0,16,20,20,1,44,5,0,0,0,0,0,0,0,1,0,0,0,0,0,0,0,0,0,1,0,0,0,0,0,4,0,0,0,0,0,1,6,49,1,0,0,0,2,7,27,0,0,0,0,24,2,0,0,0,0,1,7,0,20,40,1,0,14,25,0,4,0,26,0,2,0,38,9,0,0,0,6,0,0,6,3,20,12,6,10
"2015-03-10",50,100,0,0,11,11,80,5,0,2,1,0,0,2,1,0,0,2,7,0,2,2,0,0,0,0,0,0,202.5,3112.5,304.166666666667,-144.583333333333,5041.9375,902.083333333333,0,50,0,8,22,20,0,42,4,1,0,0,0,0,0,0,0,0,0,0,0,0,0,0,0,0,0,0,0,0,0,0,0,0,0,0,0,0,2,0,47,2,0,0,0,3,6,26,1,0,0,0,25,0,0,0,0,0,1,3,0,16,33,1,0,12,26,0,1,0,21,1,0,0,39,6,0,0,0,0,0,0,8,1,14,6,4,17
"2015-03-11",56,114,0,1,19,20,95,3,1,1,4,0,0,3,0,0,0,0,7,0,3,3,0,0,0,0,3,3,345.1,3194.33333333333,417.666666666667,-122.266666666667,5604.76,1155,0,112,0,17,15,23,1,40,4,4,0,0,0,0,0,0,0,1,0,0,0,0,0,0,0,0,0,0,0,0,0,0,1,0,0,0,0,0,1,2,48,1,0,0,0,6,6,24,2,0,0,0,43,0,0,0,0,0,0,0,0,9,46,1,0,7,29,0,1,1,18,0,4,0,51,3,0,0,0,0,0,0,8,5,18,6,11,8
"2015-03-12",59,108,0,0,8,8,89,6,1,2,1,0,0,2,0,0,0,0,7,0,4,4,0,0,0,0,0,0,-238.95,2259.20833333333,385.958333333333,-973.991666666667,6024.56375,1622.5,0,177,0,7,30,22,0,40,4,1,0,0,0,0,1,0,1,0,2,0,0,0,0,0,0,1,0,0,1,0,0,0,2,0,0,0,0,0,3,7,46,3,1,0,0,1,6,30,0,1,0,0,47,0,2,0,0,0,0,1,0,6,46,0,0,10,29,0,5,0,19,2,1,0,55,0,0,0,0,0,0,0,6,5,19,12,9,8
"2015-03-13",54,97,0,0,25,25,78,5,0,1,1,0,0,4,0,0,0,1,7,0,3,3,0,0,0,0,1,1,-228.375,2763,243,-728.55,5526.9225,868.695652173913,0,216,0,19,16,19,0,38,4,1,0,0,0,0,0,0,0,0,2,0,0,1,0,0,0,1,0,1,1,0,0,0,1,0,0,0,0,0,1,7,43,1,2,0,0,1,5,28,0,0,0,0,42,0,1,0,0,1,0,0,0,7,33,0,0,17,36,0,1,1,13,0,1,0,33,18,0,0,0,1,0,0,5,4,18,10,8,9
"2015-03-14",58,116,0,1,12,13,96,1,2,1,1,0,0,2,3,0,0,1,9,0,1,1,0,0,0,0,0,0,-85.3083333333333,4589.25,219.916666666667,-273.566666666667,5830.8125,961.833333333333,58,290,0,8,21,28,1,46,2,1,0,0,0,0,0,0,1,1,0,1,0,0,0,0,0,1,0,0,0,0,0,0,3,0,0,0,0,0,0,7,49,0,0,0,0,1,8,26,1,0,0,0,18,0,1,0,0,0,2,16,0,18,27,3,1,25,22,0,2,1,30,0,2,0,18,16,2,0,0,19,0,0,4,3,12,12,10,17
"2015-03-15",48,90,0,0,7,7,66,1,2,4,0,0,0,4,4,0,0,0,9,0,2,2,0,0,0,0,0,0,-84.2,4050,252,-202,4806.2,672,48,288,0,5,23,20,0,39,1,0,0,0,0,0,0,0,2,0,1,1,0,0,0,1,0,0,0,0,2,0,0,0,1,0,0,0,0,0,0,8,40,0,0,0,0,0,7,20,0,2,0,0,1,0,1,0,0,0,3,32,0,10,23,2,0,20,17,0,6,0,24,1,0,0,12,14,1,0,0,18,2,0,7,3,11,8,12,7
"2015-03-16",55,107,0,0,5,5,82,7,0,1,0,0,0,1,3,0,0,1,12,0,2,2,0,0,0,0,0,0,-32.5416666666667,3742.29166666667,222.291666666667,-321.291666666667,5516.13333333333,859.375,0,0,0,5,18,32,0,41,4,0,0,0,0,0,0,1,1,0,1,0,0,0,0,0,1,0,0,0,2,0,0,0,2,0,0,0,0,0,1,7,46,1,0,0,0,0,13,21,1,0,0,0,18,2,3,0,0,0,1,7,0,19,38,2,0,12,25,0,6,0,21,0,3,0,31,16,0,1,0,2,0,0,7,1,12,11,9,15
"2015-03-17",46,85,0,0,16,16,70,6,0,2,0,0,0,2,0,0,0,0,5,0,4,4,0,0,0,0,0,0,-50.4083333333333,3028.33333333333,220.416666666667,-330.05,4578.495,1004,0,46,0,13,14,19,0,34,4,0,0,0,0,0,0,0,0,0,0,0,0,0,0,1,0,0,0,0,0,0,0,0,3,0,0,0,0,0,1,4,38,1,0,0,0,3,5,21,2,0,0,0,18,0,1,0,0,0,2,4,0,16,37,0,0,8,21,0,2,0,20,0,1,0,32,6,1,0,0,6,0,0,9,3,16,7,3,8
"2015-03-18",61,121,0,0,19,19,89,13,1,4,1,0,0,2,3,0,0,0,8,0,2,2,0,0,0,0,1,1,-485.204166666667,2445.08333333333,348.208333333333,-1182.6375,6147.17333333333,1397.91666666667,0,122,0,16,20,25,0,50,2,1,0,0,0,0,1,0,0,0,0,0,0,0,0,0,0,1,0,0,1,0,0,0,1,0,0,0,0,0,2,3,54,2,0,0,0,1,12,23,1,1,1,0,45,2,2,1,0,0,1,2,0,4,48,0,0,9,30,0,5,1,21,0,0,0,55,2,0,0,0,0,0,0,4,5,15,14,13,10
"2015-03-19",58,109,0,2,12,14,85,9,0,1,1,0,0,3,3,0,0,0,7,0,3,3,0,0,0,0,1,1,-357.183333333333,2063.83333333333,328.666666666667,-1115.05,5891.44666666667,1254.25,0,174,0,11,21,25,1,40,3,1,0,1,0,0,0,1,1,0,1,1,0,0,0,0,1,3,0,0,1,0,0,0,1,0,0,0,0,0,0,9,46,0,1,0,1,1,6,26,0,0,1,0,48,2,0,0,0,0,0,2,0,2,42,2,0,13,36,0,1,0,18,0,2,0,54,2,0,0,0,0,0,0,4,6,13,13,8,14
"2015-03-20",48,88,0,2,12,14,72,4,0,1,0,0,0,1,3,0,0,1,6,0,3,3,0,0,0,0,0,0,-69.4,2014,342,-621.2,4862.24,816,0,192,0,9,20,17,2,37,3,0,0,0,0,0,0,1,0,0,0,1,0,1,0,0,0,1,0,0,0,0,0,0,1,0,0,0,0,0,1,4,41,1,0,0,0,0,4,25,0,0,0,0,45,0,1,0,0,0,0,0,0,1,35,2,1,9,25,0,3,0,17,0,0,0,41,4,0,0,0,0,0,0,4,4,11,8,10,11
"2015-03-21",54,103,0,0,21,21,94,0,0,0,0,0,0,2,2,0,0,1,4,0,2,2,0,0,0,0,0,0,-58.95,4324.5,312.75,-227.25,5409.3375,1044,54,270,0,13,19,22,0,43,3,0,0,0,0,1,0,0,1,1,1,0,0,0,0,0,0,1,2,0,0,0,0,0,1,0,0,0,0,0,0,7,47,0,3,0,0,0,2,26,0,0,0,0,16,0,7,0,0,0,0,3,0,28,32,4,0,18,34,0,1,0,18,0,0,0,26,8,1,0,1,16,0,0,6,9,11,10,6,12
"2015-03-22",47,98,0,0,11,11,81,0,2,0,1,0,0,3,3,0,0,0,8,0,3,3,0,0,0,0,1,1,-545.004166666667,2428.33333333333,301.583333333333,-922.9625,4744.57166666667,1214.16666666667,47,282,0,9,23,15,0,37,4,0,0,0,0,0,0,0,0,0,0,0,0,0,0,0,0,0,0,0,0,0,0,0,2,0,0,0,0,0,1,2,41,1,0,0,0,0,9,18,0,0,0,0,30,0,6,0,0,0,0,2,0,5,19,0,0,23,23,0,1,0,21,0,0,0,35,8,0,0,0,0,0,0,4,1,11,10,5,16
"2015-03-23",35,73,0,0,10,10,56,5,1,2,0,0,0,3,3,0,0,0,3,0,2,2,0,0,0,0,0,0,-386.166666666667,1764.58333333333,309.166666666667,-676.958333333333,3548.65,737.916666666667,0,0,0,6,16,13,0,28,1,0,0,0,0,0,0,0,0,1,0,0,0,0,0,0,0,1,0,0,0,0,0,0,0,0,0,0,0,0,0,2,29,0,1,0,0,1,4,15,1,0,0,0,33,0,0,0,0,0,0,0,0,1,28,0,0,6,18,0,1,0,12,0,2,0,34,0,0,0,0,0,0,0,1,2,15,5,3,9
"2015-03-24",46,88,0,1,11,12,72,7,0,0,1,0,0,2,2,0,0,0,4,0,2,2,0,0,0,0,1,1,-201.058333333333,2332.58333333333,335.416666666667,-605.666666666667,4684.42916666667,948.75,0,46,0,9,16,20,1,33,2,1,0,0,0,0,0,0,1,1,0,0,0,0,0,0,1,0,0,0,0,0,0,0,1,0,0,0,0,0,0,4,36,0,0,0,0,3,3,21,1,0,0,0,39,1,1,0,0,0,0,0,0,3,38,0,0,8,17,0,2,0,22,1,3,0,44,0,0,0,0,0,0,0,3,6,8,13,7,9
"2015-03-25",41,81,0,0,9,9,62,6,0,2,0,0,0,0,3,0,0,0,8,0,4,4,0,0,0,0,0,0,47.6625,2304.54166666667,252.833333333333,-288.366666666667,4149.88333333333,671.375,0,82,0,7,15,19,0,31,3,0,0,1,0,0,1,0,0,0,1,0,0,0,0,0,0,0,0,0,0,0,0,0,0,0,0,0,0,0,1,1,36,1,0,0,0,1,1,17,0,0,0,0,30,0,0,0,0,0,0,0,0,7,30,0,0,7,16,0,3,0,17,0,1,0,32,5,1,0,0,0,0,0,2,3,7,6,8,15
"2015-03-26",42,78,0,1,10,11,63,3,0,1,0,0,0,2,0,0,0,1,8,0,3,3,0,0,0,0,0,0,150.15,3463.25,295.75,31.15,4196.2375,812,0,126,0,7,18,16,1,33,4,1,0,0,0,0,0,0,2,0,0,0,0,0,0,0,0,0,0,0,0,0,0,0,0,0,0,0,0,0,1,2,38,1,0,0,0,1,5,20,0,0,0,0,15,0,0,0,0,0,0,0,0,22,28,2,0,9,22,0,1,0,16,0,2,0,13,10,13,0,0,0,0,0,2,4,15,11,3,7
"2015-03-27",59,115,0,0,10,10,91,8,0,3,1,0,0,5,4,0,0,0,3,0,1,1,0,0,0,0,1,1,28.025,4552.83333333333,358.916666666667,-198.3875,5897.345,818.625,0,236,0,10,26,23,0,50,2,0,0,0,0,0,0,0,2,0,1,0,0,0,0,0,1,1,0,0,0,0,0,0,0,0,0,0,0,0,1,5,52,1,0,0,0,1,5,30,2,0,0,0,29,0,1,0,0,0,0,1,1,22,46,0,0,10,30,0,4,0,22,0,1,0,36,5,1,0,0,14,0,0,6,1,16,9,11,16
"2015-03-28",63,130,0,0,12,12,108,1,0,0,0,0,1,7,1,0,0,0,12,0,0,0,0,1,1,0,0,0,-319.725,2609.25,438.375,-1040.025,6345.99,1029,63,315,0,9,33,21,0,51,0,0,0,0,0,0,1,0,1,0,0,0,1,0,0,0,0,1,0,0,0,0,0,0,1,0,1,0,0,0,1,4,52,2,1,0,0,2,3,36,0,0,0,0,48,0,7,0,0,0,0,1,0,3,39,0,0,22,35,0,3,1,23,0,1,0,54,4,0,0,0,2,0,0,3,9,17,12,5,17
"2015-03-29",36,75,0,0,7,7,64,1,0,2,0,0,0,2,0,0,0,0,6,0,0,0,0,0,0,0,0,0,-44.55,1315.5,291,-517.5,3634.05,772.5,36,216,0,6,17,13,0,31,1,0,0,0,0,0,0,0,0,0,0,0,0,0,0,0,0,0,0,0,1,0,0,0,0,0,0,0,0,0,1,1,32,1,0,0,0,0,5,16,0,0,0,0,30,0,1,0,0,0,0,1,0,2,19,2,1,14,15,0,0,0,19,0,0,0,33,2,0,0,0,0,0,0,3,3,12,7,2,9
"2015-03-30",48,93,0,2,19,21,75,3,0,1,2,0,0,5,5,0,0,0,2,0,4,4,0,0,0,0,1,1,85,3458,334,-141.2,4769.48,884,0,0,0,13,16,17,2,35,5,2,0,0,0,0,0,0,1,2,1,0,0,0,0,0,0,0,0,0,0,0,0,0,1,0,0,0,0,0,0,5,42,0,0,0,0,2,6,27,0,0,0,0,14,0,1,0,0,0,1,1,0,30,30,2,0,15,21,0,1,0,24,0,0,0,18,10,9,0,0,10,0,0,2,3,15,9,5,14
"2015-03-31",55,102,0,1,13,14,78,8,1,3,0,0,0,4,4,0,0,0,4,0,5,5,0,0,0,0,0,0,-50.6458333333333,2378.75,382.708333333333,-677.645833333333,5497.6625,1352.08333333333,0,55,0,11,21,22,1,44,6,0,0,0,0,0,0,0,0,0,1,0,0,0,0,0,1,0,0,0,0,0,0,0,0,0,0,0,0,0,0,2,50,0,0,0,0,1,10,26,0,0,0,0,51,1,0,0,0,0,0,0,0,1,40,1,0,12,24,0,5,0,24,0,1,0,51,2,0,0,0,0,0,0,4,4,14,10,7,16
"2015-04-01",51,96,0,0,15,15,83,4,0,0,1,0,1,1,1,0,0,0,5,0,1,1,0,0,0,0,1,1,-80.75,1770.125,295.375,-776.9,5145.2625,862.75,0,102,0,11,19,21,0,41,1,1,0,0,0,0,0,0,0,0,0,0,0,0,0,0,0,2,1,0,2,0,0,0,0,0,0,0,0,0,0,5,43,0,2,0,0,0,8,23,0,0,0,0,44,0,1,0,0,0,0,1,0,3,41,2,0,8,22,0,4,1,23,0,1,0,47,2,0,0,0,1,0,0,6,5,14,8,6,12
"2015-04-02",66,127,0,1,21,22,106,5,0,3,1,0,1,1,3,0,0,1,6,0,4,4,0,0,0,0,1,1,223.025,3539.25,368.5,-359.15,6621.23,965.25,0,198,0,16,18,31,1,53,4,1,0,0,0,0,0,1,1,0,0,0,0,0,0,0,0,0,1,0,0,0,0,0,0,0,1,0,0,0,0,2,59,1,0,0,0,1,7,35,0,0,0,0,48,0,0,0,0,0,0,0,0,17,44,0,0,21,39,0,3,1,18,0,1,0,44,9,10,0,1,1,0,0,5,9,16,10,8,18
"2015-04-03",50,102,0,0,15,15,93,2,1,0,1,0,0,0,2,0,0,0,3,0,4,4,0,0,0,0,0,0,459.791666666667,3520.83333333333,395.833333333333,179.791666666667,4983.77083333333,1033.33333333333,0,200,0,11,23,16,0,37,4,1,0,0,0,0,0,1,0,1,0,0,0,0,0,0,1,0,0,0,0,0,0,0,1,0,0,0,0,0,3,3,43,3,0,0,0,0,6,25,1,0,0,0,31,0,0,0,0,0,0,1,0,17,28,0,0,21,26,0,2,0,15,0,2,0,34,3,11,0,0,1,0,0,6,3,16,6,5,14
"2015-04-04",71,134,0,0,19,19,116,3,0,0,0,0,0,4,2,0,0,0,9,0,2,2,0,0,0,0,0,0,-24.85,4688.95833333333,405.291666666667,-516.229166666667,7106.80416666667,988.083333333333,71,355,0,14,32,25,0,56,2,0,0,0,0,0,2,0,1,3,0,0,0,0,0,0,0,0,3,1,0,0,0,0,2,0,0,0,0,1,0,10,60,1,1,0,0,0,8,36,1,1,0,0,24,1,1,0,0,0,2,25,0,18,40,3,0,28,28,0,3,1,37,0,1,0,29,5,7,0,1,24,4,0,4,6,15,17,10,19
"2015-04-05",33,62,0,2,10,12,52,1,0,0,0,0,0,3,3,0,0,1,2,0,4,4,0,0,0,0,0,0,-42.7625,1424.5,158.125,-416.2125,3329.13625,699.875,33,198,0,8,13,11,1,23,4,0,0,0,0,0,0,0,0,0,1,0,0,0,0,0,0,0,1,0,2,0,0,0,1,0,0,0,0,0,0,5,27,0,0,0,0,1,4,13,1,0,0,0,29,0,0,0,0,0,0,0,0,1,17,1,1,11,8,0,1,0,21,0,0,0,27,4,0,0,0,0,0,0,3,3,10,5,8,4
"2015-04-06",33,59,0,0,13,13,48,5,0,1,1,0,0,3,0,0,0,0,1,0,2,2,0,0,0,0,0,0,-15.4,2245.375,176,-203.5,3351.5075,646.25,0,0,0,11,9,13,0,24,3,1,0,0,0,0,0,0,2,0,0,1,0,0,0,0,0,0,0,0,1,0,0,0,1,0,0,0,0,0,0,5,28,0,0,0,0,0,5,18,0,0,0,0,26,0,0,0,0,0,0,0,1,6,21,3,0,8,20,0,1,0,12,0,0,0,17,14,2,0,0,0,0,0,1,3,12,6,5,6
"2015-04-07",49,91,0,1,15,16,69,6,1,1,0,0,1,3,5,0,0,0,5,0,3,3,0,1,1,0,0,0,90.65,2243.79166666667,226.625,-501.6375,4994.18208333333,665.583333333333,0,49,0,13,17,18,1,38,4,0,0,0,0,0,0,0,0,1,1,1,0,0,0,0,0,0,1,0,0,0,0,0,1,0,0,0,0,0,0,5,42,0,0,0,0,1,5,21,0,1,0,0,48,0,0,0,0,0,0,0,0,0,45,0,0,4,33,0,3,0,11,0,0,0,47,1,0,0,0,0,0,0,4,5,11,9,8,12
"2015-04-08",45,82,0,0,14,14,62,7,1,0,4,0,0,1,1,0,0,1,5,0,4,4,0,0,0,0,3,3,77.4375,2195.625,249.375,-414.1875,4593.7875,465,0,90,0,12,15,18,0,32,5,4,0,0,0,0,0,0,1,0,0,0,0,0,0,0,0,0,0,0,1,0,0,0,1,0,0,0,0,0,0,3,41,0,0,0,0,1,10,17,0,0,0,0,35,0,1,0,0,0,0,0,0,7,31,2,1,9,18,0,3,0,22,0,1,0,31,6,3,0,0,3,0,0,1,3,17,3,6,15
"2015-04-09",45,81,0,0,8,8,63,4,1,0,2,0,0,2,4,0,0,0,5,0,5,5,0,0,0,0,1,1,163.125,3358.125,279.375,-27.9375,4566.3375,489.375,0,135,0,8,18,19,0,33,5,2,0,0,0,0,0,0,0,0,0,0,0,0,0,0,0,1,0,0,0,0,0,0,2,0,0,0,0,0,0,3,40,0,0,0,0,1,7,15,1,0,0,0,32,0,0,0,0,0,0,0,0,11,32,0,0,10,24,0,1,1,14,0,2,0,25,7,8,0,0,0,0,0,3,1,13,7,5,16
"2015-04-10",43,78,0,0,15,15,58,5,1,4,1,0,1,2,2,0,0,0,4,0,3,3,0,1,1,0,1,1,276.095833333333,3486.58333333333,378.041666666667,141.3625,4276.04541666667,723.833333333333,0,172,0,12,19,12,0,32,2,0,0,0,0,0,1,0,0,0,3,0,0,0,0,0,0,1,0,1,0,0,0,0,0,1,0,0,0,0,2,5,35,3,1,0,1,2,5,23,0,1,0,0,15,0,0,0,0,0,0,0,1,23,24,5,0,12,24,0,4,0,12,0,1,0,8,11,19,0,0,0,0,1,3,1,13,6,8,12
"2015-04-11",46,88,0,0,16,16,77,3,0,1,1,0,1,2,1,0,0,0,2,0,0,0,0,0,0,0,1,1,268.141666666667,2531.91666666667,379.5,-128.416666666667,4603.43083333333,904.666666666667,46,230,0,10,16,20,0,36,0,1,0,0,0,0,0,0,0,0,2,1,0,0,0,0,0,0,1,0,0,0,0,0,0,0,0,0,0,1,1,4,37,2,1,0,0,2,9,20,0,0,0,0,38,0,0,0,0,0,0,0,0,6,22,3,1,19,24,0,0,2,16,0,2,0,36,6,0,0,0,0,0,2,2,5,13,8,4,14
"2015-04-12",31,63,0,0,7,7,53,1,0,0,3,0,1,2,1,0,0,0,2,0,1,1,0,1,1,0,1,1,299.408333333333,1508.66666666667,362.958333333333,-35.9083333333333,3135.84375,618.708333333333,31,186,0,7,14,10,0,23,1,2,0,0,0,0,0,0,0,0,0,0,0,0,0,0,1,0,0,0,1,0,0,0,1,0,0,0,0,0,1,3,26,1,1,0,0,0,2,15,0,0,0,0,29,0,0,0,0,0,0,0,0,0,19,1,1,10,13,0,0,0,17,0,0,0,28,1,0,0,0,0,0,0,1,4,9,5,5,7
"2015-04-13",46,92,0,0,10,10,78,6,1,0,1,0,1,0,1,0,0,0,4,0,1,1,0,1,1,0,1,1,688.275,1949.25,281.75,69.1916666666667,4635.9375,805,0,0,0,8,22,16,0,39,1,1,0,0,0,0,1,1,1,0,0,0,0,0,0,0,0,1,0,0,0,0,0,0,0,0,0,0,0,0,0,2,43,0,0,0,0,1,6,18,0,0,0,1,38,0,0,0,0,0,0,0,0,3,33,0,0,9,21,0,3,0,18,0,0,0,36,2,3,0,0,0,0,0,7,5,9,5,4,16
"2015-04-14",58,111,0,3,11,14,87,7,0,1,1,0,3,3,0,0,0,0,9,0,2,2,0,1,1,0,1,1,671.833333333333,2815.41666666667,522,-37.7,5845.04666666667,1135.83333333333,0,58,0,8,19,28,3,48,2,0,0,0,0,0,1,0,1,0,0,0,0,0,0,0,0,1,1,0,1,0,0,0,0,0,0,0,0,2,1,4,51,3,1,0,1,1,12,25,1,0,0,0,50,0,0,0,0,1,0,0,0,5,44,1,1,11,25,0,1,2,24,0,3,0,49,5,0,0,0,0,0,0,3,4,14,12,6,19