"Date","NB_Accidents","NB_VEH_IMPLIQUES_ACCDN","NB_MORTS","NB_BLESSES_GRAVES","NB_BLESSES_LEGERS","NB_VICTIMES_TOTAL","nb_automobile_camion_leger","nb_camionLourd_tractRoutier","nb_outil_equipement","nb_tous_autobus_minibus","nb_bicyclette","nb_cyclomoteur","nb_motocyclette","nb_taxi","nb_urgence","nb_motoneige","nb_VHR","nb_autres_types","nb_veh_non_precise","NB_DECES_PIETON","NB_BLESSES_PIETON","NB_VICTIMES_PIETON","NB_DECES_MOTO","NB_BLESSES_MOTO","NB_VICTIMES_MOTO","NB_DECES_VELO","NB_BLESSES_VELO","NB_VICTIMES_VELO","Temp","Rel.Hum","Wind.Spd","Dew.Point.Temp","Stn_Press","Wind.Dir","weekdays","days","SeverityDeadly","SeverityLight Injury","SeverityMaterial High","SeverityMaterial Low","SeveritySevere Injury","as.factor(Accident_Type)31","as.factor(Accident_Type)32","as.factor(Accident_Type)33","as.factor(Accident_Type)34","as.factor(Accident_Type)35","as.factor(Accident_Type)36","as.factor(Accident_Type)37","as.factor(Accident_Type)38","as.factor(Accident_Type)39","as.factor(Accident_Type)40","as.factor(Accident_Type)41","as.factor(Accident_Type)42","as.factor(Accident_Type)43","as.factor(Accident_Type)44","as.factor(Accident_Type)45","as.factor(Accident_Type)46","as.factor(Accident_Type)47","as.factor(Accident_Type)48","as.factor(Accident_Type)49","as.factor(Accident_Type)50","as.factor(Accident_Type)51","as.factor(Accident_Type)52","as.factor(Accident_Type)53","as.factor(Accident_Type)54","as.factor(Accident_Type)55","as.factor(Accident_Type)59","as.factor(Accident_Type)71","as.factor(Accident_Type)72","as.factor(Accident_Type)73","as.factor(Accident_Type)74","as.factor(Accident_Type)75","as.factor(Accident_Type)99","Accident_CategoryFixed Object","Accident_CategoryMoving Object","Accident_CategoryNo Collision","Auth_Speed10","Auth_Speed100","Auth_Speed20","Auth_Speed30","Auth_Speed40","Auth_Speed50","Auth_Speed60","Auth_Speed70","Auth_Speed80","Auth_Speed90","Surface_CondDry","Surface_CondHard snow","Surface_CondIce","Surface_CondMud","Surface_CondOil","Surface_CondSand or gravel","Surface_CondSlush","Surface_CondSnow","Surface_CondWater accumulation","Surface_CondWet","IlluminationDay and clear","IlluminationDay and semi-dark","IlluminationNight and dark","IlluminationNight and lighted","EnvironmentCommercial","EnvironmentForest","EnvironmentIndustrial","EnvironmentPark","EnvironmentResidential","EnvironmentRural","EnvironmentSchool area","WeatherBlack Ice","WeatherClear Sky","WeatherCloudy","WeatherDrizzle","WeatherFoggy","WeatherHeavy Rain","WeatherSnow","WeatherSnowstorms","WeatherStrong Wind","cluster_id_0","cluster_id_1","cluster_id_2","cluster_id_3","cluster_id_4","cluster_id_5"
"2015-04-15",60,112,0,1,16,17,81,15,0,0,3,0,2,5,0,0,0,0,6,0,4,4,0,2,2,0,3,3,597.5,1567.5,322.5,-575.5,6091.475,765,0,120,0,13,21,25,1,45,4,3,0,1,0,0,0,0,0,0,0,0,0,0,0,0,0,0,1,0,2,0,0,0,1,0,0,0,1,0,0,4,53,1,0,0,0,2,7,23,0,1,0,0,54,0,0,0,0,1,0,0,0,1,54,1,0,3,27,0,5,1,24,0,1,0,57,0,0,0,0,0,0,0,7,2,20,4,12,15
"2015-04-16",56,106,0,1,13,14,79,11,1,1,3,0,1,2,2,0,0,0,6,0,4,4,0,1,1,0,1,1,590.8,1362.66666666667,261.333333333333,-515.666666666667,5694.08,835.333333333333,0,168,0,12,21,22,1,37,4,2,0,1,0,0,0,0,0,0,1,1,0,0,0,0,0,1,0,0,1,0,0,0,1,2,0,0,0,0,1,5,44,3,0,0,0,0,9,21,0,0,0,0,51,0,0,0,0,1,0,0,0,3,44,2,0,9,24,0,7,0,21,1,3,0,53,1,1,0,0,0,0,0,6,2,18,9,7,14
"2015-04-17",58,115,0,2,16,18,90,4,1,4,2,0,1,2,1,0,0,1,9,0,1,1,0,0,0,0,2,2,833.508333333333,2856.5,509.916666666667,194.3,5816.14333333333,1143.08333333333,0,232,0,12,17,27,2,49,0,1,0,0,0,0,0,0,0,0,0,0,0,0,0,1,0,0,0,0,0,1,0,0,0,0,1,0,0,0,2,2,50,3,0,0,0,1,15,26,1,0,0,0,49,0,0,0,0,0,0,0,0,1,48,1,0,6,36,0,4,1,15,0,1,0,48,2,0,0,0,0,0,0,6,4,17,9,4,18
"2015-04-18",39,76,0,1,7,8,66,3,0,1,1,0,0,2,0,0,0,0,3,0,2,2,0,0,0,0,1,1,266.6625,2156.375,235.625,-68.25,3927.17,440.375,39,195,0,5,16,17,1,33,1,1,0,0,0,0,0,0,1,0,0,0,0,0,0,0,0,1,0,0,0,0,0,0,2,0,0,0,0,0,0,4,35,0,0,0,0,0,2,22,1,0,0,0,35,0,0,0,0,0,0,0,0,2,21,3,0,13,20,0,2,0,15,0,0,0,27,9,1,0,0,0,0,0,2,1,10,6,7,13
"2015-04-19",40,79,0,1,18,19,66,1,0,0,3,0,1,1,2,0,0,0,5,0,5,5,0,0,0,0,3,3,289.333333333333,1776.66666666667,200,-200.666666666667,4061.26666666667,458.333333333333,40,240,0,14,15,10,1,29,4,3,0,0,0,0,0,0,0,0,1,0,0,0,0,0,0,1,0,0,0,0,0,0,0,0,0,0,0,0,1,2,36,1,1,0,0,0,5,18,0,0,0,0,36,0,0,0,0,0,0,0,1,0,28,2,1,6,22,0,3,0,15,0,0,0,35,1,0,0,0,0,0,0,7,2,15,3,5,8
"2015-04-20",32,64,0,0,6,6,49,1,0,2,1,0,1,1,3,0,0,0,6,0,1,1,0,0,0,0,1,1,272.266666666667,2018.66666666667,158.666666666667,45.8666666666667,3207.82666666667,389.333333333333,0,0,0,6,13,13,0,28,1,0,0,0,0,0,0,0,0,0,0,0,0,0,0,0,0,1,0,0,0,0,0,0,0,0,0,0,0,0,1,1,29,1,0,0,0,0,5,13,1,0,0,0,11,0,0,0,0,0,0,0,0,20,27,1,0,4,11,0,4,1,16,0,0,0,8,9,14,0,1,0,0,0,3,2,9,6,8,4
"2015-04-21",46,88,0,1,13,14,67,6,0,2,1,1,1,2,2,0,0,1,5,0,3,3,0,1,1,0,1,1,452.333333333333,3214.25,314.333333333333,176.525,4564.59916666667,789.666666666667,0,46,0,9,13,23,1,35,3,1,0,0,0,0,0,0,0,0,0,0,0,0,0,0,0,0,1,0,0,0,0,0,0,0,0,0,0,0,4,1,39,4,0,0,0,1,8,22,0,0,0,0,25,0,0,0,0,0,0,0,1,14,32,2,0,8,25,0,1,0,14,0,2,0,22,4,11,0,1,0,0,0,2,2,14,10,5,13
"2015-04-22",58,108,0,1,21,22,80,9,0,3,3,0,1,3,3,0,0,0,6,0,2,2,0,0,0,0,3,3,399.475,4192.91666666667,333.5,125.666666666667,5761.84083333333,1128.58333333333,0,116,0,16,17,24,1,41,3,3,0,0,0,0,0,0,2,0,1,0,0,0,0,0,0,1,0,0,0,0,0,0,3,0,0,0,0,1,0,7,47,1,1,0,0,2,6,34,0,0,0,0,27,0,0,1,0,0,0,0,0,27,46,3,0,7,29,0,2,0,22,0,2,0,22,20,12,0,0,0,0,0,6,8,20,12,5,7
"2015-04-23",50,96,0,0,7,7,76,6,0,2,1,0,0,2,2,0,0,0,7,0,0,0,0,0,0,0,1,1,214.583333333333,3458.33333333333,462.5,-57.5,4960.85416666667,991.666666666666,0,150,0,5,19,26,0,37,3,1,0,0,0,0,1,0,0,0,1,0,0,0,1,0,0,0,0,0,0,0,0,0,2,0,0,0,0,0,1,4,42,1,1,0,0,1,2,21,1,0,0,0,34,0,0,0,0,0,0,0,0,13,37,5,0,6,21,0,2,1,20,0,1,0,23,17,6,1,0,0,0,0,4,1,16,5,9,15
"2015-04-24",53,100,0,0,16,16,84,6,0,2,1,0,0,0,3,0,0,0,4,0,1,1,0,0,0,0,1,1,117.041666666667,3051.91666666667,306.958333333333,-286.420833333333,5296.59916666667,1358.125,0,212,0,11,20,22,0,41,1,1,0,0,0,0,0,0,0,0,1,1,0,1,0,0,0,2,0,0,1,0,0,0,1,0,0,0,1,0,0,7,43,1,0,0,0,3,7,23,0,0,0,0,49,0,0,0,0,0,0,0,0,3,31,0,2,18,25,0,4,0,20,0,1,0,29,23,0,0,0,0,0,0,10,5,9,8,8,13
"2015-04-25",39,89,0,0,6,6,76,5,0,1,1,0,0,0,0,0,0,0,6,0,0,0,0,0,0,0,1,1,235.95,2162.875,185.25,-94.25,3896.14875,750.75,39,195,0,4,20,15,0,33,0,1,0,0,0,0,0,0,1,0,0,0,0,0,0,1,0,1,0,0,0,0,0,0,1,0,0,0,0,0,0,4,34,0,0,0,1,1,9,14,0,0,0,0,39,0,0,0,0,0,0,0,0,0,24,1,0,12,11,0,3,0,23,0,2,0,26,13,0,0,0,0,0,0,4,5,10,4,6,10
"2015-04-26",52,105,0,1,18,19,88,2,0,0,0,1,0,5,1,0,0,0,8,0,3,3,0,0,0,0,0,0,417.733333333333,3219.66666666667,210.166666666667,53.3,5184.24833333333,1050.83333333333,52,312,0,10,24,17,1,44,2,0,0,0,0,0,0,0,0,0,0,0,0,0,0,0,0,0,2,0,0,0,0,0,1,0,0,0,0,0,0,3,46,0,1,0,1,1,7,23,0,1,0,0,45,0,0,0,0,0,0,0,0,6,30,1,0,20,22,1,4,0,24,0,1,0,33,15,2,0,0,0,0,0,2,2,16,10,9,13
"2015-04-27",45,88,0,0,22,22,68,10,0,3,2,0,0,1,1,0,0,0,3,0,2,2,0,0,0,0,2,2,442.125,3108.75,234.375,187.3125,4491.76875,457.5,0,0,0,16,17,12,0,37,3,2,0,0,0,0,0,0,1,0,0,0,0,0,0,0,0,0,0,0,0,0,0,0,0,0,0,0,0,0,0,1,42,0,1,0,0,1,8,23,0,1,0,0,30,0,0,0,0,0,0,0,0,14,34,3,0,7,27,0,2,0,14,0,1,0,19,18,7,0,0,0,0,0,6,7,12,4,10,6
"2015-04-28",53,107,0,0,14,14,86,11,1,1,0,1,1,2,3,0,0,0,1,0,3,3,0,1,1,0,0,0,694.741666666667,2658.83333333333,236.291666666667,119.029166666667,5305.71958333333,512.333333333333,0,53,0,11,15,27,0,43,3,0,0,0,0,0,0,0,0,0,0,0,0,0,0,1,0,0,0,0,2,0,0,0,0,0,0,0,0,0,0,3,46,0,1,0,0,2,7,22,1,0,0,0,52,0,0,0,0,0,0,0,0,0,44,2,0,5,28,0,1,2,14,0,2,0,50,1,0,0,0,0,0,0,7,3,15,11,5,12
"2015-04-29",61,124,0,0,29,29,101,4,1,5,1,1,1,0,5,0,0,0,5,0,4,4,0,0,0,0,1,1,741.9125,3088.125,360.916666666667,129.370833333333,6093.01041666667,325.333333333333,0,122,0,19,22,20,0,48,4,1,0,0,0,0,0,0,0,0,0,1,0,0,0,1,0,0,0,0,1,0,0,0,1,0,0,0,0,0,1,4,53,1,0,0,0,1,8,35,0,1,0,0,56,0,0,0,0,0,0,0,0,0,53,1,1,4,21,0,7,0,28,0,3,0,55,2,0,0,0,0,0,0,5,4,9,12,11,20
"2015-04-30",69,131,0,1,32,33,96,9,0,2,9,0,6,3,0,0,0,0,6,0,4,4,0,4,4,0,5,5,828.2875,3921.5,376.625,229.1375,6919.98125,526.125,0,207,0,20,26,22,1,41,6,9,0,0,0,0,0,0,2,0,0,0,0,0,0,0,0,0,1,0,1,0,0,0,1,0,1,0,0,0,1,5,56,2,1,0,0,1,12,25,1,0,0,0,66,0,0,0,0,0,0,0,0,0,57,1,0,9,36,0,2,2,23,0,4,0,66,1,0,0,0,0,0,0,9,5,19,10,10,16
"2015-05-01",81,152,0,0,30,30,112,8,0,3,8,1,4,2,4,0,0,0,10,0,2,2,0,3,3,0,5,5,1111.3875,4512.375,388.125,372.2625,8143.74,1130.625,0,324,0,22,24,35,0,56,2,7,0,0,0,0,0,0,0,0,1,0,0,1,0,0,0,1,2,0,0,0,0,0,2,0,0,0,0,1,2,7,65,3,0,0,0,3,9,40,0,0,0,0,75,0,0,0,0,1,0,0,0,2,58,2,0,18,36,0,6,0,36,0,1,0,72,4,2,0,0,0,0,0,16,2,21,11,11,20
"2015-05-02",52,102,0,0,13,13,81,0,1,6,2,1,1,3,0,0,0,0,7,0,1,1,0,1,1,0,2,2,914.116666666667,2129.83333333333,288.166666666667,132.166666666667,5219.19666666667,1131,52,260,0,12,21,19,0,40,1,2,0,0,0,0,0,0,0,0,1,0,1,0,0,0,0,0,1,0,1,0,0,0,1,0,0,0,0,0,2,5,43,2,1,0,0,1,4,29,0,1,0,0,50,0,0,0,0,0,0,0,0,0,31,1,0,17,31,0,1,0,17,0,1,0,49,1,0,0,0,0,0,0,3,5,16,7,12,9
"2015-05-03",46,89,0,0,10,10,71,3,0,2,2,0,1,3,3,0,0,0,4,0,3,3,0,0,0,0,1,1,897.766666666667,1648.33333333333,369.916666666667,164.45,4626.52666666667,912.333333333333,46,276,0,8,20,18,0,32,3,2,0,0,0,0,0,0,0,1,0,1,0,0,0,0,0,2,0,0,1,0,0,0,1,0,0,0,0,0,1,6,37,1,0,0,0,1,12,19,0,1,0,0,45,0,0,0,0,0,0,0,0,0,24,2,1,15,14,0,2,0,26,1,1,0,43,1,0,0,0,0,0,0,5,5,12,6,5,13
"2015-05-04",61,115,0,0,26,26,83,11,0,3,4,2,1,2,2,0,0,0,7,0,6,6,0,1,1,0,4,4,1268.8,2673.83333333333,612.541666666667,401.583333333333,6140.565,1169.16666666667,0,0,0,22,25,14,0,43,5,4,0,0,0,0,1,1,1,0,0,0,0,0,0,0,0,0,0,0,0,0,0,0,1,0,0,0,0,0,3,2,54,3,0,0,0,4,8,25,2,0,0,0,50,0,0,0,0,0,0,0,1,8,45,3,0,10,25,0,6,0,27,0,2,0,46,4,7,0,0,0,0,2,10,5,16,10,9,11
"2015-05-05",52,100,0,1,18,19,77,2,0,1,6,0,3,1,1,0,0,0,9,0,1,1,0,2,2,0,5,5,827.45,2387.66666666667,325,155.133333333333,5270.87166666667,1076.83333333333,0,52,0,14,17,20,1,34,2,7,0,0,0,0,0,0,1,1,1,0,0,0,0,0,0,0,0,0,0,0,0,0,1,0,1,0,0,0,0,4,43,1,0,0,0,3,11,28,0,0,0,0,49,0,0,0,0,0,0,0,0,1,40,4,0,7,21,0,2,0,26,0,3,0,50,0,0,0,0,0,0,0,6,2,16,3,12,13
"2015-05-06",74,141,0,1,19,20,110,9,0,2,6,0,2,3,3,0,0,1,5,0,7,7,0,0,0,0,6,6,1366.225,2417.33333333333,570.416666666667,57.9666666666667,7501.22583333333,1640.33333333333,0,148,0,16,33,24,1,52,5,6,0,0,0,0,2,0,0,1,1,0,0,0,0,0,0,0,0,0,0,0,0,1,2,0,0,0,0,0,0,5,65,0,0,0,1,3,7,34,2,0,0,0,72,0,0,0,0,0,0,0,0,0,66,0,0,6,43,0,5,1,16,0,4,0,72,0,0,0,0,0,0,0,10,2,26,11,12,13
"2015-05-07",69,142,1,0,21,22,115,4,0,0,8,2,1,2,1,0,0,0,9,1,1,2,0,0,0,0,5,5,1476.025,2001,690,148.35,6968.39625,1440.375,0,207,1,15,22,31,0,54,2,7,0,0,0,1,1,0,1,0,0,0,0,0,0,0,0,0,0,0,1,0,0,0,0,0,0,0,0,0,0,2,65,0,0,0,1,3,14,27,0,1,0,0,67,0,0,0,0,0,0,0,0,0,55,0,0,10,38,0,2,0,24,1,4,0,66,0,0,0,0,0,0,0,4,7,20,10,4,24
"2015-05-08",81,156,0,0,22,22,125,9,0,1,1,2,3,2,2,0,0,1,10,0,6,6,0,1,1,0,0,0,1849.5,3219.75,465.75,639.5625,8168.58,1336.5,0,324,0,15,30,36,0,58,5,1,0,0,0,1,0,0,0,2,0,1,0,0,0,0,0,0,3,0,1,0,0,0,1,0,1,0,0,0,1,8,65,2,0,0,1,1,7,35,0,0,0,0,76,0,0,0,1,0,0,0,0,0,61,2,0,16,50,0,3,0,23,0,0,0,76,1,0,0,0,0,0,0,6,5,26,17,11,16
"2015-05-09",47,95,0,1,14,15,77,3,0,1,2,1,1,3,2,0,0,0,5,0,2,2,0,1,1,0,1,1,1039.67916666667,2669.20833333333,201.708333333333,604.929166666667,4741.96708333333,812.708333333333,47,235,0,9,14,23,1,37,2,2,0,0,0,0,0,0,0,1,1,1,0,0,0,0,0,0,0,0,0,0,0,0,1,0,0,0,0,0,1,4,41,1,1,0,1,1,6,19,2,0,0,0,39,0,0,0,0,0,0,0,1,6,35,1,1,8,26,0,1,2,17,0,0,0,31,10,4,0,1,0,0,0,1,6,14,9,7,10
"2015-05-10",41,77,0,0,13,13,64,1,0,2,3,0,0,0,0,0,0,1,6,0,0,0,0,0,0,0,1,1,771.825,3100.625,199.875,586.983333333333,4137.56625,681.625,41,246,0,9,12,20,0,31,0,3,0,0,0,0,0,0,0,0,0,0,0,0,1,0,0,1,0,0,0,0,0,0,3,0,0,0,0,0,0,5,34,0,0,0,0,1,5,19,0,0,0,0,37,0,0,0,0,0,0,0,0,2,26,3,0,10,22,0,1,1,15,0,0,0,30,7,3,0,0,0,0,0,5,1,13,8,4,10
"2015-05-11",48,91,0,1,13,14,72,7,0,2,1,1,0,2,1,0,0,0,5,0,5,5,0,0,0,0,1,1,459.8,4386,252,392.8,4844.34,216,0,0,0,12,22,13,1,33,4,1,0,0,0,0,0,0,1,0,0,0,0,0,0,0,0,0,0,0,1,0,0,0,2,0,0,0,0,1,1,4,38,2,1,0,0,1,10,22,1,0,0,0,23,0,0,0,0,0,0,0,0,23,30,7,0,9,21,0,5,1,17,0,1,0,9,18,16,1,1,0,0,0,5,0,13,7,7,16
"2015-05-12",61,115,0,0,23,23,96,1,0,1,5,0,1,4,5,0,0,0,2,0,3,3,0,0,0,0,4,4,879.991304347826,4796.125,416.833333333333,630.841666666667,6078.31958333333,884.5,0,61,0,18,17,26,0,45,4,5,0,0,0,0,0,2,2,0,0,0,0,0,0,0,0,1,1,0,0,0,0,0,0,0,0,0,0,0,0,4,56,0,0,0,0,2,8,31,1,1,0,0,37,0,0,0,0,0,0,0,0,23,49,4,1,7,36,0,2,0,21,0,2,0,34,15,8,0,2,0,0,1,3,4,22,8,8,16
"2015-05-13",51,108,0,1,18,19,87,3,1,4,5,1,1,1,1,0,0,0,4,0,3,3,0,0,0,0,3,3,630.275,2254.625,246.5,-37.1875,5143.9875,1039.125,0,102,0,12,23,15,1,39,2,4,0,0,0,0,0,0,0,0,0,0,0,0,0,0,0,1,1,0,0,0,0,0,1,0,0,0,0,0,2,3,45,2,0,0,0,0,4,35,0,0,0,0,50,0,0,0,0,0,0,0,0,0,40,0,1,10,29,0,1,0,21,0,0,0,48,2,0,0,0,0,0,0,2,4,13,6,10,16
"2015-05-14",74,146,0,0,25,25,111,4,0,3,8,1,3,3,2,0,0,1,10,0,4,4,0,2,2,0,8,8,1018.11666666667,2442,514.916666666667,-171.125,7529.43833333333,1603.33333333333,0,222,0,24,24,26,0,54,4,8,0,0,0,1,0,1,0,0,1,0,0,0,0,0,0,0,0,0,0,0,0,0,0,0,0,0,0,0,2,1,68,2,0,0,0,4,16,31,2,1,0,0,66,0,0,0,0,0,0,0,0,2,59,0,1,11,34,0,6,0,27,0,4,0,69,2,0,0,0,0,0,0,5,8,21,19,5,16
"2015-05-15",70,134,0,1,18,19,103,10,0,3,4,0,2,3,2,0,0,0,7,0,4,4,0,0,0,0,4,4,1117.66666666667,2347.91666666667,527.916666666667,-60.9583333333333,7094.99583333333,1274.58333333333,0,280,0,14,32,23,1,57,4,4,0,0,0,0,1,0,0,0,0,1,0,0,0,0,0,1,0,0,0,0,0,0,2,0,0,0,0,0,0,4,66,0,1,0,0,3,10,28,0,0,0,0,67,0,0,0,0,0,0,0,0,1,57,0,0,10,30,0,4,1,33,0,1,0,61,4,1,0,0,0,0,0,8,5,26,6,8,17
"2015-05-16",45,84,1,1,14,16,74,1,0,0,0,0,0,3,2,0,0,1,3,0,2,2,0,0,0,0,0,0,813.5625,2679.375,191.25,437.8125,4538.55,879.375,45,225,1,10,11,22,1,34,2,0,0,0,0,0,0,0,0,1,0,0,0,0,0,0,0,2,0,0,0,0,0,0,1,0,0,1,0,0,0,4,36,1,1,0,0,2,4,19,2,0,0,0,41,0,0,0,0,0,0,0,0,0,29,5,1,9,18,0,4,1,20,0,1,0,29,13,0,0,0,0,0,0,5,4,14,8,7,7
"2015-05-17",44,84,0,0,14,14,61,1,0,2,4,2,2,3,4,0,0,0,5,0,0,0,0,2,2,0,3,3,880.55,2354,163.166666666667,421.483333333333,4450.06833333333,814,44,264,0,8,18,18,0,29,0,2,0,0,0,1,0,0,1,0,2,0,0,0,0,0,0,0,1,0,2,0,0,0,0,0,1,0,0,0,2,6,32,3,1,0,0,3,8,15,0,0,0,0,43,0,0,0,0,0,0,0,0,0,27,2,2,12,17,0,1,3,22,0,0,0,41,2,0,0,0,0,0,0,3,3,15,14,4,5
"2015-05-18",48,93,0,2,12,14,75,4,0,0,7,0,2,1,0,0,0,0,4,0,3,3,0,1,1,0,5,5,1021,2976,216,629.2,4834.24,798,0,0,0,11,17,18,2,32,3,6,0,0,0,0,0,0,0,0,1,0,0,0,0,0,0,1,1,0,0,0,0,0,0,0,0,0,0,0,0,3,41,0,0,0,0,0,7,22,0,0,0,0,37,0,0,0,0,0,0,0,0,7,30,1,0,13,20,0,1,1,23,0,0,0,35,3,3,0,3,0,0,0,0,4,13,8,6,17
"2015-05-19",58,117,0,0,18,18,92,11,0,1,3,0,1,2,0,0,0,0,7,0,1,1,0,0,0,0,3,3,1192.38333333333,3922.25,420.5,794.841666666667,5788.37583333333,961.833333333333,0,58,0,14,24,20,0,48,1,3,0,0,0,0,0,0,0,0,0,1,0,0,0,0,0,0,1,0,0,0,0,0,0,0,0,0,0,0,0,2,52,0,2,0,0,3,4,32,0,0,0,0,52,0,0,0,0,0,0,0,0,5,47,2,0,8,31,0,4,1,22,0,0,0,40,14,2,0,0,0,0,0,8,4,11,7,6,22
"2015-05-20",79,152,0,0,27,27,112,11,1,4,6,0,1,3,1,0,0,0,13,0,7,7,0,0,0,0,4,4,922.983333333333,3301.54166666667,457.541666666667,-153.720833333333,7908.75583333333,1915.75,0,158,0,20,35,24,0,61,4,5,0,0,0,0,1,0,0,1,1,0,0,0,0,0,0,0,0,0,1,0,0,0,1,0,0,0,0,0,1,4,71,1,0,0,0,1,11,42,0,0,0,0,74,0,0,0,0,0,0,1,0,0,61,1,1,14,41,0,6,1,30,0,0,0,64,10,0,0,0,0,0,0,9,7,14,17,9,23
"2015-05-21",65,119,0,0,15,15,94,13,1,2,3,1,1,0,0,0,0,0,4,0,4,4,0,1,1,0,3,3,918.666666666667,2897.91666666667,685.208333333333,83.6875,6504.19791666667,1321.66666666667,0,195,0,14,27,24,0,47,4,3,0,0,0,0,0,1,0,0,0,1,0,0,0,1,0,2,0,0,0,0,0,0,2,0,0,0,0,0,1,6,55,1,0,0,0,1,8,39,0,1,0,0,64,0,0,0,0,0,0,0,0,0,57,4,0,4,32,0,6,0,26,0,1,0,61,1,1,0,0,0,0,0,9,5,19,11,8,13
"2015-05-22",62,120,0,0,19,19,86,11,1,3,2,0,2,2,4,0,0,1,8,0,6,6,0,1,1,0,1,1,586.416666666667,3156.83333333333,346.166666666667,-48.3083333333333,6227.95166666667,1400.16666666667,0,248,0,16,23,23,0,42,6,2,0,0,0,0,0,0,0,1,1,0,0,1,0,0,0,1,0,0,1,0,0,0,0,0,0,0,0,0,2,5,50,2,0,0,0,5,4,32,2,1,0,0,56,0,0,0,0,0,0,0,0,3,47,3,0,11,27,0,3,0,28,0,1,0,49,9,1,0,0,0,0,0,10,5,14,11,10,12
"2015-05-23",41,82,0,2,16,18,63,2,0,1,3,2,3,1,2,0,0,0,5,0,1,1,0,3,3,0,1,1,390.866666666667,1686.125,334.833333333333,-149.1375,4158.16875,886.625,41,205,0,11,14,15,1,31,1,3,0,0,0,0,0,0,0,1,0,0,0,0,0,0,0,1,0,0,1,0,0,0,0,0,0,0,0,1,1,3,35,2,0,0,0,2,1,17,1,1,0,0,39,0,0,0,0,0,0,0,0,0,24,1,0,14,26,0,2,0,12,1,0,0,37,2,0,0,0,0,0,0,3,4,13,2,8,11
"2015-05-24",44,87,0,1,21,22,70,1,0,0,2,0,2,2,0,0,0,1,9,0,3,3,0,1,1,0,2,2,814.183333333333,1659.16666666667,471.166666666667,152.716666666667,4440.60833333333,854.333333333333,44,264,0,13,14,16,1,32,2,1,0,0,0,0,0,0,0,0,3,0,0,0,0,0,0,2,0,0,0,0,0,0,1,0,0,0,0,0,0,6,35,0,1,0,1,1,15,15,0,0,0,0,41,0,0,0,0,0,0,0,0,0,29,5,0,8,20,0,1,0,22,0,1,0,38,3,0,0,0,0,0,0,4,1,14,6,7,12
"2015-05-25",64,121,0,1,20,21,104,5,0,0,6,1,0,1,0,0,0,0,4,0,4,4,0,0,0,0,4,4,1144.26666666667,4416,469.333333333333,731.2,6460.34666666667,1181.33333333333,0,0,0,19,22,22,1,45,4,6,0,0,0,0,1,0,0,0,1,1,0,0,0,0,0,0,0,0,0,0,1,0,2,0,0,0,0,0,0,5,56,0,0,0,0,2,7,27,0,0,0,0,22,0,0,0,0,0,0,0,0,38,52,2,0,7,31,0,4,0,24,0,3,0,10,16,27,1,5,1,0,0,6,2,17,12,13,14
"2015-05-26",58,105,0,2,20,22,80,9,0,2,4,1,2,1,2,0,0,1,3,0,6,6,0,1,1,0,4,4,1349.225,4004.41666666667,476.083333333333,966.908333333333,5833.5675,1094.75,0,58,0,18,24,14,2,39,7,4,0,0,0,0,0,0,1,0,0,1,0,0,0,0,0,2,0,0,2,0,0,0,0,0,1,0,0,0,0,6,50,1,0,0,0,4,9,22,1,0,0,0,50,0,0,0,0,0,0,0,0,4,49,1,0,6,27,0,2,0,26,0,1,0,50,3,2,0,0,0,0,0,3,5,20,12,8,10
"2015-05-27",71,140,0,0,26,26,104,9,0,4,5,1,3,2,2,0,0,0,10,0,7,7,0,3,3,0,4,4,1756.65833333333,4425.66666666667,529.541666666667,1203.45,7134.08,1316.45833333333,0,142,0,22,24,25,0,49,8,4,0,0,0,0,0,0,0,0,0,0,0,0,0,0,0,0,0,1,0,0,0,0,1,0,1,0,0,0,1,2,61,2,1,0,0,3,12,27,0,0,0,0,65,0,0,0,0,0,0,0,0,0,58,1,0,8,35,0,1,1,30,0,1,0,59,8,0,0,0,0,0,0,6,5,22,12,7,19
"2015-05-28",51,102,0,0,10,10,71,6,0,0,7,0,0,2,4,0,0,0,12,0,0,0,0,0,0,0,5,5,1013.8375,3803.75,327.25,773.2875,5146.47375,1102.875,0,153,0,10,15,26,0,40,0,5,0,0,0,0,0,0,0,0,2,0,0,0,0,0,0,0,0,0,2,0,0,0,0,0,0,0,0,0,0,4,45,0,0,0,0,2,10,18,0,0,0,0,38,0,0,0,0,0,0,0,0,8,35,1,0,13,18,0,3,1,25,0,1,0,26,17,4,0,0,0,0,0,6,5,13,5,6,16
"2015-05-29",80,162,0,0,14,14,117,13,0,3,9,2,1,2,1,0,0,0,14,0,1,1,0,0,0,0,3,3,1584.33333333333,4966.66666666667,316.666666666667,948.666666666667,8114.43333333333,1443.33333333333,0,320,0,11,33,36,0,62,1,9,0,0,0,0,1,0,1,0,0,0,0,0,0,0,0,0,0,0,0,0,0,0,0,0,0,0,0,0,1,1,73,1,0,0,0,0,9,37,0,0,0,0,74,0,0,0,0,0,0,0,0,0,58,3,0,14,38,0,7,0,32,0,0,0,70,3,0,0,0,0,0,0,5,8,20,10,13,24