"Date","NB_Accidents","NB_VEH_IMPLIQUES_ACCDN","NB_MORTS","NB_BLESSES_GRAVES","NB_BLESSES_LEGERS","NB_VICTIMES_TOTAL","nb_automobile_camion_leger","nb_camionLourd_tractRoutier","nb_outil_equipement","nb_tous_autobus_minibus","nb_bicyclette","nb_cyclomoteur","nb_motocyclette","nb_taxi","nb_urgence","nb_motoneige","nb_VHR","nb_autres_types","nb_veh_non_precise","NB_DECES_PIETON","NB_BLESSES_PIETON","NB_VICTIMES_PIETON","NB_DECES_MOTO","NB_BLESSES_MOTO","NB_VICTIMES_MOTO","NB_DECES_VELO","NB_BLESSES_VELO","NB_VICTIMES_VELO","Temp","Rel.Hum","Wind.Spd","Dew.Point.Temp","Stn_Press","Wind.Dir","weekdays","days","SeverityDeadly","SeverityLight Injury","SeverityMaterial High","SeverityMaterial Low","SeveritySevere Injury","as.factor(Accident_Type)31","as.factor(Accident_Type)32","as.factor(Accident_Type)33","as.factor(Accident_Type)34","as.factor(Accident_Type)35","as.factor(Accident_Type)36","as.factor(Accident_Type)37","as.factor(Accident_Type)38","as.factor(Accident_Type)39","as.factor(Accident_Type)40","as.factor(Accident_Type)41","as.factor(Accident_Type)42","as.factor(Accident_Type)43","as.factor(Accident_Type)44","as.factor(Accident_Type)45","as.factor(Accident_Type)46","as.factor(Accident_Type)47","as.factor(Accident_Type)48","as.factor(Accident_Type)49","as.factor(Accident_Type)50","as.factor(Accident_Type)51","as.factor(Accident_Type)52","as.factor(Accident_Type)53","as.factor(Accident_Type)54","as.factor(Accident_Type)55","as.factor(Accident_Type)59","as.factor(Accident_Type)71","as.factor(Accident_Type)72","as.factor(Accident_Type)73","as.factor(Accident_Type)74","as.factor(Accident_Type)75","as.factor(Accident_Type)99","Accident_CategoryFixed Object","Accident_CategoryMoving Object","Accident_CategoryNo Collision","Auth_Speed10","Auth_Speed100","Auth_Speed20","Auth_Speed30","Auth_Speed40","Auth_Speed50","Auth_Speed60","Auth_Speed70","Auth_Speed80","Auth_Speed90","Surface_CondDry","Surface_CondHard snow","Surface_CondIce","Surface_CondMud","Surface_CondOil","Surface_CondSand or gravel","Surface_CondSlush","Surface_CondSnow","Surface_CondWater accumulation","Surface_CondWet","IlluminationDay and clear","IlluminationDay and semi-dark","IlluminationNight and dark","IlluminationNight and lighted","EnvironmentCommercial","EnvironmentForest","EnvironmentIndustrial","EnvironmentPark","EnvironmentResidential","EnvironmentRural","EnvironmentSchool area","WeatherBlack Ice","WeatherClear Sky","WeatherCloudy","WeatherDrizzle","WeatherFoggy","WeatherHeavy Rain","WeatherSnow","WeatherSnowstorms","WeatherStrong Wind","cluster_id_0","cluster_id_1","cluster_id_2","cluster_id_3","cluster_id_4","cluster_id_5"
"2015-05-30",58,113,0,2,14,16,93,2,0,2,1,1,2,1,2,0,0,0,9,0,3,3,0,0,0,0,1,1,1372.18333333333,3692.66666666667,415.666666666667,931.625,5823.17583333333,1133.41666666667,58,290,0,12,30,15,1,45,3,1,0,0,0,0,0,0,1,0,0,0,0,0,0,0,0,0,1,0,0,0,0,0,1,1,0,0,0,1,4,3,49,6,0,0,1,1,5,32,0,0,0,0,42,0,0,0,0,0,0,0,0,15,27,1,0,28,19,0,2,4,30,1,1,0,36,10,11,0,0,0,0,0,7,1,18,10,6,16
"2015-05-31",39,73,1,1,14,16,66,2,0,1,0,1,0,2,0,0,0,0,1,1,1,2,0,0,0,0,0,0,447.0375,2318.875,195,135.0375,3956.53375,230.75,39,234,1,9,17,11,1,32,2,0,0,0,0,0,0,0,1,1,0,0,0,0,0,0,0,0,1,0,0,0,0,0,0,0,0,0,0,0,1,3,34,1,0,0,0,3,4,18,0,0,0,0,27,0,0,0,0,0,0,0,0,10,24,0,0,14,20,0,1,0,17,0,1,0,18,11,9,0,0,0,0,0,1,5,14,4,4,11
"2015-06-01",74,145,0,2,14,16,116,11,0,1,2,0,1,2,5,0,0,0,7,0,2,2,0,0,0,0,1,1,879.366666666667,5278.66666666667,419.333333333333,500.116666666667,7517.1975,376.166666666667,0,0,0,11,31,31,1,59,2,0,0,0,0,0,0,0,2,0,0,1,0,0,1,0,0,1,0,0,0,0,0,0,3,0,0,0,0,0,0,8,61,0,0,0,1,1,12,34,0,0,0,0,58,0,0,0,0,0,0,0,0,12,57,2,0,12,46,0,1,0,23,1,1,0,33,30,5,1,0,0,0,0,1,6,25,14,6,22
"2015-06-02",65,127,0,2,20,22,93,15,1,1,5,1,0,4,2,0,0,1,4,0,3,3,0,0,0,0,3,3,639.166666666667,5549.375,241.041666666667,478.833333333333,6591.56875,349.375,0,65,0,17,24,22,2,49,4,3,0,0,0,0,0,0,0,0,2,1,2,0,0,0,0,2,0,0,0,0,0,0,0,0,0,0,0,0,1,7,56,1,0,0,0,1,10,27,0,1,0,0,37,0,0,0,1,0,0,0,0,23,50,2,0,12,26,0,2,0,34,0,1,0,30,12,21,0,0,0,0,0,2,4,20,9,9,21
"2015-06-03",69,139,0,1,22,23,110,7,2,0,2,1,4,4,2,0,0,0,7,0,2,2,0,4,4,0,1,1,856.4625,4600,232.875,411.125,7006.72,960.25,0,138,0,17,16,35,1,61,2,1,0,0,0,0,0,0,0,0,1,0,0,0,0,0,0,3,0,0,0,0,0,0,0,0,0,0,0,0,0,4,64,0,2,0,0,3,15,31,0,0,0,0,68,0,0,0,0,0,0,0,0,0,63,0,0,6,29,0,2,0,34,0,3,0,67,2,0,0,0,0,0,0,8,3,17,14,8,19
"2015-06-04",79,150,0,0,25,25,117,10,0,1,6,1,4,3,2,0,0,0,6,0,2,2,0,3,3,0,4,4,1431.875,4279.16666666667,355.5,603.691666666667,7999.54,1239.95652173913,0,237,0,20,20,39,0,57,4,6,0,0,0,0,2,0,1,1,1,1,0,0,0,0,0,1,0,0,0,0,0,0,0,0,1,0,0,0,0,5,69,1,0,0,1,4,7,42,1,0,0,0,78,0,0,0,0,0,0,0,0,0,63,2,0,13,36,1,4,1,35,0,1,0,76,1,0,0,0,0,0,0,7,3,33,9,10,17
"2015-06-05",72,139,0,2,23,25,116,8,0,3,3,0,0,1,1,0,0,1,6,0,2,2,0,0,0,0,3,3,1347.3,5325,378,996.9,7241.64,1413,0,288,0,16,25,29,2,57,2,3,0,0,0,0,0,0,1,0,1,0,0,0,0,0,0,0,2,0,1,0,0,0,2,0,0,0,0,0,1,7,62,1,2,0,1,1,7,41,1,0,0,0,50,0,0,0,0,0,0,0,0,17,56,3,0,12,27,0,7,2,33,0,1,0,43,18,6,0,1,0,0,0,9,6,18,12,7,20
"2015-06-06",70,135,0,1,17,18,108,2,0,2,7,2,3,4,1,0,0,0,6,0,3,3,0,2,2,0,7,7,1053.79166666667,3217.08333333333,440.416666666667,203.291666666667,7070.75833333333,1044.16666666667,70,350,0,17,19,33,1,50,3,7,0,0,0,0,2,0,0,0,1,2,0,0,0,0,0,0,0,0,0,0,0,0,0,0,0,0,0,0,1,3,62,1,0,0,0,1,12,29,0,0,0,0,60,0,0,0,0,0,0,0,0,2,44,1,1,16,34,0,0,2,27,1,0,0,59,2,1,0,0,0,0,0,2,4,27,16,7,14
"2015-06-07",53,102,0,0,18,18,84,2,0,3,2,0,0,5,0,0,0,1,5,0,4,4,0,0,0,0,2,2,933.683333333333,2385,236.291666666667,264.116666666667,5344.05625,878.916666666667,53,318,0,14,23,16,0,41,4,2,0,1,0,0,0,0,1,0,0,1,0,0,0,0,0,0,0,0,1,0,0,0,0,0,0,0,1,0,0,3,48,1,0,0,0,1,12,24,0,1,0,0,51,0,0,0,0,0,0,0,0,1,36,2,0,13,25,0,1,0,25,1,1,0,47,5,0,0,0,0,0,0,5,3,20,6,9,10
"2015-06-08",48,95,0,0,20,20,74,7,0,2,2,0,1,0,3,0,0,0,6,0,3,3,0,1,1,0,1,1,838,4008,258,695.6,4775.72,808,0,0,0,16,16,16,0,38,3,2,0,0,0,0,0,0,0,0,1,0,0,0,0,0,0,0,0,0,0,0,1,0,1,0,0,0,0,0,1,3,43,1,0,0,0,2,7,18,1,0,0,0,16,0,0,0,0,0,0,0,0,29,33,7,0,6,23,0,2,0,19,0,2,0,12,12,19,0,2,0,0,0,2,4,15,5,9,13
"2015-06-09",62,120,0,2,22,24,86,14,1,1,6,2,1,5,0,0,0,0,4,0,2,2,0,1,1,0,4,4,1172.575,5081.41666666667,322.916666666667,971.075,6160.63,1294.25,0,62,0,19,18,23,2,45,3,6,0,1,0,0,0,0,2,0,0,0,0,0,0,0,0,1,0,0,1,0,0,0,1,0,0,0,0,0,0,5,55,0,0,0,0,0,14,26,0,1,0,0,31,0,0,0,0,0,0,0,0,29,42,5,0,13,31,0,3,0,24,0,3,0,16,19,26,0,1,0,0,0,2,3,16,8,8,25
"2015-06-10",75,142,0,4,27,31,95,11,0,3,12,0,3,4,2,0,0,1,11,0,6,6,0,0,0,0,12,12,1461.5625,5765.625,584.375,1126.5625,7475.46875,1521.875,0,150,0,24,25,23,3,50,5,11,0,0,0,0,1,0,0,1,0,0,1,0,0,0,0,0,0,0,0,0,0,0,2,0,0,0,0,0,2,4,67,2,1,0,0,2,7,43,0,0,0,0,52,0,0,1,0,0,0,0,0,16,57,3,0,12,34,0,7,2,26,1,1,0,50,9,10,0,1,0,0,0,6,1,26,12,12,18
"2015-06-11",72,136,0,0,22,22,94,12,0,3,13,0,2,2,2,0,0,1,7,0,3,3,0,0,0,0,11,11,1407.9,5034,522,991.2,7191.93,1449,0,216,0,20,27,25,0,50,3,11,0,0,0,0,0,0,2,0,1,0,0,0,0,0,0,0,0,1,0,0,0,0,0,0,0,0,0,0,1,4,64,1,0,0,1,1,10,40,0,0,0,0,66,0,0,0,0,0,0,0,0,4,56,5,0,9,32,0,2,0,34,0,2,0,44,27,0,0,0,0,0,0,7,3,31,14,8,9
"2015-06-12",63,116,0,1,15,16,91,8,0,2,5,1,0,5,1,0,0,0,3,0,4,4,0,0,0,0,4,4,1142.6625,5076.75,427.875,924.525,6323.75625,1162.875,0,252,0,14,30,18,1,43,6,5,0,0,0,0,0,0,0,0,1,0,1,0,0,1,0,1,0,0,0,0,0,0,4,0,0,0,0,0,0,8,54,0,0,0,0,2,6,33,2,0,0,0,28,0,0,0,0,0,0,0,0,33,44,4,0,14,32,0,3,1,25,0,0,0,20,12,29,0,0,0,0,0,8,4,19,10,8,14
"2015-06-13",53,101,0,1,19,20,75,3,0,1,6,1,2,4,4,0,0,1,4,0,2,2,0,3,3,0,5,5,1084.5125,3352.25,375.416666666667,645.716666666667,5326.235,1302.91666666667,53,265,0,16,14,22,1,39,3,6,0,0,0,0,1,1,1,0,0,0,0,0,0,0,0,0,0,0,0,0,0,0,1,0,0,0,0,0,1,2,50,1,0,0,0,1,7,21,0,0,0,0,42,0,0,0,0,0,0,0,0,8,35,2,0,16,26,0,2,1,23,0,0,0,43,5,3,0,0,0,0,0,3,4,22,8,7,9
"2015-06-14",50,92,0,1,17,18,76,1,1,0,4,0,2,4,1,0,0,0,3,0,3,3,0,1,1,0,2,2,997.083333333333,2000,160.416666666667,287.291666666667,5045.9375,420.833333333333,50,300,0,14,16,19,1,32,3,4,0,0,0,0,0,1,0,0,0,0,0,0,0,0,0,1,2,0,2,0,0,0,1,1,0,0,0,0,1,6,40,2,2,0,0,4,10,15,0,0,0,0,47,0,0,0,0,0,0,0,0,3,26,2,1,21,22,0,2,0,22,0,1,0,44,5,0,0,0,0,0,0,4,1,17,8,7,13
"2015-06-15",45,78,0,1,12,13,49,7,0,4,7,0,0,2,6,0,0,0,3,0,4,4,0,0,0,0,5,5,871.875,3210,204.375,628.125,4520.26875,611.25,0,0,0,12,11,21,1,25,3,6,0,0,0,0,0,0,0,2,0,0,0,0,0,0,0,1,0,0,0,0,0,0,2,0,0,0,0,0,3,5,34,3,0,0,0,0,5,20,0,0,0,0,39,0,0,0,0,0,0,0,0,5,40,2,1,2,25,0,2,0,16,0,1,0,23,18,3,0,0,0,0,0,5,3,16,7,6,8
"2015-06-16",68,128,0,0,32,32,103,6,0,2,0,1,0,4,2,0,0,0,10,0,5,5,0,0,0,0,0,0,1295.4,5584.5,300.333333333333,1076.95,6811.87166666667,1116.33333333333,0,68,0,21,25,22,0,52,5,0,0,0,0,0,0,0,1,0,1,0,0,0,0,0,0,0,0,0,1,0,0,0,2,0,0,0,0,0,0,5,57,0,0,0,0,1,2,42,0,0,0,0,24,0,0,1,0,0,0,0,1,38,52,8,0,6,36,0,3,0,25,0,2,0,19,13,24,0,8,0,0,0,3,4,20,7,14,20
"2015-06-17",80,149,0,1,31,32,108,9,1,5,6,1,2,6,2,0,0,0,9,0,6,6,0,1,1,0,5,5,1448,3663.33333333333,330,474,8090.93333333333,1260,0,160,0,23,28,28,1,60,6,5,0,0,0,0,0,0,0,0,0,1,0,0,0,0,0,2,0,0,0,0,0,0,2,0,0,0,0,0,1,5,71,1,0,0,0,1,13,37,1,0,0,0,75,0,0,0,0,0,0,0,0,1,65,4,0,7,38,0,4,0,34,0,0,0,71,4,1,0,0,0,0,0,7,5,20,15,15,18
"2015-06-18",80,155,0,0,25,25,119,12,0,3,5,1,1,2,6,0,0,1,5,0,3,3,0,1,1,0,3,3,1695.66666666667,4920,473.333333333333,1060,8026.4,1470,0,240,0,20,26,34,0,62,5,5,0,0,0,0,0,1,2,0,0,0,1,0,0,0,0,0,0,0,0,0,0,0,2,0,0,0,0,0,0,5,73,0,0,0,0,4,11,38,0,1,0,0,72,0,0,0,0,0,0,0,0,5,65,3,0,6,46,0,2,3,25,0,3,0,73,0,3,0,2,0,0,0,11,7,23,16,11,12
"2015-06-19",67,129,0,1,16,17,104,5,0,0,3,0,3,0,5,0,0,0,9,0,3,3,0,1,1,0,3,3,1142.90833333333,3824.58333333333,399.208333333333,530.1375,6743.74541666667,1116.66666666667,0,268,0,15,24,27,1,48,4,2,0,0,0,0,0,0,0,0,0,1,1,0,0,0,0,1,0,0,0,1,0,0,3,0,0,0,0,0,0,7,54,0,1,0,0,4,7,26,0,0,0,0,63,0,0,0,0,0,0,0,0,3,54,1,2,10,32,0,2,2,27,2,0,0,60,2,2,0,0,0,0,0,7,2,19,8,11,20
"2015-06-20",57,114,0,1,16,17,93,3,0,3,4,0,0,2,1,0,0,1,7,0,1,1,0,0,0,0,3,3,1112.45,3080.375,256.5,527.9625,5738.21375,978.5,57,285,0,13,26,17,1,42,2,4,0,0,0,0,0,1,0,0,1,0,0,1,0,0,0,2,2,0,0,0,0,0,0,0,0,0,0,0,0,6,49,0,1,0,0,0,7,28,1,0,0,0,54,0,0,0,0,0,0,0,0,0,36,2,2,15,28,0,0,0,25,2,0,0,53,1,0,0,0,0,0,0,6,6,15,9,6,15
"2015-06-21",43,87,0,0,11,11,74,1,0,2,1,0,1,0,3,0,0,0,5,0,1,1,0,1,1,0,0,0,913.75,3339.66666666667,168.416666666667,736.733333333333,4290.91625,483.75,43,258,0,8,19,16,0,37,1,1,0,0,0,0,0,0,0,0,0,0,0,0,1,0,0,1,0,0,0,0,0,0,0,0,0,0,0,1,1,2,39,2,0,0,0,1,5,28,0,0,0,0,37,0,0,0,0,0,0,0,0,5,26,1,0,14,19,0,2,2,19,0,0,0,30,8,4,0,0,0,0,0,4,5,11,10,1,12
"2015-06-22",76,152,0,1,20,21,118,12,1,1,4,1,1,2,3,0,0,0,9,0,4,4,0,0,0,0,3,3,1630.51666666667,5212.33333333333,262.833333333333,1130.81666666667,7621.09,1558,0,0,0,17,32,26,1,54,3,3,0,0,0,0,0,0,1,0,1,0,0,0,0,0,0,1,0,0,1,0,0,0,4,0,0,0,0,0,3,8,60,3,1,0,0,5,13,33,1,0,0,0,72,0,0,0,0,0,0,0,0,1,66,1,1,6,35,0,4,0,33,1,2,0,68,4,1,0,0,0,0,0,4,7,15,16,16,18
"2015-06-23",76,150,0,0,19,19,116,9,0,3,7,0,2,3,4,0,0,0,6,0,3,3,0,0,0,0,5,5,1640.01666666667,5383.33333333333,446.5,1201.43333333333,7568.39666666667,1263.5,0,76,0,16,30,30,0,58,2,7,0,0,0,0,2,0,0,0,0,0,0,0,0,0,0,1,1,0,0,0,0,0,2,0,0,0,0,0,0,4,69,0,0,0,0,0,7,48,0,0,0,0,62,1,0,0,0,0,0,0,0,9,62,0,2,10,42,0,2,0,28,0,2,0,49,19,4,0,0,0,0,0,5,6,29,7,12,17
"2015-06-24",39,77,0,2,16,18,60,2,0,0,7,0,0,3,2,0,0,0,3,0,4,4,0,0,0,0,6,6,723.775,2266.875,221,378.95,3919.84125,955.5,0,78,0,14,11,12,2,24,2,7,0,0,0,0,0,0,0,0,1,0,1,0,0,0,0,1,1,0,1,0,0,0,1,0,0,0,0,0,0,6,33,0,2,0,1,3,7,13,1,0,0,0,35,0,0,0,0,0,0,0,0,2,27,3,0,8,17,0,2,2,17,0,0,0,36,0,1,0,1,0,0,0,6,6,11,5,6,5
"2015-06-25",74,145,0,3,20,23,101,11,0,2,11,2,3,4,3,0,0,0,8,0,3,3,0,2,2,0,8,8,1399.21666666667,3585.91666666667,345.333333333333,531.875,7453.40333333333,1575.58333333333,0,222,0,18,29,24,3,51,3,10,0,0,0,0,0,0,0,1,0,1,0,0,0,0,0,3,0,0,0,0,0,0,1,0,0,0,0,0,2,6,64,2,0,0,0,0,10,39,1,0,0,0,71,0,0,0,0,0,0,0,0,0,61,2,1,8,32,0,3,0,34,0,2,0,69,1,0,0,0,0,0,0,0,7,30,14,7,16
"2015-06-26",68,141,0,1,21,22,112,4,1,2,8,0,3,5,1,0,0,1,4,0,0,0,0,2,2,0,5,5,1363.11666666667,3034.5,238,488.183333333333,6857.23333333333,1147.5,0,272,0,16,25,26,1,55,0,7,0,0,0,0,0,0,0,0,2,0,1,0,0,0,0,0,0,0,1,0,0,0,1,0,0,0,0,0,0,5,62,0,0,0,0,4,5,36,0,0,0,0,67,0,0,0,0,0,0,0,0,0,53,1,1,12,37,0,4,1,24,0,1,0,66,1,0,0,0,0,0,0,8,10,19,13,5,13
"2015-06-27",51,100,0,0,21,21,79,2,1,1,6,1,2,2,2,0,0,0,4,0,2,2,0,2,2,0,4,4,1052.0875,2762.5,187,543.3625,5151.06375,813.875,51,255,0,15,19,17,0,37,2,5,0,0,0,0,0,0,1,0,0,0,0,0,0,0,0,2,0,0,0,0,0,0,1,0,0,0,0,1,0,4,44,1,0,0,1,1,10,20,0,0,0,0,50,0,0,0,0,0,0,0,0,1,35,1,1,11,21,0,0,0,27,0,2,0,48,2,0,0,0,0,0,0,3,3,14,5,8,18
"2015-06-28",46,93,1,2,17,20,84,1,0,1,0,1,0,3,2,0,0,0,1,0,2,2,0,0,0,0,0,0,697.666666666667,3917.66666666667,207,576.916666666667,4610.33083333333,327.75,46,276,1,11,20,13,1,34,2,0,0,0,0,0,0,0,0,1,2,0,0,1,0,0,0,1,0,0,0,0,0,0,1,0,0,0,0,1,0,6,36,1,0,0,1,0,7,22,1,0,0,0,12,0,0,0,0,0,0,0,0,32,25,8,0,11,22,0,1,1,19,0,1,0,11,4,28,0,1,0,0,0,4,6,12,8,7,9
"2015-06-29",55,104,0,2,22,24,81,9,2,2,3,1,0,1,1,0,0,1,3,0,1,1,0,0,0,0,3,3,870.145833333333,4443.54166666667,272.708333333333,679.9375,5502.15416666667,1116.04166666667,0,0,0,17,21,15,2,42,0,3,0,0,0,1,0,0,2,0,0,1,0,0,0,0,0,1,1,0,0,0,0,0,2,0,0,0,0,0,2,7,46,2,0,0,0,1,7,28,0,0,0,0,47,0,0,0,0,0,0,0,0,4,42,1,1,6,28,0,2,0,21,0,1,0,33,18,0,0,0,0,0,0,7,3,13,10,9,13
"2015-06-30",70,137,0,1,15,16,105,8,1,1,5,1,1,6,4,0,0,0,5,0,2,2,0,1,1,0,3,3,1370.54166666667,4888.33333333333,487.083333333333,942.958333333333,7024.61666666667,1230.83333333333,0,70,0,15,24,30,1,51,3,5,0,0,0,0,0,0,1,0,2,0,0,0,0,0,0,1,1,0,0,1,0,0,1,0,0,0,0,0,1,7,59,1,0,0,0,0,7,37,0,0,0,0,58,0,0,0,0,0,0,0,0,9,57,3,0,9,43,0,4,0,19,0,1,0,51,8,8,0,0,0,0,0,4,4,23,11,7,21
"2015-07-01",56,110,0,1,9,10,93,7,1,0,2,0,0,1,2,0,0,1,3,0,1,1,0,0,0,0,2,2,1032.5,4937.33333333333,291.666666666667,917.466666666667,5576.57333333333,970.666666666667,0,112,0,8,27,20,1,39,1,2,0,0,0,0,0,0,1,0,1,0,0,0,0,0,0,2,0,0,1,0,0,0,1,0,0,0,0,0,0,6,42,0,0,0,0,1,13,23,2,0,0,0,14,0,0,0,0,0,0,0,1,38,34,2,1,15,23,0,2,2,28,0,1,0,9,19,24,0,1,0,0,0,6,2,19,7,6,16
"2015-07-02",65,132,0,2,20,22,99,10,1,0,10,1,1,3,1,0,0,0,6,0,2,2,0,0,0,0,8,8,1175.14583333333,3848.54166666667,547.083333333333,615.604166666667,6508.47708333333,1305.41666666667,0,195,0,17,17,29,2,44,2,10,0,0,0,0,1,0,1,0,1,0,0,0,0,0,0,0,2,0,1,0,0,0,1,0,0,0,0,0,0,6,57,0,1,0,0,1,13,26,0,1,0,0,61,0,0,0,0,0,0,0,0,0,56,0,0,6,33,0,5,0,25,0,0,0,62,1,0,0,0,0,0,0,4,7,24,5,7,18
"2015-07-03",49,91,0,0,21,21,70,5,0,1,6,0,2,1,2,0,0,0,4,0,1,1,0,2,2,0,4,4,964.891666666666,2609.25,506.333333333333,461.416666666667,4921.51916666667,1090.25,0,196,0,16,12,21,0,30,0,6,0,0,0,0,0,0,1,0,1,1,0,0,0,0,0,2,1,0,0,0,0,0,1,0,1,0,0,0,2,7,36,3,0,0,1,0,9,18,1,0,0,0,46,0,0,0,0,0,0,0,0,0,35,3,0,9,25,0,1,0,20,2,0,0,45,1,0,0,0,0,0,0,4,4,12,9,3,17
"2015-07-04",53,101,1,2,19,22,80,4,0,1,4,1,0,2,4,0,0,0,5,1,4,5,0,0,0,0,3,3,1096.4375,3029.83333333333,306.958333333333,610.383333333333,5322.87833333333,1093.125,53,265,1,14,14,22,2,39,5,4,0,0,0,0,0,0,1,0,2,0,0,0,0,0,0,1,0,0,0,0,0,0,0,0,0,0,0,0,0,4,48,0,0,0,0,2,9,23,0,1,0,0,52,0,0,0,0,0,0,0,0,0,42,0,0,11,25,0,2,3,22,0,0,0,49,3,0,0,0,0,0,0,4,3,13,9,8,16
"2015-07-05",34,65,0,0,10,10,55,1,0,2,0,0,0,0,1,0,0,0,6,0,1,1,0,0,0,0,0,0,758.058333333333,2224.16666666667,228.083333333333,516.516666666667,3426.605,766.416666666667,34,204,0,7,14,13,0,25,1,1,0,0,0,0,0,0,1,0,3,0,0,0,0,0,0,0,0,0,1,0,0,0,0,0,0,0,0,0,1,5,27,1,1,0,1,2,2,16,0,0,0,0,33,0,0,0,0,0,0,0,0,0,26,0,0,7,16,0,0,1,13,1,1,0,32,0,0,0,0,0,0,0,3,5,9,4,3,10
"2015-07-06",40,83,0,0,12,12,62,6,0,0,8,0,2,1,0,0,0,0,4,0,2,2,0,1,1,0,7,7,965.333333333333,2338.33333333333,298.333333333333,604.666666666667,4038.01666666667,798.333333333333,0,0,0,12,15,13,0,25,2,7,0,0,0,0,0,0,0,0,1,0,0,0,0,0,0,0,0,0,0,0,0,0,1,0,0,0,1,0,0,2,34,1,0,0,0,1,5,18,1,0,0,0,40,0,0,0,0,0,0,0,0,0,32,0,1,6,21,0,1,0,17,0,1,0,39,0,0,0,0,0,0,0,5,2,10,4,9,10
"2015-07-07",69,137,0,0,20,20,102,15,0,1,4,0,3,2,1,0,0,0,9,0,1,1,0,0,0,0,3,3,1687.625,5143.375,419.75,1350.675,6916.76125,1216.125,0,69,0,16,28,25,0,55,1,4,0,0,0,0,1,0,1,0,1,0,0,0,0,0,0,0,1,0,0,0,0,0,0,0,0,0,0,0,1,3,61,1,1,1,0,0,8,34,0,0,0,0,52,0,0,0,0,0,0,0,0,14,53,1,0,11,31,0,3,0,31,0,2,0,45,14,6,0,2,0,0,0,3,11,19,9,3,24
"2015-07-08",72,145,1,0,21,22,100,15,1,3,9,3,0,3,2,0,0,2,7,0,2,2,0,0,0,0,7,7,1433.1,4617,459,907.8,7241.37,1701,0,144,1,14,32,25,0,58,2,5,0,0,0,0,1,0,0,0,0,0,1,0,0,0,0,1,0,0,1,0,0,0,1,0,1,0,0,0,0,4,66,1,0,0,0,3,10,32,0,0,0,0,64,0,0,0,0,0,0,0,0,5,57,3,0,10,37,0,0,0,33,0,2,0,59,3,5,0,0,0,0,0,6,4,28,11,2,21
"2015-07-09",71,138,0,0,18,18,100,10,0,1,6,3,1,1,3,0,0,0,13,0,2,2,0,1,1,0,5,5,1409.94166666667,4810.25,298.791666666667,959.091666666667,7134.37583333333,1390.41666666667,0,213,0,17,25,29,0,51,2,5,0,0,0,0,0,0,0,2,0,0,0,0,0,0,0,1,0,0,0,0,0,0,1,0,0,0,0,0,3,4,58,3,0,0,0,5,7,27,0,0,0,0,66,0,0,0,0,1,0,0,0,0,60,1,0,5,36,0,2,0,28,1,2,0,58,10,0,0,0,0,0,0,11,6,18,13,4,19
"2015-07-10",65,126,0,3,27,30,91,8,1,2,6,0,4,2,2,0,0,1,9,0,2,2,0,3,3,0,6,6,1495.8125,3528.95833333333,381.875,780.270833333333,6529.35833333333,1530.20833333333,0,260,0,19,20,25,1,49,2,6,0,0,0,0,0,0,0,2,0,0,0,0,0,0,0,1,2,0,0,0,0,0,0,0,0,0,0,0,1,5,57,1,0,0,1,3,13,25,1,0,0,0,64,0,0,0,0,0,0,0,0,0,47,4,1,12,36,0,1,0,26,0,1,0,62,2,0,0,0,0,0,0,10,1,22,11,3,18
"2015-07-11",54,103,0,3,11,14,88,3,1,0,2,0,3,3,0,0,0,0,3,0,3,3,0,3,3,0,0,0,1291.5,3195,569.25,823.725,5434.29,1125,54,270,0,9,24,18,3,43,3,2,0,0,0,0,0,0,1,0,0,0,0,0,0,0,0,1,1,0,1,1,0,0,0,0,0,0,0,0,0,5,48,0,1,0,0,1,10,26,0,0,0,0,52,0,0,0,0,0,0,0,0,0,32,1,0,19,24,0,0,0,28,0,0,0,50,1,0,0,0,0,0,0,3,3,21,9,9,9
"2015-07-12",29,59,0,0,10,10,48,0,0,0,1,1,2,2,2,0,0,0,3,0,0,0,0,2,2,0,1,1,726.329166666667,1823.375,270.666666666667,502.304166666667,2914.52416666667,644.041666666667,29,174,0,8,8,13,0,26,0,1,0,0,0,0,0,0,0,0,1,0,0,0,0,0,0,0,0,0,0,0,0,0,0,0,0,0,0,0,0,1,27,0,1,0,1,0,6,16,0,0,0,0,29,0,0,0,0,0,0,0,0,0,19,0,0,9,18,0,0,0,11,0,0,0,27,2,0,0,0,0,0,0,1,3,8,5,5,7
"2015-07-13",55,102,0,0,14,14,69,14,0,2,1,1,3,0,3,0,0,2,7,0,2,2,0,2,2,0,1,1,1434.58333333333,3467.29166666667,300.208333333333,1005.8125,5507.7,909.791666666667,0,0,0,11,22,22,0,40,2,1,0,0,0,0,0,0,1,0,0,1,0,0,0,0,0,0,0,0,1,0,0,0,3,0,0,0,0,0,2,6,43,2,0,0,0,2,13,22,2,1,0,0,53,0,0,0,0,0,0,0,0,1,50,2,0,2,20,0,4,0,29,1,0,0,52,0,0,0,0,0,0,0,4,4,21,10,10,6