"Date","NB_Accidents","NB_VEH_IMPLIQUES_ACCDN","NB_MORTS","NB_BLESSES_GRAVES","NB_BLESSES_LEGERS","NB_VICTIMES_TOTAL","nb_automobile_camion_leger","nb_camionLourd_tractRoutier","nb_outil_equipement","nb_tous_autobus_minibus","nb_bicyclette","nb_cyclomoteur","nb_motocyclette","nb_taxi","nb_urgence","nb_motoneige","nb_VHR","nb_autres_types","nb_veh_non_precise","NB_DECES_PIETON","NB_BLESSES_PIETON","NB_VICTIMES_PIETON","NB_DECES_MOTO","NB_BLESSES_MOTO","NB_VICTIMES_MOTO","NB_DECES_VELO","NB_BLESSES_VELO","NB_VICTIMES_VELO","Temp","Rel.Hum","Wind.Spd","Dew.Point.Temp","Stn_Press","Wind.Dir","weekdays","days","SeverityDeadly","SeverityLight Injury","SeverityMaterial High","SeverityMaterial Low","SeveritySevere Injury","as.factor(Accident_Type)31","as.factor(Accident_Type)32","as.factor(Accident_Type)33","as.factor(Accident_Type)34","as.factor(Accident_Type)35","as.factor(Accident_Type)36","as.factor(Accident_Type)37","as.factor(Accident_Type)38","as.factor(Accident_Type)39","as.factor(Accident_Type)40","as.factor(Accident_Type)41","as.factor(Accident_Type)42","as.factor(Accident_Type)43","as.factor(Accident_Type)44","as.factor(Accident_Type)45","as.factor(Accident_Type)46","as.factor(Accident_Type)47","as.factor(Accident_Type)48","as.factor(Accident_Type)49","as.factor(Accident_Type)50","as.factor(Accident_Type)51","as.factor(Accident_Type)52","as.factor(Accident_Type)53","as.factor(Accident_Type)54","as.factor(Accident_Type)55","as.factor(Accident_Type)59","as.factor(Accident_Type)71","as.factor(Accident_Type)72","as.factor(Accident_Type)73","as.factor(Accident_Type)74","as.factor(Accident_Type)75","as.factor(Accident_Type)99","Accident_CategoryFixed Object","Accident_CategoryMoving Object","Accident_CategoryNo Collision","Auth_Speed10","Auth_Speed100","Auth_Speed20","Auth_Speed30","Auth_Speed40","Auth_Speed50","Auth_Speed60","Auth_Speed70","Auth_Speed80","Auth_Speed90","Surface_CondDry","Surface_CondHard snow","Surface_CondIce","Surface_CondMud","Surface_CondOil","Surface_CondSand or gravel","Surface_CondSlush","Surface_CondSnow","Surface_CondWater accumulation","Surface_CondWet","IlluminationDay and clear","IlluminationDay and semi-dark","IlluminationNight and dark","IlluminationNight and lighted","EnvironmentCommercial","EnvironmentForest","EnvironmentIndustrial","EnvironmentPark","EnvironmentResidential","EnvironmentRural","EnvironmentSchool area","WeatherBlack Ice","WeatherClear Sky","WeatherCloudy","WeatherDrizzle","WeatherFoggy","WeatherHeavy Rain","WeatherSnow","WeatherSnowstorms","WeatherStrong Wind","cluster_id_0","cluster_id_1","cluster_id_2","cluster_id_3","cluster_id_4","cluster_id_5"
"2015-07-14",63,113,0,0,19,19,77,9,0,1,5,4,2,1,6,0,0,0,8,0,2,2,0,1,1,0,4,4,1517.25,4331.25,409.5,1120.875,6260.1,1113,0,63,0,15,18,30,0,42,3,6,0,0,0,1,0,0,0,0,1,0,0,0,0,0,0,2,0,0,2,0,0,0,2,0,0,0,0,0,3,7,52,3,0,0,0,1,6,28,0,0,0,0,60,0,0,0,0,0,0,0,0,2,55,1,0,5,35,0,2,0,25,0,0,0,39,18,2,0,0,0,0,0,6,5,18,9,4,21
"2015-07-15",69,138,0,1,26,27,110,8,0,3,10,1,1,2,0,0,0,0,3,0,4,4,0,1,1,0,8,8,1220.15,3484.5,391,475.8125,6912.39125,1000.5,0,138,0,22,23,23,1,46,5,9,0,0,0,0,0,0,1,0,1,0,0,0,0,0,0,1,0,0,0,0,0,0,0,0,2,0,0,0,0,3,60,2,0,0,0,1,12,33,0,0,0,0,66,0,0,0,0,1,0,0,0,0,58,2,0,7,29,0,2,1,33,0,1,0,66,1,0,0,0,0,0,0,7,7,18,10,9,18
"2015-07-16",67,127,0,3,23,26,91,11,1,1,4,0,6,3,1,0,0,1,8,0,7,7,0,3,3,0,4,4,974.85,4137.25,118.538461538462,484.075,6764.11384615385,1113.875,0,201,0,18,24,22,3,48,7,4,0,0,0,0,0,0,0,0,1,0,0,0,0,0,0,0,0,0,1,0,0,0,2,0,1,0,0,0,2,4,59,3,1,0,0,3,11,30,0,0,0,0,64,0,0,0,1,1,0,0,0,1,56,1,0,10,33,0,2,1,30,0,1,0,65,0,0,0,0,0,0,0,7,2,20,8,8,22
"2015-07-17",58,106,0,1,23,24,84,7,0,2,5,1,0,3,2,0,0,0,2,0,2,2,0,0,0,0,4,4,1212.2,3944,232,833.75,5826.245,1058.5,0,232,0,18,24,15,1,42,2,5,0,0,0,0,1,1,0,1,1,1,0,0,0,0,0,1,0,0,0,0,0,0,0,0,0,0,0,0,2,4,51,2,0,0,0,1,6,29,1,0,0,0,49,0,0,0,0,0,0,0,0,6,41,3,0,11,33,0,0,0,23,0,0,0,43,5,6,0,0,0,0,0,6,7,16,7,7,15
"2015-07-18",56,107,0,0,12,12,92,2,0,2,0,1,1,4,2,0,0,1,2,0,1,1,0,1,1,0,0,0,1177.4,4813.66666666667,200.666666666667,1033.43333333333,5604.17666666667,1244.17391304348,56,280,0,10,27,19,0,46,3,0,0,0,0,0,0,0,0,1,0,0,0,0,0,0,0,2,0,0,1,0,0,0,1,0,0,0,0,0,0,5,49,0,0,0,0,4,9,25,1,0,0,0,36,0,0,0,0,1,0,0,0,18,31,3,1,19,28,0,2,0,25,0,0,0,25,16,12,0,1,0,0,0,2,3,21,11,7,12
"2015-07-19",46,89,0,2,12,14,70,1,1,1,3,1,1,1,3,0,0,0,7,0,0,0,0,0,0,0,3,3,1083.53,3877.8,181.7,951.28,4589.719,837.2,46,276,0,9,17,18,2,33,1,3,0,0,0,0,2,0,0,1,0,1,0,0,0,0,0,0,0,0,2,0,0,0,2,0,0,0,0,0,0,6,39,0,0,0,0,0,11,15,0,0,0,0,27,0,0,0,0,0,0,0,0,16,20,4,0,19,25,0,0,1,20,0,0,0,21,9,10,0,4,0,0,0,5,4,10,5,5,17
"2015-07-20",42,81,0,1,11,12,53,6,2,2,7,4,1,4,0,0,0,0,2,0,1,1,0,0,0,0,5,5,1056.06666666667,2282,224,637,4176.62,812,0,0,0,10,15,16,1,30,1,6,0,0,0,0,0,0,0,0,0,1,0,0,0,0,0,0,1,0,0,0,0,0,1,0,1,0,0,0,1,3,37,2,0,0,0,1,10,19,0,0,0,0,41,0,0,0,0,0,0,0,0,1,40,1,0,1,16,0,1,0,23,0,2,0,41,1,0,0,0,0,0,0,2,7,8,8,8,9
"2015-07-21",44,79,0,2,15,17,59,7,0,1,3,0,0,1,2,0,0,0,6,0,7,7,0,0,0,0,3,3,914.65,3450.33333333333,264,737.733333333333,4367.385,964.333333333333,0,44,0,13,16,13,2,27,7,3,0,0,0,0,0,0,0,1,0,0,0,1,0,0,0,1,0,0,1,0,0,0,1,0,0,0,0,0,0,5,37,0,1,0,0,1,8,23,0,0,0,0,19,0,0,0,0,0,0,0,0,24,33,5,0,6,26,0,0,1,17,0,0,0,21,6,15,0,1,0,0,0,4,4,14,4,6,12
"2015-07-22",42,76,0,0,11,11,53,5,0,2,4,0,0,2,2,0,0,1,7,0,2,2,0,0,0,0,3,3,797.65,2829.75,192.5,529.375,4189.5,1165.5,0,84,0,7,16,19,0,27,2,4,0,0,0,0,0,0,0,0,1,1,1,0,0,0,0,0,1,0,0,0,0,0,3,0,0,0,0,0,0,7,33,0,1,0,0,3,3,24,0,0,0,0,36,0,0,0,0,0,0,0,0,3,35,0,0,6,27,0,0,0,12,0,3,0,29,9,0,0,0,0,0,0,7,3,11,5,7,9
"2015-07-23",49,97,0,0,24,24,85,2,0,1,6,0,0,1,0,0,0,0,2,0,3,3,0,0,0,0,5,5,967.75,3156.41666666667,216.416666666667,621.279166666667,4908.24833333333,1049.41666666667,0,147,0,18,16,15,0,34,4,6,0,0,0,0,0,1,0,1,0,0,0,0,0,0,0,0,0,0,0,0,0,0,1,1,0,0,0,0,0,2,45,1,2,0,0,1,5,22,0,0,0,0,42,0,0,0,0,0,0,0,0,6,41,2,0,5,24,0,2,3,17,0,0,0,40,8,0,0,0,0,0,0,4,2,18,6,3,16
"2015-07-24",45,82,0,2,12,14,66,2,2,4,0,0,1,0,4,0,0,0,3,0,3,3,0,1,1,0,0,0,876,3228.75,168.75,635.625,4519.8375,1237.5,0,180,0,11,16,16,2,32,3,0,0,0,0,0,0,0,0,1,2,0,0,0,0,0,0,1,1,0,0,0,0,0,0,1,0,0,0,0,1,5,35,2,0,0,0,3,8,21,0,0,0,0,40,0,0,0,0,0,0,0,0,3,34,3,0,6,25,0,1,0,18,0,0,0,37,3,2,0,0,0,0,0,8,4,10,9,4,10
"2015-07-25",47,93,0,0,11,11,75,4,0,2,3,0,2,3,0,0,0,0,4,0,2,2,0,1,1,0,0,0,953.120833333333,3513.25,297.666666666667,719.295833333333,4724.34208333333,932.166666666666,47,235,0,8,22,17,0,37,2,3,0,0,0,0,1,0,0,0,0,1,0,0,0,0,0,0,0,0,0,0,0,0,1,0,0,0,0,0,1,2,43,1,2,0,0,1,8,21,1,0,0,0,42,0,0,0,0,0,0,0,0,2,26,0,1,19,19,0,0,0,25,1,2,0,40,4,0,0,0,0,0,0,4,4,20,4,7,8
"2015-07-26",44,86,0,1,20,21,68,0,1,0,6,1,1,5,0,0,0,0,4,0,0,0,0,1,1,0,5,5,986.516666666667,3505.33333333333,139.333333333333,815.65,4415.58333333333,993.666666666667,44,264,0,15,13,15,1,33,0,6,0,0,0,0,0,0,0,2,2,0,0,0,0,0,0,0,0,0,0,0,0,0,0,0,0,0,0,0,0,4,39,0,1,0,0,2,7,26,0,0,0,0,27,0,0,0,0,0,0,0,0,15,20,2,0,20,16,0,2,2,21,0,1,0,24,4,14,0,0,0,0,0,4,3,18,5,8,6
"2015-07-27",52,93,0,0,11,11,73,3,0,1,3,1,4,1,1,0,0,0,6,0,3,3,0,0,0,0,2,2,1249.51666666667,3804.66666666667,292.5,971.1,5227.84166666667,1074.66666666667,0,0,0,10,22,20,0,36,4,3,0,0,0,0,0,0,1,0,1,0,0,0,0,0,0,1,1,0,0,0,0,0,3,0,0,0,0,1,0,7,43,1,0,0,0,2,3,24,0,0,0,0,38,0,0,0,0,0,0,0,1,10,29,3,1,15,32,0,2,0,16,0,1,0,35,3,9,0,2,0,0,0,6,3,12,11,7,13
"2015-07-28",50,98,0,0,18,18,75,4,0,1,4,0,2,4,0,0,0,0,8,0,3,3,0,2,2,0,3,3,1261.45833333333,3554.16666666667,200,965,5025.45833333333,1027.08333333333,0,50,0,15,21,14,0,36,4,2,0,0,0,1,0,0,1,0,2,0,0,1,0,0,0,0,1,0,0,0,0,0,1,0,0,0,0,0,0,6,43,0,0,0,0,2,8,19,1,0,0,0,43,0,0,0,0,0,0,0,0,2,34,3,1,10,19,0,1,0,25,0,1,0,40,4,1,0,0,0,0,0,6,4,18,7,6,9
"2015-07-29",59,113,0,1,27,28,89,5,0,2,5,1,3,1,1,0,0,0,6,0,0,0,0,1,1,0,4,4,1579.725,3894,299.916666666667,1160.57916666667,5919.51916666667,1308.26086956522,0,118,0,18,21,19,1,42,0,5,0,0,0,0,0,1,1,0,0,0,0,0,0,0,0,2,1,0,0,0,0,0,0,0,1,0,0,0,2,4,48,3,0,0,1,3,8,26,0,0,0,0,58,0,0,0,0,0,0,0,0,0,45,2,1,10,28,0,3,1,25,1,0,0,56,1,0,0,0,0,1,0,1,4,20,13,5,16
"2015-07-30",56,108,1,0,13,14,86,8,0,1,6,1,2,0,0,0,0,0,4,1,0,1,0,1,1,0,3,3,1379,4118.33333333333,289.333333333333,1089.43333333333,5587.82,1029,0,168,1,13,18,24,0,39,1,6,0,0,0,0,0,0,0,0,1,0,0,0,0,0,0,2,0,0,1,0,0,0,3,0,0,0,0,0,0,7,46,0,0,0,0,1,9,27,1,1,0,0,45,0,0,0,0,0,0,0,0,10,45,3,0,7,27,0,2,1,24,0,0,0,39,11,3,0,2,0,0,0,4,7,13,6,13,13
"2015-07-31",64,127,0,0,22,22,93,12,0,1,9,0,4,1,2,0,0,0,5,0,5,5,0,1,1,0,7,7,1438.13333333333,4010.66666666667,376,952,6383.06666666667,1448,0,256,0,18,21,25,0,44,4,8,0,1,0,0,1,1,0,0,0,0,0,0,0,0,0,0,0,0,1,0,0,0,2,0,0,0,0,0,0,3,59,0,2,0,0,2,6,33,1,1,0,0,61,0,0,0,0,0,0,0,0,1,51,1,0,10,31,0,5,0,24,0,1,0,60,1,1,0,0,0,0,0,7,4,20,9,9,15
"2015-08-01",43,81,0,0,7,7,63,2,0,1,1,0,0,2,3,0,0,1,8,0,0,0,0,0,0,0,1,1,884.366666666667,3054.79166666667,209.625,637.833333333333,4288.96333333333,981.833333333333,43,215,0,6,19,18,0,34,0,1,0,0,0,0,0,0,0,0,0,1,0,0,1,0,0,1,0,0,0,0,0,0,1,0,0,0,0,0,1,4,35,1,1,0,0,1,7,22,1,0,0,0,34,0,0,0,0,0,0,0,0,7,27,2,1,11,16,0,3,1,22,0,0,0,34,3,3,0,1,0,0,0,4,4,14,7,6,8
"2015-08-02",36,67,0,0,13,13,50,1,0,2,4,0,3,2,2,0,0,0,3,0,1,1,0,2,2,0,3,3,782.25,2395.5,214.5,527.1,3596.775,709.5,36,216,0,11,12,13,0,24,2,4,0,0,0,0,1,0,1,0,1,0,0,0,0,0,0,0,0,0,0,1,0,0,0,0,0,0,0,0,2,3,31,2,0,0,0,1,5,21,0,0,0,0,36,0,0,0,0,0,0,0,0,0,23,2,1,10,16,0,0,2,17,0,1,0,34,2,0,0,0,0,0,0,5,2,11,6,2,10
"2015-08-03",36,69,0,1,15,16,46,4,0,2,8,0,2,3,0,0,0,0,4,0,3,3,0,0,0,0,6,6,807.3,2388,205.5,568.35,3584.895,678,0,0,0,13,7,15,1,17,2,7,0,0,0,0,0,0,1,1,2,0,0,0,0,0,0,2,0,0,0,0,0,0,0,0,1,0,0,0,1,6,26,2,0,0,0,0,7,20,0,0,0,0,35,0,0,0,0,0,0,0,0,0,29,0,0,6,18,0,0,0,17,0,0,0,24,10,0,0,0,0,0,0,4,4,12,4,1,11
"2015-08-04",69,132,0,1,28,29,102,13,0,4,3,0,2,3,1,0,0,0,4,0,4,4,0,2,2,0,3,3,1459.6375,4545.375,350.75,972.9,6897.38375,1526.625,0,69,0,21,26,21,1,50,4,3,0,0,0,0,0,1,2,1,0,0,0,0,0,0,0,1,0,0,1,0,0,0,2,0,0,0,0,0,1,7,58,1,0,0,0,2,5,35,1,1,0,0,56,0,0,0,0,0,0,0,0,9,49,0,0,18,36,0,6,0,25,0,0,0,56,4,6,0,0,0,0,0,10,5,15,10,16,13
"2015-08-05",43,83,0,0,13,13,60,6,1,1,3,0,2,3,0,0,0,0,7,0,2,2,0,1,1,0,3,3,832.5875,3101.375,193.5,597.520833333333,4305.03458333333,969.291666666667,0,86,0,12,16,15,0,35,1,3,0,0,0,0,0,0,0,0,3,0,0,0,0,0,0,0,0,0,0,0,0,0,0,0,1,0,0,0,0,3,39,1,0,0,0,2,6,21,0,0,0,0,38,0,0,0,0,0,0,0,0,4,31,2,0,10,16,0,2,0,22,0,0,0,33,7,3,0,0,0,0,0,5,2,10,7,6,13
"2015-08-06",54,110,0,1,15,16,86,9,1,1,4,0,2,4,2,0,0,0,1,0,2,2,0,0,0,0,2,2,994.275,3726,294.75,671.85,5419.53,1476,0,162,0,12,22,19,1,43,2,4,0,0,0,0,0,0,1,0,0,0,0,0,0,0,0,0,0,0,0,0,0,0,0,0,0,0,0,0,2,1,49,2,0,0,0,2,8,27,1,0,0,0,51,0,0,0,0,0,0,0,0,1,37,3,0,13,23,0,2,1,25,0,1,0,49,3,0,0,0,0,0,0,3,4,20,8,8,11
"2015-08-07",51,93,0,1,15,16,79,1,1,1,4,0,1,1,0,0,0,0,5,0,4,4,0,1,1,0,4,4,933.9375,3289.5,229.5,582.675,5133.76625,1156,0,204,0,14,18,18,1,35,3,4,0,0,0,0,0,0,2,0,0,0,0,0,0,0,0,1,0,0,0,0,0,0,1,0,0,0,0,0,1,4,42,1,1,0,0,0,5,20,0,0,0,0,47,0,0,0,0,0,0,0,0,0,31,0,0,16,21,0,3,1,22,0,0,0,44,3,0,0,0,0,0,0,11,3,17,7,5,8
"2015-08-08",48,97,0,0,16,16,75,6,0,2,3,2,2,2,1,0,0,0,4,0,1,1,0,1,1,0,2,2,931.4,3142,210,595,4841.32,1001.73913043478,48,240,0,13,13,22,0,39,1,3,0,0,0,0,0,0,1,0,2,0,0,0,0,0,0,0,1,0,0,0,0,0,0,0,0,0,0,0,0,4,43,0,1,0,0,0,8,25,1,0,0,0,47,0,0,0,0,0,0,0,0,0,29,0,1,17,21,0,4,2,20,0,1,0,45,2,0,0,0,0,0,0,4,0,18,8,6,12
"2015-08-09",44,84,0,1,19,20,58,3,0,1,4,0,5,6,1,0,0,1,5,0,2,2,0,3,3,0,3,3,884.766666666667,3307.33333333333,267.666666666667,674.483333333333,4438.72,806,44,264,0,14,16,13,1,32,3,3,0,0,0,0,0,0,0,0,0,0,0,0,0,0,0,0,0,1,0,0,0,0,3,0,0,0,0,0,1,4,38,1,1,0,0,2,2,21,2,0,0,0,44,0,0,0,0,0,0,0,0,0,26,1,0,17,23,0,0,1,19,0,0,0,41,2,0,0,0,0,0,0,4,0,20,9,2,9
"2015-08-10",48,91,0,0,9,9,70,7,1,1,2,1,1,0,2,0,0,1,5,0,2,2,0,0,0,0,2,2,1032.6,3660,268,808.2,4822.34,1092,0,0,0,9,23,16,0,36,2,2,0,0,0,0,0,0,1,2,0,0,0,0,0,0,0,2,0,0,0,0,0,0,0,0,0,0,0,0,0,5,40,0,0,0,0,4,3,20,1,0,0,0,41,0,0,0,0,0,0,0,0,6,36,1,0,9,24,1,1,0,20,0,1,0,40,3,3,0,1,0,0,0,5,4,13,7,8,11
"2015-08-11",38,76,0,1,8,9,55,8,0,1,0,0,0,3,3,0,0,0,6,0,2,2,0,0,0,0,0,0,722.475,3534,199.5,677.191666666667,3793.95166666667,742.583333333333,0,38,0,7,16,14,1,32,3,0,0,0,0,0,0,0,0,0,0,0,0,0,0,0,0,0,0,0,0,0,0,0,1,0,0,0,0,0,0,1,35,0,1,0,1,1,5,16,1,0,0,0,18,0,0,0,0,0,0,0,0,18,28,2,2,5,18,0,5,0,13,0,0,0,15,5,15,0,1,0,0,0,5,2,10,3,6,12
"2015-08-12",62,124,0,1,21,22,97,10,2,0,3,1,0,4,3,0,0,0,4,0,4,4,0,0,0,0,3,3,1219.33333333333,5050.41666666667,250.583333333333,1008.53333333333,6200.56833333333,1760.26086956522,0,124,0,17,21,23,1,48,4,3,0,0,0,0,0,0,0,0,1,0,0,0,0,0,0,2,1,0,0,0,0,0,1,0,0,0,0,0,0,5,55,0,1,0,0,2,13,23,0,0,0,0,49,0,0,0,0,0,0,0,0,12,48,1,1,12,29,0,3,3,25,0,1,0,40,15,5,0,1,0,0,0,7,4,16,10,7,18
"2015-08-13",55,110,0,2,26,28,82,8,1,3,4,5,0,3,1,0,0,0,3,0,4,4,0,0,0,0,4,4,1025.52083333333,4108.95833333333,206.25,769.541666666667,5533.64166666667,1205.41666666667,0,165,0,15,19,20,1,43,3,4,0,0,0,0,0,1,1,2,0,0,0,0,0,0,0,0,0,0,1,0,0,0,0,0,0,0,0,0,0,4,51,0,0,0,0,3,9,22,0,0,0,1,54,0,0,0,0,0,0,0,0,0,42,3,1,8,20,0,3,1,29,0,2,0,47,7,0,0,0,0,0,0,6,4,16,7,8,14
"2015-08-14",55,109,0,2,14,16,78,12,0,1,5,0,0,6,0,0,0,0,7,0,3,3,0,0,0,0,4,4,1119.47916666667,4356.45833333333,252.083333333333,912.3125,5540.7,1061.04166666667,0,220,0,12,21,20,2,40,3,3,0,0,0,0,0,0,0,0,0,1,0,1,0,0,0,0,0,0,2,0,0,0,2,0,0,0,0,0,0,6,46,0,0,0,0,0,6,27,0,1,0,0,38,0,0,0,0,0,0,0,0,12,40,1,0,11,24,0,4,0,24,0,0,0,30,15,5,0,0,0,0,0,6,4,17,13,5,10
"2015-08-15",55,104,0,0,24,24,88,2,0,1,5,2,2,0,0,0,0,0,4,0,4,4,0,2,2,0,4,4,1277.375,4507.70833333333,187.916666666667,1090.375,5550.07291666667,1269.58333333333,55,275,0,20,20,15,0,35,5,5,0,0,0,0,0,0,2,0,2,0,0,0,0,0,0,1,1,1,0,0,0,0,0,0,0,0,0,0,0,7,45,0,1,0,0,1,5,26,0,1,0,0,52,0,0,0,0,0,0,0,0,0,39,1,0,14,31,0,2,0,21,0,0,0,49,4,0,0,0,0,0,0,4,2,23,6,7,13
"2015-08-16",42,82,0,0,9,9,61,3,1,0,3,2,3,2,1,0,0,0,6,0,3,3,0,3,3,0,1,1,1038.625,3108,227.5,817.95,4237.3975,918.75,42,252,0,9,20,13,0,24,3,3,0,0,0,0,0,0,0,1,0,1,0,0,0,0,0,1,1,0,1,0,0,0,1,0,1,0,0,0,1,6,30,2,2,0,0,1,6,20,0,0,0,0,39,0,0,0,0,1,0,0,0,0,17,1,2,21,13,0,0,0,26,0,1,0,39,1,0,0,0,0,0,0,6,5,14,1,5,11
"2015-08-17",62,123,0,0,24,24,93,8,2,3,6,0,2,3,0,0,0,0,6,0,3,3,0,2,2,0,5,5,1629.05,4203.08333333333,377.166666666667,1221.14166666667,6239.78333333333,1167.66666666667,0,0,0,21,21,20,0,41,4,6,0,0,0,0,0,0,1,0,1,1,0,0,0,0,0,0,1,0,1,1,0,0,1,0,0,0,0,0,0,7,51,0,0,0,0,2,8,23,1,0,0,0,61,0,0,0,0,0,0,0,0,0,46,1,0,14,25,0,5,0,30,0,1,0,58,3,0,0,0,0,0,0,4,7,15,10,15,11
"2015-08-18",59,114,0,2,16,18,91,7,1,0,4,0,0,0,3,0,0,0,8,0,5,5,0,0,0,0,3,3,1556.37083333333,4257.83333333333,270.416666666667,1226.70833333333,5933.08916666667,1177.54166666667,0,59,0,13,18,26,2,40,5,4,0,0,0,0,0,0,0,0,0,0,0,0,0,1,0,1,3,0,1,0,0,0,3,0,0,1,0,0,0,9,49,1,0,0,0,5,7,28,0,0,0,0,51,0,0,0,0,1,0,0,0,5,45,1,1,10,32,0,2,1,22,0,1,0,51,3,1,0,2,0,0,0,9,7,11,9,7,16
"2015-08-19",49,93,0,1,17,18,71,4,0,2,5,1,2,2,0,0,0,0,6,0,2,2,0,2,2,0,4,4,1271.55,3509.625,242.958333333333,977.345833333333,4926.95,861.583333333333,0,98,0,15,16,17,1,35,2,5,0,0,0,0,1,0,1,0,0,2,0,0,0,0,0,0,0,0,0,0,0,0,0,0,1,0,0,0,1,3,43,2,0,0,0,0,6,25,0,0,0,0,42,0,0,0,0,1,0,0,0,3,36,2,0,8,22,0,1,0,22,0,1,0,43,1,0,0,2,0,0,0,2,4,14,10,6,13
"2015-08-20",58,111,1,1,18,20,91,3,1,0,5,1,4,2,1,0,0,0,3,1,3,4,0,0,0,0,4,4,1545.7,3753.08333333333,560.666666666667,1116.98333333333,5821.55666666667,947.333333333333,0,174,1,16,17,23,1,40,4,5,0,0,0,0,1,1,1,0,0,1,0,0,0,0,0,2,0,0,1,0,0,0,2,0,0,0,0,0,0,7,51,0,1,0,0,1,6,32,0,0,0,0,54,0,0,0,0,0,0,0,0,0,41,1,0,14,28,0,7,0,22,0,0,0,47,6,0,0,0,0,0,1,6,3,19,10,8,12
"2015-08-21",68,138,0,0,30,30,106,12,0,1,8,0,2,1,1,0,0,0,7,0,3,3,0,1,1,0,6,6,1465.96666666667,4947,382.5,1092.25,6846.29666666667,1379.83333333333,0,272,0,20,17,31,0,53,2,7,0,0,0,0,0,0,1,0,2,0,1,0,0,0,0,1,1,0,0,0,0,0,0,0,0,0,0,0,0,6,62,0,0,0,0,3,14,25,1,0,0,0,57,0,0,0,0,0,0,0,0,8,52,3,1,9,37,0,4,2,24,0,0,0,56,4,4,0,1,0,0,0,13,6,19,9,6,15
"2015-08-22",43,81,1,0,13,14,61,0,0,0,4,1,0,6,3,0,0,1,5,0,1,1,0,0,0,1,3,4,901.925,3072.70833333333,163.041666666667,664.170833333333,4348.53625,1001.54166666667,43,215,1,9,21,12,0,32,2,3,0,0,0,0,0,0,0,0,0,0,0,0,0,0,0,4,1,0,0,0,0,0,0,0,0,0,0,0,1,5,37,1,0,0,0,1,6,15,0,0,0,0,41,0,0,0,0,0,0,0,0,0,25,1,0,16,20,0,0,2,20,0,0,0,39,2,0,0,0,0,0,0,3,6,10,9,5,10
"2015-08-23",28,53,0,4,9,13,49,0,0,0,2,0,1,0,1,0,0,0,0,0,2,2,0,1,1,0,1,1,633.733333333333,1845.66666666667,123.666666666667,427,2822.37666666667,607.833333333333,28,168,0,7,11,8,2,21,3,2,0,0,0,0,0,0,0,0,0,0,0,0,0,0,0,0,1,0,0,0,0,0,0,0,0,0,0,0,0,1,26,0,0,0,0,1,5,15,0,0,0,0,25,0,0,0,0,0,0,0,0,1,12,2,0,14,11,0,0,1,15,1,0,0,25,1,0,0,0,0,0,0,3,4,7,3,3,8
"2015-08-24",56,104,1,1,20,22,84,8,1,0,4,0,2,1,1,0,0,0,3,0,3,3,0,2,2,1,3,4,1304.1,3894.33333333333,375.666666666667,963.433333333334,5608.61,1012.66666666667,0,0,1,15,22,17,1,41,3,4,0,0,0,0,0,1,0,1,1,0,0,0,0,0,0,1,2,0,1,0,0,0,0,0,0,0,0,0,0,6,49,0,0,0,0,3,4,28,0,0,0,0,54,0,0,0,0,0,0,0,0,2,44,0,1,11,32,0,2,1,19,1,1,0,48,7,0,1,0,0,0,0,7,4,16,4,4,21
"2015-08-25",54,111,0,1,17,18,82,7,1,1,5,1,2,2,4,0,0,1,5,0,0,0,0,2,2,0,5,5,1133.55,3503.25,202.5,731.475,5412.825,1138.5,0,54,0,14,23,16,1,40,0,5,0,0,0,0,0,0,1,0,1,0,0,0,0,0,0,0,1,0,0,0,0,0,1,0,0,0,0,0,2,4,45,2,0,0,1,1,5,29,1,2,0,0,50,0,0,0,0,0,0,0,0,0,46,1,0,4,25,0,3,2,22,0,1,0,48,2,0,0,0,0,0,0,7,1,17,8,5,16
"2015-08-26",65,123,0,1,20,21,91,7,0,1,8,0,4,2,1,0,0,0,9,0,3,3,0,3,3,0,6,6,1261.54166666667,4452.5,235.625,866.125,6530.98333333333,1386.66666666667,0,130,0,19,18,27,1,43,3,9,0,0,0,0,0,1,0,0,0,2,0,0,0,0,0,0,0,0,0,0,0,0,1,0,0,0,0,0,4,3,56,4,3,0,0,2,9,28,2,0,0,0,63,0,0,0,0,0,0,0,0,1,47,3,0,14,32,0,2,0,28,0,2,0,58,4,1,0,0,0,0,0,4,5,18,11,15,12
"2015-08-27",80,158,0,0,33,33,114,7,2,4,10,1,3,3,4,0,0,0,10,0,2,2,0,0,0,0,7,7,1505.66666666667,5993.33333333333,346.666666666667,1131.66666666667,8055.13333333333,1823.33333333333,0,240,0,25,30,25,0,56,3,10,0,0,0,1,0,0,1,0,0,0,0,0,0,0,0,0,1,0,0,0,0,0,2,1,0,0,0,0,0,4,70,1,1,0,0,1,8,40,0,0,0,0,71,0,0,0,1,0,0,0,1,4,57,2,1,18,38,0,3,1,33,0,1,0,61,13,1,0,1,0,0,0,10,3,21,13,11,22