"Date","NB_Accidents","NB_VEH_IMPLIQUES_ACCDN","NB_MORTS","NB_BLESSES_GRAVES","NB_BLESSES_LEGERS","NB_VICTIMES_TOTAL","nb_automobile_camion_leger","nb_camionLourd_tractRoutier","nb_outil_equipement","nb_tous_autobus_minibus","nb_bicyclette","nb_cyclomoteur","nb_motocyclette","nb_taxi","nb_urgence","nb_motoneige","nb_VHR","nb_autres_types","nb_veh_non_precise","NB_DECES_PIETON","NB_BLESSES_PIETON","NB_VICTIMES_PIETON","NB_DECES_MOTO","NB_BLESSES_MOTO","NB_VICTIMES_MOTO","NB_DECES_VELO","NB_BLESSES_VELO","NB_VICTIMES_VELO","Temp","Rel.Hum","Wind.Spd","Dew.Point.Temp","Stn_Press","Wind.Dir","weekdays","days","SeverityDeadly","SeverityLight Injury","SeverityMaterial High","SeverityMaterial Low","SeveritySevere Injury","as.factor(Accident_Type)31","as.factor(Accident_Type)32","as.factor(Accident_Type)33","as.factor(Accident_Type)34","as.factor(Accident_Type)35","as.factor(Accident_Type)36","as.factor(Accident_Type)37","as.factor(Accident_Type)38","as.factor(Accident_Type)39","as.factor(Accident_Type)40","as.factor(Accident_Type)41","as.factor(Accident_Type)42","as.factor(Accident_Type)43","as.factor(Accident_Type)44","as.factor(Accident_Type)45","as.factor(Accident_Type)46","as.factor(Accident_Type)47","as.factor(Accident_Type)48","as.factor(Accident_Type)49","as.factor(Accident_Type)50","as.factor(Accident_Type)51","as.factor(Accident_Type)52","as.factor(Accident_Type)53","as.factor(Accident_Type)54","as.factor(Accident_Type)55","as.factor(Accident_Type)59","as.factor(Accident_Type)71","as.factor(Accident_Type)72","as.factor(Accident_Type)73","as.factor(Accident_Type)74","as.factor(Accident_Type)75","as.factor(Accident_Type)99","Accident_CategoryFixed Object","Accident_CategoryMoving Object","Accident_CategoryNo Collision","Auth_Speed10","Auth_Speed100","Auth_Speed20","Auth_Speed30","Auth_Speed40","Auth_Speed50","Auth_Speed60","Auth_Speed70","Auth_Speed80","Auth_Speed90","Surface_CondDry","Surface_CondHard snow","Surface_CondIce","Surface_CondMud","Surface_CondOil","Surface_CondSand or gravel","Surface_CondSlush","Surface_CondSnow","Surface_CondWater accumulation","Surface_CondWet","IlluminationDay and clear","IlluminationDay and semi-dark","IlluminationNight and dark","IlluminationNight and lighted","EnvironmentCommercial","EnvironmentForest","EnvironmentIndustrial","EnvironmentPark","EnvironmentResidential","EnvironmentRural","EnvironmentSchool area","WeatherBlack Ice","WeatherClear Sky","WeatherCloudy","WeatherDrizzle","WeatherFoggy","WeatherHeavy Rain","WeatherSnow","WeatherSnowstorms","WeatherStrong Wind","cluster_id_0","cluster_id_1","cluster_id_2","cluster_id_3","cluster_id_4","cluster_id_5"
"2015-08-28",45,86,0,0,18,18,63,10,0,1,2,2,3,1,1,0,0,0,3,0,1,1,0,4,4,0,1,1,826.5,3191.25,202.5,576.1875,4551.76875,1197.39130434783,0,180,0,14,11,20,0,34,1,1,0,0,0,0,0,0,1,0,0,0,0,0,0,0,0,1,0,0,2,0,0,0,2,1,0,0,0,0,0,6,36,1,1,0,0,2,3,21,1,0,0,0,45,0,0,0,0,0,0,0,0,0,34,0,1,10,21,0,5,0,16,0,1,0,43,2,0,0,0,0,0,0,6,9,11,6,7,6
"2015-08-29",52,104,0,0,14,14,86,3,1,1,3,1,2,1,1,0,0,1,4,0,1,1,0,1,1,0,1,1,1030.03333333333,3824.16666666667,260,763.75,5254.405,1014,52,260,0,9,17,26,0,43,1,3,0,0,0,0,0,0,0,1,1,0,0,0,0,0,0,1,0,0,0,0,0,0,0,0,0,0,0,0,0,3,47,0,1,0,0,2,7,25,0,1,0,0,49,0,0,0,0,0,0,0,0,0,25,1,0,24,19,0,2,2,26,0,1,0,43,5,1,0,0,0,0,0,3,2,16,9,3,19
"2015-08-30",30,62,0,0,12,12,46,4,0,1,1,1,1,4,1,0,0,0,3,0,1,1,0,1,1,0,1,1,651.625,2173.75,118.75,491.125,3022.2875,683.478260869565,30,180,0,11,9,10,0,22,1,1,0,0,0,0,1,0,0,0,0,0,0,0,0,0,0,0,0,0,1,0,0,0,1,0,0,0,0,0,1,2,25,1,0,0,0,2,4,15,0,0,0,0,27,0,0,0,0,0,0,0,0,1,18,0,1,10,14,0,1,0,13,0,1,0,26,1,0,0,1,0,0,0,0,1,10,6,9,4
"2015-08-31",59,114,0,0,21,21,90,9,1,1,6,1,0,2,0,0,0,0,4,0,0,0,0,0,0,0,4,4,1292.59166666667,4444.66666666667,297.458333333333,1016.02916666667,5925.86166666667,1243.91666666667,0,0,0,18,17,24,0,41,0,6,0,0,0,0,0,0,0,0,2,1,0,0,0,1,0,0,0,0,1,0,0,1,1,0,0,0,0,0,0,7,47,0,0,0,0,2,13,25,0,0,0,0,58,0,0,0,0,0,0,0,0,0,54,2,0,1,26,0,4,0,25,0,3,0,56,1,0,0,0,0,0,0,3,5,17,8,8,18
"2015-09-01",76,142,0,1,28,29,95,8,0,0,11,2,4,1,7,0,0,0,14,0,8,8,0,1,1,0,7,7,1697.01666666667,5193.33333333333,348.333333333333,1212.83333333333,7658.17166666667,1824,0,76,0,25,27,23,1,50,6,9,0,0,0,0,0,0,0,2,0,0,0,0,0,0,0,1,1,0,2,0,0,0,2,0,0,0,0,0,0,8,65,0,1,0,0,4,16,31,0,0,0,0,70,0,0,0,0,0,0,0,0,0,61,1,0,9,31,0,3,1,36,0,2,0,68,1,0,0,0,0,0,0,8,5,18,10,7,28
"2015-09-02",64,133,0,0,19,19,94,11,0,2,9,0,1,4,2,0,0,0,10,0,3,3,0,0,0,0,7,7,1452.53333333333,5298.66666666667,322.666666666667,1247.73333333333,6430.34666666667,1261.33333333333,0,128,0,18,22,24,0,47,3,8,0,0,0,0,0,0,1,0,1,1,0,0,0,0,0,0,0,0,0,0,0,0,0,0,0,0,0,0,2,3,58,2,0,0,0,5,8,20,1,0,0,0,62,0,0,0,0,0,0,0,0,0,54,1,0,8,33,0,2,0,26,0,2,0,49,11,0,0,0,0,0,0,7,4,24,14,7,8
"2015-09-03",67,132,0,1,14,15,95,8,1,2,8,1,1,2,4,0,0,0,10,0,4,4,0,1,1,0,7,7,1585.94583333333,4198.66666666667,485.75,1031.24166666667,6731.60166666667,1222.75,0,201,0,13,27,26,1,52,3,7,0,0,0,0,0,0,0,0,0,2,0,0,0,0,0,0,1,0,0,0,0,0,1,0,0,0,0,0,1,4,62,1,1,0,0,3,10,27,0,0,0,0,64,0,0,0,0,0,0,0,0,1,46,5,0,13,32,0,1,1,31,0,1,0,60,3,0,0,0,0,0,0,6,3,22,14,9,13
"2015-09-04",77,154,0,0,40,40,121,8,0,2,9,1,4,3,0,0,0,0,6,0,7,7,0,2,2,0,6,6,1547.37916666667,4247.83333333333,683.375,792.779166666667,7799.5225,1116.5,0,308,0,30,16,31,0,56,7,9,0,0,0,0,0,0,0,0,2,1,0,0,0,0,0,0,0,0,1,0,0,0,0,0,0,0,0,0,1,4,72,1,0,0,1,1,14,33,0,1,0,0,75,0,0,0,0,0,0,0,0,0,62,0,0,13,35,0,5,0,36,0,0,0,74,0,0,0,0,0,0,0,9,7,22,11,10,18
"2015-09-05",56,113,0,0,18,18,97,3,0,1,3,0,2,2,3,0,0,0,2,0,0,0,0,2,2,0,3,3,1221.03333333333,3614.33333333333,252,813.633333333333,5678.51666666667,1106,56,280,0,14,21,21,0,46,1,3,0,0,0,0,1,0,0,0,1,0,0,0,0,0,0,0,1,0,0,0,0,1,0,0,0,0,0,0,0,3,51,0,0,0,0,1,10,24,0,0,0,0,56,0,0,0,0,0,0,0,0,0,33,1,0,22,27,0,1,2,24,0,2,0,53,2,0,0,0,0,0,0,4,6,15,8,6,17
"2015-09-06",45,91,0,2,19,21,68,1,1,1,5,0,0,5,1,0,0,0,9,0,4,4,0,0,0,0,4,4,1131.5625,2926.875,258.75,803.0625,4543.40625,795,45,270,0,14,13,16,2,29,3,5,0,0,0,0,0,0,0,0,0,0,0,0,0,0,0,0,0,0,2,1,0,0,0,0,0,0,0,1,1,3,37,2,0,0,0,2,4,25,0,0,0,0,43,0,0,0,0,0,0,0,0,0,27,1,0,16,19,0,1,1,22,0,1,0,43,0,0,0,0,0,0,0,5,5,8,5,9,13
"2015-09-07",42,81,0,1,10,11,68,4,0,0,3,0,2,0,1,0,0,0,3,0,1,1,0,1,1,0,3,3,1102.95652173913,3018.75,330.75,850.15,4213.72,794.5,0,0,0,8,15,18,1,30,1,3,0,0,0,0,0,0,0,0,0,1,0,0,0,0,0,1,3,0,2,0,0,0,1,0,0,0,0,0,0,8,34,0,0,0,0,1,12,13,0,0,0,0,28,0,0,0,0,0,0,0,0,12,23,0,0,17,16,0,2,0,20,1,1,0,27,4,5,0,4,0,0,0,2,4,9,7,6,14
"2015-09-08",67,133,0,0,27,27,105,6,1,4,8,0,1,4,1,0,0,0,3,0,0,0,0,1,1,0,6,6,1621.67916666667,5287.41666666667,332.208333333333,1342.23333333333,6728.58666666667,1353.95833333333,0,67,0,24,26,17,0,48,1,7,0,0,0,0,0,0,0,0,0,1,1,0,0,0,0,0,2,0,2,0,0,0,1,0,0,0,0,0,4,7,56,4,0,0,0,1,10,34,1,0,0,0,63,0,0,0,0,0,0,0,1,1,57,0,0,8,35,0,2,0,27,0,0,0,61,3,0,0,0,0,0,1,14,4,15,5,10,19
"2015-09-09",68,137,0,0,22,22,111,8,1,2,6,2,1,1,1,0,0,0,4,0,1,1,0,0,0,0,5,5,1622.36666666667,5117,359.833333333333,1297.95,6794.39,1405.33333333333,0,136,0,18,21,29,0,55,2,5,0,0,0,0,0,0,0,0,0,0,0,0,0,0,0,0,1,0,1,0,0,0,0,0,0,0,0,0,1,2,62,1,2,0,0,0,7,26,0,0,0,0,64,0,0,0,0,0,0,0,1,2,58,1,0,9,36,0,2,1,26,0,2,0,53,13,1,0,0,0,0,0,5,6,23,13,8,13
"2015-09-10",64,133,0,1,17,18,105,12,0,2,6,1,0,2,0,0,0,0,5,0,2,2,0,0,0,0,5,5,1313.33333333333,3842.66666666667,309.333333333333,782.4,6424.93333333333,1605.33333333333,0,192,0,16,26,21,1,51,2,6,0,0,0,0,0,0,0,0,0,0,0,0,0,0,0,1,0,0,1,0,0,0,1,0,0,0,1,0,1,3,59,2,1,0,0,1,11,30,0,0,0,0,61,1,0,0,0,0,0,0,0,0,47,2,0,11,27,0,4,1,29,0,1,0,60,3,0,0,0,0,0,0,9,5,14,15,8,13
"2015-09-11",73,133,0,2,25,27,99,10,0,1,4,1,2,1,4,0,0,0,11,0,9,9,0,1,1,0,4,4,1470.64583333333,4535.125,474.5,893.3375,7307.96916666667,1934.5,0,292,0,20,22,29,2,51,9,4,0,0,0,0,0,1,0,0,0,0,0,0,1,0,0,1,1,0,1,0,0,0,2,0,1,0,0,0,1,6,65,2,1,0,1,6,7,28,1,0,0,0,71,0,0,0,0,0,0,0,0,1,55,4,3,10,38,0,2,2,26,0,4,0,68,3,0,0,1,0,0,0,6,4,26,18,9,10
"2015-09-12",72,137,0,0,24,24,119,2,0,0,1,0,0,3,1,0,0,2,9,0,4,4,0,0,0,0,1,1,1222.2,6387,708,1081.8,7212.21,1632,72,360,0,21,27,24,0,55,3,1,0,0,0,0,0,0,1,0,1,1,0,0,0,1,0,0,4,0,0,0,0,0,0,0,0,0,0,0,0,8,59,0,0,0,0,0,3,39,1,0,0,0,15,0,0,0,0,0,0,0,0,52,38,5,1,24,38,0,4,0,28,0,0,0,13,12,40,0,3,0,0,0,7,4,22,10,12,17
"2015-09-13",53,99,1,4,10,15,78,2,0,1,3,1,1,4,2,0,0,0,7,0,1,1,0,0,0,0,2,2,868.5375,4977.58333333333,269.416666666667,814.875,5286.30833333333,925.291666666667,53,318,1,7,24,19,2,39,0,2,0,0,0,0,3,0,1,0,1,0,0,1,0,0,0,2,0,0,1,0,0,0,1,0,0,0,0,1,0,7,44,1,1,0,0,1,8,26,1,0,0,0,6,0,0,0,0,0,0,0,1,42,20,7,1,24,29,0,3,0,19,0,1,0,5,5,33,0,5,0,0,0,4,5,19,6,5,14
"2015-09-14",55,107,0,2,17,19,89,2,1,3,3,1,1,0,1,0,0,1,5,0,7,7,0,0,0,0,2,2,935.458333333333,4496.25,215.416666666667,752.583333333333,5512.00833333334,1210,0,0,0,11,22,20,2,39,5,3,0,0,0,0,1,0,0,1,1,0,0,0,0,0,0,0,0,0,1,0,0,0,0,0,1,0,0,0,2,3,48,3,2,0,0,3,9,22,0,0,0,0,37,0,0,0,0,1,0,0,0,16,41,4,0,9,22,0,5,0,26,0,2,0,33,7,13,0,1,0,0,0,1,5,13,9,8,19
"2015-09-15",68,134,0,0,33,33,109,4,1,2,7,0,4,1,3,0,0,0,3,0,6,6,0,2,2,0,7,7,1388.33333333333,4624,368.333333333333,957.666666666667,6892.16833333333,1320.33333333333,0,68,0,27,21,20,0,47,7,7,0,0,0,0,0,0,0,0,1,1,0,0,0,0,0,1,0,0,0,0,0,0,0,0,1,0,0,0,0,3,61,1,1,0,0,4,6,34,1,0,0,0,68,0,0,0,0,0,0,0,0,0,51,1,0,15,30,0,3,1,30,0,3,0,65,3,0,0,0,0,0,0,5,2,22,10,7,22
"2015-09-16",69,136,0,2,27,29,99,11,0,3,13,1,1,1,2,0,0,1,4,0,6,6,0,1,1,0,12,12,1568.3125,4614.375,382.375,1106.5875,7003.96,1368.5,0,138,0,27,23,17,2,44,5,13,0,0,0,0,0,0,0,0,0,0,1,0,0,0,0,1,0,0,1,0,0,0,1,0,0,0,0,0,1,4,62,1,1,0,0,3,10,34,0,1,0,0,65,0,0,0,0,0,0,0,0,1,50,2,1,16,30,0,4,0,32,0,2,0,65,1,1,0,0,0,0,0,9,4,15,14,12,15
"2015-09-17",73,145,0,1,21,22,104,8,1,7,11,1,2,2,0,0,0,0,9,0,4,4,0,0,0,0,10,10,1689.95,4668.95833333333,456.25,1145.1875,7368.22458333333,1557.33333333333,0,219,0,20,29,23,1,51,2,10,0,0,0,0,0,1,0,2,1,0,0,0,0,0,0,1,0,0,0,0,0,0,1,0,0,0,0,0,1,5,64,1,1,0,0,3,6,40,1,0,0,0,70,0,0,0,0,0,0,0,0,1,48,3,1,19,43,0,3,0,26,0,1,0,68,3,0,0,0,0,0,0,7,1,24,19,7,15
"2015-09-18",86,165,0,1,31,32,122,9,0,3,13,0,3,3,2,0,0,0,10,0,4,4,0,2,2,0,12,12,1984.09166666667,5593.58333333333,372.666666666667,1354.85833333333,8642.2475,1596.60869565217,0,344,0,28,33,24,1,54,5,13,0,0,0,0,0,0,1,0,2,1,1,0,0,0,0,0,0,0,0,0,0,0,1,0,1,0,0,0,2,6,72,3,1,0,0,3,12,38,1,0,0,0,86,0,0,0,0,0,0,0,0,0,67,1,0,16,49,0,3,0,33,0,0,0,86,0,0,0,0,0,0,0,7,6,22,16,16,19
"2015-09-19",67,127,0,1,21,22,107,4,0,0,5,0,0,5,0,0,0,0,6,0,5,5,0,0,0,0,3,3,1511.96666666667,4782.125,404.791666666667,1129.7875,6693.24416666667,1152.95833333333,67,335,0,17,24,25,1,50,4,4,0,0,0,0,0,0,1,0,0,0,0,0,0,0,0,1,0,1,0,0,0,0,1,0,0,0,0,0,0,4,58,0,0,0,0,2,6,36,0,0,0,0,40,0,0,0,0,0,0,0,1,20,29,4,1,29,42,0,2,0,19,0,0,0,37,5,17,0,2,0,0,0,3,4,20,12,9,19
"2015-09-20",55,113,1,1,20,22,88,1,0,1,4,1,4,6,3,0,0,0,5,1,2,3,0,1,1,0,4,4,782.375,3561.25,334.583333333333,410.666666666667,5552.18125,1464.375,55,330,1,15,16,22,1,43,3,4,0,0,0,0,0,0,0,1,0,0,0,0,0,0,0,0,0,0,0,0,0,0,0,0,1,0,0,0,0,1,50,1,1,0,0,8,12,24,0,0,0,0,53,0,0,0,0,0,0,0,0,1,39,1,0,15,15,0,1,2,35,0,1,0,54,1,0,0,0,0,0,0,6,1,16,13,6,13
"2015-09-21",58,109,0,0,16,16,79,11,0,4,4,0,2,5,1,0,0,0,3,0,2,2,0,2,2,0,3,3,916.883333333333,3477.58333333333,164.333333333333,443.216666666667,5892.31666666666,1081.82608695652,0,0,0,15,18,25,0,42,3,4,0,0,0,0,0,0,1,0,0,0,0,1,0,0,0,0,0,0,1,0,0,0,2,0,0,0,0,0,2,5,49,2,2,0,0,2,12,22,1,0,0,0,54,0,0,0,0,0,0,0,0,1,39,4,0,12,29,0,3,0,24,0,1,0,52,2,0,0,0,0,0,0,7,2,16,11,10,12
"2015-09-22",48,100,1,1,19,21,75,7,0,5,6,1,2,1,2,0,0,0,1,1,0,1,0,3,3,0,5,5,847.6,2796,190,410.2,4878.4,776,0,48,1,15,17,14,1,33,1,6,0,0,0,0,0,0,0,1,0,0,0,0,0,0,0,0,0,0,1,0,0,0,1,0,0,0,0,1,2,3,40,3,0,0,0,1,7,23,0,0,0,0,46,0,0,0,0,1,0,0,0,0,36,0,1,9,24,0,1,0,21,0,0,0,45,2,0,0,0,0,0,0,4,1,13,10,10,10
"2015-09-23",58,114,0,2,12,14,79,10,0,0,5,2,2,4,3,0,0,0,9,0,3,3,0,1,1,0,5,5,1090.15833333333,3663.66666666667,331.083333333333,657.091666666667,5888.8125,1527.33333333333,0,116,0,12,17,27,2,40,2,5,0,0,0,0,0,0,0,0,0,0,0,0,0,0,0,0,0,0,1,0,0,0,4,0,0,0,0,0,2,5,47,2,0,0,0,3,6,24,0,0,0,0,56,0,0,0,0,1,0,0,0,0,46,3,0,8,27,0,4,2,21,0,3,0,57,0,0,0,0,0,0,0,3,4,21,9,6,15
"2015-09-24",68,136,0,0,24,24,104,7,0,0,6,0,2,1,3,0,0,1,12,0,2,2,0,3,3,0,3,3,1073.26666666667,3360.33333333333,572.333333333333,324.983333333333,6942.99833333333,1331.66666666667,0,204,0,18,21,29,0,48,2,5,0,0,0,0,0,1,1,0,0,0,0,0,0,0,0,1,0,0,1,0,0,0,1,0,0,0,0,0,1,4,56,1,0,0,0,3,9,26,0,0,0,0,62,0,0,0,0,0,0,0,0,0,52,1,1,9,38,0,1,0,28,0,0,0,58,2,0,0,0,0,0,0,7,5,19,11,11,15
"2015-09-25",59,124,1,0,21,22,95,7,0,2,3,0,3,0,5,0,0,0,9,1,2,3,0,3,3,0,3,3,708.983333333333,3633.41666666667,383.5,278.775,6032.79916666667,988.25,0,236,1,15,20,23,0,48,2,3,0,0,0,0,0,0,0,1,0,0,0,0,0,0,0,1,0,0,0,0,0,0,0,0,0,0,0,0,1,2,53,1,1,0,0,2,3,32,0,0,0,0,59,0,0,0,0,0,0,0,0,0,38,4,0,17,26,0,4,1,27,0,1,0,49,9,0,0,0,0,0,0,6,4,21,9,4,15
"2015-09-26",48,95,0,1,21,22,77,5,0,0,3,2,0,4,2,0,0,0,2,0,3,3,0,0,0,0,3,3,581.4,2872,220,193.4,4914.34,1016,48,240,0,16,18,13,1,33,3,3,0,0,0,0,0,1,0,0,1,0,0,0,0,0,0,1,1,0,1,0,0,0,0,0,0,0,0,0,2,4,40,2,0,0,0,0,6,21,0,1,0,0,44,0,0,0,0,1,0,0,0,0,28,2,0,15,22,0,1,0,23,0,1,0,45,0,0,0,0,0,0,0,1,2,19,5,7,14
"2015-09-27",34,68,0,0,9,9,54,1,0,1,2,0,0,1,3,0,0,0,6,0,2,2,0,0,0,0,1,1,545.983333333333,2133.5,172.833333333333,296.933333333333,3460.16583333333,619.083333333333,34,204,0,5,17,12,0,27,1,1,0,0,0,0,0,0,0,0,2,0,0,0,0,0,0,2,0,0,0,0,0,0,0,0,0,0,0,0,0,4,29,0,0,0,0,0,6,16,0,0,0,0,31,0,0,0,0,0,0,0,0,0,18,0,0,14,14,0,1,0,17,0,0,0,32,1,0,0,0,0,0,0,4,2,11,2,1,14
"2015-09-28",67,132,0,1,22,23,106,11,0,1,3,0,2,4,0,0,0,0,5,0,4,4,0,1,1,0,3,3,1190.64583333333,5114.33333333333,337.791666666667,899.475,6768.22833333333,1246.78260869565,0,0,0,17,21,28,1,53,4,2,0,0,0,0,0,0,1,0,1,1,0,0,0,0,0,1,0,0,0,0,0,0,0,0,0,0,0,0,1,4,59,1,1,0,1,0,7,33,0,0,0,0,32,0,0,0,0,0,0,0,0,32,47,1,0,16,33,0,5,0,27,0,0,0,24,14,25,1,1,0,0,0,4,6,23,7,6,21
"2015-09-29",76,134,0,4,30,34,109,9,0,3,4,0,1,3,0,0,0,0,5,0,11,11,0,1,1,0,4,4,1441.68695652174,6691.16666666667,519.333333333333,1273.31666666667,7641.99,1238.16666666667,0,76,0,26,18,30,2,51,8,4,0,0,0,0,0,0,1,3,1,0,0,0,0,0,0,0,1,0,0,0,0,0,3,0,0,0,0,0,3,9,63,3,0,0,0,1,16,28,0,1,0,0,36,0,0,0,0,0,0,0,2,38,43,9,0,24,45,0,1,2,28,0,0,0,20,20,28,0,8,0,0,0,6,5,17,20,8,20
"2015-09-30",64,128,0,0,28,28,106,5,0,3,4,2,0,2,0,0,0,1,5,0,3,3,0,0,0,0,2,2,698.472727272727,4692.36363636364,942.545454545455,392.145454545455,6466.35636363636,1088,0,128,0,20,21,23,0,54,2,3,0,0,0,0,1,0,0,0,0,0,0,0,0,0,0,0,0,0,0,0,0,0,0,0,0,0,0,0,1,0,60,1,1,0,0,0,8,28,0,0,0,0,37,0,0,0,0,0,0,0,0,24,44,8,0,10,36,0,1,0,24,0,2,0,27,12,21,1,0,0,0,0,4,4,13,18,11,14
"2015-10-01",96,188,0,0,31,31,143,9,0,1,8,2,2,4,4,0,0,2,13,0,9,9,0,1,1,0,3,3,886.8,5644,1180,118.8,9782.08,1780,0,288,0,27,30,39,0,72,9,7,0,0,0,1,0,0,0,1,0,0,0,0,0,0,0,0,0,0,0,1,0,0,1,0,0,0,0,0,0,3,89,0,1,0,0,2,15,37,0,1,0,0,86,0,0,0,0,0,0,0,0,0,65,5,0,17,46,0,2,1,39,0,1,0,80,2,0,0,0,0,0,0,4,7,31,10,11,33
"2015-10-02",83,164,1,0,21,22,126,10,0,2,3,0,2,7,3,0,0,0,11,0,3,3,0,2,2,1,2,3,692.358333333333,4620.33333333333,498,-30.4333333333333,8497.43625,1998.91666666667,0,332,1,19,24,39,0,65,3,3,0,0,0,0,1,0,0,0,2,0,0,0,0,0,0,0,0,0,0,0,0,0,3,0,0,0,0,0,1,5,72,1,0,0,0,1,8,34,1,0,0,0,79,0,0,0,0,0,0,0,0,0,58,4,1,14,38,0,3,0,38,0,0,0,75,2,0,0,0,0,0,0,7,5,28,13,8,22
"2015-10-03",51,97,0,0,18,18,74,8,0,2,3,0,0,3,0,0,0,1,6,0,1,1,0,0,0,0,2,2,434.5625,3427.625,0,130.9,5233.7475,977.350214097497,51,255,0,9,23,19,0,43,1,2,0,0,0,0,0,0,0,0,0,0,0,0,0,0,0,1,1,0,1,0,0,0,0,0,0,0,0,0,1,3,46,1,0,0,0,2,11,20,0,0,0,0,47,0,0,0,0,0,0,0,0,1,34,1,0,14,23,0,0,0,24,0,2,0,47,1,0,0,0,0,0,0,1,6,16,13,7,8
"2015-10-04",49,96,1,1,20,22,77,4,0,0,2,1,3,1,0,0,0,1,7,0,1,1,0,1,1,0,2,2,455.0875,3093.125,0,107.1875,5005.98291666667,939.022754721124,49,294,1,12,15,20,1,37,1,2,0,0,0,0,0,0,0,0,0,0,0,0,0,0,0,0,3,0,0,0,0,0,2,0,0,1,0,0,1,5,40,2,0,0,0,2,4,24,0,0,0,0,46,0,0,0,0,0,0,0,0,0,30,0,0,17,22,0,1,1,21,0,1,0,45,1,0,0,0,0,0,0,2,4,15,7,7,14
"2015-10-05",54,106,0,1,15,16,77,9,0,2,6,2,0,2,1,0,0,0,7,0,3,3,0,0,0,0,5,5,606.825,3759.75,0,306.9,5475.96,1034.84140316206,0,0,0,15,18,20,1,37,3,6,0,0,0,0,0,0,1,1,2,0,0,0,0,1,0,0,0,0,0,0,0,0,0,0,0,0,0,0,1,5,46,1,0,0,0,2,5,25,1,0,0,0,52,0,0,0,0,0,0,0,0,0,41,5,0,8,20,0,3,0,25,1,3,0,47,5,0,0,0,0,0,0,1,7,20,6,9,11
"2015-10-06",60,114,0,0,18,18,77,10,0,4,8,0,4,4,1,0,0,0,6,0,1,1,0,2,2,0,5,5,772.5,4485,0,506,6049.175,1149.82378129117,0,60,0,17,18,25,0,39,1,8,0,0,0,0,0,0,0,2,1,1,0,0,0,0,0,0,1,0,0,0,0,0,1,0,0,0,0,0,1,6,48,1,0,0,0,1,8,26,0,0,0,0,56,0,0,0,0,0,0,0,0,1,44,3,0,10,34,0,2,0,20,0,2,0,41,16,0,0,0,0,0,0,9,4,19,9,5,14
"2015-10-07",62,121,0,0,16,16,86,13,2,1,1,0,2,4,2,0,0,0,10,0,2,2,0,1,1,0,1,1,824.858333333333,4580.25,0,525.45,6234.07416666667,1188.15124066754,0,124,0,13,26,23,0,48,1,1,0,0,0,0,0,1,0,1,1,0,0,0,0,0,0,1,1,1,0,0,0,0,1,0,0,0,0,0,0,6,51,0,0,0,1,3,13,21,2,0,0,0,59,0,0,0,0,1,0,0,0,0,41,2,0,13,22,0,4,0,33,0,1,0,50,9,0,0,0,0,0,0,4,2,16,8,11,21
"2015-10-08",74,140,0,0,19,19,105,18,0,1,5,0,2,0,2,0,0,0,7,0,4,4,0,2,2,0,4,4,651.57,4554.7,162.8,123.58,7487.69,1870.18181818182,0,222,0,17,32,25,0,59,5,4,0,0,0,0,0,0,0,0,1,1,0,0,0,0,0,3,0,0,0,0,0,0,0,0,0,0,0,0,0,5,68,0,0,0,0,5,10,38,0,0,0,0,70,0,0,0,0,0,0,0,0,2,49,2,0,20,35,0,5,0,30,0,4,0,68,2,1,0,0,0,0,0,7,3,22,18,11,13
"2015-10-09",61,117,0,1,20,21,100,4,0,0,2,0,0,4,1,0,0,0,6,0,2,2,0,0,0,0,2,2,414.0375,5362.91666666667,381.25,290.004166666667,6115.04666666667,681.166666666667,0,244,0,14,23,23,1,50,3,2,0,0,0,0,0,0,0,0,0,1,0,0,0,0,0,0,0,0,0,1,0,0,2,0,0,0,0,0,0,4,55,0,0,0,0,0,13,32,0,0,0,0,26,0,0,0,0,1,0,0,0,34,34,8,0,18,32,0,4,0,23,0,1,0,20,15,24,0,2,0,0,0,6,5,16,10,12,12
"2015-10-10",55,105,0,1,18,19,88,1,0,1,2,1,1,2,2,0,0,1,6,0,2,2,0,0,0,0,2,2,382.479166666667,3673.54166666667,348.333333333333,48.3541666666667,5548.58333333333,1111.45833333333,55,275,0,15,23,16,1,39,4,2,0,0,0,0,1,0,1,0,0,1,1,0,0,0,0,2,0,0,0,0,0,0,2,0,0,0,0,0,1,7,46,1,1,0,0,1,8,22,0,0,0,0,53,0,0,0,0,0,0,0,0,1,40,1,0,13,32,0,0,1,22,0,0,0,50,4,0,0,0,0,0,0,1,4,11,9,11,19
"2015-10-11",48,92,0,0,10,10,82,3,0,0,1,1,1,0,0,0,0,0,4,0,0,0,0,1,1,0,0,0,622.2,3352,346,363,4792.36,898,48,288,0,9,22,17,0,39,0,1,0,0,0,0,0,0,2,0,0,0,0,0,0,0,0,1,1,0,0,0,0,0,1,0,0,0,0,0,1,5,40,1,2,0,0,0,7,24,0,0,0,0,48,0,0,0,0,0,0,0,0,0,30,2,1,15,22,0,3,0,21,1,0,0,34,12,0,0,0,0,0,0,6,3,11,14,2,12