"Date","NB_Accidents","NB_VEH_IMPLIQUES_ACCDN","NB_MORTS","NB_BLESSES_GRAVES","NB_BLESSES_LEGERS","NB_VICTIMES_TOTAL","nb_automobile_camion_leger","nb_camionLourd_tractRoutier","nb_outil_equipement","nb_tous_autobus_minibus","nb_bicyclette","nb_cyclomoteur","nb_motocyclette","nb_taxi","nb_urgence","nb_motoneige","nb_VHR","nb_autres_types","nb_veh_non_precise","NB_DECES_PIETON","NB_BLESSES_PIETON","NB_VICTIMES_PIETON","NB_DECES_MOTO","NB_BLESSES_MOTO","NB_VICTIMES_MOTO","NB_DECES_VELO","NB_BLESSES_VELO","NB_VICTIMES_VELO","Temp","Rel.Hum","Wind.Spd","Dew.Point.Temp","Stn_Press","Wind.Dir","weekdays","days","SeverityDeadly","SeverityLight Injury","SeverityMaterial High","SeverityMaterial Low","SeveritySevere Injury","as.factor(Accident_Type)31","as.factor(Accident_Type)32","as.factor(Accident_Type)33","as.factor(Accident_Type)34","as.factor(Accident_Type)35","as.factor(Accident_Type)36","as.factor(Accident_Type)37","as.factor(Accident_Type)38","as.factor(Accident_Type)39","as.factor(Accident_Type)40","as.factor(Accident_Type)41","as.factor(Accident_Type)42","as.factor(Accident_Type)43","as.factor(Accident_Type)44","as.factor(Accident_Type)45","as.factor(Accident_Type)46","as.factor(Accident_Type)47","as.factor(Accident_Type)48","as.factor(Accident_Type)49","as.factor(Accident_Type)50","as.factor(Accident_Type)51","as.factor(Accident_Type)52","as.factor(Accident_Type)53","as.factor(Accident_Type)54","as.factor(Accident_Type)55","as.factor(Accident_Type)59","as.factor(Accident_Type)71","as.factor(Accident_Type)72","as.factor(Accident_Type)73","as.factor(Accident_Type)74","as.factor(Accident_Type)75","as.factor(Accident_Type)99","Accident_CategoryFixed Object","Accident_CategoryMoving Object","Accident_CategoryNo Collision","Auth_Speed10","Auth_Speed100","Auth_Speed20","Auth_Speed30","Auth_Speed40","Auth_Speed50","Auth_Speed60","Auth_Speed70","Auth_Speed80","Auth_Speed90","Surface_CondDry","Surface_CondHard snow","Surface_CondIce","Surface_CondMud","Surface_CondOil","Surface_CondSand or gravel","Surface_CondSlush","Surface_CondSnow","Surface_CondWater accumulation","Surface_CondWet","IlluminationDay and clear","IlluminationDay and semi-dark","IlluminationNight and dark","IlluminationNight and lighted","EnvironmentCommercial","EnvironmentForest","EnvironmentIndustrial","EnvironmentPark","EnvironmentResidential","EnvironmentRural","EnvironmentSchool area","WeatherBlack Ice","WeatherClear Sky","WeatherCloudy","WeatherDrizzle","WeatherFoggy","WeatherHeavy Rain","WeatherSnow","WeatherSnowstorms","WeatherStrong Wind","cluster_id_0","cluster_id_1","cluster_id_2","cluster_id_3","cluster_id_4","cluster_id_5"
"2015-10-12",44,90,0,1,10,11,77,4,0,1,3,0,1,1,3,0,0,0,0,0,0,0,0,0,0,0,3,3,758.45,2766.5,256.666666666667,432.483333333333,4380.035,859.833333333333,0,0,0,7,18,18,1,36,1,2,0,0,0,0,0,0,0,0,0,0,1,0,0,0,0,2,1,0,0,0,0,0,0,0,0,0,0,0,0,4,39,0,0,0,0,2,5,17,0,0,0,0,42,0,0,0,0,0,0,0,0,1,27,3,0,14,22,0,0,0,21,0,1,0,40,2,1,0,0,0,0,0,3,5,11,12,7,6
"2015-10-13",59,114,0,0,18,18,95,4,1,1,4,1,0,3,1,0,0,0,4,0,1,1,0,0,0,0,2,2,871.233333333333,4511.04166666667,368.75,624.6625,5827.89708333333,1143.125,0,59,0,14,20,25,0,48,2,3,0,0,0,0,1,0,1,0,0,0,0,0,0,0,0,0,0,0,0,0,0,0,0,0,0,0,0,0,1,1,54,1,0,0,0,1,9,26,0,0,0,0,30,0,0,0,0,0,0,0,0,26,42,3,0,10,24,0,0,1,31,0,0,0,28,13,15,0,0,0,0,0,4,1,13,15,8,18
"2015-10-14",65,131,0,1,18,19,107,4,0,5,2,1,3,1,2,0,0,0,6,0,2,2,0,3,3,0,2,2,673.5625,4615,354.791666666667,341.791666666667,6462.625,1375.83333333333,0,130,0,16,20,28,1,52,2,2,0,0,0,0,0,1,0,0,0,1,0,0,0,0,0,0,0,0,0,0,0,0,0,0,1,0,0,1,3,1,57,5,0,1,0,2,6,34,0,0,0,0,64,0,0,0,0,0,0,0,0,0,49,4,0,11,33,0,0,1,25,0,4,0,53,11,0,0,0,0,0,0,12,8,17,5,5,18
"2015-10-15",87,161,0,2,31,33,129,10,1,3,4,0,2,5,0,0,0,0,7,0,10,10,0,1,1,0,2,2,760.8875,7112.25,493,498.8,8699.3475,1830.625,0,261,0,25,31,29,2,66,11,4,0,0,0,0,0,0,1,0,0,1,0,0,0,0,0,1,0,0,0,0,0,0,0,0,1,0,0,0,1,3,81,2,0,0,0,5,9,36,0,0,0,0,43,0,0,0,0,0,0,0,0,42,59,3,1,23,49,0,4,1,25,1,4,0,39,19,22,0,5,0,0,0,10,6,25,15,11,20
"2015-10-16",54,106,0,0,11,11,74,7,0,3,3,0,2,3,2,0,0,1,11,0,2,2,0,0,0,0,3,3,444.825,4005,306,202.95,5408.145,1320.75,0,216,0,10,22,22,0,43,2,3,0,0,0,0,0,1,1,0,0,1,0,0,0,0,0,0,0,1,0,0,0,0,0,0,0,0,0,0,0,3,49,0,1,0,0,1,8,22,1,0,0,0,42,0,0,0,0,0,0,0,0,9,32,3,0,14,26,0,3,0,23,0,0,0,27,16,6,0,0,0,0,1,4,1,14,9,9,17
"2015-10-17",53,98,0,0,16,16,86,2,0,0,2,0,0,2,0,0,0,1,5,0,2,2,0,0,0,0,2,2,149.945833333333,4299.625,379.833333333333,-16.5625,5342.33375,1040.125,53,265,0,12,22,19,0,41,3,2,0,0,0,0,0,1,1,0,0,1,0,0,0,0,0,1,0,0,0,1,0,0,1,0,0,0,0,0,0,5,47,0,0,0,1,0,9,25,0,0,0,0,26,0,0,0,0,0,1,0,0,24,27,3,1,20,27,0,4,0,21,0,0,0,22,12,15,0,0,1,0,0,4,5,22,2,9,11
"2015-10-18",31,63,0,0,13,13,54,2,0,0,0,0,2,2,0,0,0,0,3,0,1,1,0,0,0,0,0,0,16.6625,1974.95833333333,209.25,-176.958333333333,3149.58708333333,953.25,31,186,0,7,15,9,0,24,2,0,0,0,0,0,0,0,0,0,1,0,0,0,0,0,0,0,1,0,0,0,0,0,0,0,0,0,0,0,0,2,26,0,1,0,1,0,2,14,0,1,0,0,27,0,1,0,0,0,0,0,0,2,14,1,0,14,16,0,0,0,14,1,0,0,21,8,0,0,0,1,0,0,1,3,8,6,6,7
"2015-10-19",48,88,0,0,13,13,72,9,1,0,2,0,0,1,1,0,0,0,2,0,5,5,0,0,0,0,1,1,130,3128,324,-158.8,4868.78,1096,0,0,0,13,20,15,0,34,5,2,0,0,0,0,0,0,2,1,2,0,0,0,0,0,0,0,0,0,0,0,0,0,1,0,0,0,0,0,0,6,41,0,0,0,0,1,6,22,0,0,0,0,40,0,1,0,0,0,0,0,0,5,36,3,0,9,22,0,2,0,21,0,2,0,36,6,3,0,0,0,0,0,3,1,10,17,6,11
"2015-10-20",69,131,0,0,25,25,99,7,0,2,4,1,4,5,2,0,0,0,7,0,4,4,0,1,1,0,3,3,857.9,4076.75,557.75,295.55,6947.3225,1144.25,0,69,0,21,15,33,0,52,6,4,0,0,0,0,1,0,0,0,0,0,0,0,0,0,0,0,1,0,1,0,0,0,1,0,0,0,0,0,2,3,63,2,0,0,0,0,13,31,1,0,0,0,65,0,0,0,0,0,0,0,0,0,49,8,0,9,40,0,2,0,25,0,2,0,51,14,0,0,0,0,0,0,8,6,16,13,11,15
"2015-10-21",57,112,0,0,17,17,81,11,1,1,4,1,5,0,0,0,0,0,8,0,3,3,0,1,1,0,3,3,362.1875,2655.25,401.375,-252.7,5797.96875,434.625,0,114,0,16,19,22,0,43,3,4,0,0,0,0,0,1,0,0,0,0,0,0,0,0,0,1,0,0,0,0,0,0,0,0,0,0,0,0,2,1,51,2,0,1,1,0,7,24,0,0,0,0,57,0,0,0,0,0,0,0,0,0,41,3,1,11,35,0,2,0,19,0,1,0,51,5,0,0,0,0,0,0,7,6,17,9,10,8
"2015-10-22",65,128,1,0,22,23,91,8,2,2,2,3,4,4,3,0,0,0,9,1,4,5,0,1,1,0,1,1,651.895833333333,4560.83333333333,501.041666666667,291.958333333333,6542.49375,1294.58333333333,0,195,1,17,24,23,0,49,5,2,0,0,0,0,1,0,0,1,0,0,0,0,0,1,0,0,0,0,0,0,0,0,1,0,0,0,0,0,1,3,57,1,2,0,0,3,3,31,1,0,0,0,44,0,0,0,0,0,0,0,0,16,36,5,1,19,35,1,2,0,22,0,2,0,38,11,11,0,0,0,0,0,3,6,21,7,9,19
"2015-10-23",84,169,0,0,26,26,127,12,0,2,9,3,2,3,1,0,0,0,10,0,3,3,0,2,2,0,3,3,394.45,5428.5,490,-127.4,8543.78,1526,0,336,0,23,29,32,0,63,3,9,0,1,0,0,0,1,0,2,0,1,0,0,0,0,0,0,1,0,0,0,0,0,0,0,0,0,0,0,0,4,77,0,1,0,0,3,10,31,3,0,0,0,77,0,0,0,0,1,0,0,0,0,56,5,0,18,35,0,5,0,36,1,3,0,73,5,0,0,0,0,0,0,8,10,18,13,11,24
"2015-10-24",49,97,0,0,18,18,77,6,0,2,1,0,0,0,4,0,0,1,6,0,0,0,0,0,0,0,1,1,297.0625,3421.83333333333,369.541666666667,37.1583333333333,4965.72125,818.708333333333,49,245,0,9,20,20,0,44,0,1,0,0,0,0,0,0,0,0,0,0,0,0,0,1,0,1,0,0,0,0,0,0,1,0,0,0,0,0,0,3,45,0,0,0,0,1,6,22,1,0,0,0,42,0,0,0,0,0,0,0,0,5,26,2,0,20,28,0,0,1,20,0,0,0,33,10,4,0,0,0,0,0,3,1,20,11,4,10
"2015-10-25",60,111,0,1,20,21,86,4,0,2,1,0,1,6,2,0,0,0,9,0,3,3,0,1,1,0,1,1,511.5,4760,355,299.5,6039.025,1005,60,360,0,11,29,19,1,47,5,1,0,0,0,0,0,0,1,1,0,1,0,0,0,0,0,0,1,0,1,0,0,0,1,0,0,0,0,0,1,6,53,1,0,0,0,0,5,33,1,0,0,0,35,0,0,0,0,0,0,0,0,24,24,4,1,29,35,0,1,0,21,0,2,0,23,14,14,0,8,0,0,0,6,5,24,8,4,13
"2015-10-26",49,85,0,0,11,11,69,5,2,0,1,0,2,0,1,0,0,0,5,0,6,6,0,1,1,0,1,1,202.941666666667,3229.91666666667,261.333333333333,-86.5666666666667,5008.14708333333,1408.21739130435,0,0,0,11,24,14,0,33,6,1,0,0,0,0,0,0,0,0,0,0,1,0,0,0,0,0,2,0,0,0,0,0,5,0,0,0,0,0,1,8,40,1,0,0,0,1,9,22,2,0,0,0,46,0,0,0,0,0,0,0,0,0,36,1,0,11,21,0,3,0,20,0,4,0,45,1,0,0,0,0,0,0,5,6,10,7,10,11
"2015-10-27",68,124,0,0,30,30,95,5,0,3,4,1,0,2,4,0,0,0,10,0,5,5,0,0,0,0,3,3,379.666666666667,4434.16666666667,240.833333333333,-55.25,6968.95166666667,1580.19047619048,0,68,0,21,24,23,0,40,7,4,0,0,0,0,0,1,1,1,1,0,0,1,0,0,0,1,0,0,0,0,0,0,2,0,0,0,0,0,1,7,52,1,0,0,0,4,9,35,0,0,0,0,62,0,0,0,0,0,0,0,0,1,48,6,0,10,30,0,5,0,24,0,4,0,60,3,1,0,0,0,0,0,7,9,18,9,8,17
"2015-10-28",78,144,0,0,29,29,115,10,1,3,1,1,1,3,4,0,0,0,5,0,10,10,0,0,0,0,1,1,465.725,6249.75,364,209.625,7898.2475,1036.75,0,156,0,26,30,22,0,60,10,1,0,0,0,0,0,0,2,1,1,0,0,0,0,0,0,0,0,0,1,0,0,0,2,0,0,0,0,0,0,7,71,0,0,0,0,4,9,39,1,1,0,0,21,0,0,0,0,0,0,0,2,53,30,16,0,32,50,1,4,0,23,0,0,0,14,8,43,1,11,0,0,1,5,6,17,12,12,26
"2015-10-29",74,139,0,1,20,21,115,11,0,0,2,1,0,3,2,0,0,1,4,0,4,4,0,0,0,0,2,2,781.316666666667,5876.83333333333,613.583333333333,492.716666666667,7307.00666666667,1541.66666666667,0,222,0,19,27,27,1,54,5,2,0,0,0,0,1,0,0,1,1,2,0,0,0,1,0,0,1,0,1,0,0,0,1,0,0,0,1,0,0,8,62,1,1,0,0,1,8,34,0,1,0,0,37,0,0,0,0,0,0,1,0,30,48,3,2,17,35,0,4,1,29,0,0,0,35,14,16,0,1,0,0,4,5,8,26,12,7,16
"2015-10-30",73,139,0,0,21,21,108,8,1,1,5,1,1,3,0,0,0,0,11,0,5,5,0,0,0,0,3,3,413.058333333333,4538.16666666667,529.25,-90.3375,7311.89291666667,1195.375,0,292,0,18,34,21,0,56,4,5,0,0,0,0,0,0,1,0,0,0,0,0,0,0,1,0,0,0,1,0,0,0,1,0,0,0,0,0,3,4,65,3,0,0,0,1,15,28,0,0,0,0,68,0,0,0,0,0,0,0,0,3,45,4,1,22,35,0,2,0,35,0,0,0,64,4,2,0,0,0,0,0,7,3,29,7,9,18
"2015-10-31",53,107,0,0,8,8,97,3,0,0,1,0,0,1,0,0,0,0,5,0,3,3,0,0,0,0,1,1,267.65,3385.375,245.125,-75.525,5357.24,1183.66666666667,53,265,0,7,30,16,0,42,2,1,0,0,0,0,0,0,0,0,2,0,0,0,0,0,0,2,0,0,0,0,0,0,0,0,0,0,0,1,0,4,45,1,0,0,0,3,6,17,0,0,0,0,51,0,0,0,0,0,0,0,0,2,31,1,1,20,26,0,1,0,25,0,1,0,43,8,2,0,0,0,0,0,5,2,16,11,7,12
"2015-11-01",54,105,0,1,24,25,90,2,0,2,4,0,0,3,2,0,0,0,2,0,2,2,0,0,0,0,4,4,448.65,4504.5,416.25,303.3,5388.5025,1028.25,54,324,0,15,26,12,1,35,3,4,0,0,0,0,1,0,4,1,0,0,0,0,0,0,0,2,0,0,0,0,0,0,1,0,0,0,0,0,0,8,43,0,0,0,0,1,9,30,0,0,0,0,19,0,0,0,0,0,0,0,0,35,21,7,0,26,25,0,4,0,22,1,1,0,21,13,18,0,2,0,0,0,4,3,14,9,7,17
"2015-11-02",62,122,0,1,26,27,98,8,0,2,6,1,1,2,2,0,0,0,2,0,6,6,0,1,1,0,4,4,568.85,4538.91666666667,276.416666666667,280.55,6245.0275,1273.58333333333,0,0,0,22,20,19,1,42,7,6,0,0,0,0,1,0,1,1,0,0,0,0,0,0,0,1,0,0,0,0,0,0,0,0,0,0,0,0,0,3,56,0,1,0,0,1,9,22,1,0,0,0,58,0,0,0,0,0,0,0,0,2,41,6,0,12,35,0,2,0,20,0,4,0,52,8,0,0,0,0,0,0,9,3,19,10,7,14
"2015-11-03",68,131,0,1,29,30,111,4,0,1,4,1,0,5,1,0,0,0,4,0,6,6,0,0,0,0,3,3,677.45,5349.33333333333,368.333333333333,430.1,6876.18833333333,1428,0,68,0,27,19,21,1,48,7,4,0,0,0,1,1,0,0,0,0,0,0,0,0,0,0,1,0,1,0,0,0,0,1,0,0,0,0,0,2,3,61,2,0,0,0,3,8,28,1,0,0,0,57,0,0,0,0,0,0,0,0,8,42,8,0,15,32,0,0,0,32,0,3,0,61,3,4,0,0,0,0,0,5,3,24,9,12,15
"2015-11-04",71,142,0,0,21,21,110,8,1,3,2,0,1,2,5,0,0,1,9,0,6,6,0,0,0,0,2,2,657.6375,5449.25,393.458333333333,372.75,7221.17333333333,1023.04545454545,0,142,0,18,22,31,0,57,6,2,0,1,0,0,0,0,0,0,0,0,0,0,0,0,0,1,1,0,0,0,1,0,0,0,0,0,0,0,1,3,66,1,0,0,0,1,6,33,1,0,0,0,69,0,0,0,0,0,0,0,0,1,51,9,0,11,33,0,5,0,30,0,2,0,71,0,0,0,0,0,0,0,8,8,15,13,8,19
"2015-11-05",49,94,0,0,6,6,71,8,0,0,0,1,3,1,1,0,0,1,8,0,3,3,0,0,0,0,0,0,545.329166666667,3648.45833333333,191.916666666667,320.745833333333,4951.65416666667,570.95652173913,0,147,0,6,17,26,0,41,3,1,0,0,0,0,0,0,0,0,0,0,0,0,0,0,0,0,1,0,0,0,0,0,1,0,0,0,0,0,0,2,45,0,1,0,1,1,12,20,0,0,0,0,48,0,0,0,0,0,0,0,0,0,34,3,0,11,29,0,0,0,19,0,1,0,47,2,0,0,0,0,0,0,2,3,15,7,8,14
"2015-11-06",55,110,1,0,21,22,92,4,0,2,6,0,0,2,2,0,0,0,2,0,4,4,0,0,0,0,4,4,880.458333333333,4257.91666666667,433.125,658.625,5486.25,1085.65217391304,0,220,1,19,17,18,0,43,5,6,0,0,0,0,0,0,0,0,0,0,0,0,0,0,0,0,0,0,0,0,0,0,0,0,0,0,0,0,0,0,54,0,1,0,0,1,8,32,0,0,0,0,43,0,0,0,0,0,0,0,0,12,29,6,0,20,26,0,2,1,24,1,1,0,34,14,5,0,0,1,0,1,7,5,12,9,7,15
"2015-11-07",54,113,0,0,13,13,100,2,0,0,0,0,2,1,2,0,0,1,5,0,1,1,0,0,0,0,0,0,462.825,3204,301.5,52.65,5424.5925,1064.25,54,270,0,12,21,21,0,48,1,0,0,0,0,1,0,0,0,1,1,0,0,0,0,0,0,0,0,0,1,0,0,0,0,0,0,0,0,1,0,3,50,1,1,0,0,1,7,23,0,0,0,0,52,0,0,0,0,0,0,0,0,1,26,4,1,20,21,0,3,2,24,0,2,0,51,2,0,0,0,0,0,0,4,6,12,10,11,11
"2015-11-08",49,98,0,0,13,13,83,0,0,0,0,0,0,2,6,0,0,0,7,0,3,3,0,0,0,0,0,0,222.95,2874.66666666667,230.708333333333,-148.8375,4973.35708333333,1053.5,49,294,0,8,20,21,0,40,2,0,0,0,0,0,1,0,0,0,0,0,0,0,0,0,0,0,2,0,1,0,0,0,0,0,0,0,0,0,1,3,43,1,0,0,0,0,8,21,0,0,0,0,48,0,0,0,0,0,0,0,0,1,23,4,2,20,26,0,1,0,20,1,1,0,46,3,0,0,0,0,0,0,1,6,13,11,5,13
"2015-11-09",56,108,0,0,17,17,84,8,0,4,2,0,0,2,1,0,0,1,6,0,3,3,0,0,0,0,2,2,451.733333333333,3906,434,151.9,5694.12666666667,1092,0,0,0,15,20,21,0,48,3,2,0,0,0,0,0,0,0,0,2,0,0,0,0,0,0,0,0,0,0,0,0,0,0,0,0,0,0,0,1,2,53,1,0,0,0,0,10,27,1,1,0,0,53,0,0,0,0,0,0,0,0,1,32,8,1,12,22,0,3,0,26,0,1,0,53,1,0,0,0,0,0,0,6,2,13,19,7,9
"2015-11-10",71,131,0,2,25,27,106,9,1,2,2,0,0,1,4,0,0,0,6,0,8,8,0,0,0,0,1,1,553.8,4946.33333333333,488.125,178.979166666667,7187.5075,896.375,0,71,0,21,23,25,2,50,8,2,0,0,0,0,0,0,1,0,3,1,1,0,0,0,0,2,0,0,0,0,0,0,1,0,0,0,0,0,1,9,60,1,0,0,0,3,11,25,0,1,0,0,64,0,0,0,0,0,0,0,0,0,46,5,0,16,36,0,2,0,22,0,6,0,64,1,0,0,0,0,0,0,11,6,14,19,6,15
"2015-11-11",53,103,0,0,14,14,79,10,0,2,3,1,0,1,2,0,0,0,5,0,3,3,0,0,0,0,1,1,384.25,4244.41666666667,435.041666666667,211.779166666667,5325.13083333333,346.708333333333,0,106,0,12,24,17,0,41,3,3,0,0,0,0,0,0,2,0,0,0,0,0,0,0,0,0,0,0,1,0,0,0,2,0,0,0,0,0,1,5,47,1,0,0,1,3,7,27,0,0,0,0,52,0,0,0,0,0,0,0,0,0,36,4,0,12,30,0,4,0,16,0,2,0,42,9,0,0,0,0,0,0,5,4,14,6,7,17
"2015-11-12",86,170,0,4,27,31,144,9,0,0,3,0,0,3,2,0,0,0,9,0,10,10,0,0,0,0,1,1,777.941666666667,7901.25,573.333333333333,666.858333333333,8545.85583333333,1408.25,0,258,0,22,29,31,4,62,12,2,0,0,0,0,0,1,0,1,2,0,0,0,0,0,0,0,0,0,0,0,0,0,0,0,0,0,0,0,0,3,77,0,2,0,0,2,11,48,1,0,0,0,17,0,0,0,0,0,0,0,2,66,31,14,1,39,40,0,4,0,37,0,2,0,19,16,49,0,1,0,0,0,11,5,23,16,7,24
"2015-11-13",84,152,0,2,28,30,130,5,1,1,3,1,1,1,1,0,0,0,8,0,11,11,0,0,0,0,2,2,654.5,7388.5,511,493.15,8275.4,1456,0,336,0,23,28,31,2,62,10,3,0,0,0,0,0,0,1,0,0,1,0,0,0,0,0,1,2,0,0,0,0,0,1,0,0,0,0,0,0,6,75,0,0,0,0,2,14,44,0,1,0,0,25,0,0,0,0,0,0,0,0,53,37,10,0,33,41,0,6,1,27,0,2,0,14,20,42,0,1,0,0,0,11,6,19,19,13,16
"2015-11-14",50,107,0,1,11,12,93,2,0,2,1,0,0,3,1,0,0,0,5,0,2,2,0,0,0,0,1,1,64.5833333333333,3662.5,306.25,-148.958333333333,5021.97916666667,1052.08333333333,50,250,0,7,27,15,1,36,2,1,0,1,0,0,1,0,0,0,0,0,0,0,0,0,0,0,2,0,2,0,0,0,0,1,0,0,0,0,0,4,41,1,0,0,0,2,6,23,0,1,0,0,44,0,0,0,0,0,0,0,0,3,20,4,1,23,26,0,1,0,22,0,0,0,27,19,0,0,0,1,0,0,5,6,11,7,10,11
"2015-11-15",39,76,0,1,6,7,65,1,0,1,3,0,1,4,0,0,0,0,1,0,2,2,0,0,0,0,3,3,169.1625,2994.875,195,24.375,3937.05,755.625,39,234,0,6,19,13,1,29,3,2,0,0,0,0,0,0,1,0,1,0,0,0,0,0,0,1,0,0,0,0,0,0,0,0,0,0,0,0,2,3,34,2,0,0,0,2,4,18,0,0,0,0,36,0,0,0,0,0,0,0,0,1,16,3,0,18,22,0,1,0,15,0,0,0,30,5,0,0,0,0,0,0,1,2,11,9,5,11
"2015-11-16",48,83,0,1,18,19,65,5,0,2,4,0,0,3,1,0,0,0,3,0,5,5,0,0,0,0,3,3,199.8,3140,342,-93.4,4876.02,736,0,0,0,16,18,13,1,28,7,3,0,1,0,0,0,0,1,1,0,1,0,0,0,0,0,1,0,0,0,0,0,0,3,0,0,0,0,0,1,7,39,1,0,0,0,0,8,21,1,0,0,0,46,0,0,0,0,0,0,0,0,0,30,5,1,11,20,0,4,0,21,0,1,0,44,2,0,0,0,0,0,0,4,6,12,7,7,12
"2015-11-17",49,98,0,0,14,14,78,8,1,0,1,0,1,3,3,0,0,0,3,0,3,3,0,0,0,0,1,1,71.2541666666667,3358.54166666667,255.208333333333,-184.566666666667,5024.29666666667,828.916666666667,0,49,0,11,16,22,0,39,4,1,0,0,0,0,0,0,0,0,1,0,0,0,0,0,0,0,1,0,0,0,0,0,0,0,0,0,0,0,0,2,44,0,0,0,1,0,2,23,0,0,0,0,45,0,0,0,0,0,0,0,0,0,32,7,0,8,22,0,0,0,23,0,2,0,43,3,0,0,0,0,0,0,2,2,11,10,8,16
"2015-11-18",61,110,0,0,18,18,81,12,0,1,6,0,1,2,1,0,0,1,5,0,8,8,0,1,1,0,5,5,301.695833333333,4280.16666666667,404.125,-10.1666666666667,6216.51,871.791666666667,0,122,0,17,21,23,0,36,8,6,0,0,0,0,0,0,2,2,2,0,0,0,0,0,0,0,1,0,0,0,0,0,2,0,0,0,0,0,1,9,50,1,0,0,0,3,9,25,0,1,0,0,60,0,0,0,0,0,0,0,0,1,42,4,1,14,29,0,3,0,28,0,1,0,56,4,1,0,0,0,0,0,5,1,15,12,9,19
"2015-11-19",70,124,0,3,29,32,97,7,0,5,4,0,0,1,4,0,0,0,6,0,13,13,0,0,0,0,2,2,791.291666666667,5783.75,624.166666666667,589.75,7048.67916666667,1312.5,0,210,0,24,20,24,2,36,15,4,0,0,0,0,0,0,1,1,2,0,0,0,0,0,0,1,0,0,0,1,0,0,1,0,0,0,0,1,2,7,55,3,0,0,0,4,6,40,0,0,0,0,18,0,0,0,0,0,0,0,1,46,19,11,0,37,31,0,1,1,33,0,1,0,11,10,40,0,3,0,0,0,7,5,20,14,6,18
"2015-11-20",63,125,0,0,18,18,102,6,0,1,3,0,0,3,1,0,0,2,7,0,8,8,0,0,0,0,3,3,475.125,3766.875,454.125,-10.7625,6356.93625,1286.25,0,252,0,18,27,18,0,45,8,3,0,0,0,0,1,1,3,0,0,0,0,0,0,0,0,0,0,0,1,0,0,0,0,0,0,0,0,0,0,4,58,0,0,0,0,1,10,24,1,0,0,0,55,0,0,0,0,0,0,0,0,5,26,5,0,30,27,0,2,1,29,0,3,0,50,8,1,0,0,0,0,1,8,4,19,8,6,18
"2015-11-21",52,103,0,1,9,10,90,1,0,1,0,0,0,4,2,0,0,0,5,0,4,4,0,0,0,0,0,0,168.133333333333,3442.83333333333,273,-131.516666666667,5267.68666666667,918.666666666667,52,260,0,9,21,21,1,39,4,0,0,0,0,0,1,2,0,0,0,1,0,0,0,0,0,0,2,0,0,0,0,0,0,0,0,0,0,0,1,3,46,1,1,0,0,3,9,22,0,0,0,0,50,0,0,0,1,1,0,0,0,0,21,3,0,28,29,0,1,1,17,0,4,0,43,9,0,0,0,0,0,0,4,4,16,10,6,12
"2015-11-22",39,74,0,0,19,19,65,2,0,0,2,0,1,2,1,0,0,0,1,0,1,1,0,1,1,0,1,1,181.5125,2422.875,315.25,-81.9,3908.0275,789.75,39,234,0,14,13,12,0,31,2,1,0,1,0,0,0,0,1,0,2,0,0,0,0,0,0,0,0,0,1,0,0,0,0,0,0,0,0,0,0,4,35,0,1,0,0,0,3,21,0,0,0,0,35,0,0,0,0,0,0,0,0,3,22,2,0,15,19,0,2,0,17,0,0,0,32,5,0,0,0,0,0,0,1,3,14,6,5,10
"2015-11-23",60,118,0,1,30,31,94,4,2,5,1,0,0,4,3,0,0,0,5,0,9,9,0,0,0,0,2,2,-132.5,3305,455,-621.25,6056.325,1735,0,0,0,23,22,14,1,44,10,1,0,0,0,0,0,0,0,0,1,0,0,0,0,0,0,1,2,0,0,0,0,0,0,0,0,0,0,0,1,4,55,1,0,0,0,0,6,29,0,0,0,0,58,0,1,0,0,0,0,0,0,0,34,6,0,18,35,0,3,0,20,0,2,0,55,3,0,0,0,0,0,0,8,6,10,11,9,16
"2015-11-24",93,174,0,0,18,18,144,10,0,6,0,0,0,0,5,0,0,0,9,0,7,7,0,0,0,0,0,0,-365.4125,7257.875,410.75,-680.0625,9464.80375,1674,0,93,0,16,46,31,0,64,8,0,0,0,0,0,0,0,2,2,2,0,0,0,0,1,0,1,2,0,1,0,0,0,5,0,0,0,0,0,1,16,72,1,0,0,0,7,20,37,0,1,0,0,29,0,23,0,0,0,2,21,0,17,67,5,0,17,42,0,4,0,42,0,2,0,38,21,0,0,0,32,0,0,12,9,17,23,11,21
"2015-11-25",75,147,0,2,28,30,118,10,1,2,2,0,0,1,4,0,0,0,9,0,3,3,0,0,0,0,2,2,-29.0625,6231.25,312.5,-224.375,7718.25,1418.75,0,150,0,21,23,29,2,60,5,1,0,0,0,0,2,0,1,1,0,0,0,0,0,0,0,0,0,0,0,0,0,1,1,0,0,0,0,0,0,4,68,0,0,0,0,1,8,45,1,0,0,0,67,0,0,0,0,0,0,0,0,7,46,6,0,22,40,0,4,1,26,0,3,0,65,7,1,0,0,0,0,0,7,7,24,9,13,15
"2015-11-26",70,123,2,1,20,23,99,9,0,3,0,0,1,3,2,0,0,0,6,1,7,8,0,1,1,0,0,0,489.416666666667,4856.25,621.25,121.625,7171.09166666667,1388.33333333333,0,210,2,16,25,27,0,46,11,0,0,0,0,0,0,0,1,0,0,1,1,0,0,1,0,0,0,0,2,0,0,0,2,0,0,0,0,0,1,8,57,1,0,0,0,2,8,36,1,1,0,0,53,0,1,0,0,1,0,0,0,15,30,5,4,30,45,0,1,0,20,1,3,0,50,10,9,0,0,0,0,0,9,6,20,13,10,12