"Date","NB_Accidents","NB_VEH_IMPLIQUES_ACCDN","NB_MORTS","NB_BLESSES_GRAVES","NB_BLESSES_LEGERS","NB_VICTIMES_TOTAL","nb_automobile_camion_leger","nb_camionLourd_tractRoutier","nb_outil_equipement","nb_tous_autobus_minibus","nb_bicyclette","nb_cyclomoteur","nb_motocyclette","nb_taxi","nb_urgence","nb_motoneige","nb_VHR","nb_autres_types","nb_veh_non_precise","NB_DECES_PIETON","NB_BLESSES_PIETON","NB_VICTIMES_PIETON","NB_DECES_MOTO","NB_BLESSES_MOTO","NB_VICTIMES_MOTO","NB_DECES_VELO","NB_BLESSES_VELO","NB_VICTIMES_VELO","Temp","Rel.Hum","Wind.Spd","Dew.Point.Temp","Stn_Press","Wind.Dir","weekdays","days","SeverityDeadly","SeverityLight Injury","SeverityMaterial High","SeverityMaterial Low","SeveritySevere Injury","as.factor(Accident_Type)31","as.factor(Accident_Type)32","as.factor(Accident_Type)33","as.factor(Accident_Type)34","as.factor(Accident_Type)35","as.factor(Accident_Type)36","as.factor(Accident_Type)37","as.factor(Accident_Type)38","as.factor(Accident_Type)39","as.factor(Accident_Type)40","as.factor(Accident_Type)41","as.factor(Accident_Type)42","as.factor(Accident_Type)43","as.factor(Accident_Type)44","as.factor(Accident_Type)45","as.factor(Accident_Type)46","as.factor(Accident_Type)47","as.factor(Accident_Type)48","as.factor(Accident_Type)49","as.factor(Accident_Type)50","as.factor(Accident_Type)51","as.factor(Accident_Type)52","as.factor(Accident_Type)53","as.factor(Accident_Type)54","as.factor(Accident_Type)55","as.factor(Accident_Type)59","as.factor(Accident_Type)71","as.factor(Accident_Type)72","as.factor(Accident_Type)73","as.factor(Accident_Type)74","as.factor(Accident_Type)75","as.factor(Accident_Type)99","Accident_CategoryFixed Object","Accident_CategoryMoving Object","Accident_CategoryNo Collision","Auth_Speed10","Auth_Speed100","Auth_Speed20","Auth_Speed30","Auth_Speed40","Auth_Speed50","Auth_Speed60","Auth_Speed70","Auth_Speed80","Auth_Speed90","Surface_CondDry","Surface_CondHard snow","Surface_CondIce","Surface_CondMud","Surface_CondOil","Surface_CondSand or gravel","Surface_CondSlush","Surface_CondSnow","Surface_CondWater accumulation","Surface_CondWet","IlluminationDay and clear","IlluminationDay and semi-dark","IlluminationNight and dark","IlluminationNight and lighted","EnvironmentCommercial","EnvironmentForest","EnvironmentIndustrial","EnvironmentPark","EnvironmentResidential","EnvironmentRural","EnvironmentSchool area","WeatherBlack Ice","WeatherClear Sky","WeatherCloudy","WeatherDrizzle","WeatherFoggy","WeatherHeavy Rain","WeatherSnow","WeatherSnowstorms","WeatherStrong Wind","cluster_id_0","cluster_id_1","cluster_id_2","cluster_id_3","cluster_id_4","cluster_id_5"
"2016-02-25",98,184,0,0,32,32,146,11,5,1,0,0,0,5,4,0,0,0,12,0,5,5,0,0,0,0,0,0,61.25,9514.16666666666,449.166666666667,18.7833333333333,9600.89666666667,1355.66666666667,0,294,0,22,36,40,0,73,4,0,0,0,0,0,1,1,0,0,4,0,0,0,0,0,0,1,0,0,1,0,0,0,3,0,0,0,0,0,4,9,79,4,0,0,0,3,12,43,0,0,0,0,8,2,28,0,0,0,18,17,1,21,52,5,0,37,43,0,10,0,43,0,1,5,21,19,32,0,1,13,2,0,13,13,23,18,13,18
"2016-02-26",78,149,0,0,15,15,122,11,1,2,0,0,0,0,9,0,0,1,3,0,4,4,0,0,0,0,0,0,-717.6,5183.75,533,-1122.225,7794.3125,1608.75,0,312,0,12,34,32,0,57,4,0,0,0,0,0,6,0,2,1,0,0,0,0,0,0,0,2,1,0,0,1,0,0,1,0,0,0,1,0,0,8,67,1,1,0,0,3,11,41,1,0,0,0,22,3,28,0,0,0,1,9,0,11,47,5,0,22,37,0,5,0,33,0,1,0,66,6,0,0,0,1,0,1,10,2,12,14,17,23
"2016-02-27",52,107,0,0,15,15,92,4,0,1,0,0,0,3,2,0,0,0,5,0,0,0,0,0,0,0,0,0,-219.05,3713.66666666667,541.666666666667,-450.883333333333,5204.78833333333,1046.5,52,260,0,9,22,21,0,44,0,0,0,0,0,0,0,0,0,0,0,0,0,1,0,0,1,2,0,0,0,0,0,0,1,0,0,0,0,0,0,5,44,0,0,0,0,1,5,29,2,0,0,0,18,3,10,0,0,0,1,4,0,16,20,3,0,28,26,0,1,1,24,0,0,0,36,13,1,0,0,1,0,0,3,5,16,13,3,12
"2016-02-28",49,93,0,0,12,12,71,3,5,1,0,0,0,1,2,0,0,1,9,0,2,2,0,0,0,0,0,0,-272.154166666667,4291.58333333333,534.916666666667,-357.495833333333,4894.16083333333,281.75,49,294,0,11,23,15,0,40,2,0,0,0,0,0,1,0,0,0,1,0,0,0,0,0,1,0,0,0,0,0,0,0,0,0,0,0,1,0,1,2,43,2,1,0,0,6,7,16,1,0,0,0,0,5,3,0,0,0,2,28,0,11,34,4,0,10,23,0,0,0,24,0,0,0,13,13,0,0,0,21,1,0,6,2,11,14,5,11
"2016-02-29",48,91,0,0,10,10,69,7,2,3,0,0,0,2,2,0,0,1,5,0,0,0,0,0,0,0,0,0,-134.8,4342,360,-203.2,4748.14,686,0,0,0,9,23,16,0,38,0,0,0,0,0,0,2,0,1,1,0,1,0,0,0,0,0,1,0,0,0,0,0,0,0,0,0,0,0,0,0,4,40,0,0,0,0,5,8,19,0,0,0,0,3,1,21,0,0,0,4,7,0,11,29,4,0,12,21,0,4,0,20,0,2,9,13,12,7,0,0,4,1,0,4,3,14,11,4,12
"2016-03-01",55,105,0,0,21,21,80,9,1,0,0,0,0,0,5,0,0,1,9,0,3,3,0,0,0,0,0,0,-609.125,3391.66666666667,403.333333333333,-939.125,5556.99375,660,0,55,0,12,16,27,0,39,3,0,0,0,0,0,1,0,1,2,1,0,0,0,0,0,0,1,0,0,0,0,0,0,1,0,0,0,0,1,0,6,43,1,1,0,0,0,2,31,0,0,0,0,19,2,11,0,0,0,0,7,0,10,36,3,1,9,26,0,2,2,19,0,0,0,39,6,0,0,0,4,1,0,5,5,12,10,11,12
"2016-03-02",50,85,0,0,11,11,69,3,3,0,0,0,0,0,2,0,0,0,8,0,2,2,0,0,0,0,0,0,-479.375,3829.16666666667,522.916666666667,-656.041666666667,4985.60416666667,820.833333333333,0,100,0,10,22,18,0,26,2,0,0,0,0,0,0,1,2,0,1,1,1,0,0,1,0,2,0,0,3,0,0,0,2,1,0,0,0,0,1,13,29,2,1,0,0,2,5,27,1,0,0,0,2,1,1,0,0,0,3,38,0,3,26,3,0,19,23,0,3,0,19,1,3,0,20,8,0,0,0,16,3,0,3,0,15,13,6,13
"2016-03-03",75,148,0,0,13,13,113,12,2,2,0,0,0,1,5,0,0,0,13,0,3,3,0,0,0,0,0,0,-1119.6875,3937.5,415.625,-1695.3125,7615.375,2131.25,0,225,0,10,37,28,0,55,3,0,0,0,0,0,0,1,0,1,1,0,0,1,0,0,1,0,1,0,0,0,0,0,2,0,0,0,0,0,1,7,59,1,1,0,0,2,8,37,0,0,0,1,8,10,3,0,0,0,1,28,0,18,49,5,0,16,24,0,2,0,45,1,0,0,64,4,0,0,0,1,0,0,10,2,18,11,13,21
"2016-03-04",64,125,0,0,13,13,100,10,2,2,0,0,0,1,1,0,0,2,7,0,4,4,0,0,0,0,0,0,-613.333333333333,3530.66666666667,261.333333333333,-1092.53333333333,6498.02666666667,1210.66666666667,0,256,0,12,29,23,0,54,5,0,0,0,0,0,1,0,0,0,0,1,0,0,0,0,0,0,0,0,0,0,0,0,0,0,0,0,0,0,1,1,60,1,1,0,0,3,11,29,0,0,0,1,15,4,2,0,0,0,3,14,0,23,38,5,0,16,29,0,4,1,28,0,0,0,55,0,0,0,0,1,0,0,5,5,16,12,9,17
"2016-03-05",54,99,1,3,13,17,81,7,1,0,0,0,0,3,2,0,0,0,5,0,4,4,0,0,0,0,0,0,-357.3,3352.5,247.5,-703.125,5478.255,1073.25,54,270,1,8,24,19,2,37,4,0,0,0,0,0,0,0,0,0,1,0,0,1,1,0,0,1,0,0,1,0,0,0,2,0,0,0,1,1,0,7,41,2,1,0,0,2,9,26,1,0,0,0,20,1,3,0,0,0,2,6,0,20,29,2,0,21,27,0,2,0,24,0,1,0,53,0,0,0,0,0,0,0,5,0,13,9,12,15
"2016-03-06",35,68,0,0,10,10,61,1,1,0,0,0,0,0,0,0,0,0,5,0,2,2,0,0,0,0,0,0,-37.3333333333333,2153.95833333333,250.833333333333,-267.604166666667,3549.4375,816.666666666667,35,210,0,7,18,10,0,28,1,0,0,0,0,0,1,0,0,1,1,0,0,0,0,0,0,0,0,0,2,0,0,0,0,0,0,0,0,0,1,4,30,1,1,0,0,1,7,20,0,0,0,0,12,2,1,0,0,0,0,3,0,14,18,0,0,15,17,0,1,0,16,0,0,0,26,6,0,0,0,1,0,0,1,2,11,3,4,14
"2016-03-07",63,125,0,0,12,12,107,7,2,1,1,0,0,0,1,0,0,0,6,0,0,0,0,0,0,0,1,1,114.1875,5336.625,349.125,-40.1625,6339.24375,1307.25,0,0,0,9,26,28,0,49,2,1,0,0,0,0,2,0,1,0,2,0,0,0,0,0,0,1,0,0,0,1,0,0,2,0,0,0,0,0,2,7,54,2,0,0,0,4,9,24,0,0,0,0,5,1,1,0,0,0,7,24,0,22,43,4,0,11,28,0,4,0,30,0,0,0,11,21,0,0,0,23,2,0,5,4,20,16,6,12
"2016-03-08",55,98,0,0,11,11,70,9,1,1,2,0,0,2,1,0,0,0,12,0,1,1,0,0,0,0,2,2,168.4375,4095.20833333333,256.666666666667,-57.9791666666667,5561.71458333333,868.541666666667,0,55,0,10,15,30,0,36,3,2,0,0,0,0,0,0,1,0,2,0,0,0,0,0,0,2,0,0,2,0,0,0,0,0,0,0,0,0,4,7,41,4,0,0,0,0,7,27,0,0,0,0,15,2,0,0,0,0,1,1,0,30,40,3,0,9,30,0,3,0,18,0,0,0,27,21,0,0,0,0,0,0,14,4,16,7,4,10
"2016-03-09",54,94,0,0,24,24,82,3,0,1,1,0,0,3,0,0,0,0,4,0,10,10,0,0,0,0,0,0,424.575,4011.75,324,185.4,5410.1475,873,0,108,0,21,10,23,0,34,10,1,0,0,0,0,0,0,0,1,1,0,0,0,0,0,0,0,1,0,0,0,0,0,1,0,0,0,0,0,3,4,45,3,0,0,0,0,4,25,1,0,0,0,22,0,0,0,0,0,0,0,0,29,36,2,0,13,34,0,2,0,14,0,0,0,30,12,8,0,0,0,0,0,2,8,15,13,3,13
"2016-03-10",44,81,0,0,6,6,60,8,0,1,0,0,0,2,3,0,0,0,7,0,3,3,0,0,0,0,0,0,235.766666666667,3879.33333333333,408.833333333333,155.833333333333,4422.18333333333,465.666666666667,0,132,0,6,17,21,0,32,4,0,0,0,0,0,0,1,1,0,0,0,0,0,0,0,0,1,0,0,1,0,0,0,1,0,0,0,0,0,2,4,37,2,1,0,0,1,6,21,0,0,0,0,20,1,0,0,0,0,0,0,0,22,24,1,0,17,16,0,5,0,20,0,3,0,24,19,0,0,0,0,0,0,2,3,9,6,8,16
"2016-03-11",54,101,0,1,14,15,83,3,0,2,0,0,0,0,4,0,0,1,8,0,6,6,0,0,0,0,0,0,130.5,4059,292.5,-102.15,5468.85,1005.75,0,216,0,10,20,23,1,43,8,0,0,0,0,0,0,0,0,1,0,0,0,0,0,0,0,0,0,0,1,0,0,0,0,0,0,0,0,0,1,2,51,1,0,0,1,0,2,30,1,0,0,0,45,0,0,1,0,0,0,0,0,5,32,4,1,14,35,0,4,1,12,0,0,0,45,6,0,0,0,0,0,0,4,2,20,9,7,12
"2016-03-12",54,103,0,0,21,21,91,2,0,2,2,0,0,2,1,0,0,0,3,0,6,6,0,0,0,0,1,1,269.1,3561.75,459,-76.275,5445.945,1077.75,54,270,0,14,25,15,0,40,6,2,0,0,0,0,0,0,0,0,0,0,0,0,0,0,0,0,1,0,0,0,0,0,2,0,0,0,0,0,1,3,48,1,1,0,0,0,7,26,0,1,0,0,45,0,2,0,0,0,1,0,0,2,33,3,1,14,23,0,1,0,27,0,1,0,46,4,0,0,0,0,0,0,6,2,19,5,5,17
"2016-03-13",37,67,0,0,18,18,57,2,1,1,2,0,0,1,0,0,0,0,3,0,5,5,0,0,0,0,2,2,179.45,1654.20833333333,285.208333333333,-247.129166666667,3742.19541666667,491.791666666667,37,222,0,14,12,11,0,21,3,2,0,0,0,0,0,0,0,0,1,0,0,0,0,0,0,3,0,0,1,0,0,0,2,0,0,0,1,0,2,7,26,3,0,0,0,2,8,12,0,0,0,0,33,0,1,0,0,0,0,0,0,1,29,1,0,6,19,0,1,0,15,0,1,0,33,1,0,0,0,0,0,0,4,2,7,8,8,8
"2016-03-14",36,78,0,0,8,8,64,3,0,1,1,0,0,1,0,0,0,1,7,0,2,2,0,0,0,0,0,0,61.8,2631,301.5,-100.8,3636.96,480,0,0,0,8,14,14,0,31,2,1,0,0,0,0,0,0,0,0,0,0,0,0,0,0,0,0,1,0,0,0,0,0,0,0,0,0,0,0,0,1,34,0,0,0,0,3,2,11,0,0,0,0,13,0,1,0,0,0,0,0,0,19,23,1,0,10,21,0,2,1,12,0,0,0,12,10,11,0,0,0,0,0,4,1,14,6,4,7
"2016-03-15",38,73,0,1,7,8,58,4,1,0,1,0,0,3,2,0,0,0,4,0,1,1,0,0,0,0,0,0,179.55,3321.83333333333,365.75,103.55,3811.24166666667,490.833333333333,0,38,0,5,13,19,1,31,3,1,0,0,0,0,0,0,0,1,0,0,0,0,0,0,0,0,0,1,0,0,0,0,1,0,0,0,0,0,0,3,35,0,0,0,0,1,4,19,0,0,0,0,21,1,0,0,0,0,0,0,0,14,28,0,1,8,18,0,3,0,16,0,1,0,12,14,10,0,0,0,0,0,2,1,15,3,6,11
"2016-03-16",47,90,0,0,19,19,75,6,0,0,1,0,0,0,2,0,0,1,5,0,5,5,0,0,0,0,0,0,231.670833333333,4169.29166666667,438.666666666667,147.4625,4712.41583333333,133.166666666667,0,94,0,13,15,19,0,34,5,1,1,0,0,0,0,0,2,1,0,0,0,0,0,0,0,0,0,0,1,0,0,0,0,0,0,0,0,0,0,4,41,0,0,0,1,0,4,26,0,0,0,0,28,0,0,0,0,1,0,0,0,16,34,1,1,10,25,0,1,0,18,0,2,0,21,15,9,0,0,0,0,0,3,1,12,7,8,16
"2016-03-17",44,94,0,2,6,8,74,7,1,2,2,0,1,0,2,0,0,0,5,0,3,3,0,0,0,0,1,1,251.533333333333,3710.66666666667,253,133.466666666667,4381.06166666667,1002.83333333333,0,132,0,5,21,16,2,36,3,1,0,0,0,0,0,0,0,0,0,0,0,0,0,0,1,0,0,0,0,0,0,0,0,0,0,0,0,0,1,1,40,1,0,0,0,4,8,19,0,0,0,0,21,0,0,0,0,0,0,2,0,17,24,4,1,12,19,0,2,0,19,0,0,0,24,7,7,2,0,0,0,0,6,3,8,9,3,15
"2016-03-18",84,150,0,1,23,24,115,9,1,6,1,0,1,4,3,0,0,0,10,0,7,7,0,1,1,0,0,0,-70.35,5176.5,976.5,-688.8,8402.94,500.5,0,336,0,19,27,37,1,53,8,1,0,0,0,0,1,0,3,0,0,1,1,0,0,1,0,0,2,0,1,0,0,0,1,0,0,0,0,0,4,10,63,4,1,0,0,2,13,46,2,0,0,0,54,0,9,0,0,0,2,5,0,12,60,2,0,22,50,0,7,0,24,0,1,0,72,3,3,0,0,4,0,0,12,8,17,13,11,23
"2016-03-19",47,85,0,1,17,18,74,0,0,2,0,0,1,4,1,0,0,1,2,0,4,4,0,0,0,0,0,0,-209.15,2173.75,444.541666666667,-681.695833333333,4757.26166666667,863.625,47,235,0,11,23,12,1,34,4,0,0,0,0,0,0,0,1,0,1,1,0,0,0,0,0,0,2,0,1,0,1,0,0,0,1,0,0,0,1,7,38,2,0,0,0,0,10,24,1,0,0,0,46,0,0,0,0,0,0,0,0,1,28,1,0,18,19,0,3,0,24,0,0,0,46,0,0,0,0,0,0,0,4,3,8,7,8,17
"2016-03-20",34,76,0,0,5,5,68,0,0,0,1,0,0,0,0,0,0,0,7,0,0,0,0,0,0,0,1,1,-123.533333333333,1708.5,239.416666666667,-426.7,3442.78333333333,158.666666666667,34,204,0,4,18,12,0,30,0,1,0,0,0,0,0,0,0,1,0,0,0,0,0,0,0,0,1,0,0,0,0,0,0,0,0,0,0,1,0,2,31,1,0,0,0,1,4,12,0,0,0,0,32,0,0,0,0,0,0,0,0,1,19,2,0,9,10,0,2,0,21,0,0,0,31,0,0,0,0,0,0,0,7,4,4,7,2,10
"2016-03-21",36,77,0,0,5,5,62,10,0,0,0,0,1,0,1,0,0,0,3,0,1,1,0,1,1,0,0,0,-19.2,1510.5,285,-438.3,3603.51,940.5,0,0,0,5,16,15,0,32,1,0,0,0,0,1,0,0,0,0,1,0,0,0,0,0,0,1,0,0,0,0,0,0,0,0,0,0,0,0,0,2,34,0,0,0,0,0,6,15,0,0,0,0,33,0,0,1,0,0,0,0,0,0,28,0,0,6,19,0,2,0,14,0,0,0,34,0,0,0,0,0,0,0,4,4,12,7,2,7
"2016-03-22",48,87,0,1,10,11,67,8,0,3,1,0,2,2,0,0,0,0,4,0,5,5,0,1,1,0,1,1,-34,2762,256,-399.4,4824.46,1035.13043478261,0,48,0,10,18,19,1,32,5,1,0,0,0,0,1,0,1,0,0,0,0,0,0,0,0,2,0,1,1,0,0,0,2,0,1,0,0,0,1,7,39,2,1,0,0,4,8,23,0,1,0,0,43,0,0,0,0,1,0,1,0,2,37,2,0,8,25,0,5,0,18,0,0,0,44,2,1,0,0,0,0,0,5,5,11,6,4,17
"2016-03-23",46,96,0,0,15,15,83,3,0,2,1,0,0,2,3,0,0,0,2,0,2,2,0,0,0,0,1,1,6.9,3185.5,339.25,-245.716666666667,4637.58583333333,566,0,92,0,10,21,15,0,37,3,1,0,0,0,0,0,0,0,0,0,0,0,0,0,0,0,1,0,0,0,0,0,0,2,0,0,0,0,0,1,3,41,1,2,0,1,0,7,20,2,1,0,0,37,0,0,0,0,0,1,0,0,6,33,4,1,7,25,0,2,3,12,0,2,0,37,6,0,0,0,1,0,0,4,2,14,6,10,10
"2016-03-24",101,187,0,1,26,27,142,14,3,2,1,0,0,3,7,0,0,0,15,0,5,5,0,0,0,0,1,1,-437.245833333333,7192.04166666667,1174.125,-956.975,10211.98375,361.916666666667,0,303,0,20,46,34,1,75,5,1,0,0,0,0,0,0,3,1,2,2,0,1,0,0,0,1,2,1,2,1,0,0,1,0,0,0,0,1,2,17,81,3,0,0,0,2,19,51,2,2,0,0,22,4,12,0,0,0,7,42,0,13,66,10,2,23,47,0,6,1,42,2,1,2,19,16,5,0,0,56,2,0,12,11,23,8,13,34
"2016-03-25",42,80,0,0,7,7,62,5,2,0,0,0,0,3,1,0,0,0,7,0,0,0,0,0,0,0,0,0,-0.174999999999997,3902.5,273,-44.975,4199.0025,565.25,0,168,0,7,22,13,0,36,0,0,0,0,0,0,0,0,0,0,0,0,0,0,0,0,0,0,3,0,1,0,0,0,2,0,0,0,0,0,0,6,36,0,1,0,0,2,5,20,0,0,0,0,5,1,7,0,0,0,7,5,0,14,18,1,0,21,19,0,2,0,19,0,1,3,12,12,10,0,0,3,0,0,7,2,8,7,7,11
"2016-03-26",46,89,0,0,14,14,77,0,1,0,0,0,0,3,1,0,0,0,7,0,4,4,0,0,0,0,0,0,-39.675,3428.91666666667,314.333333333333,-225.208333333333,4686.80583333333,316.25,46,230,0,10,16,20,0,37,3,1,0,0,0,0,0,0,1,0,0,0,0,0,0,0,0,2,0,0,1,0,0,0,0,0,0,0,0,0,0,4,41,0,2,0,0,2,3,23,0,0,0,0,37,2,1,0,0,0,1,1,0,3,24,4,0,17,27,0,0,1,17,0,0,0,40,4,0,0,0,1,0,0,2,8,12,5,7,12
"2016-03-27",41,83,0,0,13,13,72,0,0,0,1,0,1,2,2,0,0,0,5,0,0,0,0,0,0,0,1,1,191.504166666667,3139.91666666667,218.666666666667,18.6208333333333,4156.28958333333,509.083333333333,41,246,0,9,20,12,0,34,0,1,0,0,0,0,0,0,0,0,2,0,0,0,0,0,1,0,1,0,0,0,0,0,1,0,0,0,0,0,1,5,35,1,0,0,0,2,4,22,1,0,0,0,35,0,1,0,0,0,0,0,0,4,22,2,1,16,15,0,2,0,21,2,0,0,36,0,3,0,0,0,0,0,8,2,10,9,2,10
"2016-03-28",35,64,0,0,18,18,53,3,1,1,0,0,0,1,0,0,0,0,5,0,4,4,0,0,0,0,0,0,209.270833333333,3084.375,294.583333333333,141.604166666667,3474.975,694.166666666667,0,0,0,13,12,10,0,26,4,0,0,0,0,0,0,0,0,0,0,0,0,0,0,0,0,0,1,0,0,0,0,0,2,0,1,0,0,0,0,3,30,1,0,0,0,1,3,17,2,0,0,0,7,0,0,0,0,0,0,0,0,27,20,2,0,13,19,0,2,0,13,0,1,0,7,3,24,0,1,0,0,0,6,7,3,7,5,7
"2016-03-29",44,83,0,0,10,10,63,6,0,4,2,0,0,0,2,0,0,0,6,0,2,2,0,0,0,0,1,1,143.183333333333,2311.83333333333,513.333333333333,-286.366666666667,4414.3,1171.5,0,44,0,8,19,17,0,32,3,2,0,0,0,0,0,0,0,0,1,0,0,0,0,0,0,0,0,0,0,0,0,1,3,0,0,0,0,0,2,5,37,2,0,0,0,0,6,25,0,0,0,0,40,0,0,0,0,0,0,1,0,2,35,1,0,5,22,0,4,0,17,0,0,0,40,1,1,0,0,0,0,0,1,4,13,7,8,11
"2016-03-30",44,89,0,1,9,10,71,5,0,1,0,0,0,1,3,0,0,0,8,0,1,1,0,0,0,0,0,0,263.816666666667,2020.33333333333,324.5,-225.5,4440.29666666667,1008.33333333333,0,88,0,6,21,16,1,41,1,0,0,0,0,0,0,0,0,0,0,0,0,0,0,0,0,0,1,0,0,0,0,0,0,0,0,0,0,0,1,1,42,1,0,0,0,0,4,24,1,1,0,0,35,0,0,0,0,0,0,0,0,3,27,0,0,13,21,0,4,0,18,0,0,0,28,8,1,0,1,0,0,0,6,1,10,7,6,14
"2016-03-31",54,103,0,0,9,9,77,16,1,2,0,0,0,2,1,0,0,0,4,0,3,3,0,0,0,0,0,0,506.7,4353.75,317.25,318.825,5372.37,1032.75,0,162,0,8,24,22,0,41,3,0,0,0,0,0,0,1,1,0,0,0,0,0,1,2,0,2,0,0,1,0,0,0,0,0,0,0,0,0,1,7,45,1,1,0,0,2,6,21,0,0,0,0,7,0,0,0,0,0,0,0,0,45,44,2,0,5,31,0,3,0,16,0,1,0,9,4,34,0,5,0,0,0,7,4,18,8,4,13
"2016-04-01",54,103,0,1,20,21,84,8,0,3,1,0,1,0,1,0,0,0,5,0,6,6,0,1,1,0,1,1,630,4158,443.25,415.125,5332.68,1163.25,0,216,0,17,21,15,1,40,6,1,0,0,0,0,0,0,1,1,0,0,0,0,1,0,0,2,0,1,0,0,0,0,0,0,0,0,0,0,0,6,47,0,1,0,0,3,11,24,0,0,0,0,34,0,0,0,0,0,0,0,0,18,37,1,1,12,32,0,2,2,16,0,1,0,32,12,7,0,1,0,0,0,4,3,16,12,7,12
"2016-04-02",54,98,1,0,12,13,81,6,0,1,1,0,1,1,2,0,0,0,5,1,1,2,0,1,1,0,1,1,218.7,3566.25,366.75,-105.525,5336.595,1156.5,54,270,1,9,27,17,0,39,3,1,0,0,0,0,0,0,0,2,1,0,0,0,0,0,0,0,1,0,0,1,0,0,0,0,0,0,1,0,2,5,43,3,0,0,0,1,4,26,0,0,0,0,41,0,0,0,0,0,0,0,0,10,30,6,1,14,31,0,1,0,19,1,0,0,34,13,1,0,2,0,0,0,3,5,16,8,5,17
"2016-04-03",32,64,0,0,6,6,55,0,0,0,2,0,0,2,0,0,0,0,5,0,0,0,0,0,0,0,0,0,-202.266666666667,1572,380,-493.2,3192.73333333333,820,32,192,0,4,14,14,0,25,0,1,0,0,0,0,0,0,0,0,0,0,1,0,0,0,0,1,0,0,1,0,0,0,0,0,0,0,0,0,1,3,26,1,0,0,0,1,4,11,0,1,0,0,29,0,0,0,0,0,0,0,0,1,22,1,0,8,14,0,2,0,15,0,0,0,27,3,0,0,0,0,0,0,4,1,6,5,10,6
"2016-04-04",47,90,0,0,9,9,75,5,0,2,2,0,0,1,1,0,0,0,4,0,3,3,0,0,0,0,1,1,-322.733333333333,2232.5,305.5,-763.945833333333,4747.705,577.708333333333,0,0,0,9,17,21,0,35,4,2,0,0,0,0,0,0,1,0,0,0,0,0,0,0,0,1,1,0,0,0,0,0,1,0,0,0,0,0,1,4,41,1,0,0,1,2,6,19,0,0,0,0,42,0,0,0,0,0,0,0,0,0,35,1,0,10,16,0,4,0,25,0,1,0,41,2,0,0,0,0,0,0,5,5,13,9,7,8
"2016-04-05",51,98,0,1,17,18,80,7,1,4,0,0,0,1,1,0,0,0,4,0,4,4,0,0,0,0,0,0,-234.6,2161.125,397.375,-812.6,5190.6525,1094.375,0,51,0,14,15,21,1,42,4,0,0,0,0,0,0,1,0,0,0,0,0,0,0,0,0,0,0,0,1,0,0,0,1,0,0,0,0,0,2,2,47,2,0,0,0,3,12,21,0,0,0,0,46,0,0,0,0,0,1,0,0,2,36,1,0,10,20,0,6,0,21,0,1,0,47,0,0,0,0,1,0,0,5,3,14,10,6,13
"2016-04-06",53,108,0,0,18,18,91,5,0,1,0,0,1,2,2,0,0,0,6,0,4,4,0,1,1,0,0,0,-46.1541666666667,3760.79166666667,406.333333333333,-328.820833333333,5356.37875,1090.91666666667,0,106,0,13,24,16,0,42,3,0,0,0,0,0,1,0,1,0,1,0,0,0,0,0,0,2,1,0,0,0,0,0,0,0,1,0,0,0,0,5,46,1,0,0,0,1,5,30,3,0,0,0,30,0,0,0,0,0,5,9,0,7,35,5,0,13,24,0,2,2,22,0,2,0,29,7,2,0,0,14,0,0,1,3,17,11,6,15
"2016-04-07",75,136,0,0,12,12,106,6,2,2,1,0,0,2,5,0,0,2,10,0,5,5,0,0,0,0,0,0,190.9375,7346.875,575,167.1875,7425.40625,1084.375,0,225,0,12,30,33,0,54,8,0,0,0,0,1,1,0,2,1,0,0,0,0,0,0,0,1,0,0,2,0,0,0,2,0,0,0,0,0,1,8,64,1,0,0,0,2,10,38,1,1,0,0,8,0,0,0,0,0,6,16,2,42,40,6,0,25,36,0,1,1,32,0,3,1,6,5,45,0,3,11,2,0,4,4,30,11,14,12
"2016-04-08",64,123,0,1,10,11,98,5,0,4,1,0,0,4,3,0,0,0,8,0,1,1,0,0,0,0,1,1,40.2666666666667,5338.66666666667,501.333333333333,-124.8,6329.97333333333,1365.33333333333,0,256,0,9,28,26,1,52,2,1,0,0,0,0,1,0,0,0,1,0,0,0,0,1,0,1,2,0,0,0,0,0,1,0,0,0,0,0,0,6,56,0,0,0,0,2,7,28,1,0,0,0,28,0,6,0,0,0,0,1,0,27,31,4,0,26,35,0,5,0,21,0,1,0,31,14,6,0,0,8,0,2,4,1,25,12,7,15
"2016-04-09",44,84,0,0,12,12,66,3,0,2,0,0,0,3,4,0,0,0,6,0,2,2,0,0,0,0,0,0,-116.6,2841.66666666667,374,-379.683333333333,4413.67666666667,878.166666666667,44,220,0,9,18,17,0,34,3,0,0,0,0,0,0,0,1,1,0,0,0,0,0,0,0,0,0,0,2,0,0,0,0,0,0,0,0,0,1,4,37,1,0,0,0,1,7,19,0,0,0,0,33,0,4,0,0,1,0,1,0,4,27,1,1,14,20,0,0,0,22,0,1,1,38,4,0,0,0,0,0,0,3,1,16,5,4,15
"2016-04-10",34,61,1,0,8,9,49,0,0,0,0,2,0,2,5,0,0,0,3,0,2,2,0,0,0,0,0,0,-78.3416666666667,1770.83333333333,211.083333333333,-374.991666666667,3449.82416666667,748,34,204,1,7,15,11,0,25,2,0,0,0,0,0,0,0,0,0,1,0,0,0,0,0,1,0,0,0,0,0,0,0,1,0,1,0,0,0,2,3,27,3,0,0,0,2,6,16,0,0,0,0,32,0,0,0,0,1,0,0,0,0,24,0,0,10,19,0,1,1,12,0,0,0,34,0,0,0,0,0,0,0,2,3,8,8,2,11