"Date","NB_Accidents","NB_VEH_IMPLIQUES_ACCDN","NB_MORTS","NB_BLESSES_GRAVES","NB_BLESSES_LEGERS","NB_VICTIMES_TOTAL","nb_automobile_camion_leger","nb_camionLourd_tractRoutier","nb_outil_equipement","nb_tous_autobus_minibus","nb_bicyclette","nb_cyclomoteur","nb_motocyclette","nb_taxi","nb_urgence","nb_motoneige","nb_VHR","nb_autres_types","nb_veh_non_precise","NB_DECES_PIETON","NB_BLESSES_PIETON","NB_VICTIMES_PIETON","NB_DECES_MOTO","NB_BLESSES_MOTO","NB_VICTIMES_MOTO","NB_DECES_VELO","NB_BLESSES_VELO","NB_VICTIMES_VELO","Temp","Rel.Hum","Wind.Spd","Dew.Point.Temp","Stn_Press","Wind.Dir","weekdays","days","SeverityDeadly","SeverityLight Injury","SeverityMaterial High","SeverityMaterial Low","SeveritySevere Injury","as.factor(Accident_Type)31","as.factor(Accident_Type)32","as.factor(Accident_Type)33","as.factor(Accident_Type)34","as.factor(Accident_Type)35","as.factor(Accident_Type)36","as.factor(Accident_Type)37","as.factor(Accident_Type)38","as.factor(Accident_Type)39","as.factor(Accident_Type)40","as.factor(Accident_Type)41","as.factor(Accident_Type)42","as.factor(Accident_Type)43","as.factor(Accident_Type)44","as.factor(Accident_Type)45","as.factor(Accident_Type)46","as.factor(Accident_Type)47","as.factor(Accident_Type)48","as.factor(Accident_Type)49","as.factor(Accident_Type)50","as.factor(Accident_Type)51","as.factor(Accident_Type)52","as.factor(Accident_Type)53","as.factor(Accident_Type)54","as.factor(Accident_Type)55","as.factor(Accident_Type)59","as.factor(Accident_Type)71","as.factor(Accident_Type)72","as.factor(Accident_Type)73","as.factor(Accident_Type)74","as.factor(Accident_Type)75","as.factor(Accident_Type)99","Accident_CategoryFixed Object","Accident_CategoryMoving Object","Accident_CategoryNo Collision","Auth_Speed10","Auth_Speed100","Auth_Speed20","Auth_Speed30","Auth_Speed40","Auth_Speed50","Auth_Speed60","Auth_Speed70","Auth_Speed80","Auth_Speed90","Surface_CondDry","Surface_CondHard snow","Surface_CondIce","Surface_CondMud","Surface_CondOil","Surface_CondSand or gravel","Surface_CondSlush","Surface_CondSnow","Surface_CondWater accumulation","Surface_CondWet","IlluminationDay and clear","IlluminationDay and semi-dark","IlluminationNight and dark","IlluminationNight and lighted","EnvironmentCommercial","EnvironmentForest","EnvironmentIndustrial","EnvironmentPark","EnvironmentResidential","EnvironmentRural","EnvironmentSchool area","WeatherBlack Ice","WeatherClear Sky","WeatherCloudy","WeatherDrizzle","WeatherFoggy","WeatherHeavy Rain","WeatherSnow","WeatherSnowstorms","WeatherStrong Wind","cluster_id_0","cluster_id_1","cluster_id_2","cluster_id_3","cluster_id_4","cluster_id_5"
"2016-04-11",43,81,0,0,16,16,64,6,1,2,0,0,0,3,1,0,0,0,4,0,3,3,0,0,0,0,0,0,141.3625,3839.54166666667,275.916666666667,67.3666666666667,4321.37458333333,795.5,0,0,0,13,17,13,0,35,3,0,0,0,0,0,0,0,1,0,0,0,0,0,0,0,0,1,0,0,0,0,0,0,1,0,0,0,0,0,1,3,38,1,0,0,0,0,5,25,0,0,0,0,5,0,0,0,0,0,0,2,0,34,31,4,0,6,23,0,2,0,15,1,0,0,3,4,26,0,1,7,0,0,3,4,6,11,7,12
"2016-04-12",48,100,0,0,16,16,80,7,1,2,1,0,1,3,1,0,0,0,4,0,1,1,0,0,0,0,1,1,260.2,3570,306,46.4,4832.7,1020,0,48,0,12,18,18,0,41,2,0,0,0,0,0,0,0,0,0,0,0,0,0,0,0,0,1,0,0,2,0,0,0,1,0,0,0,0,0,0,4,43,0,0,0,0,0,5,25,0,1,0,0,39,0,0,0,0,0,0,1,0,7,37,2,0,6,20,0,6,1,20,1,0,0,34,9,2,0,1,1,0,0,5,5,9,9,10,10
"2016-04-13",49,97,0,1,14,15,81,4,0,2,0,0,2,2,0,0,0,0,6,0,1,1,0,2,2,0,0,0,116.170833333333,2686.83333333333,245,-296.45,5004.0025,1037.16666666667,0,98,0,10,18,20,1,38,1,0,0,0,0,0,0,0,1,0,1,0,0,0,0,0,0,0,0,0,0,0,0,0,2,1,0,0,0,0,2,4,39,3,0,0,0,0,8,22,1,0,1,0,45,0,1,0,0,0,0,0,0,0,40,1,0,6,20,0,4,0,24,0,1,0,46,1,0,0,0,0,0,0,4,4,9,12,9,11
"2016-04-14",49,92,0,0,17,17,67,7,0,3,5,0,0,2,1,0,0,0,7,0,3,3,0,0,0,0,4,4,237.445833333333,2278.5,322.583333333333,-309.516666666667,5010.06625,653.333333333333,0,147,0,14,18,17,0,36,3,5,0,0,0,0,0,0,0,0,0,0,0,0,0,0,0,0,2,0,0,0,0,0,2,0,0,0,0,0,1,4,44,1,0,0,0,1,3,20,4,0,0,0,42,0,4,0,0,0,0,0,0,0,43,2,0,4,30,0,4,0,12,0,2,0,45,1,0,0,0,0,0,0,4,1,12,8,12,12
"2016-04-15",57,117,0,3,19,22,97,5,0,2,1,0,1,5,2,0,0,0,4,0,4,4,0,0,0,0,1,1,423.7,2598.25,448.875,-236.075,5838.39125,731.5,0,228,0,10,22,22,3,44,4,1,0,0,0,0,1,0,0,1,1,0,0,0,0,0,0,0,1,0,1,0,0,0,0,0,0,0,0,0,1,4,50,1,0,0,0,0,5,32,0,0,0,0,55,0,0,0,0,0,0,0,0,1,46,2,0,8,28,0,3,0,22,0,3,0,54,1,0,0,0,0,0,0,11,5,11,9,7,14
"2016-04-16",60,117,0,1,16,17,98,2,1,1,1,0,1,1,5,0,0,0,7,0,1,1,0,0,0,0,1,1,517.25,2532.5,482.5,-262,6148.7,630,60,300,0,10,22,27,1,48,3,1,0,0,0,0,1,0,0,0,1,0,0,0,0,0,0,1,0,0,0,0,0,0,1,0,0,0,0,0,2,3,53,2,4,0,0,1,9,21,0,0,0,0,58,0,0,0,0,1,0,0,0,0,42,2,1,12,27,0,3,0,29,0,0,0,56,0,0,0,0,0,0,0,3,4,15,10,9,19
"2016-04-17",36,74,0,0,10,10,67,0,0,0,3,0,1,2,0,0,0,0,1,0,0,0,0,1,1,0,2,2,520.95,1143,165,-102.15,3670.56,867,36,216,0,9,18,9,0,28,0,3,0,0,0,0,0,0,2,0,0,0,1,0,0,0,0,0,1,0,0,0,0,0,0,0,0,0,0,0,0,4,31,0,0,0,0,0,5,19,0,0,0,0,33,0,0,0,0,0,0,0,0,1,27,1,0,7,14,0,0,0,20,0,1,0,32,0,1,0,0,0,0,0,2,5,14,4,2,9
"2016-04-18",48,94,0,0,13,13,77,6,0,0,4,0,0,2,2,0,0,0,3,0,1,1,0,0,0,0,4,4,376.6,3094,440,43.2,4878.22,114,0,0,0,12,19,17,0,36,1,4,0,1,0,0,0,0,1,0,0,2,1,0,0,0,0,2,0,0,0,0,0,0,0,0,0,0,0,0,0,6,42,0,0,0,0,3,8,17,1,0,0,0,21,0,0,0,0,0,0,0,0,27,36,3,0,7,25,0,3,0,17,0,3,0,13,10,24,0,0,0,1,0,14,1,13,8,3,9
"2016-04-19",63,123,0,0,14,14,101,8,0,2,2,0,1,2,1,0,0,0,6,0,4,4,0,1,1,0,2,2,566.2125,3283.875,706.125,-93.7125,6369.8775,1588.125,0,63,0,13,29,21,0,51,5,2,0,0,0,0,0,0,0,0,0,0,0,0,0,0,0,0,1,0,0,0,0,0,1,0,0,0,0,0,1,2,58,1,1,0,1,0,14,24,0,0,0,0,60,0,0,0,0,0,0,0,0,2,58,1,0,4,41,0,4,0,15,0,2,0,59,1,0,0,0,0,0,0,7,6,13,12,9,16
"2016-04-20",51,109,0,1,4,5,86,4,0,0,3,1,2,1,0,0,0,0,12,0,0,0,0,1,1,0,2,2,394.1875,1984.75,412.25,-294.7375,5182.68375,682.125,0,102,0,4,26,20,1,43,0,3,0,0,0,0,0,0,0,0,0,0,0,0,0,0,0,0,0,0,0,0,0,0,1,0,0,0,0,0,0,1,46,0,0,0,0,1,6,25,0,0,0,0,51,0,0,0,0,0,0,0,0,0,44,1,0,5,21,0,2,1,23,0,2,0,50,1,0,0,0,0,0,0,5,5,18,4,3,16
"2016-04-21",41,77,0,1,9,10,57,6,0,2,4,0,2,1,4,0,0,0,1,0,4,4,0,0,0,0,3,3,577.245833333333,1293.20833333333,201.583333333333,-168.954166666667,4127.96541666667,830.25,0,123,0,9,13,18,1,26,4,4,0,0,0,0,1,0,0,0,0,0,0,0,0,0,0,1,0,1,1,0,0,0,1,0,0,0,0,0,0,4,35,0,1,0,0,2,6,16,1,0,0,0,40,0,0,0,0,0,0,0,0,0,33,0,0,7,22,0,1,0,16,0,1,0,36,4,0,0,0,0,0,0,2,3,13,10,9,4
"2016-04-22",58,105,0,0,28,28,87,4,0,1,2,0,1,3,1,0,0,0,6,0,6,6,0,1,1,0,1,1,747.475,4843,422.916666666667,571.783333333333,5809.54583333333,1114.08333333333,0,232,0,22,20,16,0,41,7,2,0,0,0,0,0,0,1,0,0,0,0,0,0,1,0,1,1,0,0,0,0,0,0,0,0,0,0,0,1,4,50,1,0,0,0,5,6,32,0,0,0,0,30,0,0,0,1,0,0,0,0,24,41,2,0,11,30,0,2,0,19,0,4,0,25,13,17,0,0,0,0,0,7,3,20,8,7,13
"2016-04-23",32,62,0,0,7,7,50,3,0,2,1,0,0,3,1,0,0,0,2,0,2,2,0,0,0,0,0,0,218,1426.66666666667,381.333333333333,-180.933333333333,3226.12,370.666666666667,32,160,0,6,15,11,0,24,3,1,0,0,0,0,0,0,0,0,0,0,0,0,0,0,0,1,1,0,0,0,0,0,1,0,0,0,0,0,1,3,28,1,0,0,0,0,4,16,1,0,0,0,31,0,0,0,0,0,0,0,0,0,21,0,0,10,20,0,2,0,9,0,0,0,29,2,0,0,0,0,0,0,1,3,12,2,4,10
"2016-04-24",53,107,0,0,15,15,88,1,0,1,2,0,3,2,1,0,0,2,7,0,3,3,0,2,2,0,1,1,290.395833333333,1676.125,457.125,-551.2,5355.16416666667,644.833333333333,53,318,0,11,22,20,0,40,1,2,0,0,0,0,0,0,0,0,0,0,0,0,0,0,0,2,0,1,0,0,0,0,1,0,0,0,0,0,1,4,43,1,1,0,1,0,5,20,0,0,0,0,51,0,0,0,0,0,0,0,0,0,33,0,0,18,24,0,2,2,22,0,0,0,49,0,0,0,0,0,0,0,4,2,17,6,8,16
"2016-04-25",60,117,0,0,16,16,93,8,1,2,5,1,1,4,1,0,0,0,1,0,3,3,0,1,1,0,4,4,290.5,1832.5,512.5,-685.25,6054.25,752.5,0,0,0,14,21,25,0,43,4,5,0,0,0,0,0,0,0,0,0,1,0,0,0,0,0,0,1,0,0,0,0,0,2,0,0,0,0,0,0,4,52,0,0,0,1,3,5,31,1,0,0,0,57,0,0,0,0,0,0,0,0,0,51,1,0,6,28,0,1,0,26,0,2,0,55,2,0,0,0,0,0,0,6,4,16,12,10,12
"2016-04-26",43,85,0,0,14,14,55,12,0,3,3,1,0,2,1,0,0,0,8,0,4,4,0,0,0,0,2,2,163.4,1585.625,351.166666666667,-424.0875,4313.40166666667,381.625,0,43,0,12,12,19,0,35,4,3,0,0,0,0,0,0,0,0,0,0,0,0,0,0,0,0,0,0,0,0,0,0,0,0,1,0,0,0,0,0,42,1,1,0,0,2,5,18,0,0,0,0,40,0,0,1,0,0,0,0,0,0,37,3,0,2,15,0,3,0,21,0,3,0,36,6,0,0,0,0,0,0,2,0,15,12,4,10
"2016-04-27",56,112,0,1,16,17,91,5,0,2,1,3,1,2,2,0,0,0,5,0,1,1,0,1,1,0,1,1,158.2,1974,438.666666666667,-641.433333333333,5624.29,882,0,112,0,13,19,23,1,45,2,1,0,0,0,0,0,0,1,0,1,0,0,0,0,0,0,0,2,0,1,0,0,0,0,0,0,0,0,0,1,5,48,1,0,0,0,2,8,26,2,0,0,0,53,0,0,0,0,0,0,0,0,0,43,0,0,10,24,0,4,0,25,0,2,0,50,2,0,0,0,0,0,0,6,5,20,7,7,11
"2016-04-28",55,105,0,1,15,16,88,9,0,2,2,0,1,0,1,0,0,1,1,0,4,4,0,0,0,0,2,2,167.520833333333,2296.25,391.875,-493.854166666667,5558.52916666667,678.333333333333,0,165,0,14,19,21,1,40,5,2,0,0,0,0,0,0,2,0,0,0,0,0,0,0,0,1,0,0,0,0,0,0,1,0,0,0,0,0,2,4,47,2,1,0,0,3,7,30,0,0,0,0,53,0,0,0,0,1,0,0,0,0,40,0,0,13,36,0,1,0,14,0,4,0,52,0,0,0,0,0,0,0,4,1,11,11,9,19
"2016-04-29",74,140,0,2,25,27,113,8,0,4,4,1,1,3,2,0,0,0,4,0,3,3,0,0,0,0,3,3,441.841666666667,2707.16666666667,493.333333333333,-629.616666666667,7493.91833333333,551.916666666667,0,296,0,21,26,25,2,53,3,4,0,0,0,0,1,0,0,0,0,1,0,0,0,0,0,0,0,0,0,0,0,0,5,0,1,0,0,0,3,6,61,4,0,0,0,4,10,31,0,1,0,0,73,0,0,0,0,0,0,0,0,0,58,2,0,13,30,1,2,2,36,0,2,0,70,1,0,0,0,0,0,0,12,5,23,9,11,14
"2016-04-30",59,119,0,0,14,14,95,4,0,2,6,0,2,1,1,0,0,1,7,0,2,2,0,0,0,0,5,5,556.566666666667,1762.625,440.041666666667,-475.6875,5987.51666666667,575.25,59,295,0,13,22,24,0,42,3,6,0,0,0,0,1,1,0,0,0,0,1,0,0,0,0,2,0,0,0,0,0,0,0,0,0,0,0,0,1,3,53,1,2,0,0,2,8,16,0,0,0,0,56,0,0,0,0,0,0,0,0,0,33,3,2,18,26,0,1,2,28,0,1,0,55,1,0,0,0,0,0,0,3,7,19,9,8,13
"2016-05-01",43,87,0,1,19,20,72,0,0,1,1,3,0,3,3,0,0,0,4,0,4,4,0,0,0,0,1,1,350.9875,2655.25,286.666666666667,9.1375,4352.5675,573.333333333333,43,258,0,13,20,9,1,33,4,1,0,0,0,0,0,0,0,0,0,0,0,0,0,0,0,0,1,0,0,0,0,0,0,0,0,0,0,0,1,1,38,1,0,0,0,2,8,16,0,0,0,0,19,0,0,0,0,1,0,0,0,20,23,2,0,14,19,0,1,0,20,0,0,0,20,5,15,0,0,0,0,0,3,3,14,7,4,12
"2016-05-02",52,97,0,1,15,16,72,13,0,0,3,0,1,1,5,0,0,0,2,0,4,4,0,0,0,0,3,3,385.883333333333,4651.83333333333,353.166666666667,301.816666666667,5235.23,348.833333333333,0,0,0,13,22,16,1,38,4,3,0,0,0,0,0,0,0,0,2,0,0,1,0,0,0,0,1,0,1,0,0,0,0,0,0,0,0,0,1,5,45,1,0,0,0,2,5,36,0,0,0,0,27,0,0,0,0,0,0,0,0,25,44,5,0,2,21,0,5,0,25,0,1,0,13,23,16,0,0,0,0,0,3,2,18,7,10,12
"2016-05-03",57,108,0,3,22,25,88,5,1,1,1,0,2,1,1,0,0,0,8,0,6,6,0,2,2,0,1,1,509.9125,4028,358.625,209.7125,5722.87125,695.875,0,57,0,17,15,22,3,43,7,1,0,0,0,0,1,0,0,0,1,0,0,0,0,0,0,1,0,0,1,0,0,0,1,0,0,0,0,0,0,4,52,0,1,0,0,3,6,23,1,1,0,0,56,0,0,0,0,0,0,0,0,0,45,1,0,8,25,0,3,0,26,0,2,0,54,1,0,0,0,0,0,0,1,5,12,14,12,13
"2016-05-04",58,117,0,1,10,11,95,11,1,1,1,1,0,1,0,0,0,1,5,0,2,2,0,0,0,0,1,1,545.683333333333,4403.16666666667,398.75,304.741666666667,5808.6275,333.5,0,116,0,10,20,27,1,51,0,1,0,0,0,0,0,1,0,1,1,0,0,0,0,0,0,0,0,0,0,0,0,0,1,0,0,0,0,0,1,3,53,1,0,0,0,1,7,24,0,0,0,0,57,0,0,0,0,0,0,0,0,0,46,4,0,8,32,0,2,1,21,0,0,0,35,22,0,0,0,0,0,0,7,3,15,15,5,13
"2016-05-05",57,110,0,3,14,17,87,7,0,2,2,0,2,2,5,0,0,1,2,0,1,1,0,2,2,0,1,1,687.0875,3538.75,541.5,256.025,5709.04875,266,0,171,0,10,20,25,2,46,1,2,0,0,0,0,1,2,0,0,0,0,0,0,0,1,0,1,0,0,0,0,0,0,0,0,0,0,0,0,1,2,52,1,0,0,0,4,7,23,0,1,0,0,54,0,0,0,0,0,0,0,0,2,41,1,0,15,26,0,3,0,25,0,1,0,53,2,1,0,0,0,0,0,7,6,20,12,1,11
"2016-05-06",71,133,0,1,23,24,100,6,0,1,7,2,2,6,5,0,0,0,4,0,2,2,0,0,0,0,5,5,1013.525,3298.54166666667,647.875,133.420833333333,7114.49583333333,603.5,0,284,0,17,26,27,1,51,3,6,0,0,0,0,0,0,1,1,0,0,0,0,0,0,0,1,3,0,0,0,0,0,4,0,0,0,0,0,1,10,60,1,0,0,1,3,9,30,2,0,0,0,69,0,0,0,0,0,0,0,0,0,57,0,0,12,37,0,6,0,25,0,1,0,68,1,0,0,0,0,0,0,6,6,20,10,11,18
"2016-05-07",50,105,0,0,16,16,97,2,0,0,0,0,1,0,0,0,0,0,5,0,3,3,0,0,0,0,0,0,869.791666666667,2885.41666666667,360.416666666667,429.375,4984.47916666667,931.25,50,250,0,11,24,15,0,42,0,0,0,0,0,0,0,0,0,0,0,0,0,1,0,0,0,4,0,0,0,0,0,0,1,0,0,0,0,0,1,6,42,1,2,0,0,1,6,24,0,0,0,0,44,0,0,0,0,0,0,0,0,6,36,1,0,13,30,0,2,0,16,0,1,0,41,3,6,0,0,0,0,0,0,4,13,10,8,15
"2016-05-08",41,79,0,0,9,9,73,1,0,0,2,0,0,0,1,0,0,0,2,0,0,0,0,0,0,0,0,0,337.7375,3109.16666666667,338.25,161.95,4076.56166666667,618.416666666667,41,246,0,7,19,15,0,32,0,1,0,0,0,0,0,0,2,2,0,0,0,0,0,0,0,0,2,0,1,0,0,0,1,0,0,0,0,0,0,8,33,0,0,0,0,1,2,26,0,0,0,0,16,0,0,0,0,0,0,0,0,21,23,0,0,14,20,0,1,0,17,0,0,0,16,10,12,0,0,0,0,0,1,3,8,12,9,8
"2016-05-09",57,113,0,1,15,16,90,7,1,1,2,0,1,2,1,0,0,1,7,0,2,2,0,0,0,0,1,1,356.25,2890.375,332.5,-209.2375,5733.535,1159,0,0,0,13,19,24,1,42,2,2,0,0,0,0,0,0,1,0,0,0,0,0,0,0,0,2,0,0,0,0,0,0,4,0,0,0,0,1,0,7,46,1,2,0,0,0,9,23,0,0,0,0,57,0,0,0,0,0,0,0,0,0,47,2,0,8,25,0,3,0,27,0,1,0,47,10,0,0,0,0,0,0,7,2,12,7,7,22
"2016-05-10",57,112,0,0,29,29,96,6,1,0,5,0,0,1,2,0,0,0,1,0,4,4,0,0,0,0,3,3,728.175,2182.625,401.375,-90.0125,5770.94125,1401.25,0,57,0,24,12,21,0,45,5,5,0,0,0,0,0,0,0,0,1,0,0,0,0,0,0,1,0,0,0,0,0,0,0,0,0,0,0,0,0,2,55,0,1,0,0,2,9,22,0,0,0,0,55,0,0,0,0,0,0,0,0,0,52,0,0,4,26,0,4,0,23,0,2,0,54,0,0,0,0,0,0,0,7,4,13,9,3,21
"2016-05-11",55,108,0,0,15,15,88,3,0,2,6,0,0,1,2,0,0,0,6,0,1,1,0,0,0,0,6,6,866.479166666667,1638.54166666667,362.083333333333,-134.520833333333,5572.37083333333,1203.125,0,110,0,14,22,19,0,41,1,5,0,0,0,0,1,0,0,0,1,0,0,0,0,0,0,0,0,0,0,0,0,1,0,0,0,0,0,0,1,2,48,1,2,0,0,2,5,19,0,0,0,0,55,0,0,0,0,0,0,0,0,0,46,2,0,6,27,0,4,0,21,0,1,0,54,0,0,0,0,0,0,0,2,5,16,12,8,12
"2016-05-12",57,117,0,1,17,18,84,9,0,2,6,0,3,2,3,0,0,1,7,0,1,1,0,1,1,0,5,5,1093.6875,1997.375,249.375,167.2,5749.61375,1095.39130434783,0,171,0,12,25,19,1,43,1,6,0,1,0,0,0,0,0,0,1,0,0,0,0,0,0,2,1,0,0,0,0,0,0,0,0,0,0,0,1,4,51,1,0,0,0,2,10,24,0,0,0,0,54,0,0,0,0,0,0,0,0,0,40,1,1,13,23,0,2,2,22,1,3,0,53,1,0,0,0,0,0,0,3,7,18,10,7,12
"2016-05-13",58,110,0,1,7,8,88,10,0,3,0,3,0,0,1,0,0,0,5,0,2,2,0,0,0,0,0,0,1010.65,3808.66666666667,377,589.908333333333,5785.18583333333,1051.25,0,232,0,7,28,22,1,43,3,0,0,0,0,0,0,0,2,0,1,2,0,0,0,0,0,2,1,0,1,0,0,0,1,0,0,0,0,0,1,10,46,1,0,0,0,1,10,30,0,0,0,0,39,0,0,0,0,0,0,0,0,17,50,2,0,6,27,0,5,1,23,0,1,0,31,14,10,0,2,0,0,0,5,4,17,9,11,12
"2016-05-14",42,90,0,0,17,17,82,1,1,0,3,0,0,1,0,0,0,1,1,0,4,4,0,0,0,0,3,3,579.366666666667,2982,247.333333333333,358.633333333333,4175.19666666667,907.666666666667,42,210,0,14,16,12,0,34,3,3,0,0,0,0,0,0,0,0,0,1,0,0,0,0,0,0,0,0,0,0,0,0,1,0,0,0,0,0,0,2,40,0,0,0,0,1,9,20,0,0,0,0,25,0,0,0,0,0,0,0,0,16,25,4,0,12,20,0,1,0,19,0,1,0,21,9,11,0,0,0,0,0,4,5,13,7,6,7
"2016-05-15",33,69,0,0,10,10,56,3,0,0,1,0,1,2,0,0,0,0,6,0,1,1,0,1,1,0,1,1,222.6125,2288,258.5,40.7,3278.42625,547.25,33,198,0,7,18,8,0,28,1,1,0,0,0,0,1,0,0,0,0,0,0,0,0,1,0,0,0,0,0,0,0,0,0,0,0,0,0,0,0,1,31,0,0,0,0,1,6,16,0,0,0,0,18,0,0,0,0,0,0,0,0,13,15,4,0,12,12,0,2,1,15,0,1,0,12,10,9,0,0,0,0,0,3,2,11,6,5,6
"2016-05-16",43,87,0,1,7,8,68,3,1,1,3,0,1,3,3,0,0,0,4,0,0,0,0,1,1,0,2,2,232.2,2760.95833333333,279.5,-43,4309.85416666667,671.875,0,0,0,6,17,19,1,31,0,3,0,0,0,0,0,1,0,1,0,1,0,0,0,0,0,1,0,0,0,0,0,0,1,0,1,0,0,0,0,4,35,1,0,0,0,0,3,21,0,0,0,0,37,0,0,0,0,0,0,0,0,4,34,3,0,5,21,0,2,0,17,0,1,0,22,17,2,0,0,0,0,1,3,3,13,6,5,13
"2016-05-17",62,121,0,3,13,16,94,6,1,4,6,2,0,1,3,0,0,0,4,0,2,2,0,0,0,0,5,5,546.375,3859.5,480.5,113.925,6263.91166666667,1619.75,0,62,0,12,19,29,2,44,3,5,0,1,0,0,0,0,1,0,0,0,0,0,0,0,0,1,0,0,0,0,0,0,1,0,0,0,0,0,4,3,53,4,0,0,0,1,10,32,0,1,0,0,60,0,0,0,0,0,0,0,0,1,48,2,0,11,32,0,2,0,26,0,2,0,49,11,0,0,0,0,0,0,6,4,19,13,9,11
"2016-05-18",52,107,0,0,11,11,87,4,0,1,1,1,2,2,6,0,0,0,3,0,2,2,0,0,0,0,1,1,615.116666666667,2873,270.833333333333,133.9,5264.84833333333,944.666666666667,0,104,0,9,20,23,0,45,2,1,0,0,0,0,0,0,0,0,0,0,0,0,0,0,0,0,0,0,0,0,0,0,1,0,0,0,0,0,2,1,48,2,1,0,0,1,9,23,0,0,0,0,51,0,0,0,0,0,0,0,0,0,44,2,0,5,26,0,2,0,22,0,2,0,51,0,0,0,0,0,0,0,4,3,11,9,8,17
"2016-05-19",68,128,0,0,16,16,99,11,3,2,4,0,0,4,4,0,0,0,1,0,3,3,0,0,0,0,3,3,1013.48333333333,3527.5,325.833333333333,333.483333333333,6870.32333333333,1728.33333333333,0,204,0,13,25,30,0,51,3,4,0,0,0,0,0,0,2,2,0,0,0,0,0,0,0,3,0,0,0,0,0,0,1,0,0,0,0,0,1,8,58,1,0,0,1,4,7,32,0,0,0,0,64,0,0,0,0,0,0,0,0,2,57,0,1,9,42,0,2,1,21,0,0,0,55,10,2,0,0,0,0,0,7,6,17,14,10,14
"2016-05-20",68,144,0,1,21,22,120,5,0,3,5,0,1,1,2,0,0,0,7,0,1,1,0,0,0,0,3,3,1266.21666666667,2926.83333333333,376.833333333333,337.733333333333,6883.045,1623.5,0,272,0,13,30,24,1,53,2,5,0,0,0,0,0,0,0,0,0,0,0,0,0,0,0,0,1,0,1,0,0,0,0,0,0,0,0,0,0,2,60,0,2,0,0,1,7,36,1,0,0,0,66,0,0,0,0,0,0,0,0,0,56,2,0,5,28,0,4,0,32,1,1,0,64,1,0,0,0,0,0,0,8,5,25,6,12,12
"2016-05-21",64,126,0,2,25,27,108,3,0,0,4,0,1,1,1,0,0,1,7,0,1,1,0,0,0,0,4,4,1271.2,2338.66666666667,349.333333333333,271.466666666667,6442.77333333333,1464,64,320,0,13,23,26,2,53,2,4,0,0,0,0,0,0,1,0,0,0,0,0,0,0,0,1,1,0,1,0,0,0,0,0,0,0,0,0,0,4,59,0,1,0,0,3,10,24,0,0,0,0,63,0,0,0,0,0,0,0,0,0,44,0,0,18,23,0,4,1,36,0,0,0,62,0,0,0,0,0,0,0,1,8,21,13,7,14
"2016-05-22",49,103,0,1,10,11,89,1,0,0,4,2,1,0,1,0,0,1,4,0,1,1,0,1,1,0,4,4,988.575,2160.08333333333,410.375,340.141666666667,4913.33208333333,608.416666666667,49,294,0,9,23,16,1,35,1,4,0,0,0,0,0,1,0,0,1,0,0,0,0,0,0,0,1,0,0,0,0,0,0,0,0,0,0,0,0,2,41,0,0,0,0,1,8,23,0,0,0,0,44,0,0,0,0,1,0,0,0,2,32,0,0,14,21,0,0,2,25,0,0,0,45,1,1,0,0,0,0,0,5,5,12,5,10,12
"2016-05-23",52,99,0,3,14,17,73,2,1,0,6,1,6,0,0,0,0,0,10,0,3,3,0,4,4,0,5,5,1060.36666666667,1902.33333333333,344.5,211.683333333333,5226.10833333333,801.666666666667,0,0,0,13,18,18,3,32,5,6,1,0,0,0,0,0,0,0,0,1,0,0,0,0,0,2,1,0,0,0,0,0,1,0,0,0,0,0,1,5,44,1,0,0,0,1,3,20,1,0,0,0,50,0,0,0,0,0,0,0,0,0,39,0,1,9,24,0,3,1,22,0,0,0,50,0,0,0,0,0,0,0,3,4,13,9,12,11
"2016-05-24",79,160,0,1,18,19,116,13,3,3,12,1,1,0,1,0,0,0,10,0,1,1,0,0,0,0,9,9,1790.55217391304,2668.82608695652,302.260869565217,364.430434782609,7923.63130434782,1414.81818181818,0,79,0,17,32,29,1,48,1,12,0,0,0,0,0,1,0,0,1,1,0,0,0,0,0,1,0,0,1,0,0,0,3,0,0,0,0,0,3,7,62,3,1,0,1,3,11,32,0,0,0,0,74,0,0,0,0,0,0,0,0,1,70,1,0,5,31,0,3,1,36,1,0,0,75,0,0,0,0,0,0,0,9,8,21,21,7,13
"2016-05-25",70,130,0,1,24,25,100,9,1,2,4,1,1,2,0,0,0,0,10,0,5,5,0,1,1,0,3,3,1450.75,3564.16666666667,522.083333333333,707.875,7034.65,1560.41666666667,0,140,0,21,18,30,1,49,6,4,0,0,0,0,0,0,1,1,0,0,0,0,0,0,0,1,0,0,0,0,0,0,3,0,1,0,0,0,2,6,59,3,0,0,0,1,4,37,0,0,0,0,66,0,0,0,0,0,0,0,0,2,58,2,2,7,42,0,1,1,23,0,2,0,57,9,1,0,1,0,0,0,7,5,20,8,12,18