"Date","NB_Accidents","NB_VEH_IMPLIQUES_ACCDN","NB_MORTS","NB_BLESSES_GRAVES","NB_BLESSES_LEGERS","NB_VICTIMES_TOTAL","nb_automobile_camion_leger","nb_camionLourd_tractRoutier","nb_outil_equipement","nb_tous_autobus_minibus","nb_bicyclette","nb_cyclomoteur","nb_motocyclette","nb_taxi","nb_urgence","nb_motoneige","nb_VHR","nb_autres_types","nb_veh_non_precise","NB_DECES_PIETON","NB_BLESSES_PIETON","NB_VICTIMES_PIETON","NB_DECES_MOTO","NB_BLESSES_MOTO","NB_VICTIMES_MOTO","NB_DECES_VELO","NB_BLESSES_VELO","NB_VICTIMES_VELO","Temp","Rel.Hum","Wind.Spd","Dew.Point.Temp","Stn_Press","Wind.Dir","weekdays","days","SeverityDeadly","SeverityLight Injury","SeverityMaterial High","SeverityMaterial Low","SeveritySevere Injury","as.factor(Accident_Type)31","as.factor(Accident_Type)32","as.factor(Accident_Type)33","as.factor(Accident_Type)34","as.factor(Accident_Type)35","as.factor(Accident_Type)36","as.factor(Accident_Type)37","as.factor(Accident_Type)38","as.factor(Accident_Type)39","as.factor(Accident_Type)40","as.factor(Accident_Type)41","as.factor(Accident_Type)42","as.factor(Accident_Type)43","as.factor(Accident_Type)44","as.factor(Accident_Type)45","as.factor(Accident_Type)46","as.factor(Accident_Type)47","as.factor(Accident_Type)48","as.factor(Accident_Type)49","as.factor(Accident_Type)50","as.factor(Accident_Type)51","as.factor(Accident_Type)52","as.factor(Accident_Type)53","as.factor(Accident_Type)54","as.factor(Accident_Type)55","as.factor(Accident_Type)59","as.factor(Accident_Type)71","as.factor(Accident_Type)72","as.factor(Accident_Type)73","as.factor(Accident_Type)74","as.factor(Accident_Type)75","as.factor(Accident_Type)99","Accident_CategoryFixed Object","Accident_CategoryMoving Object","Accident_CategoryNo Collision","Auth_Speed10","Auth_Speed100","Auth_Speed20","Auth_Speed30","Auth_Speed40","Auth_Speed50","Auth_Speed60","Auth_Speed70","Auth_Speed80","Auth_Speed90","Surface_CondDry","Surface_CondHard snow","Surface_CondIce","Surface_CondMud","Surface_CondOil","Surface_CondSand or gravel","Surface_CondSlush","Surface_CondSnow","Surface_CondWater accumulation","Surface_CondWet","IlluminationDay and clear","IlluminationDay and semi-dark","IlluminationNight and dark","IlluminationNight and lighted","EnvironmentCommercial","EnvironmentForest","EnvironmentIndustrial","EnvironmentPark","EnvironmentResidential","EnvironmentRural","EnvironmentSchool area","WeatherBlack Ice","WeatherClear Sky","WeatherCloudy","WeatherDrizzle","WeatherFoggy","WeatherHeavy Rain","WeatherSnow","WeatherSnowstorms","WeatherStrong Wind","cluster_id_0","cluster_id_1","cluster_id_2","cluster_id_3","cluster_id_4","cluster_id_5"
"2016-05-26",75,153,0,1,25,26,111,15,0,4,9,2,2,1,1,0,0,0,8,0,5,5,0,0,0,0,4,4,1461.25,3200,428.125,375.625,7575.03125,812.5,0,225,0,19,24,31,1,54,5,8,0,0,0,0,0,0,0,0,1,0,0,0,0,0,0,0,1,0,0,0,0,0,2,0,0,0,0,0,1,4,67,1,1,0,0,0,14,32,1,0,0,0,70,0,0,0,0,0,0,0,0,0,66,2,0,4,36,0,3,1,31,0,1,0,68,2,0,0,0,0,0,0,4,3,25,11,13,19
"2016-05-27",75,145,0,0,13,13,107,15,0,3,3,1,2,2,5,0,0,0,7,0,2,2,0,0,0,0,2,2,1686.875,4806.25,518.75,1115.625,7537,1012.5,0,300,0,12,28,35,0,61,3,3,0,0,0,0,0,0,1,1,1,0,0,0,0,0,0,2,0,0,0,0,0,0,1,0,0,0,0,0,0,6,67,0,1,0,0,2,9,24,1,0,0,0,61,0,0,0,0,0,0,0,1,8,60,2,1,10,32,0,5,3,27,0,4,0,51,13,5,0,2,0,0,0,4,7,27,9,12,16
"2016-05-28",57,107,0,1,17,18,91,2,0,3,1,0,4,1,1,0,0,0,4,0,0,0,0,6,6,0,1,1,1338.7875,3317.875,377.625,818.1875,5754.435,470.25,57,285,0,12,25,19,1,46,0,1,0,0,0,0,0,0,1,3,1,0,0,0,0,0,0,1,1,0,1,0,0,0,1,0,0,0,0,0,1,9,47,1,0,0,0,2,6,30,1,0,0,0,56,0,0,0,0,0,0,0,0,0,41,1,0,14,25,0,3,1,25,0,0,0,54,2,0,0,0,0,0,0,2,4,17,13,12,9
"2016-05-29",46,89,0,0,14,14,77,2,0,0,4,0,1,0,2,0,0,0,3,0,1,1,0,2,2,0,3,3,915.975,3390.58333333333,415.916666666667,689.425,4638.16083333333,417.833333333333,46,276,0,10,20,16,0,33,1,4,0,0,0,0,2,0,1,0,0,0,0,0,0,0,0,1,1,0,0,0,0,0,1,1,0,0,0,0,0,4,40,1,0,0,0,1,7,24,0,0,0,0,40,0,0,0,0,0,0,0,0,6,32,3,0,10,15,0,0,0,29,0,2,0,33,9,4,0,0,0,0,0,3,3,11,11,5,13
"2016-05-30",87,169,0,3,25,28,134,13,0,3,8,0,1,3,4,0,0,0,3,0,3,3,0,0,0,0,5,5,2110.475,5742,674.25,1464.5,8706.41625,1721.875,0,0,0,19,25,41,2,65,4,5,0,0,0,0,1,0,1,0,1,0,0,0,0,0,0,2,0,0,0,0,0,0,3,0,0,0,0,0,5,7,75,5,2,0,0,2,10,36,0,0,0,0,78,0,0,0,0,0,0,0,0,4,71,1,0,9,40,0,4,1,37,0,2,0,78,3,1,0,0,0,0,0,8,6,25,21,11,16
"2016-05-31",84,172,1,2,27,30,130,17,0,2,5,2,3,3,4,0,0,0,6,1,4,5,0,1,1,0,2,2,1713.95,4788,714,952.7,8429.085,1928.5,0,84,1,23,30,29,1,67,6,5,0,0,0,0,0,0,0,0,0,0,0,0,0,0,0,0,0,0,1,0,0,0,1,0,1,0,0,0,0,2,78,1,0,1,0,0,10,40,2,1,0,0,78,0,0,0,0,0,0,0,0,0,63,2,1,13,35,0,5,1,37,0,0,0,75,3,0,0,0,0,0,0,13,7,30,9,10,15
"2016-06-01",68,129,0,1,20,21,98,6,1,4,6,1,2,4,3,0,0,0,4,0,3,3,0,0,0,0,4,4,1299.65,3799.5,529.833333333333,665.266666666667,6879.02166666667,532.666666666667,0,136,0,16,28,23,1,52,4,4,0,0,0,0,0,2,0,0,1,0,0,0,0,0,0,0,0,0,1,0,0,0,3,0,0,0,0,0,0,5,62,0,0,0,1,0,10,28,0,0,0,0,67,0,0,0,0,0,0,0,0,0,56,1,0,9,32,0,6,0,30,0,0,0,65,2,0,0,0,0,0,0,5,5,22,12,11,13
"2016-06-02",63,123,0,1,22,23,93,11,0,5,4,0,1,1,2,0,0,1,5,0,7,7,0,1,1,0,2,2,1252.9125,4864.125,294,989.8875,6342.1575,1232.60869565217,0,189,0,19,20,23,1,44,7,4,0,0,0,0,2,0,0,0,0,0,0,0,0,1,0,1,0,0,0,0,0,0,1,0,0,0,0,0,2,3,57,2,0,0,1,4,10,29,0,0,0,0,30,0,0,0,0,0,0,0,0,30,52,3,0,5,31,0,4,0,24,0,0,0,19,18,23,0,0,0,0,0,3,4,24,13,6,13
"2016-06-03",80,159,0,0,30,30,117,12,1,3,15,1,1,2,4,0,0,0,3,0,3,3,0,1,1,0,11,11,1745.33333333333,4833.33333333333,440,1058,8041.93333333333,1960,0,320,0,26,22,32,0,58,3,13,0,0,0,0,0,0,0,0,0,1,0,0,0,0,0,0,0,0,0,0,0,0,0,1,0,0,1,0,2,1,74,4,1,0,0,2,5,39,0,0,0,0,78,0,0,0,0,0,0,0,0,0,65,3,0,11,39,0,4,0,33,0,2,0,77,1,0,0,0,0,0,0,10,7,24,13,8,18
"2016-06-04",64,127,0,1,20,21,100,4,0,1,6,3,1,3,3,0,0,0,6,0,1,1,0,1,1,0,3,3,1356,3378.66666666667,320,694.133333333333,6440.64,1480,64,320,0,13,20,30,1,47,1,5,0,0,0,0,2,1,0,0,2,0,0,0,0,0,0,0,1,0,1,0,0,0,0,1,0,0,0,0,0,4,56,1,1,0,1,1,9,28,1,0,0,0,63,0,0,0,0,0,0,0,0,0,46,0,0,17,26,0,3,1,33,0,0,0,61,1,0,0,0,0,0,0,4,5,24,11,7,13
"2016-06-05",54,104,0,0,20,20,87,0,1,2,3,0,1,2,3,0,0,0,5,0,2,2,0,1,1,0,2,2,970.65,4477.5,288,799.2,5379.39,942.75,54,324,0,16,24,14,0,36,1,3,0,0,0,0,0,0,3,0,2,2,0,0,0,0,0,1,0,0,0,0,1,0,1,0,1,0,0,1,0,10,40,2,1,0,0,1,5,24,1,0,0,0,19,0,0,0,0,0,0,0,2,32,35,2,3,13,28,0,3,4,18,0,0,0,17,5,26,0,5,0,0,0,2,7,14,7,7,17
"2016-06-06",55,112,0,0,13,13,88,12,0,1,3,0,0,0,1,0,0,1,6,0,1,1,0,0,0,0,3,3,1061.5,4026.45833333333,492.708333333333,775.729166666667,5440.69166666667,1081.66666666667,0,0,0,12,19,24,0,47,1,3,0,0,0,0,0,0,0,0,0,0,0,0,0,0,0,1,0,0,0,0,0,0,1,0,0,0,0,0,1,2,51,1,0,0,0,1,7,31,1,0,0,0,43,0,0,0,0,0,0,0,0,9,42,2,0,7,28,0,5,1,17,0,0,0,39,12,1,0,0,0,0,0,4,1,18,5,12,15
"2016-06-07",73,142,0,0,20,20,119,9,0,3,2,0,0,2,1,0,0,0,6,0,4,4,0,0,0,0,2,2,1334.9875,4973.125,456.25,886.341666666667,7216.01958333333,1593.83333333333,0,73,0,16,29,28,0,60,4,2,0,0,0,0,0,0,0,0,0,1,0,0,0,0,0,2,0,0,0,0,0,0,0,0,0,0,0,1,1,3,66,2,1,0,0,2,12,21,0,1,0,0,64,0,0,0,0,0,0,0,0,4,55,2,0,15,34,0,3,1,31,0,1,0,52,14,3,0,0,0,0,0,12,4,15,16,13,13
"2016-06-08",62,124,1,0,16,17,101,9,0,2,4,0,0,2,2,0,0,0,4,1,1,2,0,0,0,0,3,3,733.15,4425.25,353.916666666667,413.591666666667,6149.03083333333,1333,0,124,1,12,21,28,0,50,3,3,0,0,0,0,1,1,0,0,0,0,0,0,0,0,0,0,0,0,0,0,0,0,1,0,0,0,0,0,0,1,58,0,1,0,0,2,6,31,0,0,0,0,55,0,0,0,0,0,0,0,0,6,50,5,0,6,38,0,3,0,15,1,1,0,36,20,5,0,0,0,0,0,6,4,17,14,7,14
"2016-06-09",68,139,0,0,24,24,117,4,1,5,3,0,1,2,0,0,0,0,6,0,1,1,0,1,1,0,2,2,699.833333333333,4711.83333333333,467.5,325.55,6786.06,1275,0,204,0,18,25,25,0,57,1,3,0,1,0,0,0,1,0,0,1,0,0,0,0,0,0,1,0,0,1,0,0,0,0,0,0,0,0,0,1,3,63,1,2,0,0,2,7,33,1,0,0,0,57,0,0,0,0,0,0,0,0,7,56,4,1,4,38,0,3,0,27,0,0,0,33,26,7,0,0,0,0,0,3,2,22,14,10,17
"2016-06-10",81,156,0,1,31,32,120,9,1,3,5,1,3,2,4,0,0,0,8,0,5,5,0,3,3,0,4,4,1155.9375,5153.625,452.25,595.0125,8145.66375,2210.625,0,324,0,24,25,31,1,57,7,5,0,0,0,0,0,1,0,0,0,0,0,0,0,1,0,2,1,0,0,0,0,0,1,0,1,0,0,0,2,5,70,3,1,0,0,4,7,37,0,0,0,0,77,0,0,0,0,0,0,0,0,1,63,3,0,13,40,0,1,1,35,0,3,0,72,6,0,0,0,0,0,0,1,8,23,15,12,22
"2016-06-11",45,86,0,0,12,12,62,7,0,2,3,1,0,4,3,0,0,0,4,0,2,2,0,0,0,0,2,2,654.375,3391.875,234.375,459.9375,4499.68125,888.75,45,225,0,10,19,16,0,34,2,3,0,0,0,2,0,0,0,0,1,1,0,0,0,0,0,0,0,0,1,0,0,0,0,0,0,0,0,0,1,3,41,1,0,0,2,3,6,18,0,0,0,1,41,0,0,0,0,0,0,0,0,2,30,1,0,13,20,0,1,0,22,0,1,0,28,12,3,0,0,0,0,0,2,4,15,9,6,9
"2016-06-12",49,98,0,0,9,9,85,2,0,0,0,0,1,4,2,0,0,1,3,0,0,0,0,1,1,0,0,0,592.695833333333,3511.66666666667,436.916666666667,341.979166666667,4874.8875,814.625,49,294,0,6,22,21,0,41,0,0,0,0,0,0,0,0,1,0,1,0,0,0,0,0,0,1,1,0,0,0,0,0,3,0,0,0,0,0,0,7,41,0,0,0,0,0,10,24,1,0,0,0,40,0,0,0,0,0,0,0,0,5,32,2,1,11,19,0,2,0,27,0,0,0,27,15,3,0,0,0,0,0,4,3,16,6,10,10
"2016-06-13",75,143,0,0,23,23,106,11,3,0,6,0,1,5,5,0,0,0,6,0,3,3,0,0,0,0,5,5,1172.5,4881.25,768.75,665,7500,1818.75,0,0,0,19,31,25,0,55,2,6,0,0,0,0,0,0,1,1,2,1,0,0,0,0,0,1,1,0,1,0,0,0,0,0,0,0,0,0,2,8,63,2,0,0,0,2,7,35,1,0,0,0,68,0,0,0,0,0,0,0,0,4,62,2,1,8,41,0,5,0,26,0,2,0,65,7,1,0,0,0,0,0,6,8,22,8,12,19
"2016-06-14",82,158,0,1,30,31,115,14,0,3,10,1,3,4,2,0,0,0,6,0,6,6,0,2,2,0,9,9,1475.31666666667,4718.41666666667,543.25,747.908333333333,8223.0625,2261.83333333333,0,82,0,29,30,22,1,55,7,10,0,0,0,0,0,0,0,0,1,1,0,0,0,0,0,1,0,0,1,0,1,0,2,0,1,0,0,0,2,7,72,3,0,0,0,2,8,41,0,0,0,0,78,0,0,0,0,0,0,0,0,0,70,0,0,9,45,0,4,0,30,1,0,0,77,0,0,0,0,0,0,0,6,7,24,12,10,23
"2016-06-15",70,149,1,1,23,25,111,9,0,1,10,1,4,3,6,0,0,0,4,0,1,1,0,2,2,1,6,7,1465.91666666667,3651.66666666667,390.833333333333,702.041666666667,7017.52916666666,1785,0,140,1,21,26,21,1,55,1,8,0,0,0,0,1,0,0,0,0,0,0,0,0,0,0,0,0,0,0,0,0,0,1,0,0,0,1,0,0,1,65,1,1,0,0,2,4,34,0,0,0,0,69,0,0,0,0,0,0,0,0,0,55,2,0,11,33,0,6,0,27,0,0,0,68,0,0,0,0,0,0,0,5,7,24,5,15,14
"2016-06-16",91,174,0,0,37,37,138,6,0,2,6,2,9,0,1,0,0,1,9,0,6,6,0,7,7,0,4,4,1902.65833333333,4095,709.041666666667,702.216666666667,9116.1525,1012.375,0,273,0,30,31,30,0,66,6,6,0,0,0,1,0,0,2,0,0,0,0,0,0,0,0,0,0,0,0,0,0,0,2,0,1,0,0,0,3,4,79,4,1,0,0,2,6,47,3,0,0,0,86,0,0,0,0,1,0,0,1,0,73,4,1,10,45,0,8,4,27,1,2,0,87,0,0,0,0,0,0,0,11,6,27,16,10,21
"2016-06-17",63,131,1,0,12,13,96,9,0,3,3,0,2,4,2,0,0,1,11,0,4,4,1,0,1,0,2,2,1396.7625,2622.375,280.875,498.4875,6335.77875,1317.75,0,252,1,10,23,29,0,48,4,2,0,0,0,0,1,1,2,0,0,0,0,0,0,0,0,0,1,0,1,0,0,0,1,0,0,0,0,1,1,5,56,2,0,0,0,4,9,29,0,0,0,0,63,0,0,0,0,0,0,0,0,0,53,3,0,6,28,0,1,0,32,0,1,0,62,0,0,0,0,0,0,0,7,6,17,9,5,19
"2016-06-18",54,102,0,1,26,27,78,5,0,3,4,1,3,0,4,0,0,0,4,0,4,4,0,2,2,0,3,3,1275.3,2450.25,227.25,526.275,5465.4075,1084.5,54,270,0,18,17,18,1,43,5,1,0,0,0,0,1,0,0,0,0,0,0,0,0,0,0,1,0,0,0,0,0,0,1,0,0,0,0,0,1,2,50,1,0,0,0,0,12,22,0,0,0,0,53,0,0,0,0,0,0,0,0,0,42,1,0,11,29,0,1,0,23,0,0,0,53,1,0,0,0,0,0,0,5,7,16,6,11,9
"2016-06-19",46,101,0,0,18,18,84,2,0,0,5,1,3,2,2,0,0,0,2,0,0,0,0,1,1,0,5,5,1178.175,1955,335.416666666667,543.758333333333,4653.66666666667,923.833333333333,46,276,0,17,18,11,0,36,0,5,0,0,0,0,0,0,0,0,0,0,0,0,0,0,0,1,1,0,0,0,0,0,0,0,0,0,0,1,1,2,41,2,0,0,0,1,8,23,0,0,0,0,45,0,0,0,0,0,0,0,0,0,35,0,1,9,23,0,0,1,19,0,1,0,45,0,0,0,0,0,0,0,0,6,17,7,7,9
"2016-06-20",77,152,0,0,24,24,110,12,0,2,8,2,2,3,2,0,0,1,10,0,3,3,0,2,2,0,7,7,2111.08333333333,3490.66666666667,654.5,1089.55,7721.91291666667,1588.125,0,0,0,22,21,34,0,55,3,8,0,0,0,0,0,1,3,0,0,1,0,0,0,0,0,0,0,0,0,0,0,0,0,0,1,0,0,0,1,4,67,2,1,0,0,2,10,31,0,0,0,0,73,0,0,0,0,0,0,0,0,2,62,0,1,10,33,0,4,1,38,0,0,0,70,3,0,0,0,0,0,0,9,3,22,18,6,19
"2016-06-21",76,157,0,0,34,34,118,11,1,5,7,0,2,2,1,0,0,1,9,0,8,8,0,1,1,0,5,5,1574.15,3467.5,459.166666666667,608.633333333333,7582.20333333333,1906.33333333333,0,76,0,26,21,29,0,51,8,7,0,0,0,0,0,0,2,0,1,0,0,0,0,0,0,1,1,0,0,0,0,0,0,0,0,0,0,0,2,5,66,2,0,0,0,4,10,41,0,1,0,0,72,0,0,0,0,0,0,0,0,1,71,1,0,3,36,0,3,0,33,0,1,0,73,2,0,0,0,0,0,0,6,12,23,14,3,18
"2016-06-22",74,145,0,0,17,17,111,10,0,2,4,2,2,4,3,0,0,0,7,0,4,4,0,1,1,0,2,2,1284.825,4995,363.833333333333,825.1,7396.3925,1896.25,0,148,0,15,33,26,0,61,3,3,0,0,0,0,0,0,0,0,1,0,1,0,0,0,0,0,0,0,0,0,0,0,1,0,0,0,0,0,1,3,67,1,0,0,0,3,8,37,0,0,0,0,55,0,0,0,0,0,0,0,0,11,57,1,1,7,34,0,4,1,28,0,3,0,43,22,4,0,0,0,0,0,4,7,20,12,11,20
"2016-06-23",87,168,0,0,24,24,128,9,1,3,9,2,4,3,1,0,0,1,7,0,4,4,0,3,3,0,8,8,1691.425,4458.75,485.75,742.0375,8721.71375,2428.75,0,261,0,23,31,33,0,63,4,9,0,0,0,0,0,0,1,1,0,1,0,0,0,0,0,1,0,0,1,0,0,0,2,0,0,0,0,0,1,7,76,1,0,0,1,3,17,32,1,0,0,0,83,0,0,0,0,0,0,0,0,0,72,3,0,9,36,0,4,0,45,0,0,0,81,3,0,0,0,0,0,0,9,7,23,17,12,19
"2016-06-24",52,97,0,0,15,15,74,2,0,2,1,2,4,3,1,0,0,1,7,0,3,3,0,3,3,0,1,1,1038.05,2602.16666666667,218.833333333333,450.233333333333,5247.16833333333,1074.66666666667,0,208,0,14,23,15,0,34,3,1,0,0,0,0,0,1,1,2,0,0,0,0,0,0,0,1,0,1,0,0,0,0,0,1,1,0,0,0,1,5,39,3,0,0,0,1,10,24,0,0,0,0,50,0,0,0,1,0,0,0,0,0,32,0,0,18,24,0,3,1,22,0,0,0,50,1,0,0,0,0,0,0,2,5,13,9,11,12
"2016-06-25",52,101,0,1,14,15,84,3,0,1,2,1,2,0,0,0,0,0,8,0,1,1,0,1,1,0,2,2,1271.4,2342.16666666667,236.166666666667,579.8,5259.10666666667,1128.83333333333,52,260,0,12,25,14,1,39,1,2,0,0,0,0,1,0,1,0,0,0,0,0,0,0,0,0,1,0,0,0,0,0,1,1,0,0,0,1,1,3,43,3,3,0,0,1,6,27,0,0,0,0,50,0,0,0,0,0,0,0,0,1,37,4,0,9,28,0,1,1,20,0,0,0,49,0,0,0,0,0,0,0,6,8,16,8,4,10
"2016-06-26",45,93,0,0,24,24,78,2,0,0,2,0,2,2,1,0,0,0,6,0,2,2,0,3,3,0,2,2,1183.3125,2205,211.875,642,4540.14375,898.04347826087,45,270,0,13,22,10,0,36,2,2,0,0,0,0,0,0,0,0,1,0,0,0,0,0,0,1,1,0,0,0,0,0,0,0,0,0,0,0,1,3,40,1,1,0,0,1,4,20,0,0,0,0,41,0,0,0,0,0,0,0,0,0,32,1,0,9,25,0,2,0,17,1,0,0,41,1,0,0,0,0,0,0,4,3,12,9,7,10
"2016-06-27",78,152,0,1,29,30,110,15,0,3,6,0,2,3,5,0,0,0,8,0,3,3,0,1,1,0,6,6,1896.7,5362.5,409.5,1396.2,7816.51,1540.5,0,0,0,24,30,23,1,57,3,4,0,0,0,0,0,0,0,0,4,1,0,0,1,0,0,1,1,0,0,0,0,0,2,0,0,0,0,0,1,10,64,1,0,0,1,2,9,38,0,0,0,0,61,0,0,0,0,0,0,0,0,12,67,0,0,9,34,0,5,0,33,1,3,0,50,15,10,0,0,0,0,0,10,5,13,19,9,22
"2016-06-28",61,122,0,0,18,18,95,8,1,2,5,0,1,4,1,0,0,0,5,0,4,4,0,0,0,0,5,5,1348.60833333333,4994.375,294.833333333333,1144.5125,6112.86083333333,1166.625,0,61,0,16,15,30,0,44,5,5,0,0,0,0,1,0,1,0,1,0,0,0,0,0,0,0,0,0,0,0,0,0,0,0,0,0,0,0,1,2,55,1,0,0,0,4,9,23,1,0,0,0,37,0,0,0,0,0,0,0,1,22,46,6,0,8,25,0,4,1,29,0,1,0,30,19,7,0,4,0,0,0,3,2,20,16,8,12
"2016-06-29",58,122,0,1,14,15,92,11,0,1,1,0,3,2,3,0,0,0,9,0,3,3,0,1,1,0,1,1,1105.14166666667,4913.08333333333,338.333333333333,945.883333333333,5814.23416666667,1553.91666666667,0,116,0,10,24,23,1,46,2,1,0,0,0,0,0,1,1,0,0,0,0,0,0,0,0,0,0,0,2,0,0,0,1,0,0,0,0,0,1,4,50,1,1,0,0,1,12,21,0,0,0,0,46,0,0,0,0,0,0,0,0,7,46,1,0,5,28,0,0,2,24,0,1,0,35,12,6,0,0,0,0,0,4,4,19,9,10,12
"2016-06-30",87,171,0,2,25,27,133,19,1,0,5,0,3,1,2,0,0,0,7,0,4,4,0,2,2,0,3,3,1915.8125,5470.125,460.375,1199.15,8742.63,2185.875,0,261,0,19,34,33,1,66,4,5,0,0,0,0,1,1,1,1,0,0,0,0,0,0,0,1,1,0,1,0,0,0,2,0,0,0,0,0,1,7,77,1,2,0,0,2,12,34,1,0,0,0,81,0,0,0,0,1,0,0,0,0,58,3,3,21,33,0,8,2,38,2,1,0,81,1,0,0,0,0,0,0,11,4,29,12,4,27
"2016-07-01",51,100,0,0,18,18,79,6,0,0,1,0,4,2,1,0,0,0,7,0,4,4,0,2,2,0,1,1,1094.1625,3123.75,276.25,662.7875,5112.81375,1032.75,0,204,0,15,18,18,0,39,3,1,0,0,0,0,0,0,1,0,0,1,0,0,0,0,0,0,0,0,1,0,0,0,2,0,2,0,0,0,0,5,43,2,1,0,0,1,12,17,0,1,0,0,41,0,0,0,0,0,0,0,0,7,37,2,1,8,18,0,1,1,28,1,0,0,35,9,5,0,0,0,0,0,2,8,10,10,10,11
"2016-07-02",62,126,0,0,12,12,106,8,0,1,2,0,0,0,0,0,0,2,7,0,1,1,0,0,0,0,2,2,1067.43333333333,4288.33333333333,353.916666666667,698.533333333333,6208.26666666667,1333,62,310,0,11,29,22,0,47,3,1,0,0,0,0,0,0,1,1,1,1,0,0,0,0,0,2,0,0,0,0,0,0,2,0,0,0,0,0,0,8,51,0,0,0,0,2,6,28,0,0,0,0,59,0,0,0,0,0,0,0,0,1,44,2,1,13,25,0,3,0,31,0,1,0,46,12,1,0,0,0,0,0,5,9,16,12,6,14
"2016-07-03",39,78,0,1,13,14,62,3,0,0,5,0,0,1,1,0,0,1,5,0,1,1,0,0,0,0,3,3,793.1625,2221.375,208,423.475,3919.7275,950.625,39,234,0,9,12,17,1,27,2,4,0,0,0,0,1,0,1,0,0,0,0,0,0,0,0,1,0,0,1,0,0,0,0,0,0,0,0,0,0,3,34,0,0,0,1,1,8,13,0,0,0,0,35,0,0,0,0,0,0,0,0,2,23,1,0,12,14,0,0,0,25,0,0,0,36,0,1,0,0,0,0,0,4,5,12,8,1,9
"2016-07-04",63,116,0,1,14,15,87,19,0,1,2,0,3,1,0,0,0,0,3,0,5,5,0,2,2,0,1,1,1453.725,3457.125,393.75,823.4625,6323.31,1375.5,0,0,0,12,24,26,1,46,5,2,0,0,0,0,1,1,0,0,1,0,0,0,0,0,0,2,2,0,0,0,0,0,0,0,0,0,0,1,1,5,55,2,1,0,0,3,9,29,0,0,0,0,62,0,0,0,0,0,0,0,0,0,53,0,0,9,32,0,3,1,25,0,2,0,62,0,0,0,0,0,0,0,8,2,15,13,11,14
"2016-07-05",62,114,0,0,26,26,82,6,2,1,9,1,4,1,4,0,0,1,3,0,3,3,0,1,1,0,7,7,1548.19166666667,2800.33333333333,359.083333333333,737.283333333333,6190.02833333333,1562.91666666667,0,62,0,20,19,23,0,44,5,7,0,0,0,0,0,0,1,1,1,0,0,0,0,0,0,1,0,0,0,0,0,0,0,0,0,0,0,0,2,4,56,2,1,0,0,3,8,25,0,0,0,0,61,0,0,0,0,0,0,0,0,0,55,2,0,4,33,0,2,0,25,0,0,0,60,1,0,0,0,0,0,0,7,5,18,12,13,7
"2016-07-06",64,124,0,2,27,29,93,15,0,1,1,0,3,1,3,0,0,0,7,0,5,5,0,3,3,0,1,1,1611.73333333333,3832,381.333333333333,1064.53333333333,6399.14666666667,1106.66666666667,0,128,0,20,21,21,2,51,6,1,0,0,0,0,0,0,1,0,0,1,0,0,0,0,0,0,0,0,0,0,0,0,2,0,0,0,0,0,0,4,58,0,0,0,0,6,7,32,1,0,0,0,59,0,0,0,0,1,0,0,0,0,51,2,0,7,32,0,3,0,26,0,0,0,55,6,0,0,0,0,0,0,4,5,17,12,9,17
"2016-07-07",74,149,0,1,27,28,111,5,0,1,8,0,4,4,1,0,0,1,14,0,2,2,0,2,2,0,7,7,1466.74166666667,5910.75,727.666666666667,1197.56666666667,7397.62583333333,280.583333333333,0,222,0,25,31,17,1,56,2,6,0,0,0,0,0,0,1,0,0,1,0,0,0,1,0,2,0,0,2,0,0,0,0,0,0,0,0,0,1,7,64,1,0,0,0,7,10,35,1,0,0,0,70,0,0,0,0,0,0,0,0,2,58,1,0,12,33,0,4,0,36,0,0,0,62,11,0,0,0,0,0,0,11,3,22,14,10,14
"2016-07-08",67,132,0,1,19,20,104,10,1,2,5,0,2,0,1,0,0,0,7,0,4,4,0,2,2,0,4,4,1281.09583333333,5245.54166666667,586.25,1015.8875,6718.48083333333,203.791666666667,0,268,0,16,20,30,1,49,5,5,0,0,0,0,0,0,1,0,0,0,0,0,0,0,0,2,1,0,1,0,0,0,1,0,0,0,0,0,1,6,59,1,1,0,1,3,9,29,0,0,0,0,61,0,0,0,0,1,0,0,0,2,53,1,1,9,39,0,7,1,15,0,2,0,49,14,1,0,0,0,0,0,10,5,23,6,8,15
"2016-07-09",43,86,0,0,20,20,76,2,0,1,4,0,0,0,1,0,0,0,2,0,2,2,0,0,0,0,3,3,753.216666666667,3902.25,263.375,686.3875,4299.22958333333,442.541666666667,43,215,0,18,10,15,0,32,2,4,0,0,0,0,0,0,0,0,0,0,0,0,0,1,0,0,1,0,0,0,0,0,2,0,0,0,0,0,1,4,38,1,0,0,0,0,2,21,0,0,0,0,11,0,0,0,0,0,0,0,0,30,32,4,0,5,28,0,0,0,15,0,0,0,8,11,16,1,4,0,0,1,8,3,16,5,7,4
"2016-07-10",36,71,0,1,10,11,63,0,0,2,3,0,0,0,1,0,0,0,2,0,1,1,0,0,0,0,3,3,590.25,3226.5,298.5,525.6,3612.585,261,36,216,0,10,15,10,1,23,1,3,0,0,0,0,0,0,1,1,0,0,0,0,0,0,0,0,3,0,0,0,1,0,1,0,0,0,0,0,0,7,27,0,0,0,0,3,4,17,2,0,0,0,24,0,0,0,0,0,0,0,0,11,19,3,1,12,11,0,4,1,19,0,1,0,15,12,8,0,0,0,0,0,4,2,9,10,3,8