"Date","NB_Accidents","NB_VEH_IMPLIQUES_ACCDN","NB_MORTS","NB_BLESSES_GRAVES","NB_BLESSES_LEGERS","NB_VICTIMES_TOTAL","nb_automobile_camion_leger","nb_camionLourd_tractRoutier","nb_outil_equipement","nb_tous_autobus_minibus","nb_bicyclette","nb_cyclomoteur","nb_motocyclette","nb_taxi","nb_urgence","nb_motoneige","nb_VHR","nb_autres_types","nb_veh_non_precise","NB_DECES_PIETON","NB_BLESSES_PIETON","NB_VICTIMES_PIETON","NB_DECES_MOTO","NB_BLESSES_MOTO","NB_VICTIMES_MOTO","NB_DECES_VELO","NB_BLESSES_VELO","NB_VICTIMES_VELO","Temp","Rel.Hum","Wind.Spd","Dew.Point.Temp","Stn_Press","Wind.Dir","weekdays","days","SeverityDeadly","SeverityLight Injury","SeverityMaterial High","SeverityMaterial Low","SeveritySevere Injury","as.factor(Accident_Type)31","as.factor(Accident_Type)32","as.factor(Accident_Type)33","as.factor(Accident_Type)34","as.factor(Accident_Type)35","as.factor(Accident_Type)36","as.factor(Accident_Type)37","as.factor(Accident_Type)38","as.factor(Accident_Type)39","as.factor(Accident_Type)40","as.factor(Accident_Type)41","as.factor(Accident_Type)42","as.factor(Accident_Type)43","as.factor(Accident_Type)44","as.factor(Accident_Type)45","as.factor(Accident_Type)46","as.factor(Accident_Type)47","as.factor(Accident_Type)48","as.factor(Accident_Type)49","as.factor(Accident_Type)50","as.factor(Accident_Type)51","as.factor(Accident_Type)52","as.factor(Accident_Type)53","as.factor(Accident_Type)54","as.factor(Accident_Type)55","as.factor(Accident_Type)59","as.factor(Accident_Type)71","as.factor(Accident_Type)72","as.factor(Accident_Type)73","as.factor(Accident_Type)74","as.factor(Accident_Type)75","as.factor(Accident_Type)99","Accident_CategoryFixed Object","Accident_CategoryMoving Object","Accident_CategoryNo Collision","Auth_Speed10","Auth_Speed100","Auth_Speed20","Auth_Speed30","Auth_Speed40","Auth_Speed50","Auth_Speed60","Auth_Speed70","Auth_Speed80","Auth_Speed90","Surface_CondDry","Surface_CondHard snow","Surface_CondIce","Surface_CondMud","Surface_CondOil","Surface_CondSand or gravel","Surface_CondSlush","Surface_CondSnow","Surface_CondWater accumulation","Surface_CondWet","IlluminationDay and clear","IlluminationDay and semi-dark","IlluminationNight and dark","IlluminationNight and lighted","EnvironmentCommercial","EnvironmentForest","EnvironmentIndustrial","EnvironmentPark","EnvironmentResidential","EnvironmentRural","EnvironmentSchool area","WeatherBlack Ice","WeatherClear Sky","WeatherCloudy","WeatherDrizzle","WeatherFoggy","WeatherHeavy Rain","WeatherSnow","WeatherSnowstorms","WeatherStrong Wind","cluster_id_0","cluster_id_1","cluster_id_2","cluster_id_3","cluster_id_4","cluster_id_5"
"2016-07-11",47,88,0,1,15,16,65,8,0,3,4,0,0,0,1,0,0,1,6,0,3,3,0,0,0,0,3,3,1000.90416666667,3197.95833333333,236.958333333333,681.5,4743.10291666667,1140.26086956522,0,0,0,13,14,19,1,32,3,4,0,0,0,0,0,1,1,1,0,0,0,0,0,0,0,0,0,0,1,0,0,0,1,0,0,0,0,0,2,4,40,2,0,0,0,1,13,17,0,0,0,0,42,0,0,0,0,0,0,0,0,1,38,2,0,4,22,0,3,0,21,0,1,0,43,0,0,0,0,0,0,0,5,4,14,12,5,7
"2016-07-12",63,121,0,0,20,20,92,13,0,0,6,1,2,0,2,0,0,1,4,0,4,4,0,2,2,0,5,5,1540.6125,3507,333.375,928.2,6347.25,1281,0,63,0,18,21,24,0,47,3,6,0,0,0,0,0,0,0,0,2,0,0,0,0,0,0,0,1,1,1,0,0,0,2,0,0,0,0,0,0,7,56,0,0,0,0,3,7,27,0,1,0,0,63,0,0,0,0,0,0,0,0,0,56,0,1,6,32,0,8,0,23,0,0,0,62,1,0,0,0,0,0,0,7,7,18,15,7,9
"2016-07-13",61,120,0,0,20,20,93,6,0,1,8,0,3,1,1,0,0,0,7,0,2,2,0,2,2,0,4,4,1628.44583333333,3911.625,414.291666666667,1176.02916666667,6116.59708333333,1159,0,122,0,16,26,19,0,45,3,8,0,0,0,0,0,0,0,1,0,1,0,0,0,0,0,1,1,0,1,0,0,0,0,0,0,0,0,0,0,5,56,0,1,0,0,3,7,31,0,0,0,0,58,0,0,0,0,0,0,0,0,0,54,1,0,4,31,0,0,0,27,0,2,0,58,1,0,0,0,0,0,0,6,3,23,5,9,15
"2016-07-14",72,139,0,0,23,23,103,12,0,2,3,1,5,4,0,0,0,1,8,0,5,5,0,2,2,0,3,3,1835.1,5400,462,1488,7181.34,1494,0,216,0,18,27,27,0,53,5,2,0,0,0,0,0,0,1,2,0,2,0,0,0,0,0,1,0,0,1,0,0,0,2,0,1,0,0,0,1,9,60,2,0,0,0,2,14,34,0,0,0,0,52,0,0,0,0,0,0,0,0,17,56,2,0,10,39,0,5,0,24,0,1,0,42,15,9,0,1,0,0,0,3,6,24,15,13,11
"2016-07-15",69,131,0,0,14,14,96,8,0,2,7,2,2,4,1,0,0,0,9,0,3,3,0,1,1,0,4,4,1584.125,5120.375,422.625,1229.35,6892.43875,1564,0,276,0,12,24,33,0,49,4,6,0,0,0,0,0,0,2,0,0,1,0,0,0,0,0,1,1,0,1,1,0,0,2,0,0,0,0,0,0,9,59,0,1,0,0,2,8,31,0,0,0,0,58,0,0,0,0,0,0,0,0,10,46,5,0,16,37,0,2,0,29,0,0,0,56,8,3,0,1,0,0,0,3,5,29,7,9,16
"2016-07-16",47,104,0,0,10,10,85,5,0,0,3,0,2,2,2,0,0,0,5,0,1,1,0,1,1,0,2,2,949.4,3348.75,272.208333333333,687.766666666667,4735.1325,1108.41666666667,47,235,0,9,17,21,0,37,1,3,0,0,0,0,0,0,1,0,0,0,0,0,0,0,0,0,0,0,1,0,0,0,2,0,0,0,0,0,1,4,41,1,0,0,0,1,9,19,0,0,0,0,40,0,0,0,0,0,0,0,0,7,31,3,0,12,26,0,2,0,17,0,1,0,37,4,4,0,1,0,0,0,4,1,16,14,5,7
"2016-07-17",30,58,0,0,7,7,48,1,1,1,2,1,2,0,0,0,0,0,2,0,0,0,0,0,0,0,2,2,677.5,1931.25,137.5,454.875,3028.5875,782.608695652174,30,180,0,7,5,18,0,23,2,2,0,0,0,0,0,0,1,0,0,0,0,0,0,0,0,0,0,0,1,0,0,0,1,0,0,0,0,0,0,3,27,0,0,0,0,2,5,11,0,1,0,0,29,0,0,0,0,0,0,0,0,1,20,2,0,8,13,0,2,3,12,0,0,0,28,1,1,0,0,0,0,0,4,2,11,5,3,5
"2016-07-18",54,106,0,0,12,12,84,6,0,0,3,0,1,2,3,0,0,0,7,0,2,2,0,1,1,0,2,2,1265.85,3548.25,420.75,883.8,5414.4675,1050.75,0,0,0,9,22,23,0,44,1,3,0,0,0,0,1,0,0,0,0,1,0,0,0,1,0,0,0,0,0,0,0,0,2,0,0,0,0,0,0,4,49,0,0,0,0,2,5,25,1,0,0,0,45,0,0,0,0,0,0,0,0,6,41,0,0,11,25,0,4,1,19,1,0,0,43,4,4,0,0,0,0,0,4,1,13,12,11,13
"2016-07-19",61,120,0,0,24,24,97,7,1,2,4,2,0,0,0,0,0,2,5,0,3,3,0,0,0,0,4,4,1179.5875,3288.91666666667,416.833333333333,579.245833333333,6159.14458333333,1824.91666666667,0,61,0,19,23,19,0,45,4,4,0,0,0,0,1,0,0,1,2,0,0,0,0,0,0,0,0,0,1,0,0,0,1,0,0,0,0,0,1,5,54,1,0,1,0,3,8,25,0,1,0,0,60,0,0,0,0,0,0,0,0,0,47,2,0,8,28,0,1,1,26,1,1,0,57,2,0,0,0,0,0,0,5,3,13,11,14,15
"2016-07-20",66,127,0,2,15,17,95,9,2,2,7,2,3,0,3,0,0,0,4,0,2,2,0,1,1,0,6,6,1417.9,3517.25,321.75,744.7,6677.055,1672,0,132,0,14,27,23,2,46,3,5,0,0,0,0,2,0,0,0,1,1,0,0,0,0,0,0,1,0,1,0,0,0,4,0,0,0,1,0,1,8,56,2,1,0,0,1,12,35,0,0,0,0,63,0,0,0,0,1,0,0,0,0,48,1,0,16,31,0,2,0,32,0,1,0,64,0,0,0,0,0,0,0,5,3,23,11,8,16
"2016-07-21",54,104,0,0,19,19,80,10,1,1,5,0,3,2,1,0,0,0,1,0,2,2,0,1,1,0,3,3,1316.7,3111.75,425.25,823.5,5433.66,1176.75,0,162,0,14,24,16,0,43,2,3,0,0,0,0,0,0,0,0,0,0,0,0,0,0,0,1,0,0,0,0,0,0,2,0,0,0,0,0,0,3,48,0,0,0,1,2,6,24,2,1,0,0,51,0,0,0,0,0,0,0,0,1,45,1,0,8,29,0,3,1,19,0,0,0,52,1,0,0,0,0,0,0,5,3,13,10,11,12
"2016-07-22",65,130,0,0,21,21,99,11,0,2,5,1,0,4,2,0,0,0,6,0,3,3,0,0,0,0,5,5,1710.3125,4149.16666666667,411.666666666667,1201.41666666667,6481.475,1373.125,0,260,0,16,19,30,0,51,3,5,0,0,0,0,0,0,0,0,0,0,0,0,0,0,0,2,0,0,0,0,0,0,2,0,0,0,0,0,0,4,59,0,1,0,1,2,6,28,0,0,0,0,55,0,0,0,0,0,0,0,0,7,44,2,0,16,33,0,5,0,26,0,0,0,52,8,2,0,0,0,0,0,5,4,23,7,10,16
"2016-07-23",48,91,0,0,8,8,75,3,0,0,5,0,1,0,2,0,0,0,5,0,0,0,0,0,0,0,3,3,1041.6,3958,254,887.2,4801.28,942,48,240,0,7,25,16,0,31,0,5,0,0,0,0,0,0,1,0,3,1,0,0,0,0,0,3,0,0,0,0,0,0,1,0,0,0,0,0,0,9,36,0,0,0,0,1,4,23,0,0,0,0,34,0,0,0,0,0,0,0,0,10,26,2,2,16,24,0,2,0,19,0,0,0,32,7,4,0,1,0,0,0,7,5,13,6,5,12
"2016-07-24",46,93,0,2,12,14,81,1,0,0,4,0,0,2,0,0,0,0,5,0,3,3,0,0,0,0,4,4,944.341666666667,2850.08333333333,283.666666666667,590.525,4630.45583333333,1201.75,46,276,0,11,15,18,2,38,3,3,0,0,0,0,0,0,0,0,0,0,0,0,0,0,0,0,0,0,0,0,0,0,1,0,0,0,0,0,0,1,44,0,0,0,1,0,6,22,0,0,0,0,39,0,0,0,0,0,0,0,0,3,31,2,0,10,24,0,1,0,19,0,0,0,38,2,1,0,0,0,0,0,3,7,17,6,3,10
"2016-07-25",50,100,0,0,10,10,71,8,1,1,3,1,0,4,2,0,0,0,9,0,2,2,0,0,0,0,2,2,1093.33333333333,4085.41666666667,239.583333333333,927.916666666667,5003.72916666667,941.666666666666,0,0,0,9,20,21,0,37,2,3,0,0,0,0,0,0,1,1,2,0,0,0,0,0,0,0,0,0,0,0,0,0,1,0,0,0,0,0,0,5,42,0,0,0,0,1,5,27,1,0,0,0,34,0,0,0,0,0,0,0,0,14,41,2,1,5,28,0,2,0,19,0,0,0,24,13,11,0,0,0,0,0,8,1,16,9,4,12
"2016-07-26",59,113,0,0,20,20,87,10,1,0,4,0,3,3,4,0,0,0,1,0,6,6,0,1,1,0,3,3,1375.68333333333,4282.41666666667,265.5,1050.2,5904.13,1443.04166666667,0,59,0,19,17,23,0,47,5,3,0,0,0,0,0,0,0,0,0,0,0,1,0,1,0,0,0,0,0,0,0,0,0,0,0,0,0,0,0,2,55,0,1,0,1,2,10,23,1,0,0,0,57,0,0,0,0,1,0,0,0,0,49,1,0,9,30,0,3,0,24,1,1,0,54,5,0,0,0,0,0,0,9,4,16,7,4,19
"2016-07-27",46,87,0,0,5,5,66,9,1,1,4,0,0,1,3,0,0,0,2,0,2,2,0,0,0,0,1,1,1158.81666666667,2974.66666666667,274.083333333333,812.475,4611.65333333333,1054,0,92,0,5,20,21,0,33,2,4,0,0,0,0,0,1,0,0,0,0,0,0,0,1,0,0,0,0,0,0,0,0,2,0,0,0,1,1,0,3,40,2,0,0,0,4,6,19,1,0,0,0,46,0,0,0,0,0,0,0,0,0,37,0,0,9,18,0,3,2,21,0,1,0,46,0,0,0,0,0,0,0,5,5,21,2,4,9
"2016-07-28",60,119,0,1,28,29,84,10,1,1,7,2,4,3,4,0,0,0,3,0,1,1,0,5,5,0,5,5,1454,3702.5,357.5,971.25,6018.55,1352.5,0,180,0,22,20,17,1,45,2,6,0,0,0,0,0,0,0,0,1,1,0,0,0,0,0,2,0,0,0,0,0,0,3,0,0,0,0,0,0,7,53,0,0,0,0,3,11,22,1,0,0,0,57,0,0,0,0,0,0,0,0,1,49,1,2,6,31,0,0,1,23,0,3,0,55,3,0,0,0,0,0,0,5,7,16,12,5,15
"2016-07-29",53,109,0,0,18,18,84,5,0,0,8,1,0,3,3,0,0,0,5,0,2,2,0,0,0,0,7,7,1158.93333333333,3160.125,459.333333333333,717.929166666667,5328.79666666667,441.666666666667,0,212,0,18,19,16,0,42,1,8,0,0,0,0,0,0,0,0,0,0,0,0,0,0,0,0,1,0,0,0,0,0,1,0,0,0,0,0,0,2,51,0,0,0,0,2,10,25,1,0,0,0,51,0,0,0,0,0,0,0,0,0,46,0,0,6,28,0,0,2,22,0,0,0,52,0,0,0,0,0,0,0,7,6,16,9,6,9
"2016-07-30",64,129,0,0,33,33,105,1,0,2,6,0,3,1,2,0,0,2,7,0,2,2,0,1,1,0,5,5,1361.06666666667,3664,384,783.2,6460.05333333333,802.666666666667,64,320,0,24,19,21,0,48,2,6,0,0,0,0,1,0,0,0,2,0,1,0,0,0,0,2,0,0,0,0,0,0,2,0,0,0,0,0,0,7,57,0,0,0,0,0,16,29,0,0,0,0,63,0,0,0,0,0,0,0,0,1,44,1,1,16,25,0,5,2,31,0,0,0,62,2,0,0,0,0,0,0,8,3,17,8,9,19
"2016-07-31",49,102,0,1,12,13,84,2,0,2,4,0,1,1,1,0,0,0,7,0,0,0,0,1,1,0,3,3,1140.27083333333,2727.66666666667,193.958333333333,661.908333333333,4950.20458333333,462.304347826087,49,294,0,9,22,17,1,39,0,4,0,0,0,0,0,1,0,0,0,0,0,0,0,0,0,1,0,0,1,0,0,0,0,0,0,0,0,0,2,2,44,2,0,0,0,1,3,26,0,0,0,0,47,0,0,0,0,0,0,0,0,1,27,4,0,17,22,1,3,1,20,0,0,0,46,1,0,0,0,0,0,0,1,3,20,9,6,10
"2016-08-01",52,109,0,0,15,15,92,5,0,1,0,1,0,0,4,0,0,1,5,0,4,4,0,0,0,0,0,0,1154.4,3486.16666666667,303.333333333333,811.85,5254.015,706.333333333333,0,0,0,13,17,22,0,38,4,0,0,0,0,0,0,0,1,2,0,0,0,0,0,0,0,1,1,0,0,0,0,0,2,0,0,0,0,0,0,7,42,0,0,0,0,2,6,21,1,0,1,0,51,0,0,0,0,0,0,0,0,0,42,1,0,8,23,0,1,1,25,0,0,0,47,3,0,0,0,0,0,0,3,0,16,11,6,16
"2016-08-02",60,117,1,2,22,25,79,11,0,2,7,2,7,0,1,0,0,1,7,1,3,4,0,4,4,0,6,6,1407,3582.5,287.5,876.5,6069.425,612.5,0,60,1,20,19,19,1,44,3,7,0,0,0,0,1,0,1,0,0,0,0,0,0,0,0,0,0,0,0,0,0,0,0,1,0,0,0,0,2,1,55,3,1,0,0,5,9,23,1,0,0,0,58,0,0,0,0,0,0,0,0,0,52,3,1,4,36,0,3,0,21,0,0,0,58,0,0,0,0,0,0,0,7,7,16,9,6,15
"2016-08-03",56,138,0,0,18,18,119,8,1,0,3,0,2,2,0,0,0,0,3,0,1,1,0,1,1,0,3,3,1399.53333333333,3105.66666666667,254.333333333333,833.933333333333,5659.29,1056.69565217391,0,112,0,16,18,22,0,43,1,3,0,0,0,0,1,0,1,0,0,0,0,0,0,0,0,0,0,0,1,1,0,0,2,0,0,0,0,0,1,5,48,1,0,0,1,2,6,23,0,0,0,0,55,0,0,0,0,0,0,0,0,0,45,1,0,9,26,0,2,0,25,0,1,0,55,0,0,0,0,0,0,0,5,2,17,12,7,13
"2016-08-04",56,108,0,1,12,13,80,9,1,1,8,1,0,0,1,0,0,1,6,0,1,1,0,0,0,0,7,7,1455.53333333333,3325,315,959.466666666667,5642.21,1017.33333333333,0,168,0,10,22,23,1,39,1,8,0,0,0,0,0,0,0,0,0,0,0,0,0,1,0,1,0,0,0,0,0,0,3,0,0,0,0,0,0,5,48,0,1,0,1,2,8,16,0,0,0,0,53,0,0,0,0,0,0,0,0,0,44,0,1,9,27,0,1,0,24,0,0,0,50,3,0,0,0,0,0,0,7,6,21,9,7,6
"2016-08-05",54,103,0,1,18,19,76,8,0,2,5,0,6,1,2,0,0,0,3,0,1,1,0,4,4,0,5,5,1461.6,3287.25,389.25,997.65,5400.45,1057.5,0,216,0,14,21,18,1,37,2,4,0,0,0,0,1,1,2,0,1,1,0,0,0,1,0,0,1,0,0,0,0,0,0,0,0,0,0,1,1,6,45,2,1,0,0,2,8,21,2,0,0,0,52,0,0,0,0,0,0,0,0,0,38,0,3,13,23,0,2,1,27,1,0,0,52,1,0,0,0,0,0,0,7,2,18,8,9,10
"2016-08-06",54,106,0,0,28,28,83,1,0,2,6,1,2,3,2,0,0,0,6,0,2,2,0,1,1,0,5,5,1304.325,3296.25,333,833.85,5379.0975,1545.75,54,270,0,21,18,15,0,39,1,6,0,0,0,0,0,0,0,0,0,0,1,0,0,0,0,2,0,0,3,0,0,0,0,0,0,0,0,0,1,6,46,1,0,0,0,5,8,21,0,0,0,0,53,0,0,0,0,0,0,0,0,0,36,2,2,13,25,0,1,1,27,0,0,0,50,4,0,0,0,0,0,0,5,2,14,13,4,16
"2016-08-07",39,76,0,1,14,15,64,0,0,1,2,1,2,0,2,0,0,0,4,0,1,1,0,1,1,0,2,2,851.6625,2216.5,256.75,493.5125,3905.96375,1121.25,39,234,0,11,16,11,1,27,1,2,0,0,0,0,1,0,0,1,0,1,0,0,0,0,0,1,0,0,1,0,0,0,0,0,0,0,0,0,2,4,31,2,0,0,0,4,6,17,0,0,0,0,34,0,0,0,0,1,0,0,0,1,27,0,0,9,20,0,0,0,14,0,1,0,35,2,0,0,0,0,0,0,3,2,15,2,6,11
"2016-08-08",58,111,0,2,15,17,75,12,1,1,7,5,3,0,1,0,0,1,5,0,5,5,0,2,2,0,5,5,1311.28333333333,2974.91666666667,456.75,672.316666666667,5844.27333333333,1389.58333333333,0,0,0,15,22,19,2,38,5,6,0,0,0,0,0,0,0,1,0,0,0,0,0,0,0,0,0,0,2,0,0,0,0,0,2,0,0,0,1,3,49,3,0,0,0,1,12,29,0,0,0,0,57,0,0,0,0,0,0,0,0,0,45,1,0,11,30,0,1,0,26,0,0,0,56,1,0,0,0,0,0,0,6,2,22,8,8,12
"2016-08-09",56,108,0,0,15,15,77,5,1,1,6,1,2,4,4,0,0,0,7,0,1,1,0,1,1,0,4,4,1276.33333333333,2608.66666666667,240.333333333333,574,5666.94333333333,1092,0,56,0,14,20,22,0,40,2,6,0,0,0,0,1,0,0,2,1,1,0,0,0,0,0,2,0,0,0,0,0,0,0,0,0,0,0,0,0,6,49,0,1,0,0,0,3,34,0,0,0,0,53,0,0,0,0,0,0,0,0,0,43,2,0,8,27,0,2,0,24,0,0,0,52,1,0,0,0,0,0,0,7,6,16,9,5,13
"2016-08-10",54,106,0,3,25,28,76,9,1,2,4,0,2,5,5,0,0,0,2,0,6,6,0,2,2,0,1,1,1438.875,3195,355.5,960.975,5442.1425,1057.5,0,108,0,16,16,21,1,38,1,4,0,0,0,0,0,0,1,1,0,1,0,0,0,0,0,2,1,0,1,0,0,0,1,1,0,0,0,0,1,8,43,2,0,0,0,2,4,27,0,0,0,0,53,0,0,0,0,0,0,0,0,1,40,2,1,11,33,0,4,1,16,0,0,0,51,2,0,0,0,0,0,0,4,4,15,7,8,16
"2016-08-11",52,98,1,0,14,15,72,5,1,0,3,3,3,2,3,0,0,0,6,0,1,1,1,1,2,0,3,3,1391,3360.5,253.5,1005.98333333333,5230.46333333333,1079,0,156,1,13,16,22,0,42,1,3,0,1,0,0,1,0,0,0,0,0,0,0,0,0,0,0,0,0,2,0,0,0,1,0,0,0,0,0,0,3,48,0,0,0,0,1,6,27,2,0,0,0,49,0,0,0,0,0,0,0,0,1,39,1,1,10,26,0,2,0,19,1,2,0,44,6,0,0,0,0,0,0,4,8,13,8,12,7
"2016-08-12",45,91,0,1,18,19,71,8,0,2,1,0,0,1,1,0,0,0,7,0,3,3,0,0,0,0,0,0,946.875,3673.125,397.5,794.25,4506.3,213.75,0,180,0,13,14,17,1,35,2,0,0,0,0,0,0,0,0,1,1,0,0,0,0,0,0,0,0,0,1,0,0,0,1,0,0,0,0,0,2,4,37,2,0,0,0,4,1,23,2,1,0,0,22,0,0,0,0,0,0,0,0,21,37,1,0,5,24,0,7,1,9,0,0,0,19,11,14,0,0,0,0,0,2,3,14,3,11,12
"2016-08-13",54,108,0,0,18,18,95,5,0,0,1,0,0,3,4,0,0,0,0,0,2,2,0,0,0,0,1,1,1017.9,4934.25,414,937.8,5411.4525,146.25,54,270,0,15,23,16,0,46,2,1,0,0,0,0,1,0,0,0,0,0,0,0,0,1,0,0,0,0,0,0,0,0,2,0,0,0,0,0,1,3,50,1,0,0,0,5,10,26,0,0,1,0,9,0,0,0,0,0,0,0,1,44,32,4,0,18,25,0,1,0,26,0,1,0,8,9,31,1,5,0,0,0,2,3,21,13,5,10
"2016-08-14",60,112,0,2,25,27,95,1,1,1,3,1,0,5,2,0,0,0,3,0,6,6,0,0,0,0,0,0,1228.75,5197.5,252.5,1080.25,6010.9,1000.90909090909,60,360,0,14,27,17,2,41,6,2,0,0,0,0,1,0,1,1,1,0,0,0,0,0,0,0,1,0,0,0,0,0,3,0,0,1,0,0,1,7,50,2,1,0,1,1,9,27,0,0,0,0,37,0,0,0,0,0,0,0,0,23,36,2,2,19,35,0,1,1,22,0,0,0,31,10,13,1,4,0,0,0,3,2,23,12,6,14
"2016-08-15",61,125,0,0,11,11,96,11,0,4,4,0,0,3,1,0,0,1,5,0,1,1,0,0,0,0,1,1,1345.30416666667,4272.54166666667,231.291666666667,976.254166666667,6170.9125,1606.33333333333,0,0,0,8,29,24,0,51,1,4,0,0,0,0,0,0,0,1,0,0,0,0,0,0,0,1,0,0,0,0,0,0,1,0,0,0,0,0,0,3,56,0,0,0,0,3,12,28,0,0,0,0,60,0,0,0,0,0,0,0,0,1,47,3,0,9,28,0,0,1,32,0,0,0,58,2,0,0,0,0,0,0,5,3,20,11,7,15
"2016-08-16",77,159,0,2,19,21,120,12,1,1,9,0,1,3,0,0,0,0,12,0,3,3,0,1,1,0,6,6,1570.8,6506.5,468.416666666667,1352.3125,7766.15583333333,1267.29166666667,0,77,0,17,19,39,2,58,3,9,0,0,0,0,0,1,0,0,1,0,0,0,0,0,0,0,1,0,1,0,0,0,0,0,0,0,0,0,1,3,71,1,0,0,0,1,11,36,1,0,0,0,34,0,0,0,0,0,0,0,1,39,46,8,1,18,35,0,2,1,32,0,3,0,26,10,27,0,10,0,0,0,7,6,26,16,6,16
"2016-08-17",57,104,0,0,21,21,78,4,1,1,8,0,3,1,3,0,0,0,5,0,4,4,0,2,2,0,6,6,1239.0375,4137.25,467.875,926.4875,5728.47625,1080.625,0,114,0,17,17,23,0,38,4,8,0,0,0,0,1,0,1,0,0,0,1,0,0,0,0,1,0,0,1,0,0,0,0,0,0,0,0,0,1,4,51,1,0,0,0,4,6,24,0,0,0,0,54,0,0,0,0,0,0,0,0,2,47,2,0,8,23,0,4,0,26,0,2,0,52,1,2,0,0,0,0,0,3,7,19,12,9,7
"2016-08-18",69,129,0,0,27,27,97,9,0,2,9,3,1,1,0,0,0,0,7,0,5,5,0,0,0,0,8,8,1614.8875,4651.75,370.875,1160.6375,6934.0975,1785.375,0,207,0,19,23,27,0,46,4,9,0,0,0,0,0,0,1,0,1,0,0,0,0,0,0,0,0,0,0,0,0,0,3,0,0,0,0,0,2,5,59,2,0,0,0,3,10,31,0,0,0,0,67,0,0,0,0,0,0,0,0,1,55,4,0,9,32,0,3,0,32,0,1,0,63,3,1,0,0,0,0,0,9,6,23,6,5,20
"2016-08-19",59,114,0,0,16,16,87,14,0,3,6,0,0,0,1,0,0,0,3,0,4,4,0,0,0,0,6,6,1356.2625,3422,250.75,829.441666666667,5934.46583333333,1142.45454545455,0,236,0,15,22,22,0,41,3,5,0,0,0,0,0,0,0,1,3,1,0,0,0,0,0,1,0,0,0,0,0,0,2,0,0,0,0,0,0,8,49,0,0,0,0,2,4,32,0,0,0,0,59,0,0,0,0,0,0,0,0,0,41,4,0,13,30,0,5,2,22,0,0,0,57,1,0,0,0,0,0,0,7,4,17,10,11,10
"2016-08-20",45,91,0,0,17,17,79,3,0,0,2,0,0,0,3,0,0,0,4,0,5,5,0,0,0,0,2,2,1090.6875,2872.5,268.125,745.6875,4511.475,791.25,45,225,0,12,19,14,0,33,3,2,0,0,0,0,0,0,0,0,0,0,2,0,0,0,0,0,1,0,0,0,0,0,0,0,0,0,0,1,2,3,38,3,1,0,0,1,3,21,0,0,0,0,44,0,0,0,0,0,0,0,0,0,30,0,0,14,24,0,2,1,16,0,0,0,41,2,0,0,0,0,0,0,4,3,8,7,11,12
"2016-08-21",39,84,0,0,23,23,68,0,0,1,5,0,1,5,0,0,0,0,4,0,0,0,0,1,1,0,4,4,894.725,3072.875,290.875,737.5875,3891.81,734.5,39,234,0,17,12,10,0,28,1,5,0,0,0,0,0,0,1,0,0,0,0,0,0,0,0,0,0,0,0,0,0,0,0,1,1,0,0,0,1,1,34,3,0,0,0,1,5,23,0,0,0,0,19,0,0,0,0,0,0,0,0,19,21,3,0,15,17,0,1,0,20,0,0,0,18,2,18,0,0,0,0,0,4,2,12,6,2,13
"2016-08-22",39,69,1,0,5,6,49,8,1,1,3,0,1,1,1,0,0,1,3,0,2,2,0,1,1,1,2,3,691.925,2496,240.5,412.425,3923.02625,937.625,0,0,1,5,14,19,0,25,2,3,0,0,0,0,1,1,0,0,0,0,0,0,0,0,0,0,0,1,0,0,0,0,2,0,0,0,0,0,3,3,32,3,0,0,0,1,5,15,0,0,0,0,38,0,0,0,0,1,0,0,0,0,37,0,0,1,20,0,6,0,10,0,1,0,39,0,0,0,0,0,0,0,0,2,12,5,3,17
"2016-08-23",61,117,0,2,20,22,93,11,0,0,4,0,0,2,3,0,0,1,3,0,5,5,0,0,0,0,4,4,1256.09166666667,3893.83333333333,462.583333333333,806.725,6174.75041666667,1331.83333333333,0,61,0,16,16,27,2,50,4,4,0,0,0,0,0,0,1,0,0,0,0,0,0,0,0,0,1,0,0,0,0,0,1,0,0,0,0,0,0,3,58,0,0,0,0,0,10,22,0,0,0,0,60,0,0,0,0,0,0,0,0,0,49,1,0,9,25,0,3,0,29,1,2,0,60,0,0,0,0,0,0,0,7,4,18,13,5,14
"2016-08-24",60,120,0,1,9,10,87,7,1,3,5,0,3,2,3,0,0,1,8,0,0,0,0,2,2,0,3,3,1427,4007.5,332.5,1019.5,6063.15,1300,0,120,0,9,23,27,1,49,1,5,0,0,0,0,0,0,0,0,0,0,0,0,0,0,0,0,1,0,0,0,0,0,1,0,0,0,0,0,2,2,55,2,0,0,0,1,7,32,1,0,0,0,57,0,0,0,0,0,0,0,0,0,48,1,0,9,30,0,0,1,26,0,1,0,57,0,0,0,0,0,0,0,9,4,17,10,11,9
"2016-08-25",64,134,1,0,16,17,112,10,0,0,2,1,2,2,2,0,0,0,3,0,0,0,0,1,1,0,2,2,1497.86666666667,5168,330.666666666667,1268.8,6422.32,1213.33333333333,0,192,1,11,27,25,0,57,0,1,0,0,0,0,1,1,0,0,0,0,0,0,0,0,0,1,0,0,1,0,0,0,0,0,1,0,0,0,0,2,60,1,0,0,0,2,9,32,0,0,0,0,47,0,0,0,0,0,0,0,0,15,40,6,2,13,37,0,1,0,23,0,0,0,40,13,9,0,0,0,0,0,9,0,25,8,6,16