"Date","NB_Accidents","NB_VEH_IMPLIQUES_ACCDN","NB_MORTS","NB_BLESSES_GRAVES","NB_BLESSES_LEGERS","NB_VICTIMES_TOTAL","nb_automobile_camion_leger","nb_camionLourd_tractRoutier","nb_outil_equipement","nb_tous_autobus_minibus","nb_bicyclette","nb_cyclomoteur","nb_motocyclette","nb_taxi","nb_urgence","nb_motoneige","nb_VHR","nb_autres_types","nb_veh_non_precise","NB_DECES_PIETON","NB_BLESSES_PIETON","NB_VICTIMES_PIETON","NB_DECES_MOTO","NB_BLESSES_MOTO","NB_VICTIMES_MOTO","NB_DECES_VELO","NB_BLESSES_VELO","NB_VICTIMES_VELO","Temp","Rel.Hum","Wind.Spd","Dew.Point.Temp","Stn_Press","Wind.Dir","weekdays","days","SeverityDeadly","SeverityLight Injury","SeverityMaterial High","SeverityMaterial Low","SeveritySevere Injury","as.factor(Accident_Type)31","as.factor(Accident_Type)32","as.factor(Accident_Type)33","as.factor(Accident_Type)34","as.factor(Accident_Type)35","as.factor(Accident_Type)36","as.factor(Accident_Type)37","as.factor(Accident_Type)38","as.factor(Accident_Type)39","as.factor(Accident_Type)40","as.factor(Accident_Type)41","as.factor(Accident_Type)42","as.factor(Accident_Type)43","as.factor(Accident_Type)44","as.factor(Accident_Type)45","as.factor(Accident_Type)46","as.factor(Accident_Type)47","as.factor(Accident_Type)48","as.factor(Accident_Type)49","as.factor(Accident_Type)50","as.factor(Accident_Type)51","as.factor(Accident_Type)52","as.factor(Accident_Type)53","as.factor(Accident_Type)54","as.factor(Accident_Type)55","as.factor(Accident_Type)59","as.factor(Accident_Type)71","as.factor(Accident_Type)72","as.factor(Accident_Type)73","as.factor(Accident_Type)74","as.factor(Accident_Type)75","as.factor(Accident_Type)99","Accident_CategoryFixed Object","Accident_CategoryMoving Object","Accident_CategoryNo Collision","Auth_Speed10","Auth_Speed100","Auth_Speed20","Auth_Speed30","Auth_Speed40","Auth_Speed50","Auth_Speed60","Auth_Speed70","Auth_Speed80","Auth_Speed90","Surface_CondDry","Surface_CondHard snow","Surface_CondIce","Surface_CondMud","Surface_CondOil","Surface_CondSand or gravel","Surface_CondSlush","Surface_CondSnow","Surface_CondWater accumulation","Surface_CondWet","IlluminationDay and clear","IlluminationDay and semi-dark","IlluminationNight and dark","IlluminationNight and lighted","EnvironmentCommercial","EnvironmentForest","EnvironmentIndustrial","EnvironmentPark","EnvironmentResidential","EnvironmentRural","EnvironmentSchool area","WeatherBlack Ice","WeatherClear Sky","WeatherCloudy","WeatherDrizzle","WeatherFoggy","WeatherHeavy Rain","WeatherSnow","WeatherSnowstorms","WeatherStrong Wind","cluster_id_0","cluster_id_1","cluster_id_2","cluster_id_3","cluster_id_4","cluster_id_5"
"2016-08-26",64,130,0,1,20,21,98,7,2,2,9,0,2,1,0,0,0,0,9,0,2,2,0,2,2,0,5,5,1568.26666666667,4330.66666666667,285.333333333333,1131.73333333333,6433.17333333333,1698.66666666667,0,256,0,18,23,22,1,47,1,9,0,0,0,0,0,0,2,0,0,0,0,0,0,1,0,1,0,0,0,0,0,0,1,0,1,0,0,0,0,5,57,1,1,0,0,2,9,32,0,0,0,0,61,0,0,0,0,0,0,0,0,0,50,3,1,8,34,0,3,1,24,0,0,0,61,1,0,0,0,0,0,0,9,4,20,7,9,15
"2016-08-27",66,137,0,0,21,21,112,6,0,0,6,1,4,1,2,0,0,0,5,0,1,1,0,3,3,0,5,5,1438.525,4064.5,401.5,919.875,6691.7125,442.75,66,330,0,17,28,21,0,52,2,5,0,0,0,0,0,0,0,0,2,0,0,0,0,0,0,2,0,0,0,0,0,0,0,1,0,0,0,0,0,4,59,1,1,0,0,3,9,26,0,0,0,0,62,0,0,0,0,0,0,0,0,0,37,1,1,24,26,0,2,0,36,0,0,0,61,1,0,0,0,0,0,0,4,4,23,10,7,18
"2016-08-28",44,87,0,0,14,14,74,0,0,0,1,1,3,2,1,0,0,1,4,0,0,0,0,1,1,0,1,1,1019.51666666667,3193.66666666667,194.333333333333,785.95,4446.21833333333,617.833333333333,44,264,0,10,21,13,0,35,0,1,0,0,0,0,0,0,1,0,1,0,0,0,0,0,0,0,0,0,0,0,0,0,1,0,0,0,0,0,2,3,36,2,0,0,0,1,4,19,0,0,0,0,40,0,0,0,0,0,0,0,0,2,33,2,0,8,21,0,2,1,20,0,0,0,38,5,0,0,0,0,0,0,3,6,14,5,9,7
"2016-08-29",61,124,0,0,14,14,97,7,0,5,4,2,1,2,0,0,0,0,6,0,3,3,0,0,0,0,3,3,1318.3625,3876.04166666667,414.291666666667,861.370833333333,6166.92208333333,1591.08333333333,0,0,0,14,23,24,0,49,3,4,0,0,0,0,0,0,0,0,1,0,0,0,0,0,0,1,0,0,0,0,0,0,2,0,1,0,0,0,0,4,56,1,2,0,0,3,11,27,0,1,0,0,58,0,0,0,0,0,0,0,0,1,46,0,1,14,32,0,4,0,25,0,0,0,57,2,1,0,0,0,0,0,10,2,17,10,8,14
"2016-08-30",63,126,0,0,20,20,104,6,0,3,4,0,0,1,0,0,0,0,8,0,3,3,0,0,0,0,4,4,1361.85,4087.125,354.375,922.425,6358.17,1433.25,0,63,0,19,21,23,0,51,3,3,0,0,0,0,0,0,0,0,1,2,0,0,0,0,0,0,0,0,0,0,0,0,1,0,0,0,0,0,0,4,57,0,0,0,0,4,12,26,0,0,0,0,62,0,0,0,0,0,0,0,0,0,53,0,0,9,29,0,3,1,28,0,1,0,57,4,0,0,0,0,0,0,7,3,21,8,9,15
"2016-08-31",59,120,0,0,23,23,84,14,1,5,6,2,0,4,0,0,0,0,4,0,4,4,0,0,0,0,5,5,1291.60833333333,4567.58333333333,363.833333333333,1041.84166666667,5912.19333333333,1393.875,0,118,0,20,22,17,0,44,4,5,0,0,0,0,1,0,0,0,0,0,0,0,0,0,0,0,0,0,0,0,0,0,4,0,0,0,0,0,1,4,54,1,1,0,0,3,7,32,0,0,0,0,55,0,0,0,0,0,0,0,0,2,45,4,0,8,25,0,2,1,26,0,3,0,43,14,0,0,0,0,0,0,7,2,17,14,4,15
"2016-09-01",83,163,0,1,33,34,118,6,0,2,14,1,3,4,6,0,0,1,8,0,3,3,0,2,2,0,11,11,1606.05,5426.125,560.25,1040.95833333333,8337.35,1815.625,0,249,0,26,22,34,1,55,5,13,0,0,0,0,1,0,1,0,2,0,0,0,0,0,0,1,1,0,0,0,0,0,0,0,0,0,0,0,2,5,74,2,0,0,0,3,7,30,0,0,0,0,65,0,0,0,0,0,0,0,0,7,62,2,0,10,47,0,2,0,22,0,4,0,64,3,5,0,0,0,0,0,6,5,29,12,13,18
"2016-09-02",66,134,0,1,11,12,104,6,1,3,1,1,3,7,1,0,0,0,7,0,4,4,0,3,3,0,0,0,1150.325,4259.75,552.75,698.225,6678.705,1265,0,264,0,10,34,21,1,53,3,1,0,0,0,0,0,1,0,0,0,1,0,0,0,0,0,0,0,0,0,0,0,0,1,0,1,0,1,0,2,2,58,4,0,0,0,2,6,28,0,0,0,0,61,0,0,0,0,0,0,0,0,1,46,2,0,16,33,0,2,1,26,1,2,0,59,4,0,0,0,0,0,0,5,5,22,15,9,10
"2016-09-03",56,118,0,0,32,32,95,3,0,1,5,1,0,4,4,0,0,0,5,0,1,1,0,0,0,0,3,3,997.733333333333,3607.33333333333,284.666666666667,599.9,5684.74666666667,1194.66666666667,56,280,0,19,24,13,0,45,1,5,0,0,0,0,0,0,0,0,0,1,1,0,0,0,0,0,0,0,0,0,0,0,1,0,0,0,0,0,0,3,51,0,0,0,0,0,6,29,0,0,0,0,56,0,0,0,0,0,0,0,0,0,39,1,1,14,31,0,2,3,20,0,0,0,56,0,0,0,0,0,0,0,5,5,16,9,6,15
"2016-09-04",39,72,0,0,12,12,53,1,0,2,4,1,4,1,3,0,0,1,2,0,0,0,0,1,1,0,4,4,779.025,2491.125,125.125,488.475,3961.76625,825.5,39,234,0,11,12,16,0,22,0,4,0,0,0,0,0,0,0,0,1,1,0,0,0,0,0,0,3,0,2,0,0,0,0,0,1,0,1,0,3,7,26,5,0,0,0,1,5,17,0,0,0,0,38,0,0,0,0,1,0,0,0,0,23,1,0,15,17,0,1,1,17,0,2,0,39,0,0,0,0,0,0,0,1,2,11,6,5,14
"2016-09-05",33,69,0,0,8,8,59,0,1,1,1,0,4,1,0,0,0,0,2,0,1,1,0,3,3,0,1,1,713.9,2178,119.625,480.8375,3345.47125,668.25,0,0,0,6,18,9,0,27,1,0,0,0,0,0,0,0,0,0,2,0,0,0,0,0,0,0,1,0,0,0,0,0,1,0,0,0,0,0,1,4,28,1,0,0,0,0,3,18,1,0,0,0,32,0,0,0,0,0,0,0,0,0,23,0,0,10,13,0,0,0,18,0,1,0,32,0,0,0,0,0,0,0,0,2,11,4,4,12
"2016-09-06",86,179,0,1,30,31,137,12,1,1,12,1,3,1,1,0,0,0,10,0,5,5,0,2,2,0,9,9,1951.48333333333,5425.16666666667,272.333333333333,1265.275,8686.68083333333,1616.08333333333,0,86,0,28,33,24,1,58,5,12,0,0,0,0,1,0,1,0,1,0,0,0,0,0,0,0,3,0,0,0,0,0,0,0,0,0,0,0,1,5,76,1,1,0,0,3,12,42,0,0,0,0,84,0,0,0,0,0,0,0,0,0,70,2,0,12,43,0,7,5,29,0,1,0,85,0,0,0,0,0,0,0,11,4,29,16,6,20
"2016-09-07",72,140,0,0,33,33,104,5,0,3,7,2,3,6,2,0,0,0,8,0,4,4,0,0,0,0,7,7,1756.5,4593,378,1211.1,7248.57,1503,0,144,0,28,20,24,0,57,4,7,0,0,0,0,0,0,0,0,0,0,0,0,0,1,0,0,0,0,2,0,0,0,0,0,1,0,0,0,0,3,68,1,2,0,0,5,7,38,1,0,0,0,66,0,0,0,0,0,0,0,0,3,61,1,0,6,40,0,1,0,27,0,1,0,64,1,3,0,0,0,0,0,4,2,19,20,8,19
"2016-09-08",76,147,0,0,20,20,108,12,0,2,8,0,1,4,3,0,0,0,9,0,2,2,0,0,0,0,4,4,1796.13333333333,6539.16666666667,342,1602.65,7595.50333333333,1523.16666666667,0,228,0,18,28,30,0,56,3,8,0,0,0,0,0,0,1,0,0,3,0,0,0,0,0,0,0,0,0,0,0,0,2,0,0,0,0,0,1,6,67,1,1,0,1,4,10,29,1,0,0,0,42,0,0,0,0,0,0,0,0,31,66,2,0,7,35,0,5,0,26,0,7,0,23,30,20,0,1,0,0,0,9,8,17,14,15,13
"2016-09-09",67,131,0,0,15,15,96,10,0,2,4,2,3,1,4,0,0,0,9,0,2,2,0,1,1,0,3,3,1583.7125,4617.41666666667,326.625,1153.2375,6713.93041666667,1714.08333333333,0,268,0,13,30,24,0,50,2,3,0,0,0,0,1,1,0,1,0,1,0,0,1,0,0,1,0,0,0,0,0,0,1,0,0,0,0,0,0,5,57,0,0,0,0,3,11,28,1,1,0,0,60,0,0,0,0,0,0,0,0,3,40,2,1,23,32,0,5,1,28,0,0,0,59,4,2,0,0,0,0,0,8,2,23,6,9,19
"2016-09-10",45,87,0,0,14,14,69,3,0,1,3,0,0,5,1,0,0,0,5,0,1,1,0,0,0,0,2,2,1057.3125,3123.75,298.125,785.4375,4515.525,909.375,45,225,0,11,17,17,0,33,2,3,0,0,0,0,0,0,0,0,1,1,0,0,0,0,0,1,0,0,0,1,0,0,0,0,1,0,0,0,0,4,38,1,0,0,0,3,6,16,0,0,0,0,42,0,0,0,0,0,0,0,0,2,28,0,0,16,16,0,1,0,25,1,0,0,37,7,0,0,0,0,0,0,2,6,14,5,7,11
"2016-09-11",43,77,0,0,10,10,64,1,0,0,1,0,0,4,3,0,0,0,4,0,1,1,0,0,0,0,0,0,789.5875,2900.70833333333,263.375,516.358333333333,4315.56958333333,913.75,43,258,0,6,14,23,0,30,1,0,0,0,0,0,1,0,0,0,0,1,0,0,0,0,0,0,1,0,2,0,0,1,2,0,0,0,0,0,0,7,32,0,2,0,0,3,10,15,0,0,0,0,35,0,0,0,0,0,0,0,0,7,24,3,1,14,17,0,0,0,25,0,1,0,32,5,2,0,2,0,0,1,6,1,13,12,4,7
"2016-09-12",75,155,1,0,29,30,116,9,2,4,13,1,1,0,2,0,0,1,6,1,3,4,0,1,1,0,7,7,1362.1875,4412.5,415.625,736.25,7591.59375,1584.375,0,0,1,26,23,25,0,53,4,11,0,0,0,0,0,0,0,0,0,0,0,0,0,0,0,0,0,0,1,0,0,0,3,0,0,0,0,0,2,4,68,2,0,0,0,5,12,29,0,0,0,0,71,0,0,0,0,0,0,0,1,0,62,0,0,11,25,0,3,1,37,0,7,0,72,0,0,0,0,0,0,0,7,5,24,10,11,18
"2016-09-13",79,150,0,1,24,25,114,14,0,3,4,1,2,4,4,0,0,1,3,0,3,3,0,1,1,0,3,3,1666.57083333333,4628.08333333333,454.25,971.041666666667,7964.08875,1589.875,0,79,0,19,22,37,1,61,4,4,0,0,0,0,0,0,0,0,0,0,0,0,0,0,0,3,1,0,1,0,0,0,1,0,0,0,0,0,1,6,69,1,0,0,0,4,16,37,1,0,0,0,74,0,0,0,0,0,0,0,0,0,63,4,0,7,34,0,4,0,34,0,2,0,74,0,0,0,0,0,0,0,7,6,22,12,15,17
"2016-09-14",60,118,0,1,15,16,91,8,1,1,6,0,0,5,0,0,0,0,6,0,1,1,0,0,0,0,4,4,1104.5,3882.5,590,687.75,6050.625,1072.5,0,120,0,13,22,24,1,46,1,6,0,0,0,0,0,1,0,0,0,0,0,0,0,0,0,0,0,0,0,0,0,0,1,0,0,0,0,0,0,1,54,0,0,0,0,0,12,26,0,0,0,0,53,0,0,0,0,1,0,0,0,2,46,1,0,10,28,0,3,1,24,1,1,0,48,9,0,0,0,1,0,0,9,8,13,10,7,13
"2016-09-15",74,146,0,1,23,24,110,4,1,5,5,2,3,5,3,0,0,0,8,0,5,5,0,4,4,0,4,4,974.025,4615.75,419.333333333333,435.058333333333,7527.77333333333,1378.25,0,222,0,18,33,22,1,55,6,4,0,0,0,0,2,0,0,0,1,0,0,0,0,0,0,0,0,0,0,0,0,0,0,0,1,0,0,0,2,1,67,3,0,0,1,4,9,32,0,0,0,0,70,0,0,0,0,0,0,0,0,0,60,2,0,7,38,0,3,0,24,1,3,0,70,1,0,0,0,0,0,0,5,2,25,10,12,20
"2016-09-16",66,132,0,0,25,25,102,8,0,4,6,0,1,2,4,0,0,0,5,0,4,4,0,0,0,0,5,5,1047.2,4138.75,203.5,545.6,6700.2375,1426.17391304348,0,264,0,23,18,25,0,49,4,6,0,0,0,0,0,1,1,0,0,0,0,0,0,0,0,1,0,0,1,0,0,0,1,0,0,0,0,0,0,4,60,0,0,0,1,1,13,30,0,0,0,0,63,0,0,0,0,0,0,0,0,0,46,1,1,15,37,0,1,0,26,0,1,0,63,0,0,0,0,0,0,0,1,4,24,10,6,21
"2016-09-17",56,115,0,0,18,18,96,1,1,0,2,0,1,4,3,0,0,1,6,0,1,1,0,0,0,0,1,1,1057.93333333333,4127.66666666667,333.666666666667,783.766666666667,5639.13,1087.33333333333,56,280,0,12,23,21,0,45,1,1,0,0,0,0,0,0,1,0,0,1,0,0,0,0,0,1,0,0,1,0,0,0,0,0,0,0,0,0,0,4,47,0,0,0,2,3,4,27,0,0,0,0,39,0,0,0,0,1,0,0,0,15,28,1,0,26,24,0,3,1,26,0,1,0,35,7,11,0,2,0,0,0,2,4,18,11,7,14
"2016-09-18",53,111,0,3,9,12,90,0,0,2,3,1,2,2,3,0,0,0,8,0,4,4,0,1,1,0,0,0,1195.15,4114.125,245.125,964.820833333333,5320.89083333333,1124.04166666667,53,318,0,9,23,19,2,40,2,2,0,0,0,0,0,0,0,2,0,0,0,0,0,0,0,0,1,0,2,0,0,0,0,0,0,0,0,0,3,5,44,3,0,0,0,1,8,30,0,0,0,0,35,0,0,0,0,0,0,0,0,14,23,2,0,22,25,0,1,0,25,0,1,0,32,1,14,0,0,0,0,0,2,1,21,5,7,17
"2016-09-19",63,123,0,1,30,31,92,9,1,4,4,1,3,3,1,0,0,0,5,0,7,7,0,2,2,0,2,2,1384.6875,4638.375,267.75,1063.125,6344.96625,1323,0,0,0,20,19,23,1,43,4,5,0,0,0,0,0,0,1,0,1,0,0,0,0,0,0,0,1,0,1,0,0,0,1,0,0,0,0,0,1,5,52,1,0,0,0,1,9,30,0,0,0,0,60,0,0,0,0,0,0,0,0,1,49,0,1,10,29,0,3,1,26,0,2,0,60,1,0,0,0,0,0,0,6,5,16,12,4,20
"2016-09-20",63,127,0,0,20,20,103,9,0,0,7,0,1,2,0,0,0,0,5,0,4,4,0,0,0,0,5,5,1252.3875,4780.125,267.75,956.55,6350.53125,1120.875,0,63,0,17,22,24,0,46,5,7,0,0,0,0,0,0,0,0,1,0,0,0,0,0,0,1,0,0,1,0,0,0,0,0,0,0,0,0,0,3,58,0,0,0,1,3,12,24,2,0,0,0,62,0,0,0,0,0,0,0,0,0,47,1,0,14,26,0,2,1,33,0,0,0,60,2,0,0,0,0,0,0,5,2,20,9,5,22
"2016-09-21",61,120,0,0,23,23,95,6,3,3,5,1,2,2,1,0,0,1,1,0,3,3,0,0,0,0,2,2,1262.44583333333,3520.20833333333,376.166666666667,712.683333333333,6165.52416666667,1336.91666666667,0,122,0,16,24,21,0,47,4,4,0,0,0,0,0,0,0,0,0,0,0,0,0,0,0,1,0,0,0,0,0,0,0,0,0,0,0,1,0,1,55,1,1,0,1,0,12,31,0,0,0,0,59,0,0,0,0,0,0,0,0,0,51,0,0,8,32,0,3,2,23,0,0,0,58,1,0,0,0,0,0,0,9,5,18,10,9,10
"2016-09-22",61,117,0,2,26,28,83,8,0,1,9,1,3,5,1,0,0,0,6,0,6,6,0,1,1,0,8,8,1069.53333333333,3898.91666666667,536.291666666667,638.975,6168.1675,454.958333333333,0,183,0,24,20,15,2,39,6,9,0,0,0,0,0,0,1,1,0,0,0,0,0,0,0,1,0,0,0,0,0,0,0,0,0,0,0,0,1,3,54,1,1,0,0,1,11,25,1,0,0,0,46,0,0,0,0,0,0,0,0,11,36,3,0,20,34,0,1,0,25,1,0,0,32,18,9,0,0,0,0,0,7,4,22,7,8,13
"2016-09-23",52,104,0,0,14,14,80,3,1,2,4,2,1,4,2,0,0,0,5,0,1,1,0,0,0,0,4,4,707.416666666667,3637.83333333333,494,404.95,5254.03666666667,86.6666666666667,0,208,0,12,18,22,0,41,1,5,0,0,0,0,0,0,1,1,0,0,0,0,0,0,0,0,0,0,0,0,0,0,1,0,0,0,0,0,0,3,47,0,0,0,0,0,5,31,0,0,0,0,41,0,0,0,0,0,0,0,0,9,34,2,1,14,26,0,1,0,21,0,2,0,40,5,4,0,0,0,0,0,4,4,20,7,7,10
"2016-09-24",58,109,0,1,28,29,91,3,0,0,2,2,3,2,2,0,0,0,4,0,4,4,0,3,3,0,2,2,739.258333333333,2974.91666666667,449.5,142.583333333333,5872.08916666667,1607.08333333333,58,290,0,20,18,19,1,38,4,2,0,0,0,0,0,1,2,0,2,1,0,0,0,0,0,1,1,0,1,0,0,0,0,0,1,0,1,0,0,8,45,2,1,0,0,2,7,23,0,0,0,0,57,0,0,0,0,0,0,0,0,0,39,0,0,17,29,0,2,1,24,0,1,0,55,1,0,0,0,0,0,0,3,5,14,13,8,15
"2016-09-25",34,71,1,0,9,10,58,1,0,1,1,0,0,3,3,0,0,0,4,1,1,2,0,0,0,0,0,0,387.175,1892.66666666667,256.416666666667,72.8166666666667,3444.5825,933.583333333333,34,204,1,8,11,14,0,27,2,1,0,0,0,0,0,0,0,0,0,0,0,0,0,0,0,0,0,0,0,0,0,0,0,0,0,0,0,0,1,0,30,1,0,0,0,0,6,15,0,0,0,0,32,0,0,0,0,0,0,0,0,0,26,1,0,5,14,0,3,0,13,0,0,0,31,1,0,0,0,0,0,0,6,4,6,7,3,8
"2016-09-26",55,111,0,1,26,27,84,10,0,1,4,2,0,3,2,0,0,0,5,0,4,4,0,0,0,0,3,3,730.125,3552.08333333333,281.875,332.75,5549.84375,1223.75,0,0,0,20,17,17,1,46,4,1,0,0,0,0,1,0,0,1,0,0,0,0,0,0,0,0,0,0,0,0,0,0,1,0,0,0,0,0,0,2,52,0,0,0,1,2,7,24,0,0,0,0,52,0,0,0,0,0,0,0,0,2,44,1,0,9,30,0,1,0,19,0,4,0,52,1,1,0,0,0,0,0,2,6,11,12,8,16
"2016-09-27",61,118,0,1,18,19,92,6,0,3,3,0,1,4,2,0,0,0,7,0,3,3,0,0,0,0,2,2,981.083333333333,4473.33333333333,282.125,661.85,6117.63916666667,1161.54166666667,0,61,0,14,28,18,1,44,5,3,0,0,0,0,0,0,0,0,1,1,0,0,0,0,0,3,0,0,2,0,0,0,1,0,0,0,0,0,0,8,52,0,0,0,0,4,8,22,0,1,0,0,52,0,0,0,0,0,0,0,0,3,48,2,0,9,34,0,1,0,23,0,2,0,50,5,2,0,0,0,0,0,5,6,21,10,7,12
"2016-09-28",55,99,0,0,21,21,71,7,0,3,3,4,1,2,1,0,0,0,7,0,6,6,0,1,1,0,3,3,760.833333333333,4491.66666666667,602.708333333333,581.625,5581.69791666667,201.666666666667,0,110,0,19,25,11,0,38,5,3,0,0,0,0,0,0,0,0,1,1,0,1,0,1,0,0,0,0,0,0,0,0,1,0,0,0,0,0,2,5,46,2,1,0,1,2,11,26,0,0,0,0,54,0,0,0,0,0,0,0,0,0,44,0,0,9,25,0,1,0,26,0,1,0,44,9,0,0,0,0,0,0,6,5,16,7,9,12
"2016-09-29",68,137,0,0,16,16,104,10,0,2,3,1,5,1,5,0,0,0,6,0,2,2,0,1,1,0,2,2,842.35,4856.33333333333,748,475.15,6961.61333333333,459,0,204,0,16,23,29,0,55,2,2,0,0,0,0,0,0,1,0,1,0,0,0,0,0,0,0,0,0,0,0,0,0,1,0,0,0,0,0,2,3,59,2,0,0,0,4,6,26,1,0,0,0,64,0,0,0,0,1,0,0,0,1,53,3,0,9,34,0,3,0,23,0,4,0,64,1,0,0,0,0,0,0,10,5,22,6,10,15
"2016-09-30",54,104,0,0,19,19,78,8,0,1,5,1,4,2,0,0,0,0,5,0,2,2,0,2,2,0,4,4,725.625,3557.25,450,373.725,5520.7125,290.25,0,216,0,18,17,19,0,43,1,5,0,0,0,0,1,0,0,1,0,0,0,0,0,0,0,0,1,0,0,0,0,0,0,0,1,0,0,0,1,2,50,2,0,0,0,1,11,27,0,0,0,0,51,0,0,0,0,1,0,0,0,1,43,1,0,9,25,0,4,0,22,0,1,0,47,3,2,0,0,0,0,0,4,6,11,7,11,15
"2016-10-01",48,85,0,0,12,12,71,3,0,0,2,1,1,0,1,0,0,0,6,0,2,2,0,0,0,0,1,1,702.6,3334,216,424.8,4879.8,524,48,240,0,11,22,15,0,31,2,2,0,0,0,0,0,0,0,1,0,2,0,0,0,0,0,2,0,0,1,0,0,0,2,0,0,0,0,0,0,8,35,0,0,0,1,0,4,23,0,0,0,0,44,0,0,0,0,0,0,0,0,2,28,3,1,14,26,0,3,1,17,0,0,0,40,3,2,0,0,0,0,0,3,3,11,10,6,15
"2016-10-02",33,67,0,1,10,11,58,0,1,1,1,0,1,1,1,0,0,0,3,0,1,1,0,1,1,0,1,1,475.3375,2785.75,123.75,386.2375,3328.36625,544.5,33,198,0,9,9,14,1,25,1,1,0,0,0,0,1,0,0,0,0,0,0,0,0,0,0,0,3,0,0,0,0,0,1,0,1,0,0,0,0,4,28,1,0,0,0,1,6,14,0,0,0,0,24,0,0,0,0,0,0,0,0,7,16,3,1,13,16,0,2,0,13,0,0,0,18,9,6,0,0,0,0,0,4,0,11,5,5,8
"2016-10-03",73,156,0,0,28,28,122,8,1,3,6,0,4,3,3,0,0,0,6,0,7,7,0,2,2,0,6,6,1076.14166666667,5855.20833333333,614.416666666667,815.775,7369.41083333333,258.541666666667,0,0,0,24,20,29,0,51,5,6,0,0,0,0,0,0,2,0,0,0,0,0,0,0,0,0,0,0,1,0,0,0,1,0,1,0,0,1,2,4,62,4,2,0,0,6,5,32,0,1,0,0,63,0,0,0,0,0,0,0,0,8,56,3,0,12,41,0,1,1,24,1,2,0,62,4,4,1,0,0,0,0,6,3,19,11,9,25
"2016-10-04",61,115,0,0,16,16,90,9,0,1,6,1,1,0,2,0,0,2,3,0,5,5,0,1,1,0,4,4,751.316666666667,4369.125,419.375,431.829166666667,6208.70708333333,556.625,0,61,0,15,27,19,0,37,7,4,0,0,0,0,0,0,0,0,0,1,0,0,0,0,0,0,2,0,0,1,0,0,1,0,0,0,0,1,2,5,48,3,0,0,0,3,7,30,1,0,0,0,59,0,0,0,0,0,0,0,0,1,44,3,0,13,30,0,4,1,25,0,1,0,59,0,0,0,0,0,0,0,3,7,16,13,8,14
"2016-10-05",76,145,0,2,22,24,105,10,0,3,11,0,0,3,5,0,0,0,8,0,7,7,0,0,0,0,9,9,1130.81666666667,6089.5,259.666666666667,855.633333333333,7733.665,1349,0,152,0,21,28,25,2,50,7,11,0,0,0,0,0,0,0,0,1,0,0,0,0,0,0,1,2,0,1,0,0,0,0,0,0,0,0,0,0,5,68,0,0,0,0,1,7,41,0,0,0,0,71,0,0,0,0,1,0,0,0,0,57,0,0,15,29,0,4,0,35,0,4,0,69,4,0,0,0,0,0,0,8,16,16,12,10,14
"2016-10-06",76,144,0,1,24,25,100,8,0,1,12,1,6,5,2,0,0,0,9,0,3,3,0,4,4,0,9,9,1302.13333333333,5367.5,332.5,859.433333333333,7718.49666666667,1697.33333333333,0,228,0,23,25,27,1,50,4,12,0,0,0,0,0,0,0,0,0,1,0,0,0,0,0,0,0,1,1,0,0,0,1,0,1,0,0,0,3,4,66,4,0,0,0,3,11,35,0,0,0,0,73,0,0,0,0,0,0,0,0,1,50,0,2,20,42,0,2,0,29,0,3,0,68,2,0,0,0,0,0,0,6,10,25,13,8,14
"2016-10-07",74,133,0,1,25,26,91,15,1,1,11,0,2,6,1,0,0,0,5,0,9,9,0,0,0,0,9,9,1351.11666666667,5007.33333333333,363.833333333333,859.633333333333,7501.16416666667,1387.5,0,296,0,22,25,26,1,46,8,10,0,0,0,0,0,0,2,0,2,0,0,0,0,0,0,2,0,0,0,0,0,0,1,0,0,0,0,0,1,7,64,1,0,0,0,3,12,26,0,0,0,0,70,0,0,0,0,0,0,0,0,0,57,2,0,12,43,0,2,1,26,0,1,0,69,1,0,0,0,0,0,0,11,6,24,6,8,19
"2016-10-08",63,122,0,0,25,25,105,3,0,2,3,0,2,2,0,0,0,0,5,0,3,3,0,0,0,0,3,3,968.3625,5407.5,307.125,809.2875,6340.215,1260,63,315,0,18,30,15,0,50,2,3,0,0,0,0,0,0,0,1,2,1,0,0,0,0,0,1,0,0,0,0,0,0,2,0,0,0,0,0,1,7,55,1,0,0,0,2,13,25,0,1,0,0,20,0,0,0,0,0,0,0,0,40,36,5,1,20,35,0,1,0,26,0,1,0,18,10,30,0,4,0,0,0,6,1,19,15,7,15
"2016-10-09",53,102,0,0,20,20,90,2,0,1,2,1,0,0,3,0,0,0,3,0,4,4,0,0,0,0,2,2,555.395833333333,3645.95833333333,503.5,257.7125,5365.19,848,53,318,0,18,22,13,0,39,4,1,0,0,0,0,1,0,2,0,1,0,0,0,0,0,0,0,2,0,0,0,0,0,1,0,0,0,0,1,0,6,45,1,0,0,0,5,2,26,0,0,0,0,50,0,0,0,0,0,0,0,0,3,27,4,1,20,26,0,4,0,21,1,1,0,43,9,1,0,0,0,0,0,3,7,16,7,5,15
"2016-10-10",36,73,0,1,8,9,62,4,0,1,0,2,0,2,0,0,0,0,2,0,0,0,0,0,0,0,0,0,265.5,2188.5,178.5,3.6,3665.235,583.714285714286,0,0,0,7,16,12,1,32,0,0,0,0,0,0,0,0,0,0,0,0,0,0,0,1,0,0,0,0,0,0,0,1,0,0,1,0,0,0,0,2,32,1,0,0,0,1,1,14,1,0,0,0,36,0,0,0,0,0,0,0,0,0,25,1,0,9,13,0,5,0,15,1,0,0,34,2,0,0,0,0,0,0,6,0,13,2,7,8