"Date","NB_Accidents","NB_VEH_IMPLIQUES_ACCDN","NB_MORTS","NB_BLESSES_GRAVES","NB_BLESSES_LEGERS","NB_VICTIMES_TOTAL","nb_automobile_camion_leger","nb_camionLourd_tractRoutier","nb_outil_equipement","nb_tous_autobus_minibus","nb_bicyclette","nb_cyclomoteur","nb_motocyclette","nb_taxi","nb_urgence","nb_motoneige","nb_VHR","nb_autres_types","nb_veh_non_precise","NB_DECES_PIETON","NB_BLESSES_PIETON","NB_VICTIMES_PIETON","NB_DECES_MOTO","NB_BLESSES_MOTO","NB_VICTIMES_MOTO","NB_DECES_VELO","NB_BLESSES_VELO","NB_VICTIMES_VELO","Temp","Rel.Hum","Wind.Spd","Dew.Point.Temp","Stn_Press","Wind.Dir","weekdays","days","SeverityDeadly","SeverityLight Injury","SeverityMaterial High","SeverityMaterial Low","SeveritySevere Injury","as.factor(Accident_Type)31","as.factor(Accident_Type)32","as.factor(Accident_Type)33","as.factor(Accident_Type)34","as.factor(Accident_Type)35","as.factor(Accident_Type)36","as.factor(Accident_Type)37","as.factor(Accident_Type)38","as.factor(Accident_Type)39","as.factor(Accident_Type)40","as.factor(Accident_Type)41","as.factor(Accident_Type)42","as.factor(Accident_Type)43","as.factor(Accident_Type)44","as.factor(Accident_Type)45","as.factor(Accident_Type)46","as.factor(Accident_Type)47","as.factor(Accident_Type)48","as.factor(Accident_Type)49","as.factor(Accident_Type)50","as.factor(Accident_Type)51","as.factor(Accident_Type)52","as.factor(Accident_Type)53","as.factor(Accident_Type)54","as.factor(Accident_Type)55","as.factor(Accident_Type)59","as.factor(Accident_Type)71","as.factor(Accident_Type)72","as.factor(Accident_Type)73","as.factor(Accident_Type)74","as.factor(Accident_Type)75","as.factor(Accident_Type)99","Accident_CategoryFixed Object","Accident_CategoryMoving Object","Accident_CategoryNo Collision","Auth_Speed10","Auth_Speed100","Auth_Speed20","Auth_Speed30","Auth_Speed40","Auth_Speed50","Auth_Speed60","Auth_Speed70","Auth_Speed80","Auth_Speed90","Surface_CondDry","Surface_CondHard snow","Surface_CondIce","Surface_CondMud","Surface_CondOil","Surface_CondSand or gravel","Surface_CondSlush","Surface_CondSnow","Surface_CondWater accumulation","Surface_CondWet","IlluminationDay and clear","IlluminationDay and semi-dark","IlluminationNight and dark","IlluminationNight and lighted","EnvironmentCommercial","EnvironmentForest","EnvironmentIndustrial","EnvironmentPark","EnvironmentResidential","EnvironmentRural","EnvironmentSchool area","WeatherBlack Ice","WeatherClear Sky","WeatherCloudy","WeatherDrizzle","WeatherFoggy","WeatherHeavy Rain","WeatherSnow","WeatherSnowstorms","WeatherStrong Wind","cluster_id_0","cluster_id_1","cluster_id_2","cluster_id_3","cluster_id_4","cluster_id_5"
"2016-10-11",65,122,0,0,21,21,89,9,0,3,6,0,0,3,6,0,0,0,6,0,7,7,0,0,0,0,3,3,735.583333333333,3832.29166666667,0,201.770833333333,6629.91875,947.8265490979,0,65,0,18,21,26,0,47,10,6,0,0,0,0,0,0,0,0,1,0,0,0,0,0,0,0,0,0,0,0,0,0,0,0,0,0,0,0,0,1,63,0,0,0,0,4,9,29,0,1,0,0,60,0,0,0,0,0,0,0,0,0,48,3,0,9,24,0,2,0,33,0,2,0,60,0,0,0,0,0,0,0,4,6,19,12,8,16
"2016-10-12",61,125,0,1,17,18,99,11,0,0,5,1,1,0,3,0,0,0,5,0,3,3,0,0,0,0,5,5,885.030434782609,3447.82608695652,0,350.352173913043,6179.19391304348,889.498761461106,0,122,0,14,28,18,1,43,4,5,0,0,0,0,0,1,2,0,0,0,0,0,0,0,0,0,0,1,1,0,0,0,2,0,0,0,0,0,0,6,53,0,2,0,0,1,5,25,1,0,0,0,60,0,0,0,0,0,0,0,0,1,49,2,0,9,27,0,4,0,24,0,3,0,59,1,1,0,0,0,0,0,5,4,16,8,15,13
"2016-10-13",68,128,0,0,25,25,90,14,2,0,6,1,1,3,4,0,0,0,7,0,3,3,0,0,0,0,6,6,753.666666666667,5440,0,523.316666666667,6844.68166666667,991.572389825495,0,204,0,21,20,27,0,50,3,6,0,0,0,0,0,0,1,0,2,0,0,0,0,0,0,1,0,0,0,0,0,0,1,0,1,0,0,1,1,5,59,3,2,0,0,5,9,33,0,1,0,0,44,0,0,0,0,0,0,0,0,21,45,4,0,18,28,0,2,1,36,1,0,0,33,12,19,0,1,0,0,0,5,3,22,14,6,18
"2016-10-14",75,138,0,0,14,14,114,8,1,1,3,1,1,2,2,0,0,0,5,0,4,4,0,0,0,0,2,2,486.875,4812.5,477.507440476191,-8.74999999999999,7646.25,1093.64601818988,0,300,0,13,36,26,0,56,5,3,0,0,0,0,2,0,0,0,1,0,0,0,0,0,0,1,2,0,0,0,0,0,2,0,0,0,0,0,0,6,66,0,0,0,0,1,11,28,0,0,0,0,69,0,0,0,0,0,0,0,0,1,52,1,1,15,35,0,1,1,26,0,6,0,66,3,0,0,0,0,0,0,6,5,35,8,8,13
"2016-10-15",40,80,0,0,9,9,70,3,0,0,2,0,0,2,0,0,0,0,3,0,3,3,0,0,0,0,0,0,406.833333333333,2540,254.670634920635,123.166666666667,4065.8,583.277876367938,40,200,0,7,18,15,0,33,3,2,0,0,0,0,0,0,0,0,0,0,0,0,0,0,0,0,0,0,0,0,0,0,2,0,0,0,0,0,0,2,38,0,0,0,0,7,6,15,0,0,0,0,36,0,0,0,0,0,0,0,0,2,27,3,0,10,20,0,2,0,17,0,0,0,39,0,0,0,0,0,0,0,4,4,13,7,6,6
"2016-10-16",45,84,0,0,9,9,70,1,2,1,0,0,0,4,2,0,0,0,4,0,1,1,0,0,0,0,0,0,616.125,3753.75,286.504464285714,484.5,4516.36875,656.187610913931,45,270,0,7,21,17,0,34,1,1,1,1,0,0,0,1,0,1,0,0,0,0,0,0,0,1,0,0,1,0,0,0,0,0,0,0,0,0,1,3,39,1,1,0,0,1,7,23,0,0,0,0,21,0,0,0,0,0,0,0,0,23,14,4,1,25,21,0,3,1,18,1,0,0,18,11,14,0,1,0,0,0,0,5,13,6,8,13
"2016-10-17",60,120,0,2,13,15,99,8,0,0,3,0,1,2,4,0,0,0,3,0,3,3,0,1,1,0,1,1,719.142857142857,4408.57142857143,405,432,6027.08571428571,195,0,0,0,12,28,18,2,46,4,2,0,0,0,0,2,0,0,0,0,0,0,0,0,0,0,1,0,0,1,0,0,0,2,0,0,0,0,0,0,4,54,0,0,0,0,1,8,29,0,0,0,0,48,0,0,0,0,1,0,0,0,8,44,2,0,11,27,0,2,1,27,0,1,0,53,4,1,0,0,0,0,0,3,6,13,8,11,19
"2016-10-18",79,147,0,0,25,25,120,4,0,0,7,2,0,5,2,0,0,0,7,0,9,9,0,0,0,0,6,6,1309.75416666667,6204.79166666667,553,991.779166666667,7865.635,1069.79166666667,0,79,0,22,21,36,0,53,10,6,0,0,0,0,0,1,0,0,0,1,0,0,0,0,0,0,2,0,0,0,0,0,2,0,0,0,0,0,0,5,70,0,0,0,0,1,14,34,1,0,0,0,37,0,0,0,0,0,0,0,0,39,48,6,0,22,32,0,3,2,35,1,3,0,33,19,22,0,0,0,0,0,2,8,30,8,13,18
"2016-10-19",74,137,0,0,21,21,104,12,2,2,8,1,0,2,3,0,0,0,3,0,7,7,0,0,0,0,4,4,1031.375,5078.25,339.166666666667,600.325,7445.44833333333,1730.95652173913,0,148,0,19,32,23,0,51,7,4,0,0,0,0,0,0,1,0,2,0,0,0,0,1,0,2,1,0,0,0,0,0,3,0,0,1,0,0,0,10,62,1,1,0,0,2,11,37,2,0,0,0,68,0,0,0,0,0,0,0,0,2,62,1,0,9,44,0,3,0,21,0,5,0,65,5,0,0,0,0,0,0,6,5,21,9,10,23
"2016-10-20",92,169,0,1,36,37,130,7,0,1,7,0,1,5,6,0,0,2,10,0,18,18,0,0,0,0,2,2,1037.3,7831.5,410.166666666667,809.216666666667,9306.75833333333,1180.66666666667,0,276,0,30,28,33,1,65,15,6,0,0,0,0,0,0,1,0,0,1,0,0,0,0,0,0,2,0,0,0,0,0,0,0,0,0,0,0,0,4,86,0,0,0,0,2,4,46,3,0,0,1,30,0,0,0,0,0,0,0,0,55,44,8,0,35,47,0,1,0,38,0,3,0,14,19,45,0,6,0,0,0,8,12,30,7,17,18
"2016-10-21",80,162,0,0,16,16,129,7,1,3,5,0,0,4,2,0,0,0,11,0,9,9,0,0,0,0,2,2,752.333333333333,7710,1010,707.333333333333,7993.6,146.666666666667,0,320,0,16,33,31,0,57,10,6,0,0,0,0,0,0,0,1,0,0,1,0,0,0,0,0,0,0,1,0,0,0,1,0,0,0,0,0,1,4,73,1,0,0,0,3,16,30,0,1,0,0,5,0,0,0,0,0,0,1,0,70,39,13,2,21,40,0,5,1,28,0,3,0,7,4,57,0,9,0,0,0,6,9,26,9,14,16
"2016-10-22",74,133,0,1,31,32,116,2,0,2,2,0,1,2,3,0,0,0,5,0,5,5,0,1,1,0,2,2,481.925,7067,650.583333333333,432.591666666667,7301.14833333333,2142.91666666667,74,370,0,24,21,28,1,52,5,2,0,0,0,0,1,0,1,0,2,1,0,0,0,0,0,1,3,0,2,0,0,1,1,0,0,0,0,0,2,12,60,2,1,0,0,0,7,46,0,0,0,0,5,0,0,0,0,0,0,0,0,69,19,7,2,44,49,0,1,0,22,0,0,0,5,1,62,0,5,0,0,0,9,6,20,8,8,23
"2016-10-23",56,109,0,0,16,16,99,1,0,0,0,0,1,5,0,0,0,0,3,0,3,3,0,1,1,0,0,0,334.133333333333,3859.33333333333,399,10.7333333333333,5545.37666666667,1166.66666666667,56,336,0,11,28,17,0,47,2,0,0,0,0,0,1,0,1,0,1,0,0,0,0,0,0,1,0,0,0,0,0,0,2,0,0,0,0,0,0,5,50,0,1,0,0,3,6,25,0,0,0,0,39,0,0,0,0,0,0,0,0,17,31,3,0,21,35,0,0,1,18,0,1,0,32,8,13,0,1,0,0,2,5,5,19,5,11,11
"2016-10-24",51,101,0,0,9,9,69,9,0,1,3,0,3,2,4,0,0,1,9,0,0,0,0,1,1,0,3,3,273.0625,3287.375,257.125,-43.5625,5106.18375,1047.625,0,0,0,8,19,24,0,43,0,3,0,0,0,0,1,0,0,0,0,1,0,0,0,0,0,0,0,0,0,0,0,0,0,0,2,0,0,0,1,1,47,3,3,0,0,3,9,20,0,0,0,0,43,0,0,0,0,1,0,0,0,3,43,1,0,5,28,0,3,0,17,0,2,0,33,13,2,0,0,0,0,0,6,3,16,9,8,9
"2016-10-25",53,101,0,0,11,11,76,7,2,3,1,0,1,0,1,0,0,0,10,0,1,1,0,1,1,0,0,0,208.773913043478,3375.86956521739,361.782608695652,-126.508695652174,5359.61347826087,1391.82608695652,0,53,0,9,24,20,0,36,2,1,0,0,0,0,0,0,1,0,3,0,0,0,0,0,0,0,0,1,0,0,0,0,6,0,0,0,0,0,2,11,39,2,1,0,1,3,4,21,1,1,0,0,50,0,0,0,0,0,0,0,0,1,37,3,0,11,27,0,3,0,21,0,2,0,35,15,0,0,0,0,0,0,3,4,18,6,9,13
"2016-10-26",49,99,0,1,20,21,77,4,0,3,5,0,0,1,5,0,0,0,4,0,3,3,0,0,0,0,5,5,94.9375,3291.16666666667,347.083333333333,-175.991666666667,5003.88,1423.04166666667,0,98,0,18,15,15,1,32,3,4,0,0,0,0,1,0,1,1,1,1,0,0,0,1,0,1,0,0,0,0,0,0,1,0,0,0,0,0,0,7,40,0,1,0,0,1,3,21,0,0,0,0,44,0,0,0,0,0,0,0,0,1,30,4,0,13,19,0,1,0,22,0,3,0,27,18,0,0,0,0,0,0,3,4,14,7,6,15
"2016-10-27",76,139,0,0,31,31,110,9,1,3,2,0,0,3,3,0,0,1,7,0,13,13,0,0,0,0,2,2,201.4,5918.5,528.833333333333,-78.2166666666667,7744.05166666667,744.166666666667,0,228,0,26,30,20,0,51,14,2,0,0,0,0,0,1,1,0,1,0,0,0,0,1,0,0,2,0,0,0,0,0,0,1,0,0,0,0,0,5,68,1,1,0,0,2,12,36,0,0,0,0,28,0,0,0,0,0,0,0,0,46,24,7,3,40,44,0,2,0,26,0,1,0,21,6,40,0,6,0,0,0,5,3,26,12,10,20
"2016-10-28",80,151,0,1,29,30,128,11,0,0,2,0,1,2,3,0,0,0,4,0,7,7,0,1,1,0,2,2,355.666666666667,7560,430,289,8093.4,1080,0,320,0,23,25,31,1,63,9,1,0,0,0,0,0,0,1,0,0,0,0,0,0,0,0,0,1,0,0,0,0,0,3,0,0,0,1,0,0,5,73,1,0,0,0,0,15,36,2,0,0,0,27,0,0,0,0,1,0,0,0,50,49,7,0,22,38,0,2,1,35,0,3,0,20,24,32,1,1,0,0,0,5,4,26,17,7,21
"2016-10-29",69,145,0,1,12,13,131,2,0,1,0,1,0,1,0,0,0,1,8,0,4,4,0,0,0,0,0,0,352.475,6563.625,419.75,302.45,6920.125,1216.125,69,345,0,9,41,18,1,52,6,0,0,0,0,0,0,0,2,0,1,0,1,0,0,0,0,1,2,0,1,0,0,0,1,0,0,0,0,0,0,9,58,0,1,0,0,1,14,35,0,0,0,0,11,0,0,0,0,0,0,0,0,54,21,8,0,37,27,0,4,0,34,0,2,0,13,12,41,0,0,0,0,0,3,5,23,18,8,12
"2016-10-30",52,100,0,2,18,20,87,0,0,0,3,0,1,3,0,0,0,1,5,0,3,3,0,0,0,0,3,3,285.35,4131.83333333333,264.333333333333,112.45,5226.585,1252.33333333333,52,312,0,13,22,15,2,35,3,3,0,1,0,0,1,0,1,1,0,0,0,0,0,0,0,2,0,0,1,0,0,0,1,0,0,0,0,0,0,6,43,0,0,0,0,2,8,23,1,0,0,0,41,0,0,0,0,0,0,0,0,9,17,6,0,27,24,0,1,1,24,0,0,0,21,25,3,0,0,0,0,0,4,7,16,7,7,11
"2016-10-31",38,72,0,0,15,15,56,3,1,2,3,0,0,1,3,0,0,1,2,0,3,3,0,0,0,0,2,2,136.325,2688.5,251.75,-47.8166666666667,3854.0075,984.833333333333,0,0,0,14,13,11,0,29,4,3,0,0,0,0,0,0,0,0,0,0,0,0,0,0,0,0,0,0,0,0,0,0,1,0,0,0,0,0,1,1,36,1,0,0,0,1,6,15,0,1,0,0,35,0,0,0,0,0,0,0,0,1,28,2,0,8,25,0,1,1,10,0,1,0,24,12,0,0,0,0,0,0,4,3,11,7,3,10
"2016-11-01",58,106,0,0,13,13,82,8,1,3,3,0,0,1,0,0,0,0,8,0,3,3,0,0,0,0,1,1,340.025,4134.91666666667,379.416666666667,53.1666666666667,5878.10666666667,1106.83333333333,0,58,0,12,21,25,0,40,5,3,0,0,0,0,0,0,0,0,0,0,0,0,0,0,0,0,2,0,1,0,0,0,0,0,0,0,0,0,3,3,48,3,0,0,0,1,8,24,2,0,0,0,49,0,0,0,0,0,0,0,0,6,41,7,0,9,25,0,4,0,26,0,1,0,37,16,3,0,0,0,0,0,5,3,14,11,9,16
"2016-11-02",81,152,0,0,19,19,116,16,0,3,2,1,2,0,5,0,0,1,6,0,4,4,0,1,1,0,1,1,978.4125,6186.375,361.125,648,8188.3575,1555.875,0,162,0,17,31,33,0,61,5,3,0,0,0,0,1,0,1,0,0,1,0,0,0,0,0,0,0,1,0,0,0,0,1,0,0,0,0,1,2,4,70,3,0,0,0,4,9,41,1,0,0,0,75,0,0,0,0,0,0,0,0,3,57,8,0,14,31,0,8,1,39,0,1,0,61,17,0,0,0,0,0,0,6,12,17,11,11,24
"2016-11-03",90,177,0,2,30,32,145,11,0,3,5,0,0,1,5,0,0,0,7,0,7,7,0,0,0,0,3,3,837.75,8171.25,603.75,705.375,9056.8875,1263.75,0,270,0,26,40,22,2,64,8,5,0,0,0,0,1,0,0,0,2,0,0,0,0,1,0,1,2,0,0,0,0,0,0,0,0,0,0,0,2,6,78,2,1,0,1,2,10,44,1,0,0,0,27,0,0,0,0,0,0,0,0,61,46,18,0,26,47,0,6,0,31,1,2,0,23,12,50,2,2,0,0,0,12,7,23,13,14,21
"2016-11-04",70,137,0,2,26,28,103,9,1,3,8,0,1,1,7,0,0,2,2,0,3,3,0,1,1,0,8,8,251.416666666667,5153.75,568.75,-52.5,7084.93333333333,1292.08333333333,0,280,0,21,22,26,1,50,4,7,0,0,0,0,1,0,1,0,0,0,0,0,0,0,0,2,0,0,0,0,0,0,2,0,0,0,0,0,1,5,62,1,1,0,1,3,6,22,0,0,0,0,59,0,0,0,0,0,0,0,0,9,46,5,0,17,38,0,5,0,25,0,1,0,51,14,3,0,0,0,0,0,7,5,23,17,3,15
"2016-11-05",55,112,0,0,16,16,90,3,0,0,1,1,1,5,4,0,0,0,7,0,2,2,0,0,0,0,0,0,312.8125,4668.125,249.791666666667,181.270833333333,5552.06666666667,1255.83333333333,55,275,0,11,24,20,0,44,3,0,0,0,0,0,0,0,1,0,0,0,0,0,0,0,0,0,0,0,2,0,0,0,2,0,0,0,0,0,2,5,47,2,0,0,0,2,7,28,2,0,0,0,30,0,0,0,0,0,0,0,0,21,20,2,1,30,27,0,3,0,22,0,0,0,24,14,10,0,1,0,0,0,5,2,22,7,9,10
"2016-11-06",47,88,0,0,11,11,79,0,0,2,0,0,3,0,0,0,0,1,3,0,1,1,0,1,1,0,0,0,256.933333333333,3235.16666666667,407.333333333333,3.13333333333333,4781.01625,730.458333333333,47,282,0,10,22,15,0,37,2,0,0,0,0,0,0,0,1,1,0,0,0,0,0,0,0,0,2,0,0,0,0,0,1,0,0,0,0,0,1,5,39,1,0,0,0,1,3,19,0,0,0,0,33,0,0,0,0,0,0,0,0,10,23,1,0,18,20,0,2,0,21,0,0,0,36,4,3,0,0,0,0,0,5,4,11,5,10,12
"2016-11-07",68,133,0,1,14,15,103,11,2,3,1,1,0,4,0,0,0,0,8,0,7,7,0,0,0,0,1,1,391.283333333333,4709,337.166666666667,26.0666666666667,6939.17333333333,1493.16666666667,0,0,0,14,26,27,1,52,8,1,0,0,0,0,0,0,2,1,0,0,0,0,0,0,0,2,0,0,1,0,0,0,0,0,0,0,0,0,0,6,61,0,0,0,0,1,16,29,0,0,0,0,63,0,0,0,0,1,0,0,0,0,48,4,0,10,26,0,1,0,30,0,7,0,62,1,0,0,0,0,0,0,9,4,15,10,11,19
"2016-11-08",60,112,0,0,15,15,86,14,0,1,4,0,0,0,3,0,0,0,4,0,5,5,0,0,0,0,2,2,597.5,3772.5,365,180,6050.975,1115,0,60,0,12,20,28,0,46,6,3,0,0,0,0,1,0,0,1,0,0,0,0,0,0,0,1,0,0,0,0,0,0,1,0,0,0,0,0,0,3,56,0,0,0,0,3,8,29,0,0,0,0,57,0,0,0,0,0,0,0,0,0,35,3,0,19,30,0,4,1,20,0,2,0,53,4,0,0,0,0,0,0,4,4,18,8,7,19
"2016-11-09",66,124,0,1,24,25,97,8,0,1,4,0,1,2,5,0,0,0,6,0,7,7,0,0,0,0,4,4,452.375,4598,679.25,105.6,6627.885,1320,0,132,0,23,23,19,1,45,7,4,0,0,0,0,0,0,0,0,0,1,0,0,0,0,0,2,1,1,1,0,0,0,0,0,0,0,0,0,1,6,56,1,0,0,0,4,8,23,0,1,0,0,59,0,0,0,0,0,0,0,0,4,40,4,0,16,32,0,5,1,21,0,2,0,49,10,2,0,0,0,0,0,8,5,16,10,13,14
"2016-11-10",57,106,0,0,10,10,80,6,1,1,4,0,0,2,5,0,0,0,7,0,4,4,0,0,0,0,2,2,315.875,4016.125,427.5,27.075,5689.36,1097.25,0,171,0,10,20,27,0,36,3,4,0,2,0,0,1,0,0,1,1,0,0,0,0,0,0,2,1,1,2,0,0,0,2,0,0,0,0,0,0,10,46,0,1,0,0,3,8,28,1,0,0,0,54,0,0,0,0,0,0,0,0,0,31,0,0,25,27,0,4,1,21,1,2,0,46,9,0,0,0,0,0,0,4,3,16,10,6,18
"2016-11-11",64,112,0,1,23,24,91,7,0,0,0,2,0,3,1,0,0,2,6,0,12,12,0,0,0,0,0,0,336.266666666667,3850.66666666667,744,-125.6,6388.50666666667,1240,0,256,0,21,17,25,1,39,12,0,1,1,0,0,0,2,2,0,1,1,0,0,0,0,0,0,1,0,0,0,0,0,1,0,0,0,0,0,1,6,55,1,2,0,1,4,8,28,0,0,0,0,53,0,0,0,0,0,0,0,0,7,31,4,0,26,30,0,7,0,22,0,2,0,46,9,4,0,0,0,0,1,11,4,20,10,7,12
"2016-11-12",62,120,0,0,19,19,106,2,0,0,2,0,1,3,1,0,0,0,5,0,2,2,0,1,1,0,2,2,180.316666666667,3882.75,493.416666666667,-219.583333333333,6262.98166666667,1361.41666666667,62,310,0,15,20,27,0,45,3,2,0,0,0,0,3,2,0,1,0,0,0,1,0,0,0,0,0,0,1,0,0,0,1,0,0,0,0,0,0,4,55,0,0,1,0,2,8,27,0,0,0,0,59,0,0,0,0,0,0,0,0,1,25,4,0,30,33,0,1,0,26,0,0,0,51,6,1,0,0,0,0,0,4,5,18,11,9,15
"2016-11-13",45,85,1,0,15,16,71,4,0,2,0,0,0,1,1,0,0,0,6,1,2,3,0,0,0,0,0,0,383.625,2958.75,418.125,110.25,4514.175,898.125,45,270,1,11,22,11,0,32,4,0,0,0,0,0,1,0,0,0,2,2,0,1,0,1,0,0,0,0,0,0,0,0,0,0,0,0,0,0,2,6,37,2,0,0,0,0,4,25,0,0,0,0,43,0,0,0,0,0,0,0,0,1,25,2,0,16,24,0,0,0,18,1,1,0,39,4,0,0,0,0,0,0,4,5,14,8,7,7
"2016-11-14",52,103,0,0,10,10,78,12,0,1,2,0,0,3,2,0,0,0,5,0,6,6,0,0,0,0,1,1,499.416666666667,3338.83333333333,318.5,156.433333333333,5220.36666666667,1159.16666666667,0,0,0,7,17,28,0,38,3,1,0,0,0,0,0,0,2,0,1,0,0,0,0,0,0,2,0,0,0,0,0,0,1,0,0,0,0,0,1,6,42,1,0,0,0,2,7,20,0,1,0,0,50,0,0,0,0,0,0,0,0,0,37,4,0,10,27,0,3,1,16,0,4,0,47,3,0,0,0,0,0,0,8,5,12,11,5,11
"2016-11-15",68,133,0,1,16,17,95,13,1,2,3,0,1,6,2,0,0,0,10,0,5,5,0,1,1,0,2,2,539.183333333333,5094.33333333333,470.333333333333,249.05,6836.32333333333,903.833333333333,0,68,0,12,28,27,1,49,7,3,0,0,0,0,0,0,1,1,1,0,1,0,0,1,0,1,0,0,0,0,0,0,1,0,0,0,0,0,0,7,59,0,0,0,0,5,10,24,2,0,0,0,58,0,0,0,0,0,0,0,0,6,37,6,0,21,35,0,6,0,23,0,1,0,51,8,5,0,0,0,0,0,6,5,16,13,8,20
"2016-11-16",72,143,0,1,17,18,107,16,1,3,2,0,0,2,6,0,0,0,6,0,3,3,0,0,0,0,2,2,504,6795,477,440.7,7186.53,1149,0,144,0,13,33,25,1,56,4,2,0,1,0,0,0,0,1,0,0,0,0,0,0,0,0,1,3,0,0,0,0,0,0,0,0,0,0,0,1,5,63,1,0,0,0,1,14,37,0,0,0,0,21,0,0,0,0,1,0,0,0,48,32,7,2,30,33,0,3,1,33,0,1,0,21,19,29,0,0,0,0,0,7,9,16,15,8,17
"2016-11-17",61,112,1,0,18,19,94,5,0,1,0,0,0,2,8,0,0,0,2,1,4,5,0,0,0,0,0,0,451.908333333333,5035.04166666667,348.208333333333,279.8375,6147.07166666667,1761.375,0,183,1,14,26,20,0,44,5,0,0,0,0,0,1,0,1,0,0,1,0,0,0,0,0,0,0,0,1,0,0,0,2,1,0,0,0,0,0,5,50,1,0,0,0,4,4,35,1,0,0,0,51,0,0,0,0,0,0,0,0,5,35,5,0,18,26,0,3,0,25,0,2,0,43,12,1,0,0,0,0,0,5,6,15,3,17,15
"2016-11-18",56,104,0,1,13,14,77,11,1,2,3,0,0,3,2,0,0,0,5,0,4,4,0,0,0,0,2,2,302.166666666667,5252.33333333333,277.666666666667,247.8,5662.23,767.666666666667,0,224,0,13,17,25,1,40,5,3,0,1,0,0,0,0,0,1,0,0,0,0,0,1,0,1,0,0,0,0,0,0,0,0,0,0,0,0,1,3,49,1,0,0,0,3,6,17,1,0,0,0,47,0,0,0,0,0,0,0,1,4,34,5,1,13,31,0,2,0,17,0,3,0,41,9,2,2,0,0,0,0,7,0,11,12,10,16
"2016-11-19",53,105,1,0,16,17,91,3,0,0,2,0,0,2,1,0,0,0,6,1,2,3,0,0,0,0,1,1,279.575,4845.08333333333,450.5,206.0375,5301.54583333333,715.5,53,265,1,15,18,19,0,40,3,1,0,0,0,0,0,1,1,0,2,0,0,0,0,0,0,1,1,0,1,0,0,0,1,0,0,0,0,0,0,7,45,0,1,0,0,4,4,22,0,0,0,0,49,0,0,0,0,0,0,0,0,1,28,2,0,22,30,0,0,1,20,0,2,0,47,4,0,0,0,0,0,0,1,8,13,14,9,8
"2016-11-20",54,103,0,1,29,30,94,3,0,0,1,0,0,2,1,0,0,0,2,0,10,10,0,0,0,0,1,1,157.5,5071.5,312.75,106.875,5313.645,1273.5,54,324,0,21,20,12,1,40,8,1,0,0,0,0,0,0,0,0,0,1,0,0,0,0,1,0,1,0,0,0,0,0,0,0,0,0,0,0,0,3,49,0,0,0,0,3,2,31,0,0,0,0,9,0,0,0,0,0,1,1,1,40,14,5,1,34,28,0,2,0,23,0,1,0,7,3,23,0,1,18,0,0,5,3,11,12,7,16
"2016-11-21",128,237,0,1,30,31,201,12,3,2,0,0,0,1,4,0,0,0,14,0,10,10,0,0,0,0,0,0,-179.2,11968,5.33333333333333,-298.666666666667,12605.12,0,0,0,0,27,60,40,1,95,10,1,0,0,0,0,0,0,4,2,2,1,0,0,0,0,0,2,3,0,1,0,0,0,3,0,0,0,0,0,0,18,106,0,0,1,0,5,17,53,0,0,0,0,2,4,27,0,0,0,16,46,0,30,68,18,1,38,55,0,7,0,58,1,4,0,15,20,5,0,0,84,2,0,21,11,30,20,16,30
"2016-11-22",55,109,0,0,9,9,93,4,2,2,0,0,0,1,1,0,0,1,5,0,4,4,0,0,0,0,0,0,-65.5416666666667,4335.83333333333,100.833333333333,-243.833333333333,5514.50625,479.285714285714,0,55,0,9,30,16,0,46,4,0,1,0,0,0,0,0,0,0,1,0,0,0,0,0,0,0,0,0,0,0,0,0,0,0,0,0,1,0,0,1,51,1,0,0,0,3,9,20,0,0,0,0,15,1,11,0,0,0,4,5,0,19,33,5,0,16,23,0,3,0,26,0,1,0,25,20,1,0,0,7,0,1,5,4,19,14,4,9
"2016-11-23",50,93,0,0,12,12,80,4,2,1,0,1,0,1,1,0,0,0,3,0,2,2,0,0,0,0,0,0,-59.5833333333333,4195.83333333333,275,-178.75,5076.33333333333,1152.17391304348,0,100,0,10,21,19,0,40,3,0,0,0,0,0,0,0,0,1,1,0,0,0,0,1,0,0,0,0,1,0,0,0,2,0,0,0,0,0,0,6,43,0,1,0,0,1,5,24,0,0,0,0,36,1,1,0,0,0,1,1,0,8,37,5,0,7,33,0,4,0,12,0,0,0,43,5,0,0,0,0,0,0,9,1,12,9,7,12