"Date","NB_Accidents","NB_VEH_IMPLIQUES_ACCDN","NB_MORTS","NB_BLESSES_GRAVES","NB_BLESSES_LEGERS","NB_VICTIMES_TOTAL","nb_automobile_camion_leger","nb_camionLourd_tractRoutier","nb_outil_equipement","nb_tous_autobus_minibus","nb_bicyclette","nb_cyclomoteur","nb_motocyclette","nb_taxi","nb_urgence","nb_motoneige","nb_VHR","nb_autres_types","nb_veh_non_precise","NB_DECES_PIETON","NB_BLESSES_PIETON","NB_VICTIMES_PIETON","NB_DECES_MOTO","NB_BLESSES_MOTO","NB_VICTIMES_MOTO","NB_DECES_VELO","NB_BLESSES_VELO","NB_VICTIMES_VELO","Temp","Rel.Hum","Wind.Spd","Dew.Point.Temp","Stn_Press","Wind.Dir","weekdays","days","SeverityDeadly","SeverityLight Injury","SeverityMaterial High","SeverityMaterial Low","SeveritySevere Injury","as.factor(Accident_Type)31","as.factor(Accident_Type)32","as.factor(Accident_Type)33","as.factor(Accident_Type)34","as.factor(Accident_Type)35","as.factor(Accident_Type)36","as.factor(Accident_Type)37","as.factor(Accident_Type)38","as.factor(Accident_Type)39","as.factor(Accident_Type)40","as.factor(Accident_Type)41","as.factor(Accident_Type)42","as.factor(Accident_Type)43","as.factor(Accident_Type)44","as.factor(Accident_Type)45","as.factor(Accident_Type)46","as.factor(Accident_Type)47","as.factor(Accident_Type)48","as.factor(Accident_Type)49","as.factor(Accident_Type)50","as.factor(Accident_Type)51","as.factor(Accident_Type)52","as.factor(Accident_Type)53","as.factor(Accident_Type)54","as.factor(Accident_Type)55","as.factor(Accident_Type)59","as.factor(Accident_Type)71","as.factor(Accident_Type)72","as.factor(Accident_Type)73","as.factor(Accident_Type)74","as.factor(Accident_Type)75","as.factor(Accident_Type)99","Accident_CategoryFixed Object","Accident_CategoryMoving Object","Accident_CategoryNo Collision","Auth_Speed10","Auth_Speed100","Auth_Speed20","Auth_Speed30","Auth_Speed40","Auth_Speed50","Auth_Speed60","Auth_Speed70","Auth_Speed80","Auth_Speed90","Surface_CondDry","Surface_CondHard snow","Surface_CondIce","Surface_CondMud","Surface_CondOil","Surface_CondSand or gravel","Surface_CondSlush","Surface_CondSnow","Surface_CondWater accumulation","Surface_CondWet","IlluminationDay and clear","IlluminationDay and semi-dark","IlluminationNight and dark","IlluminationNight and lighted","EnvironmentCommercial","EnvironmentForest","EnvironmentIndustrial","EnvironmentPark","EnvironmentResidential","EnvironmentRural","EnvironmentSchool area","WeatherBlack Ice","WeatherClear Sky","WeatherCloudy","WeatherDrizzle","WeatherFoggy","WeatherHeavy Rain","WeatherSnow","WeatherSnowstorms","WeatherStrong Wind","cluster_id_0","cluster_id_1","cluster_id_2","cluster_id_3","cluster_id_4","cluster_id_5"
"2016-11-24",71,128,1,1,24,26,104,14,1,2,2,0,0,1,3,0,0,0,1,1,9,10,0,0,0,0,2,2,-34.0208333333333,6573.41666666667,363.875,-111.529166666667,7215.96666666667,497,0,213,1,16,27,26,1,51,7,2,0,0,0,0,1,0,0,1,1,1,0,0,0,0,0,1,0,0,2,0,0,0,2,0,0,0,0,0,1,8,61,1,0,0,0,3,7,37,0,0,0,0,16,0,0,0,0,0,2,3,0,47,32,8,0,27,26,1,5,0,34,0,2,0,19,17,9,0,0,22,0,0,8,7,10,12,7,27
"2016-11-25",60,119,0,0,25,25,99,5,0,2,1,0,0,1,3,0,0,0,8,0,3,3,0,0,0,0,1,1,42.5,5997.5,332.5,42,6078.775,855,0,240,0,18,20,22,0,48,4,1,0,0,0,0,0,1,0,0,0,0,0,0,0,0,0,0,1,0,0,0,0,0,3,0,0,0,0,0,0,4,54,0,1,0,0,1,7,24,1,0,0,0,17,0,0,0,0,0,0,1,0,38,27,9,0,23,35,0,5,0,17,0,0,0,15,19,10,9,0,3,0,0,2,8,14,9,12,15
"2016-11-26",60,119,0,1,16,17,104,2,0,1,0,0,0,5,0,0,0,0,7,0,3,3,0,0,0,0,0,0,113,5717.5,137.5,71.75,6058.55,1360,60,300,0,13,29,17,1,46,4,0,0,0,0,0,1,0,1,1,1,2,0,0,0,0,0,0,1,0,0,0,0,0,0,0,0,0,0,0,0,6,51,0,0,0,0,2,7,26,0,0,0,0,14,0,0,0,0,0,0,0,0,45,21,3,0,35,31,0,2,0,24,0,0,0,24,19,8,8,0,0,0,0,7,1,19,9,11,13
"2016-11-27",37,78,0,1,4,5,69,2,0,0,0,0,0,3,3,0,0,0,1,0,2,2,0,0,0,0,0,0,28.9833333333333,3118.79166666667,135.666666666667,-59.0458333333333,3733.71625,1069.91666666667,37,222,0,4,20,12,1,34,2,0,0,0,0,0,0,0,0,0,0,0,0,0,0,0,0,0,0,0,0,0,0,0,0,0,0,0,0,0,0,0,36,0,0,0,0,0,4,18,0,0,1,0,24,0,0,0,0,0,0,0,0,9,20,0,0,15,11,0,3,1,21,0,0,0,18,11,3,0,0,0,0,0,5,2,5,9,5,11
"2016-11-28",40,76,0,0,18,18,60,5,0,1,2,1,0,1,0,0,0,0,6,0,6,6,0,0,0,0,2,2,-45.6666666666667,3151.66666666667,191.666666666667,-174.333333333333,4048.56666666667,871.666666666667,0,0,0,15,11,14,0,27,6,1,0,1,0,0,0,1,0,0,0,0,0,0,0,0,0,0,0,0,0,0,0,0,0,0,0,0,0,0,1,0,36,1,0,0,0,3,7,23,0,0,0,0,36,0,1,0,0,0,0,0,0,2,17,3,1,18,15,0,4,0,17,0,3,0,26,13,0,0,0,0,0,0,4,3,8,6,8,11
"2016-11-29",58,111,0,2,21,23,98,6,0,1,0,0,0,1,0,0,0,0,5,0,9,9,0,0,0,0,0,0,33.1083333333333,5507.58333333333,461.583333333333,-9.425,5828.29916666667,350.416666666667,0,58,0,18,14,24,2,41,11,0,0,1,0,1,0,0,0,0,0,0,0,0,0,0,0,0,0,0,0,0,0,0,1,0,0,0,0,0,0,1,54,0,0,0,0,2,6,25,1,0,0,0,7,1,6,0,0,0,0,0,0,44,30,8,0,20,35,0,1,0,16,0,2,1,8,10,34,3,1,1,0,0,2,4,15,8,7,22
"2016-11-30",66,121,0,0,18,18,104,2,0,1,0,1,0,6,2,0,0,0,5,0,9,9,0,0,0,0,0,0,218.075,6558.75,514.25,212.025,6610.5325,434.5,0,132,0,17,16,33,0,50,12,0,0,0,0,0,0,1,0,0,0,0,0,0,0,0,0,0,1,0,0,0,0,0,0,0,0,0,0,0,1,1,63,1,1,0,0,0,12,27,0,0,0,0,18,0,0,0,0,0,0,0,0,45,21,7,0,35,32,0,2,0,27,0,2,0,13,18,27,1,2,0,0,0,6,3,15,13,10,19
"2016-12-01",65,120,0,2,26,28,93,16,1,0,1,0,0,3,1,0,0,0,5,0,14,14,0,0,0,0,1,1,421.145833333333,5779.58333333333,492.916666666667,309.5625,6427.95833333333,1170,0,195,0,22,26,15,2,40,14,1,0,0,0,0,0,0,3,1,0,0,0,0,0,0,0,0,0,0,1,0,0,0,0,0,0,1,0,2,0,5,55,3,0,0,0,3,8,30,1,1,0,0,10,0,0,0,0,0,0,1,1,50,23,10,0,30,33,1,7,0,23,0,1,0,9,14,35,0,4,0,0,0,9,4,19,7,13,13
"2016-12-02",66,130,0,2,21,23,109,7,1,1,4,0,0,3,0,0,0,0,5,0,5,5,0,0,0,0,3,3,271.15,5676,398.75,130.075,6567.825,1430,0,264,0,17,29,18,2,50,5,4,0,0,0,0,0,0,0,0,0,0,0,0,0,0,0,2,0,0,1,0,0,0,0,0,0,0,0,0,1,3,59,1,0,0,0,1,8,26,1,0,0,0,20,1,0,0,0,0,0,0,0,41,30,8,0,23,29,0,3,0,28,0,3,0,24,23,13,0,1,0,0,0,5,0,16,18,12,15
"2016-12-03",41,80,0,0,13,13,63,4,0,1,3,0,0,0,0,0,0,0,9,0,3,3,0,0,0,0,2,2,58.425,3191.16666666667,261.375,-84.5625,4122.05458333333,1171.91666666667,41,205,0,11,22,8,0,26,3,3,0,0,0,0,0,0,1,1,0,0,0,0,0,0,0,0,0,0,1,0,0,0,1,0,0,0,0,1,0,4,32,1,1,0,0,3,3,24,0,0,0,1,27,0,0,0,0,0,0,0,0,12,18,4,0,15,20,0,0,0,19,0,0,0,24,10,4,0,0,1,0,0,2,5,10,8,4,12
"2016-12-04",49,94,0,2,12,14,83,2,0,0,3,0,0,1,1,0,0,0,4,0,2,2,0,0,0,0,3,3,-47.9791666666667,3446.33333333333,289.916666666667,-281.341666666667,4968.82458333333,1182.125,49,294,0,11,20,16,2,35,1,3,0,0,0,0,0,0,3,0,2,0,1,0,0,0,0,0,1,0,0,0,0,0,0,0,0,0,0,0,0,7,39,0,0,0,0,3,6,25,0,0,0,0,38,0,1,0,0,0,0,2,0,4,21,4,2,17,23,0,2,0,18,0,3,0,37,3,0,0,0,4,0,0,5,3,12,7,5,17
"2016-12-05",129,264,0,0,36,36,209,16,9,4,2,0,0,5,4,0,0,1,14,0,4,4,0,0,0,0,2,2,-415.4875,11653,752.5,-593.4,12974.605,1429.75,0,0,0,29,46,54,0,93,4,1,0,0,0,0,0,0,3,1,5,1,0,0,0,0,0,4,4,1,3,0,0,0,1,0,0,0,0,1,2,23,98,3,1,0,0,7,22,44,1,0,0,0,1,4,20,0,0,0,9,85,0,8,95,9,1,21,42,0,6,0,76,0,4,0,13,14,0,0,0,97,3,1,22,12,24,27,13,31
"2016-12-06",58,118,0,1,12,13,89,7,5,0,0,0,0,1,2,0,0,0,14,0,6,6,0,0,0,0,0,0,-40.8416666666667,5009.75,265.833333333333,-157.566666666667,5855.68,1017.41666666667,0,58,0,11,24,22,1,47,6,0,0,0,0,0,0,0,0,0,0,0,0,0,0,0,0,1,1,0,1,0,0,0,0,0,0,0,0,0,0,3,53,0,0,0,0,4,5,23,0,0,0,0,14,0,2,0,0,0,3,10,1,27,29,6,1,21,31,0,1,0,22,0,2,0,40,14,0,0,0,2,0,0,5,8,14,6,3,22
"2016-12-07",59,120,0,0,18,18,98,8,1,1,2,0,0,0,1,0,0,0,9,0,6,6,0,0,0,0,0,0,56.05,5162.5,322.041666666667,-58.0166666666667,5917.97041666667,850.583333333333,0,118,0,13,31,15,0,44,6,1,0,0,0,0,1,0,1,1,1,0,0,0,0,0,0,0,0,0,0,0,0,0,2,0,0,0,0,0,0,5,52,0,0,0,0,5,8,30,1,0,0,0,16,0,0,0,0,0,6,6,0,29,31,9,0,18,27,0,4,0,24,1,2,0,28,14,5,1,0,8,0,0,2,4,21,4,9,19
"2016-12-08",71,132,0,0,13,13,110,4,0,2,0,0,0,3,2,0,0,1,10,0,4,4,0,0,0,0,0,0,64.4916666666667,5493.625,420.083333333333,-191.108333333333,7094.23125,1375.625,0,213,0,12,28,31,0,53,6,0,0,0,0,0,0,0,2,0,0,0,0,0,0,0,0,2,2,0,0,0,0,0,2,0,0,0,0,0,0,8,59,0,0,0,0,1,11,42,1,0,0,0,21,0,3,0,0,0,5,24,0,16,23,7,0,35,32,0,5,0,27,0,2,0,26,11,1,0,0,29,2,0,10,3,23,10,7,18
"2016-12-09",76,152,0,0,25,25,129,12,0,1,1,0,0,4,1,0,0,1,3,0,5,5,0,0,0,0,1,1,-367.966666666667,5095.16666666667,475,-775.2,7653.23166666667,1402.83333333333,0,304,0,22,22,32,0,58,7,1,0,0,0,0,0,0,0,0,1,1,0,0,0,1,0,1,1,0,0,0,0,0,1,0,0,0,0,0,0,6,66,0,1,0,0,3,11,31,0,0,0,0,22,6,21,0,0,0,1,6,0,17,50,4,0,20,34,0,6,0,33,0,1,0,50,13,0,0,0,10,0,0,13,7,18,9,6,23
"2016-12-10",46,84,1,0,13,14,71,4,1,2,0,0,0,2,0,0,0,0,4,1,3,4,0,0,0,0,0,0,-323.725,2876.91666666667,187.833333333333,-601.258333333333,4679.88666666667,1155.75,46,230,1,10,16,19,0,36,5,0,0,0,0,0,0,0,0,0,2,1,0,0,0,0,0,0,1,0,0,0,0,0,0,0,0,0,0,0,0,4,41,0,0,0,0,1,3,16,3,0,0,0,27,1,0,0,0,0,0,5,0,9,23,2,0,18,21,0,3,0,19,0,1,0,36,6,0,0,0,0,0,0,3,0,10,4,15,14
"2016-12-11",46,86,0,4,10,14,73,1,1,0,1,0,0,4,2,0,0,0,4,0,6,6,0,0,0,0,1,1,-302.066666666667,3446.16666666667,185.916666666667,-478.975,4689.54666666667,793.5,46,276,0,9,17,16,4,33,7,1,0,0,0,0,0,0,0,0,1,1,0,0,0,0,0,1,0,0,2,0,0,0,0,0,0,0,0,0,0,5,41,0,0,0,0,1,3,23,1,0,0,0,28,0,0,0,0,1,1,5,0,10,19,0,1,25,21,0,6,0,16,0,2,0,32,8,1,0,0,4,0,0,2,6,16,3,7,12
"2016-12-12",86,171,0,0,10,10,126,12,5,4,2,0,0,3,4,0,0,1,14,0,4,4,0,0,0,0,0,0,-378.4,8166.41666666667,566.166666666667,-436.808333333333,8604.01333333333,1254.16666666667,0,0,0,10,37,39,0,64,5,1,0,0,0,0,0,0,6,0,1,1,0,0,0,0,0,1,1,0,2,0,0,0,2,0,0,0,0,0,0,14,70,0,1,0,1,4,16,34,1,0,0,0,1,1,1,0,0,0,7,69,0,1,51,9,0,24,31,0,7,1,45,0,1,0,14,4,0,1,0,53,9,0,9,6,24,14,13,20
"2016-12-13",66,129,0,0,20,20,103,4,2,1,0,0,0,3,3,0,0,0,13,0,2,2,0,0,0,0,0,0,-140.525,5337.75,420.75,-331.375,6636.41,1328.25,0,66,0,14,28,24,0,48,3,0,0,0,0,0,0,0,4,1,2,0,0,0,0,0,0,1,1,0,1,0,0,0,1,0,0,0,0,1,1,11,51,2,1,0,0,1,8,29,1,0,0,0,2,1,1,0,0,0,7,34,0,20,30,5,0,31,28,0,7,0,29,0,1,0,30,20,1,0,0,12,2,0,13,11,12,5,12,13
"2016-12-14",73,146,0,1,8,9,115,11,7,1,1,0,0,1,3,0,0,1,6,0,4,4,0,0,0,0,1,1,-302.645833333333,5514.54166666667,511,-577.6125,7305.44458333333,1615.125,0,146,0,8,41,23,1,56,5,1,0,0,0,0,0,0,2,1,2,1,0,0,0,0,0,1,0,0,1,0,0,0,1,0,0,0,0,0,0,9,62,0,0,0,0,2,9,38,0,0,0,0,7,2,2,0,0,0,14,22,0,25,41,7,0,23,35,0,2,1,32,0,2,0,44,16,0,0,0,11,0,0,2,13,17,11,13,17
"2016-12-15",77,150,0,1,14,15,122,7,3,3,1,0,0,1,1,0,0,0,12,0,3,3,0,0,0,0,1,1,-1002.28333333333,4915.16666666667,548.625,-1443.42916666667,7691.7225,1947.45833333333,0,231,0,13,46,17,1,54,4,1,0,0,0,1,0,0,1,0,2,0,0,0,0,0,0,0,2,1,0,0,0,0,3,0,0,0,1,0,0,9,60,1,1,0,0,4,12,34,1,0,0,0,6,6,8,0,0,0,9,22,0,19,28,9,0,36,28,0,1,1,43,0,1,0,37,23,0,0,0,8,0,1,15,3,23,10,11,15
"2016-12-16",85,175,0,0,19,19,141,16,3,0,0,0,0,2,4,0,0,0,9,0,1,1,0,0,0,0,0,0,-1618.1875,5751.66666666667,453.333333333333,-2013.79166666667,8638.05416666667,1728.33333333333,0,340,0,14,36,35,0,69,2,0,0,0,0,0,0,0,2,0,1,0,0,1,0,0,1,0,0,0,1,0,0,0,2,0,0,0,0,0,3,8,71,3,0,0,1,1,12,39,0,0,0,0,17,10,9,0,0,0,7,30,0,7,43,12,0,27,37,0,9,0,31,1,0,0,54,12,0,1,0,13,1,0,6,3,16,15,22,23
"2016-12-17",90,190,0,0,16,16,163,6,2,1,1,0,0,2,0,0,0,1,14,0,1,1,0,0,0,0,1,1,-1000.875,8370,671.25,-1083,9052.35,1946.25,90,450,0,14,44,32,0,74,1,1,0,0,0,0,0,0,1,0,2,1,1,0,0,0,0,0,2,0,1,0,0,0,1,0,0,0,0,0,0,9,76,0,0,0,0,2,12,43,1,0,0,0,1,1,4,0,0,0,9,72,0,1,42,8,0,38,34,0,1,0,52,0,1,1,20,15,0,0,0,49,2,0,6,2,15,16,17,34
"2016-12-18",71,135,0,0,23,23,112,2,4,3,0,0,0,4,3,0,0,0,7,0,4,4,0,0,0,0,0,0,-501.733333333333,6458.04166666667,266.25,-590.779166666667,7121.71416666667,370.777777777778,71,426,0,16,34,21,0,55,4,0,0,0,0,0,0,0,3,1,1,0,1,0,0,0,0,0,0,0,0,0,0,0,1,0,0,0,0,1,1,7,59,2,0,0,0,4,3,34,0,2,0,0,1,2,9,0,0,0,13,40,0,5,25,4,1,39,32,0,2,2,33,0,1,4,25,14,2,0,0,25,0,0,7,4,17,16,13,14
"2016-12-19",79,143,1,0,24,25,111,13,2,3,0,0,0,1,2,0,0,2,9,1,8,9,0,0,0,0,0,0,-1235.69166666667,6168.58333333333,0,-1470.3875,8138.74458333333,1489.45173611111,0,0,1,20,30,28,0,59,9,0,1,0,0,0,2,0,1,0,1,0,0,0,0,1,1,1,1,0,0,0,0,0,0,0,0,0,0,0,0,6,71,0,0,0,0,3,11,34,0,0,0,0,7,5,7,0,0,0,9,31,0,13,45,4,0,24,34,0,7,0,31,0,2,0,58,10,0,0,0,3,0,0,7,7,15,16,12,22
"2016-12-20",63,111,0,0,17,17,84,8,1,4,0,0,0,0,7,0,0,1,6,0,3,3,0,0,0,0,0,0,-399,4740.75,76.125,-632.3625,6397.99125,1181.25,0,63,0,12,24,27,0,44,6,0,0,0,0,0,3,0,1,0,2,0,0,1,0,0,0,1,0,0,0,0,0,0,1,0,0,0,0,0,0,6,53,0,0,0,1,2,8,22,1,1,0,0,7,7,1,0,0,0,11,18,0,14,34,4,2,17,35,0,5,1,17,0,1,0,42,14,0,0,0,2,0,0,8,1,17,9,12,16
"2016-12-21",75,141,0,0,13,13,116,11,2,0,0,0,0,3,2,0,0,1,6,0,5,5,0,0,0,0,0,0,57.1875,5684.375,578.125,-228.75,7538.875,1493.75,0,150,0,11,36,28,0,58,7,0,0,1,0,0,0,0,3,0,1,1,0,0,0,0,0,1,0,0,0,0,0,0,0,0,0,0,0,0,2,6,66,2,0,0,0,4,5,31,1,2,0,0,12,1,0,0,0,0,7,13,0,39,42,6,0,26,37,0,8,1,26,2,1,0,56,17,0,0,0,0,0,0,9,5,17,10,16,18
"2016-12-22",68,132,0,0,9,9,105,15,2,3,0,0,0,2,0,0,0,0,5,0,3,3,0,0,0,0,0,0,48.1666666666667,6176.66666666667,294.666666666667,-43.9166666666667,6838.505,1379.83333333333,0,204,0,9,28,31,0,52,4,0,0,0,0,0,0,0,0,0,0,1,0,0,0,0,1,3,0,0,0,0,0,0,1,0,0,0,0,0,3,6,56,3,0,0,0,2,11,28,0,0,0,0,5,1,0,0,0,0,9,18,0,33,42,9,0,17,30,0,5,0,31,0,2,0,28,20,0,0,0,19,0,1,10,4,15,13,5,21
"2016-12-23",52,102,0,1,8,9,85,1,1,1,0,0,0,1,2,0,0,0,11,0,3,3,0,0,0,0,0,0,73.06,4206.8,423.8,-78.78,5266.69,1008.8,0,208,0,7,26,18,1,37,3,0,0,1,0,0,2,0,1,0,0,0,0,0,0,0,1,1,1,0,0,0,0,0,1,0,0,0,0,0,0,5,43,0,0,0,0,3,7,16,1,0,0,0,6,2,1,0,0,0,2,7,0,29,15,8,0,26,26,0,2,0,22,0,0,0,35,9,0,0,0,2,0,0,6,5,10,7,12,12
"2016-12-24",53,102,0,0,12,12,86,3,2,1,2,0,0,3,1,0,0,0,4,0,1,1,0,0,0,0,1,1,104.233333333333,4306.25,318,-53,5337.05583333333,984.916666666666,53,265,0,9,27,17,0,38,1,2,0,0,0,0,1,0,2,1,1,2,0,0,0,0,0,0,0,0,1,0,0,0,1,0,0,0,1,0,0,8,42,1,0,0,0,3,10,21,2,0,0,0,5,1,4,0,0,0,4,19,0,19,30,3,0,20,24,0,2,0,25,0,2,0,28,4,1,0,0,18,0,0,3,4,10,13,8,15
"2016-12-25",39,76,1,1,11,13,62,0,0,0,0,0,0,4,1,0,0,1,8,0,1,1,0,0,0,0,0,0,-149.6625,2193.75,364,-451.5875,4000.89625,685.75,39,234,1,8,20,9,1,30,1,0,0,0,0,0,0,0,0,0,2,0,1,0,1,0,1,1,0,0,1,0,0,0,0,0,0,0,0,0,0,7,31,0,0,0,0,2,5,23,0,1,0,0,11,2,8,0,0,0,2,4,0,9,15,1,0,21,14,0,0,0,25,0,0,0,24,6,1,0,1,2,0,0,4,3,9,4,6,13
"2016-12-26",90,176,0,0,15,15,145,1,3,2,0,0,0,4,5,0,0,0,16,0,4,4,0,0,0,0,0,0,-631.5,7365,675,-863.25,9179.925,870,0,0,0,12,33,45,0,66,4,0,0,0,0,0,0,0,4,1,6,0,1,0,0,0,0,0,0,1,1,1,0,0,3,0,0,0,0,0,1,18,70,1,1,0,0,2,12,33,1,0,0,0,6,3,67,0,0,0,2,5,0,6,22,19,0,48,32,0,3,0,51,0,0,49,12,5,11,0,2,10,1,0,15,13,15,13,11,23
"2016-12-27",35,70,0,0,5,5,53,6,1,0,0,0,0,0,4,0,0,1,5,0,1,1,0,0,0,0,0,0,107.770833333333,2884.58333333333,271.25,9.33333333333333,3484.65833333333,681.041666666667,0,35,0,5,15,15,0,29,1,0,0,0,0,0,0,0,1,0,0,1,0,0,0,0,1,0,0,0,0,0,0,0,0,0,0,0,0,0,1,3,30,1,0,0,0,1,5,14,0,0,0,0,3,0,17,0,0,0,0,2,0,13,15,3,0,14,18,0,2,0,15,0,0,7,9,12,4,0,1,0,0,0,5,3,5,2,8,12
"2016-12-28",34,63,0,0,9,9,50,2,1,3,0,0,0,1,1,0,0,1,4,0,0,0,0,0,0,0,0,0,-126.791666666667,2510.33333333333,204,-265.908333333333,3426.095,874.083333333333,0,68,0,7,14,13,0,23,1,0,0,0,0,0,1,0,0,1,1,0,0,1,0,0,0,0,0,0,1,0,0,0,2,0,0,0,0,0,1,6,25,1,0,0,0,0,3,11,0,0,0,0,12,4,3,0,0,0,0,1,0,12,16,1,0,14,20,0,0,0,10,0,0,0,27,3,0,0,0,2,0,0,3,7,5,2,5,12
"2016-12-29",52,101,0,0,7,7,82,5,4,1,0,0,0,0,6,0,0,1,2,0,4,4,0,0,0,0,0,0,-169.433333333333,4786.16666666667,273,-227.716666666667,5185.93833333333,628.333333333333,0,156,0,6,26,20,0,41,4,0,0,0,0,0,0,0,0,1,0,0,0,1,0,0,0,2,0,0,1,0,0,0,1,0,0,0,0,0,0,6,45,0,0,0,0,1,5,20,0,1,0,0,6,0,2,0,0,0,1,39,0,1,19,7,1,23,23,0,2,0,26,0,0,0,7,6,0,0,0,32,4,0,6,5,10,10,11,10
"2016-12-30",46,90,0,0,6,6,75,2,2,0,0,0,0,1,2,0,0,0,8,0,0,0,0,0,0,0,0,0,-212.941666666667,3739.41666666667,272.166666666667,-340.591666666667,4547.25333333333,816.5,0,184,0,4,22,20,0,40,0,0,0,0,0,0,1,0,1,1,1,0,0,0,0,0,0,1,0,0,0,0,0,0,0,0,0,0,0,1,0,4,41,1,0,0,0,0,9,21,0,0,0,0,1,4,0,0,0,0,6,26,0,7,21,4,0,20,19,0,2,0,22,0,0,0,24,12,0,0,0,6,1,0,6,5,5,12,3,15
"2016-12-31",57,103,0,0,12,12,90,1,4,1,0,0,0,0,1,0,0,2,4,0,3,3,0,0,0,0,0,0,-608.475,4716.75,349.125,-747.65,5712.75375,985.625,57,285,0,8,29,20,0,37,0,0,0,0,0,0,1,0,5,1,1,1,0,0,0,0,0,3,0,0,2,0,0,0,1,0,0,0,0,1,2,14,38,3,0,0,0,0,5,27,1,0,0,0,1,6,2,0,0,0,4,36,0,6,27,6,0,23,32,0,6,0,17,0,0,0,15,13,0,0,0,24,2,0,8,6,8,8,10,17
"2017-01-01",53,112,0,0,4,4,84,1,6,2,0,0,0,5,5,0,0,0,9,0,0,0,0,0,0,0,0,0,-143.320833333333,4286.375,253.958333333333,-299.670833333333,5338.51333333333,1050.78260869565,53,318,0,4,35,14,0,43,0,0,0,0,0,0,2,0,3,0,2,0,0,0,0,0,0,1,0,0,0,0,0,0,0,1,0,0,0,0,0,6,45,1,0,0,0,1,12,19,1,1,0,0,3,0,1,0,0,0,2,40,0,4,18,3,0,27,21,0,2,0,28,0,0,0,27,6,0,0,0,15,2,0,2,5,19,8,6,13
"2017-01-02",50,93,0,0,14,14,80,2,3,0,0,0,0,0,2,0,0,0,6,0,4,4,0,0,0,0,0,0,-74.375,4025,320.833333333333,-224.166666666667,5108.125,1035.41666666667,0,0,0,10,23,17,0,35,4,0,0,0,0,0,0,0,1,0,2,0,0,0,0,0,0,0,2,0,0,0,0,0,3,0,0,0,0,0,1,8,39,1,0,0,0,1,6,19,0,0,0,0,2,1,1,0,0,0,4,17,0,20,24,2,1,19,23,0,1,1,24,0,1,0,33,7,0,0,0,4,0,0,4,3,6,10,10,17
"2017-01-03",52,89,0,0,10,10,62,6,2,1,0,0,0,1,2,0,0,0,15,0,4,4,0,0,0,0,0,0,-130.866666666667,5046.16666666667,390,-152.533333333333,5235.40333333333,301.166666666667,0,52,0,10,15,27,0,34,4,0,0,0,0,0,0,0,2,0,1,1,1,0,0,0,0,0,1,0,2,0,1,0,1,0,0,0,0,0,1,10,38,1,0,0,1,1,4,23,1,0,0,0,4,1,7,0,0,0,4,18,0,13,24,2,1,19,18,0,2,0,27,0,0,4,11,10,12,0,0,8,0,0,4,3,13,6,11,15
"2017-01-04",80,147,0,0,15,15,109,10,5,2,0,0,0,3,3,0,0,0,15,0,5,5,0,0,0,0,0,0,-83.6666666666667,7623.33333333333,556.666666666667,-137,7879.46666666667,880,0,160,0,14,35,31,0,54,4,0,0,0,0,0,0,1,5,1,1,1,0,1,0,0,0,3,2,0,1,0,0,0,1,0,0,0,0,0,0,16,59,0,0,0,0,2,8,37,3,2,0,0,0,1,7,0,0,0,9,57,1,2,37,2,3,35,31,0,10,0,35,4,0,1,17,11,3,0,0,32,9,1,9,9,23,8,13,18
"2017-01-05",121,230,0,0,34,34,193,13,1,4,0,0,0,0,4,0,0,0,15,0,5,5,0,0,0,0,0,0,-828.85,8470,927.666666666667,-1381.92083333333,12043.28125,2541,0,363,0,30,49,42,0,86,6,0,0,1,0,0,1,1,2,2,0,1,1,0,0,1,1,1,5,0,1,0,0,0,4,0,0,0,0,0,0,19,95,0,0,0,1,3,11,61,2,2,1,0,4,8,55,0,0,0,4,35,0,12,73,9,1,34,68,0,12,0,38,0,1,4,80,16,0,0,0,9,2,5,21,11,22,15,19,33
"2017-01-06",64,133,0,0,22,22,108,7,2,2,0,0,0,1,2,0,0,0,11,0,3,3,0,0,0,0,0,0,-578.4,4906.66666666667,269.333333333333,-793.866666666667,6452.4,1746.66666666667,0,256,0,17,22,25,0,53,3,0,0,0,0,0,1,0,0,0,0,0,0,0,0,0,1,0,0,0,0,0,0,0,3,0,0,0,0,0,1,4,57,1,0,0,0,2,5,25,0,0,0,0,7,7,8,0,0,0,4,26,0,11,35,3,1,20,26,0,0,0,34,0,3,0,52,6,0,0,0,2,0,0,6,7,21,8,6,16
"2017-01-07",67,129,0,0,9,9,108,1,4,1,0,0,0,2,5,0,0,0,8,0,1,1,0,0,0,0,0,0,-765.754166666667,5108.75,304.291666666667,-1002.76666666667,6814.01166666667,1379.08333333333,67,335,0,9,34,24,0,49,5,0,0,1,0,0,0,0,0,0,0,0,0,0,0,0,2,2,0,0,2,0,0,0,3,0,0,0,0,0,0,9,55,0,0,0,1,1,10,23,0,1,0,0,12,5,12,0,0,0,5,16,0,13,33,4,1,24,34,0,2,0,26,0,3,0,54,7,0,0,0,1,0,0,5,3,14,12,12,21