"Date","NB_Accidents","NB_VEH_IMPLIQUES_ACCDN","NB_MORTS","NB_BLESSES_GRAVES","NB_BLESSES_LEGERS","NB_VICTIMES_TOTAL","nb_automobile_camion_leger","nb_camionLourd_tractRoutier","nb_outil_equipement","nb_tous_autobus_minibus","nb_bicyclette","nb_cyclomoteur","nb_motocyclette","nb_taxi","nb_urgence","nb_motoneige","nb_VHR","nb_autres_types","nb_veh_non_precise","NB_DECES_PIETON","NB_BLESSES_PIETON","NB_VICTIMES_PIETON","NB_DECES_MOTO","NB_BLESSES_MOTO","NB_VICTIMES_MOTO","NB_DECES_VELO","NB_BLESSES_VELO","NB_VICTIMES_VELO","Temp","Rel.Hum","Wind.Spd","Dew.Point.Temp","Stn_Press","Wind.Dir","weekdays","days","SeverityDeadly","SeverityLight Injury","SeverityMaterial High","SeverityMaterial Low","SeveritySevere Injury","as.factor(Accident_Type)31","as.factor(Accident_Type)32","as.factor(Accident_Type)33","as.factor(Accident_Type)34","as.factor(Accident_Type)35","as.factor(Accident_Type)36","as.factor(Accident_Type)37","as.factor(Accident_Type)38","as.factor(Accident_Type)39","as.factor(Accident_Type)40","as.factor(Accident_Type)41","as.factor(Accident_Type)42","as.factor(Accident_Type)43","as.factor(Accident_Type)44","as.factor(Accident_Type)45","as.factor(Accident_Type)46","as.factor(Accident_Type)47","as.factor(Accident_Type)48","as.factor(Accident_Type)49","as.factor(Accident_Type)50","as.factor(Accident_Type)51","as.factor(Accident_Type)52","as.factor(Accident_Type)53","as.factor(Accident_Type)54","as.factor(Accident_Type)55","as.factor(Accident_Type)59","as.factor(Accident_Type)71","as.factor(Accident_Type)72","as.factor(Accident_Type)73","as.factor(Accident_Type)74","as.factor(Accident_Type)75","as.factor(Accident_Type)99","Accident_CategoryFixed Object","Accident_CategoryMoving Object","Accident_CategoryNo Collision","Auth_Speed10","Auth_Speed100","Auth_Speed20","Auth_Speed30","Auth_Speed40","Auth_Speed50","Auth_Speed60","Auth_Speed70","Auth_Speed80","Auth_Speed90","Surface_CondDry","Surface_CondHard snow","Surface_CondIce","Surface_CondMud","Surface_CondOil","Surface_CondSand or gravel","Surface_CondSlush","Surface_CondSnow","Surface_CondWater accumulation","Surface_CondWet","IlluminationDay and clear","IlluminationDay and semi-dark","IlluminationNight and dark","IlluminationNight and lighted","EnvironmentCommercial","EnvironmentForest","EnvironmentIndustrial","EnvironmentPark","EnvironmentResidential","EnvironmentRural","EnvironmentSchool area","WeatherBlack Ice","WeatherClear Sky","WeatherCloudy","WeatherDrizzle","WeatherFoggy","WeatherHeavy Rain","WeatherSnow","WeatherSnowstorms","WeatherStrong Wind","cluster_id_0","cluster_id_1","cluster_id_2","cluster_id_3","cluster_id_4","cluster_id_5"
"2017-01-08",29,55,0,0,4,4,41,2,0,0,0,0,0,0,6,0,0,0,6,0,1,1,0,0,0,0,0,0,-416.391666666667,2270.45833333333,117.208333333333,-503.995833333333,2947.47541666667,636.791666666667,29,174,0,4,8,17,0,21,1,0,0,0,0,0,0,0,0,0,1,0,0,0,0,0,0,0,1,0,0,0,0,1,1,0,0,0,0,0,1,4,22,1,0,0,0,0,6,8,1,0,0,0,4,3,9,0,0,0,1,9,0,3,17,1,2,8,8,0,4,1,14,0,1,0,23,5,0,0,0,1,0,0,4,1,5,3,10,6
"2017-01-09",44,85,0,0,8,8,72,2,0,2,0,0,0,0,3,0,0,0,6,0,0,0,0,0,0,0,0,0,-588.316666666667,3285.33333333333,287.833333333333,-743.783333333333,4505.765,870.833333333333,0,0,0,6,20,18,0,38,0,0,0,0,0,0,0,0,0,0,0,0,0,0,0,0,0,0,0,0,0,0,0,0,1,0,0,0,0,1,1,1,38,2,1,0,0,2,7,19,0,0,0,0,5,5,6,0,0,0,2,15,0,10,24,6,0,11,28,0,1,0,11,0,2,0,23,7,0,0,0,12,0,0,2,2,9,11,8,12
"2017-01-10",44,83,0,0,16,16,62,6,2,2,0,0,0,1,3,0,0,0,7,0,1,1,0,0,0,0,0,0,-197.45,3257.83333333333,429,-377.3,4472.985,828.666666666667,0,44,0,8,17,19,0,33,3,0,0,1,0,0,0,0,0,0,1,0,0,0,0,0,2,0,0,0,0,0,0,0,1,0,0,0,0,0,0,4,37,0,0,0,0,1,5,20,1,0,0,0,5,2,1,0,0,0,5,16,0,12,19,3,0,19,21,0,5,0,16,0,1,2,14,9,1,0,0,10,3,1,8,3,7,8,4,14
"2017-01-11",60,116,1,0,10,11,93,6,0,2,1,0,0,2,2,0,0,0,10,1,3,4,0,0,0,0,0,0,237.25,4317.5,617.5,-44.75,6021.425,1202.5,0,120,1,9,28,22,0,43,4,1,0,0,0,0,0,0,0,1,1,1,1,0,0,0,0,1,1,0,1,0,0,0,1,0,0,0,0,0,0,8,48,0,0,0,0,1,7,25,0,2,0,0,9,2,5,1,0,0,5,6,0,29,30,1,0,25,26,0,8,0,21,0,3,1,28,11,11,0,0,0,0,3,4,4,15,10,8,19
"2017-01-12",64,118,0,0,14,14,95,5,2,0,0,0,0,0,4,0,0,0,12,0,5,5,0,0,0,0,0,0,291.2,5864,373.333333333333,204,6399.81333333333,1285.33333333333,0,192,0,11,22,31,0,44,5,0,0,0,0,0,1,0,1,1,1,0,0,0,0,1,0,0,1,0,0,0,0,0,3,0,0,0,0,0,3,8,50,3,0,0,0,4,8,34,1,0,0,0,6,2,3,0,0,0,0,3,0,48,30,7,0,27,35,0,6,0,13,0,6,0,24,16,22,1,0,0,0,0,17,7,9,5,12,14
"2017-01-13",64,117,0,1,16,17,102,0,2,2,1,0,0,0,3,0,0,1,6,0,7,7,0,0,0,0,0,0,-409.066666666667,3858.66666666667,461.333333333333,-836.8,6538.45333333333,1205.33333333333,0,256,0,15,27,21,1,43,9,1,0,0,0,0,0,0,1,0,1,0,1,0,0,0,1,0,0,0,0,1,0,0,2,0,0,0,0,0,2,7,53,2,1,0,1,5,7,29,0,0,0,0,32,2,13,0,0,0,0,3,0,10,38,2,2,20,29,0,2,0,28,0,4,0,50,10,0,0,0,0,0,0,10,5,19,10,7,13
"2017-01-14",31,61,0,0,8,8,54,1,2,0,0,0,0,1,0,0,0,0,3,0,1,1,0,0,0,0,0,0,-385.95,2073.125,192.458333333333,-538.108333333333,3178.76583333333,722.041666666667,31,155,0,6,12,13,0,26,0,0,0,0,0,0,0,0,1,0,0,0,0,0,0,1,0,0,0,0,1,0,0,0,0,0,0,0,0,0,0,3,26,0,0,0,0,0,4,11,0,0,0,0,21,0,4,0,0,0,0,1,0,3,13,5,0,11,12,0,1,0,15,1,0,0,21,7,0,0,0,0,0,0,5,1,10,4,3,8
"2017-01-15",38,96,0,0,14,14,83,2,1,0,0,0,0,2,2,0,0,0,6,0,2,2,0,0,0,0,0,0,-323.95,2596.66666666667,239.083333333333,-514.108333333333,3869.3975,802.75,38,228,0,8,12,18,0,29,2,0,0,0,0,0,0,0,0,0,2,0,0,0,0,0,1,0,0,0,0,0,0,0,0,0,0,0,0,0,1,3,31,1,0,0,0,2,1,20,1,0,0,0,24,2,5,0,0,0,0,0,0,3,16,1,0,18,21,0,0,1,13,0,1,0,31,3,0,0,0,0,0,0,3,4,3,10,5,13
"2017-01-16",56,109,0,1,14,15,85,6,0,2,2,0,0,2,3,0,0,0,9,0,5,5,0,0,0,0,2,2,-120.4,4137,480.666666666667,-349.766666666667,5682.13333333333,1101.33333333333,0,0,0,14,18,23,1,42,6,2,0,1,0,0,0,0,0,1,0,0,0,0,0,0,0,1,1,0,0,0,0,0,0,0,0,0,0,0,1,3,51,1,0,0,0,3,8,28,0,0,0,0,42,0,6,0,0,0,1,2,0,1,39,2,0,11,26,0,1,1,23,0,2,0,46,5,0,0,0,0,0,0,6,4,11,11,8,16
"2017-01-17",48,92,0,0,11,11,68,9,0,1,1,0,0,3,2,0,0,0,8,0,3,3,0,0,0,0,0,0,-90,3616,406,-275.2,4860.94,502,0,48,0,8,15,25,0,38,3,1,0,1,0,0,0,0,0,1,0,0,0,0,0,0,0,3,0,0,0,0,0,0,0,0,0,0,0,0,0,4,43,0,0,0,0,0,6,19,0,0,0,0,29,1,3,0,0,0,0,5,0,7,27,3,1,14,22,0,1,0,20,0,1,0,33,7,0,0,0,1,1,0,2,5,17,6,6,12
"2017-01-18",70,129,0,0,27,27,114,6,2,1,0,0,0,2,0,0,0,0,4,0,5,5,0,0,0,0,0,0,-227.5,6935.83333333333,545.416666666667,-236.541666666667,7035.90416666667,1006.25,0,140,0,20,31,19,0,56,5,0,0,0,0,0,1,0,1,1,2,0,0,0,0,0,0,1,0,0,1,0,0,0,0,0,0,0,1,0,0,6,62,1,0,0,0,6,10,30,1,1,0,0,6,1,5,0,0,0,10,29,0,15,38,4,0,23,26,0,4,0,36,0,2,1,16,12,10,0,0,27,1,1,8,7,17,12,12,14
"2017-01-19",52,91,0,0,12,12,74,4,1,0,0,0,0,2,2,0,0,2,6,0,4,4,0,0,0,0,0,0,60.45,4959.5,247,26,5231.98,1217.66666666667,0,156,0,11,16,25,0,36,5,0,0,0,0,0,0,0,0,1,3,1,0,0,0,0,1,2,0,0,1,0,0,0,0,0,0,0,0,0,1,9,41,1,0,0,0,4,6,21,0,0,0,0,8,0,1,0,0,0,2,7,0,27,25,8,0,15,24,0,1,0,21,0,3,0,18,25,1,1,0,0,0,0,3,6,9,10,12,12
"2017-01-20",43,83,1,1,11,13,67,5,1,2,0,0,0,1,4,0,0,0,3,1,4,5,0,0,0,0,0,0,74.175,3629.91666666667,207.833333333333,-27.5916666666667,4319.4575,834.916666666667,0,172,1,10,18,13,1,36,4,0,0,0,0,0,0,0,0,0,0,0,0,0,0,0,0,0,0,0,1,0,0,0,0,0,0,0,0,0,1,1,40,1,0,0,0,1,4,24,0,0,0,0,14,0,1,0,0,0,3,1,0,23,21,3,0,18,19,0,3,0,21,0,0,0,22,18,0,0,0,1,0,0,2,5,11,3,11,11
"2017-01-21",47,92,0,1,10,11,79,1,0,1,0,0,0,2,4,0,0,1,4,0,4,4,0,0,0,0,0,0,91.2583333333333,4498.29166666667,137.083333333333,61.8833333333333,4697.45416666667,1059.45833333333,47,235,0,9,15,22,1,37,5,0,0,0,0,0,0,0,2,0,0,0,0,0,0,0,0,0,0,0,0,0,0,0,0,0,0,0,0,0,1,2,42,1,0,0,0,1,2,24,0,0,0,0,11,0,0,0,0,0,0,1,0,33,21,5,0,20,24,0,1,1,20,0,0,0,16,15,11,3,0,0,0,0,1,2,11,10,8,15
"2017-01-22",39,80,0,1,11,12,70,1,0,2,0,0,0,0,2,0,0,0,5,0,2,2,0,0,0,0,0,0,21.775,3394.625,344.5,-55.7375,3911.68375,120.25,39,234,0,8,16,14,1,32,2,0,0,0,0,0,0,0,0,1,0,0,0,0,0,0,0,0,0,0,0,0,0,0,1,0,0,0,0,0,1,2,34,1,0,0,0,3,4,17,0,0,0,0,25,0,0,0,0,0,0,3,0,10,26,2,0,11,18,0,1,0,17,0,0,0,20,15,1,0,0,1,0,0,4,4,11,5,6,9
"2017-01-23",42,77,0,0,10,10,53,10,1,6,1,0,0,0,0,0,0,1,5,0,3,3,0,0,0,0,1,1,-81.375,3321.5,442.75,-213.325,4232.5325,115.5,0,0,0,9,21,12,0,26,3,1,0,0,0,0,0,0,0,0,2,1,0,0,0,0,0,1,0,0,0,0,0,0,0,0,0,0,0,0,3,4,30,3,0,0,0,2,5,18,0,0,0,0,29,1,1,0,0,0,0,1,0,5,25,6,0,8,20,0,3,0,15,0,3,0,21,14,0,0,0,1,0,0,4,6,10,4,5,13
"2017-01-24",171,345,0,0,54,54,283,16,5,15,0,0,0,1,8,0,0,0,17,0,6,6,0,0,0,0,0,0,-572.1375,15162,2052,-862.125,17059.74375,420.375,0,171,0,37,73,61,0,123,6,0,0,0,0,0,0,0,5,1,8,3,0,0,0,0,1,3,5,1,1,2,0,0,1,0,0,0,0,1,1,31,129,2,1,0,0,10,25,71,2,1,0,0,3,0,134,0,0,0,3,27,0,2,126,24,0,17,60,1,21,1,78,0,5,96,12,6,12,0,0,42,3,0,30,9,34,24,25,49
"2017-01-25",42,85,0,0,5,5,62,6,0,0,0,0,0,1,2,0,0,1,13,0,2,2,0,0,0,0,0,0,-62.3,4000.5,190.75,-90.825,4161.3075,761.25,0,84,0,5,14,23,0,36,2,0,0,0,0,0,0,0,0,0,0,0,0,0,0,0,0,0,0,0,0,0,0,0,0,0,0,0,0,0,0,0,38,0,0,0,0,1,7,18,2,0,0,0,5,0,0,0,0,0,4,18,0,13,24,3,0,13,19,0,3,0,18,0,0,0,16,18,1,0,0,4,0,0,4,5,10,10,3,10
"2017-01-26",53,101,0,1,9,10,84,5,2,1,0,0,1,2,3,0,0,0,3,0,2,2,0,0,0,0,0,0,35.9958333333333,4962.125,269.416666666667,-14.1333333333333,5206.69791666667,1062.20833333333,0,159,0,6,25,21,1,40,3,0,0,0,0,0,0,0,2,0,0,1,0,0,0,0,0,0,0,0,0,0,0,0,1,0,0,0,0,0,1,4,43,1,1,0,0,4,5,28,1,0,0,0,6,0,2,0,0,0,3,15,0,27,30,3,0,20,26,0,2,0,21,0,1,0,19,23,5,0,0,5,0,0,8,5,15,8,7,10
"2017-01-27",59,120,0,0,11,11,107,4,1,2,0,0,0,2,1,0,0,0,3,0,4,4,0,0,0,0,0,0,-48.4291666666667,4796.20833333333,390.875,-216.333333333333,5805.72291666667,1224.25,0,236,0,11,27,21,0,51,4,0,0,0,0,0,0,0,0,0,1,1,0,0,0,0,0,1,1,0,0,0,0,0,0,0,0,0,0,0,0,4,55,0,1,0,0,2,7,19,0,0,0,0,13,2,0,0,0,0,2,10,1,27,30,3,0,25,34,0,2,0,19,0,2,0,24,18,1,0,0,11,1,0,3,5,9,10,12,20
"2017-01-28",41,74,0,1,8,9,61,1,1,1,0,0,0,2,2,0,0,0,6,0,2,2,0,0,0,0,0,0,-47.15,3317.58333333333,234.041666666667,-166.05,4052.90125,816.583333333333,41,205,0,4,16,20,1,28,3,0,0,0,0,0,1,0,1,1,0,0,0,0,0,0,2,1,0,0,0,0,0,0,1,0,0,0,0,0,0,6,32,0,0,0,0,1,3,18,0,0,0,0,4,3,1,0,0,0,3,12,0,16,11,2,1,24,14,0,3,0,23,0,0,0,15,17,0,0,0,7,0,0,2,2,7,8,8,14
"2017-01-29",26,54,0,0,11,11,47,0,0,0,0,0,0,1,0,0,0,1,5,0,1,1,0,0,0,0,0,0,-47.0166666666667,2220.83333333333,161.416666666667,-103.458333333333,2579.1675,599.083333333333,26,156,0,6,12,8,0,20,1,0,0,0,0,0,0,0,0,0,0,0,0,0,0,0,0,1,1,0,2,0,0,0,0,0,0,0,0,0,0,4,21,0,0,0,0,2,1,10,0,0,0,0,3,1,1,0,0,0,1,2,0,17,16,3,0,7,9,0,1,0,15,0,1,0,16,5,0,0,0,4,0,0,1,2,10,5,2,6
"2017-01-30",59,116,0,0,8,8,91,7,3,1,0,0,0,1,5,0,0,0,8,0,2,2,0,0,0,0,0,0,-539.358333333333,4518.41666666667,329.416666666667,-744.383333333333,5898.69708333333,1401.25,0,0,0,8,26,25,0,46,3,0,0,0,0,0,1,0,1,0,0,0,0,0,0,0,1,1,0,0,0,0,0,0,2,0,0,0,0,0,1,5,50,1,0,0,0,3,7,29,0,0,0,1,22,3,1,0,0,0,3,9,0,18,41,5,0,11,19,0,5,0,30,0,2,0,47,5,0,0,0,4,0,0,6,3,17,12,11,10
"2017-01-31",71,137,0,1,18,19,115,8,0,2,1,0,0,2,3,0,0,1,5,0,4,4,0,0,0,0,1,1,-761.770833333333,5342.75,405.291666666667,-1017.9625,7121.59583333333,1449.58333333333,0,71,0,15,26,29,1,60,5,1,0,0,0,0,1,0,0,0,0,0,0,0,0,0,1,2,0,0,0,0,0,0,0,0,0,0,0,0,0,3,67,0,1,0,0,6,8,30,0,1,0,0,41,1,2,0,0,0,0,8,0,16,51,7,0,11,34,0,2,0,30,1,3,0,62,6,0,0,0,0,0,0,9,4,15,8,14,21
"2017-02-01",48,87,0,0,20,20,67,8,0,2,0,0,0,2,1,0,0,0,7,0,8,8,0,0,0,0,0,0,-475.6,4190,378,-559,4806,584,0,96,0,18,19,11,0,35,8,0,0,0,0,0,2,0,0,0,0,1,0,0,0,0,0,1,0,0,0,0,0,0,0,0,0,0,0,0,0,2,45,0,0,0,0,2,9,20,0,0,0,0,6,1,1,0,0,0,5,11,0,21,31,2,0,14,27,0,2,0,16,0,2,0,21,10,0,0,0,11,0,0,9,1,14,6,10,8
"2017-02-02",78,144,0,1,20,21,108,9,2,4,1,0,0,3,4,0,0,0,13,0,8,8,0,0,0,0,1,1,-582.4,5853.25,458.25,-883.35,7845.695,1738.75,0,234,0,18,33,26,1,56,9,1,0,0,0,0,0,0,0,2,0,1,0,0,0,0,1,3,0,0,0,0,0,0,1,0,0,0,0,0,2,8,66,2,0,0,0,4,10,31,0,0,0,0,17,2,1,1,0,0,4,13,0,30,49,8,0,18,32,0,6,0,32,1,3,0,50,12,0,0,0,7,0,0,13,5,18,15,12,15
"2017-02-03",63,128,0,2,20,22,110,5,0,2,0,0,0,6,2,0,0,0,3,0,3,3,0,0,0,0,0,0,-435.75,3882.375,317.625,-832.65,6353.3925,1399.125,0,252,0,16,25,20,2,50,3,0,0,0,0,0,1,0,1,0,0,1,0,0,1,0,2,1,1,0,0,0,0,0,0,0,0,0,0,0,0,7,54,0,0,1,0,1,7,26,1,0,1,0,31,4,1,0,0,0,2,4,0,18,37,4,0,19,34,0,4,0,18,1,3,0,55,5,0,0,0,0,0,0,5,8,12,17,11,10
"2017-02-04",49,98,0,0,18,18,75,4,2,2,0,0,0,4,3,0,0,0,8,0,2,2,0,0,0,0,0,0,-328.3,3338.125,273.583333333333,-571.4625,4952.57291666667,996.333333333333,49,245,0,12,26,11,0,43,3,0,0,0,0,0,1,0,0,0,0,0,0,0,0,0,0,0,0,0,0,0,0,0,0,0,0,0,0,0,1,0,47,1,0,0,0,2,7,21,0,0,0,0,30,0,0,0,0,0,0,4,0,12,21,1,1,23,27,0,1,0,18,0,1,0,33,12,1,0,0,0,0,0,1,1,17,12,5,13
"2017-02-05",40,73,0,0,11,11,64,0,0,1,0,0,0,1,2,0,0,0,5,0,1,1,0,0,0,0,0,0,-100.666666666667,3011.66666666667,320,-258,3997.15,758.333333333333,40,240,0,9,20,11,0,29,3,0,0,0,0,0,1,0,0,0,0,0,0,0,0,1,0,0,0,0,1,0,0,0,1,0,0,0,0,1,2,3,33,3,0,0,0,2,3,19,0,0,0,0,17,1,1,0,0,0,0,6,0,13,16,4,1,16,19,1,1,0,17,0,0,0,24,5,1,0,0,6,0,0,4,8,8,2,6,12
"2017-02-06",56,111,0,0,15,15,87,10,1,4,1,0,0,1,2,0,0,0,5,0,4,4,0,0,0,0,1,1,-596.4,4013.33333333333,378,-836.733333333333,5650.89,1619.33333333333,0,0,0,13,25,18,0,45,6,1,0,0,0,0,0,0,0,0,0,0,0,0,0,0,0,0,0,0,0,0,0,0,1,0,0,0,0,0,1,1,52,1,1,0,0,2,9,30,0,0,0,0,26,3,1,0,0,0,1,7,0,18,41,6,0,8,34,0,4,0,17,0,1,0,38,11,0,0,0,7,0,0,3,3,15,9,8,18
"2017-02-07",70,128,0,0,17,17,101,6,4,2,0,0,0,3,5,0,0,0,7,0,5,5,0,0,0,0,0,0,-708.458333333333,6235.83333333333,705.833333333333,-812.583333333333,7039.60833333333,303.333333333333,0,70,0,14,34,22,0,51,6,0,0,0,0,0,0,0,0,0,2,1,0,0,0,1,3,0,1,1,1,0,0,0,0,0,0,0,0,1,1,10,57,2,1,0,0,3,9,34,0,0,0,0,3,1,7,0,0,0,4,39,0,12,31,4,0,32,31,0,5,0,27,1,3,3,14,15,0,0,0,31,3,1,11,1,17,17,10,14
"2017-02-08",73,143,0,0,12,12,105,7,10,3,0,0,0,1,2,0,0,1,14,0,2,2,0,0,0,0,0,0,-59.9208333333333,5566.25,577.916666666667,-341.883333333333,7240.59625,1727.66666666667,0,146,0,10,29,34,0,61,2,0,0,2,0,0,0,0,0,0,1,2,0,0,0,0,0,2,0,0,0,0,0,0,1,0,0,0,0,0,0,6,65,0,1,0,0,5,11,23,1,1,0,0,7,6,18,0,0,0,7,22,0,11,43,4,1,23,26,0,3,1,36,0,3,5,37,9,5,0,0,11,1,0,6,8,15,13,14,17
"2017-02-09",71,136,0,1,6,7,93,12,4,3,0,0,0,2,4,0,0,1,17,0,4,4,0,0,0,0,0,0,-938.383333333333,4304.375,704.083333333333,-1368.82083333333,7125.915,1304.625,0,213,0,5,22,43,1,57,4,0,0,0,0,0,1,1,0,1,0,0,0,0,0,0,2,0,0,0,0,0,0,0,0,0,0,0,0,0,1,3,63,1,0,0,0,2,10,30,0,0,0,0,16,13,13,0,0,0,0,13,0,12,47,3,0,17,31,0,3,0,34,1,0,0,53,10,0,0,0,1,0,0,9,2,23,11,12,14
"2017-02-10",63,116,0,1,9,10,88,9,2,3,0,0,0,1,7,0,0,0,6,0,2,2,0,0,0,0,0,0,-895.3875,3533.25,378,-1337.7,6362.71125,1375.5,0,252,0,7,23,32,1,46,2,0,0,0,0,0,0,0,1,0,0,1,0,0,0,0,1,2,1,0,5,0,0,0,0,0,0,0,0,0,1,11,48,1,0,0,1,5,7,32,1,0,1,0,19,8,8,0,0,0,1,19,0,6,47,3,0,12,23,0,8,2,25,0,4,0,56,4,0,0,0,1,0,0,7,4,17,8,4,23
"2017-02-11",60,117,0,0,13,13,99,0,5,1,0,0,0,3,2,0,0,0,7,0,2,2,0,0,0,0,0,0,-751.5,5112.5,620,-871.75,6051.5,225,60,300,0,10,32,18,0,43,2,0,0,0,0,0,4,1,0,0,4,0,0,0,0,0,1,0,0,1,0,0,0,0,2,0,0,0,0,0,0,8,50,0,0,0,0,2,7,30,0,0,0,0,4,5,5,0,0,0,2,33,0,11,35,1,0,24,20,0,4,0,35,0,1,0,24,7,0,0,0,26,3,0,3,1,21,12,9,14
"2017-02-12",75,143,0,0,14,14,120,4,3,0,0,0,0,1,5,0,0,0,10,0,0,0,0,0,0,0,0,0,-726.875,7009.375,681.25,-790,7544.125,500,75,450,0,10,38,27,0,55,0,0,0,0,0,0,0,1,2,4,2,1,0,0,0,0,0,1,1,0,2,1,0,0,2,0,0,0,0,0,0,16,56,0,0,0,0,1,9,34,0,0,0,0,3,2,1,0,0,0,3,59,0,2,14,10,3,46,20,0,4,0,46,0,0,0,9,5,0,0,0,41,14,0,7,7,25,11,12,13
"2017-02-13",92,174,0,0,13,13,129,8,9,5,0,0,0,2,4,0,0,2,15,0,4,4,0,0,0,0,0,0,-473.8,7846.83333333333,824.166666666667,-674.283333333333,9206.51666666667,1207.5,0,0,0,13,31,48,0,73,5,0,0,0,0,0,1,0,0,0,0,0,0,0,0,0,0,4,0,0,1,0,0,0,2,0,1,0,0,1,0,7,79,2,1,0,0,3,13,27,1,0,0,0,3,0,1,0,0,0,4,77,0,2,54,5,1,23,37,0,4,0,47,0,3,0,35,17,0,0,0,25,6,0,17,14,15,16,11,19
"2017-02-14",82,161,0,3,9,12,118,14,5,5,0,0,0,2,5,0,0,0,12,0,3,3,0,0,0,0,0,0,-440.75,6447.25,437.333333333333,-700.758333333333,8204.2025,1523.83333333333,0,82,0,8,29,42,3,69,2,0,0,0,0,0,0,0,1,1,2,0,0,0,0,0,1,1,0,0,0,0,0,0,2,0,0,0,0,0,1,8,71,1,0,0,0,7,9,32,0,0,0,0,6,5,0,0,0,0,7,42,0,19,49,1,0,25,35,0,3,0,38,0,2,0,47,21,0,0,0,8,0,0,8,5,28,11,14,16
"2017-02-15",102,191,0,0,27,27,143,11,9,4,0,0,0,3,4,0,0,0,17,0,7,7,0,0,0,0,0,0,-472.175,9949.25,1066.75,-506.6,10084.7825,752.25,0,204,0,20,44,38,0,81,5,0,0,0,0,0,0,0,3,3,0,3,1,1,0,0,0,0,0,0,2,0,0,0,1,0,0,0,0,0,2,14,86,2,1,0,1,2,18,36,0,0,0,0,3,0,0,0,0,0,10,78,0,5,69,3,0,23,39,1,1,1,54,1,2,0,16,23,0,0,1,50,4,0,8,5,30,18,15,26
"2017-02-16",88,176,0,0,8,8,120,21,6,6,0,0,0,2,4,0,0,2,15,0,1,1,0,0,0,0,0,0,-319.733333333333,7626.66666666667,777.333333333333,-496.466666666667,8722.89,1444.66666666667,0,264,0,5,40,43,0,72,2,0,0,0,0,0,0,0,2,0,2,0,1,0,0,0,0,1,0,1,0,0,0,0,3,0,0,0,0,0,0,10,74,0,0,0,0,9,9,31,1,1,0,0,6,2,1,0,0,0,7,52,0,16,47,6,1,28,39,0,6,0,37,1,3,0,30,25,0,0,0,26,0,0,12,6,20,14,17,19
"2017-02-17",68,134,0,0,9,9,94,10,5,5,0,0,0,2,10,0,0,0,8,0,4,4,0,0,0,0,0,0,-334.333333333333,4853.5,433.5,-635.8,6794.02166666667,1377,0,272,0,8,26,34,0,55,3,0,0,0,0,0,0,1,1,0,0,0,0,0,0,0,0,0,0,0,0,0,0,0,3,0,0,0,0,0,1,4,59,1,2,0,0,3,7,27,0,0,0,0,13,3,2,0,0,0,4,21,0,20,38,5,0,20,31,0,3,0,29,0,0,0,57,3,0,0,0,3,0,0,7,7,22,11,5,16
"2017-02-18",55,108,0,2,11,13,94,1,4,1,1,0,0,2,1,0,0,0,4,0,4,4,0,0,0,0,1,1,70.5833333333333,3795,391.875,-212.895833333333,5455.24375,1074.79166666667,55,275,0,10,21,22,2,42,4,1,0,0,0,0,1,0,0,0,0,1,0,0,0,0,0,0,0,0,0,0,0,0,2,0,0,0,0,0,2,3,48,2,1,0,0,2,9,21,0,0,0,0,15,1,4,0,0,0,3,7,0,22,26,3,0,23,26,0,1,0,26,0,1,0,43,10,0,0,0,1,0,0,8,3,11,11,8,14
"2017-02-19",43,82,0,0,11,11,66,2,1,3,0,0,0,1,3,0,0,2,4,0,2,2,0,0,0,0,0,0,221.9875,3106.75,345.791666666667,19.35,4287.54791666667,727.416666666667,43,258,0,10,17,16,0,34,2,0,0,0,0,0,0,0,0,0,2,0,0,0,0,0,0,1,0,0,1,0,0,0,1,0,0,0,0,0,2,5,36,2,0,0,0,3,7,15,0,0,0,0,14,0,1,0,0,0,0,2,1,22,22,0,1,19,19,0,1,0,20,0,1,0,35,6,0,0,0,0,0,0,0,5,16,7,3,12
"2017-02-20",48,92,0,0,8,8,69,6,2,1,1,0,0,3,2,0,0,0,8,0,3,3,0,0,0,0,0,0,-72.6545454545454,2849.45454545455,309.818181818182,-408.654545454545,4877.25818181818,1117.71428571429,0,0,0,7,19,22,0,36,3,1,0,0,0,0,0,1,2,0,0,0,0,0,0,0,0,0,0,0,0,0,1,0,0,0,0,0,0,0,1,3,41,1,0,0,0,4,8,22,1,0,0,0,31,3,2,0,0,0,0,1,0,8,35,0,0,10,23,0,1,0,24,0,0,0,43,2,0,0,0,1,0,0,7,4,6,9,10,12
"2017-02-21",56,105,0,0,13,13,79,9,1,1,0,0,0,1,6,0,0,2,6,0,4,4,0,0,0,0,0,0,-10.0333333333333,3434.66666666667,319.666666666667,-387.566666666667,5671.12,1089.66666666667,0,56,0,11,22,23,0,40,6,0,0,0,0,0,1,0,2,0,0,0,0,0,0,0,0,0,0,1,1,0,0,0,3,0,0,0,0,1,1,7,47,2,1,0,0,1,9,20,1,0,0,0,40,2,4,0,0,0,0,3,0,2,44,0,0,8,26,0,4,0,20,0,1,0,39,12,0,0,0,0,0,0,11,2,10,9,10,14