"Date","NB_Accidents","NB_VEH_IMPLIQUES_ACCDN","NB_MORTS","NB_BLESSES_GRAVES","NB_BLESSES_LEGERS","NB_VICTIMES_TOTAL","nb_automobile_camion_leger","nb_camionLourd_tractRoutier","nb_outil_equipement","nb_tous_autobus_minibus","nb_bicyclette","nb_cyclomoteur","nb_motocyclette","nb_taxi","nb_urgence","nb_motoneige","nb_VHR","nb_autres_types","nb_veh_non_precise","NB_DECES_PIETON","NB_BLESSES_PIETON","NB_VICTIMES_PIETON","NB_DECES_MOTO","NB_BLESSES_MOTO","NB_VICTIMES_MOTO","NB_DECES_VELO","NB_BLESSES_VELO","NB_VICTIMES_VELO","Temp","Rel.Hum","Wind.Spd","Dew.Point.Temp","Stn_Press","Wind.Dir","weekdays","days","SeverityDeadly","SeverityLight Injury","SeverityMaterial High","SeverityMaterial Low","SeveritySevere Injury","as.factor(Accident_Type)31","as.factor(Accident_Type)32","as.factor(Accident_Type)33","as.factor(Accident_Type)34","as.factor(Accident_Type)35","as.factor(Accident_Type)36","as.factor(Accident_Type)37","as.factor(Accident_Type)38","as.factor(Accident_Type)39","as.factor(Accident_Type)40","as.factor(Accident_Type)41","as.factor(Accident_Type)42","as.factor(Accident_Type)43","as.factor(Accident_Type)44","as.factor(Accident_Type)45","as.factor(Accident_Type)46","as.factor(Accident_Type)47","as.factor(Accident_Type)48","as.factor(Accident_Type)49","as.factor(Accident_Type)50","as.factor(Accident_Type)51","as.factor(Accident_Type)52","as.factor(Accident_Type)53","as.factor(Accident_Type)54","as.factor(Accident_Type)55","as.factor(Accident_Type)59","as.factor(Accident_Type)71","as.factor(Accident_Type)72","as.factor(Accident_Type)73","as.factor(Accident_Type)74","as.factor(Accident_Type)75","as.factor(Accident_Type)99","Accident_CategoryFixed Object","Accident_CategoryMoving Object","Accident_CategoryNo Collision","Auth_Speed10","Auth_Speed100","Auth_Speed20","Auth_Speed30","Auth_Speed40","Auth_Speed50","Auth_Speed60","Auth_Speed70","Auth_Speed80","Auth_Speed90","Surface_CondDry","Surface_CondHard snow","Surface_CondIce","Surface_CondMud","Surface_CondOil","Surface_CondSand or gravel","Surface_CondSlush","Surface_CondSnow","Surface_CondWater accumulation","Surface_CondWet","IlluminationDay and clear","IlluminationDay and semi-dark","IlluminationNight and dark","IlluminationNight and lighted","EnvironmentCommercial","EnvironmentForest","EnvironmentIndustrial","EnvironmentPark","EnvironmentResidential","EnvironmentRural","EnvironmentSchool area","WeatherBlack Ice","WeatherClear Sky","WeatherCloudy","WeatherDrizzle","WeatherFoggy","WeatherHeavy Rain","WeatherSnow","WeatherSnowstorms","WeatherStrong Wind","cluster_id_0","cluster_id_1","cluster_id_2","cluster_id_3","cluster_id_4","cluster_id_5"
"2017-02-22",52,99,0,1,12,13,77,6,0,1,0,0,0,1,3,0,0,0,11,0,6,6,0,0,0,0,0,0,219.916666666667,4095,201.5,43.3333333333333,5219.24,1008.34782608696,0,104,0,10,16,25,1,41,6,0,0,0,0,0,0,0,0,0,0,0,0,0,0,0,0,1,1,0,0,0,0,0,0,0,0,0,0,0,0,2,47,0,0,0,0,3,3,18,0,0,0,0,31,0,0,0,0,0,0,0,0,17,33,3,0,13,24,0,5,0,20,0,1,0,33,12,0,0,0,0,0,0,8,3,14,11,3,13
"2017-02-23",53,101,0,0,15,15,85,6,0,0,0,0,0,0,3,0,0,0,7,0,5,5,0,0,0,0,0,0,427.3125,4288.58333333333,318,260.804166666667,5276.96708333333,970.130434782609,0,159,0,10,25,18,0,39,6,0,0,0,0,0,0,0,1,1,1,1,0,0,0,0,0,0,0,0,0,0,0,0,0,0,0,0,0,0,2,4,45,2,0,0,0,2,7,26,1,0,0,0,27,0,1,1,0,0,0,0,0,23,31,3,1,17,23,0,4,0,25,0,1,0,30,21,2,0,0,0,0,0,5,2,13,13,8,12
"2017-02-24",52,97,0,2,10,12,72,7,0,0,0,0,0,4,4,0,0,1,9,0,3,3,0,0,0,0,0,0,161.416666666667,4645.33333333333,413.833333333333,76.05,5214.06166666667,875.333333333333,0,208,0,7,20,23,2,40,3,0,0,1,0,0,0,0,1,1,0,0,0,0,0,0,1,2,0,0,0,0,0,0,1,0,1,0,0,0,0,6,44,1,1,0,1,0,6,17,0,1,1,0,10,0,0,0,0,0,0,0,0,40,27,2,2,20,28,0,3,0,18,0,1,0,14,17,18,0,0,0,0,1,2,5,15,7,8,15
"2017-02-25",53,104,1,0,18,19,94,3,0,0,0,0,0,2,0,0,0,2,3,1,5,6,0,0,0,0,0,0,141.995833333333,5125.54166666667,472.583333333333,116.379166666667,5257.64416666667,788.375,53,265,1,13,16,23,0,44,6,0,0,0,0,0,0,0,0,1,0,0,0,0,1,0,0,0,1,0,0,0,0,0,0,0,0,0,0,0,0,3,50,0,0,0,0,2,9,21,1,0,0,0,15,0,0,0,0,0,0,1,0,34,21,5,0,26,28,0,1,0,24,0,0,0,16,9,17,1,8,0,0,0,5,3,17,11,3,14
"2017-02-26",49,99,0,1,19,20,87,1,0,0,0,0,0,5,1,0,0,0,5,0,4,4,0,0,0,0,0,0,-98.4083333333333,3109.45833333333,340.958333333333,-398.533333333333,4904.22625,1059.625,49,294,0,13,17,18,1,37,4,0,0,1,0,0,0,0,1,0,0,0,0,0,0,0,0,2,1,0,0,0,0,0,0,0,0,0,0,0,0,4,42,0,0,0,0,1,8,24,1,0,0,0,38,0,2,0,0,0,0,0,0,7,30,2,0,15,21,0,3,0,21,0,3,1,35,10,1,0,0,0,0,0,4,4,11,10,9,11
"2017-02-27",41,78,0,0,9,9,66,2,0,2,1,0,0,2,0,0,0,0,5,0,2,2,0,0,0,0,0,0,110.529166666667,2471.95833333333,317.75,-180.4,4142.45208333333,890.041666666667,0,0,0,7,17,17,0,31,2,1,0,1,0,0,0,0,0,0,0,0,0,0,0,0,0,0,0,0,1,0,0,0,0,0,0,0,0,1,1,1,35,2,0,0,0,4,5,19,0,0,0,0,37,0,0,0,0,0,0,0,0,2,31,2,0,7,19,0,4,2,14,0,2,0,36,3,0,0,0,0,0,0,5,3,10,7,6,10
"2017-02-28",40,74,0,2,12,14,60,4,0,2,2,0,0,3,1,0,0,0,2,0,5,5,0,0,0,0,2,2,120.833333333333,2431.66666666667,183.333333333333,-155.666666666667,4056.01666666667,698.333333333333,0,40,0,11,14,14,1,26,5,2,0,0,0,0,1,0,1,0,0,0,0,0,0,0,0,1,1,1,2,0,0,0,0,0,0,0,0,0,0,6,34,0,0,0,0,1,9,21,0,0,0,0,35,0,0,0,0,0,0,0,0,5,28,3,0,9,17,0,2,0,15,0,4,0,32,6,1,0,0,0,0,0,5,2,13,7,5,8
"2017-03-01",48,86,0,0,13,13,68,6,0,2,0,0,0,0,2,0,0,0,8,0,4,4,0,0,0,0,0,0,272.2,4420,238,209.2,4737.1,782,0,96,0,12,16,20,0,34,5,0,0,1,0,0,3,0,0,1,0,0,0,0,0,0,0,0,0,0,1,0,0,0,1,0,0,0,0,0,0,3,43,0,1,0,0,1,11,21,2,0,0,0,6,0,0,0,0,0,0,0,0,40,25,7,1,13,24,0,9,0,13,0,1,0,5,17,24,0,0,0,0,0,6,5,10,4,8,15
"2017-03-02",54,103,0,0,18,18,86,5,0,1,0,0,0,4,2,0,0,0,5,0,2,2,0,0,0,0,0,0,-247.275,3915,375.75,-482.85,5362.8075,1152,0,162,0,15,18,21,0,43,2,0,0,0,0,1,0,1,1,0,0,1,0,0,0,0,1,0,0,0,0,0,0,0,0,0,0,0,0,1,1,3,47,2,0,1,1,1,8,25,2,0,0,0,38,0,3,0,0,0,0,4,0,6,38,2,0,12,31,0,5,1,14,0,1,0,37,3,2,0,0,7,1,1,7,2,17,9,6,13
"2017-03-03",57,107,1,0,13,14,79,5,1,1,1,0,0,5,5,0,0,1,9,1,5,6,0,0,0,0,1,1,-633.4125,3270.375,403.75,-1026.475,5782.48375,1617.375,0,228,1,13,22,21,0,45,8,1,0,0,0,0,0,0,0,0,0,0,0,0,0,0,0,0,1,0,0,0,0,0,0,0,0,0,0,0,1,1,54,1,1,0,0,2,7,27,0,1,0,0,53,0,1,0,0,0,0,1,0,0,32,6,0,17,28,0,1,0,25,0,3,0,49,4,0,0,0,1,0,1,7,6,15,9,11,9
"2017-03-04",45,94,0,0,8,8,74,2,0,1,0,0,0,5,1,0,0,0,11,0,1,1,0,0,0,0,0,0,-682.6875,2458.125,401.25,-1010.4375,4612.9125,1076.25,45,225,0,6,20,19,0,34,1,0,0,0,0,0,0,0,0,0,1,0,0,0,0,0,1,0,1,0,2,0,0,0,2,0,0,0,0,0,1,7,35,1,0,0,0,3,5,22,0,0,0,0,41,0,0,0,0,1,0,0,0,1,22,3,1,16,23,0,3,0,17,0,0,0,40,3,0,0,0,0,0,0,5,1,12,10,5,12
"2017-03-05",49,92,0,0,14,14,82,2,0,3,0,0,0,0,2,0,0,0,3,0,4,4,0,0,0,0,0,0,-577.179166666667,2401,279.708333333333,-1014.09583333333,5042.40625,1284.20833333333,49,294,0,12,24,13,0,36,3,0,0,1,0,0,0,0,1,1,0,0,0,0,0,3,0,1,1,0,0,0,0,0,0,0,0,0,0,0,1,7,40,1,0,0,0,3,5,19,0,1,0,0,48,0,0,0,0,0,0,0,0,0,24,1,0,23,22,0,1,0,24,1,0,1,41,5,0,0,0,0,0,0,1,2,17,10,7,12
"2017-03-06",51,96,0,0,8,8,72,5,7,4,0,0,0,2,1,0,0,0,5,0,3,3,0,0,0,0,0,0,-250.9625,2819.875,303.875,-652.1625,5212.71,711.875,0,0,0,8,23,20,0,38,3,0,0,0,0,0,0,0,2,1,0,0,0,0,0,1,0,0,2,1,1,0,0,0,1,0,0,0,0,0,0,9,41,0,3,0,0,2,10,22,0,0,0,0,22,0,16,0,0,0,0,2,0,7,22,0,0,25,24,0,4,1,21,0,0,12,21,6,6,0,0,2,0,0,9,0,12,8,8,14
"2017-03-07",75,137,0,0,15,15,105,7,6,3,0,0,0,2,3,0,0,2,9,0,6,6,0,0,0,0,0,0,177.5,6653.125,518.75,46.5625,7563.09375,1255.4347826087,0,75,0,13,35,27,0,50,6,0,0,1,1,0,1,1,0,1,2,0,0,0,0,0,0,4,1,0,1,0,0,0,2,0,0,0,0,1,0,11,60,1,0,0,0,6,14,19,2,1,0,0,8,0,34,0,0,0,1,1,0,26,35,7,1,28,20,0,5,0,49,0,0,18,17,10,22,0,0,2,0,0,10,3,24,6,16,16
"2017-03-08",33,64,0,0,6,6,53,4,0,1,1,0,0,1,0,0,0,0,4,0,2,2,0,0,0,0,1,1,202.2625,2380.125,269.5,24.2,3292.355,671,0,66,0,6,16,11,0,25,2,1,0,0,0,0,0,0,0,0,1,0,0,0,0,0,0,1,1,0,0,0,0,0,0,0,0,0,0,0,0,3,28,0,1,0,0,3,2,15,1,0,0,0,23,0,1,0,0,0,0,0,0,6,19,1,0,12,14,0,1,0,16,0,1,0,25,1,3,0,2,0,0,0,3,3,10,5,3,9
"2017-03-09",33,61,0,0,6,6,49,5,0,2,1,0,0,1,2,0,0,0,1,0,2,2,0,0,0,0,1,1,-50.325,1705,221.375,-342.65,3304.49625,677.875,0,99,0,6,12,15,0,26,2,1,0,1,0,0,0,0,0,0,0,0,0,0,0,0,0,2,0,0,0,0,0,0,0,0,0,0,0,0,0,2,30,0,0,0,0,0,6,16,0,0,0,0,25,0,0,0,0,0,0,1,0,6,15,2,0,15,25,0,2,0,6,0,0,0,26,3,1,0,0,2,0,0,3,4,13,6,3,4
"2017-03-10",70,125,0,0,16,16,110,6,0,2,1,0,0,2,2,0,0,0,2,0,5,5,0,0,0,0,1,1,-603.166666666667,4412.91666666667,653.333333333333,-1017.04166666667,7032.75416666667,1015,0,280,0,14,31,25,0,50,4,1,0,0,0,0,0,0,0,0,2,2,0,0,0,0,0,3,0,0,1,0,0,0,3,0,0,0,0,0,2,11,55,2,1,0,1,3,7,38,0,0,0,0,32,1,18,0,0,1,1,7,0,6,36,7,0,23,26,0,4,1,33,1,3,2,34,14,0,0,1,14,0,1,7,4,12,13,8,26
"2017-03-11",32,59,0,0,13,13,50,0,1,0,0,0,0,3,3,0,0,0,2,0,3,3,0,0,0,0,0,0,-570.4,1553.33333333333,268,-835.733333333333,3236.26666666667,690.666666666667,32,160,0,8,14,10,0,24,3,0,0,0,0,0,0,0,2,1,0,1,0,0,0,0,0,0,0,0,0,0,0,0,0,0,0,0,0,0,0,4,27,0,0,0,0,2,3,16,0,0,0,0,26,1,2,0,0,0,0,0,0,1,16,0,0,13,16,0,2,0,14,0,0,0,24,6,0,0,0,0,0,0,6,1,11,4,2,8
"2017-03-12",35,68,1,3,9,13,62,1,0,0,0,0,0,1,0,0,0,0,4,0,2,2,0,0,0,0,0,0,-488.833333333333,1876.875,211.458333333333,-748.854166666667,3556.80208333333,831.25,35,210,1,7,16,10,1,29,2,0,0,0,0,0,0,0,0,1,0,0,0,0,0,0,0,0,0,0,0,0,0,0,1,0,0,0,0,0,1,2,31,1,0,0,0,1,4,16,0,0,0,0,33,0,0,0,0,0,0,1,0,0,20,1,0,13,18,0,0,0,16,0,1,0,25,9,0,0,0,0,0,0,3,3,13,8,2,6
"2017-03-13",56,106,0,0,7,7,85,6,0,1,1,0,0,4,0,0,0,0,9,0,2,2,0,0,0,0,1,1,-642.782608695652,2714.78260869565,309.217391304348,-1138.50434782609,5723.97913043478,1767.65217391304,0,0,0,7,31,18,0,41,3,1,0,1,0,0,0,1,2,0,2,2,0,0,0,0,0,0,0,0,0,0,0,0,0,0,0,0,0,0,1,6,47,1,1,0,0,4,9,20,0,0,0,0,46,1,0,0,0,0,0,5,0,2,41,3,0,9,23,1,3,0,24,1,1,0,42,7,0,0,0,3,0,0,7,6,14,7,9,13
"2017-03-14",100,198,0,0,9,9,140,15,7,6,0,0,0,5,8,0,0,2,15,0,1,1,0,0,0,0,0,0,-857.5,8104.16666666667,1520.83333333333,-1156.66666666667,10072,333.333333333333,0,100,0,9,50,41,0,84,1,0,0,0,1,0,0,0,3,1,1,1,0,0,0,0,0,2,0,0,0,0,0,0,0,0,0,0,0,0,1,8,86,1,0,0,0,5,16,39,0,0,0,0,11,1,1,0,0,0,1,79,1,4,50,14,0,32,38,0,5,1,51,0,2,0,6,5,0,0,0,43,42,0,15,6,28,21,10,20
"2017-03-15",100,194,0,0,10,10,125,12,23,4,1,0,0,3,5,0,0,1,20,0,0,0,0,0,0,0,1,1,-597.916666666667,9354.16666666667,1091.66666666667,-688.75,9872.66666666667,2787.5,0,200,0,8,41,51,0,84,1,1,0,0,0,0,1,0,1,0,2,1,0,0,0,0,1,0,1,0,3,0,0,0,0,0,0,0,0,0,1,9,87,1,0,0,0,8,17,23,1,1,0,0,0,3,0,0,0,0,2,91,0,1,51,7,0,36,26,0,8,0,61,0,2,0,9,13,0,0,0,48,24,1,10,3,28,16,15,28
"2017-03-16",102,193,0,0,6,6,129,21,10,7,0,0,0,2,8,0,0,2,14,0,1,1,0,0,0,0,0,0,-697,6681,616.25,-1268.2,10208.6275,1950.75,0,306,0,6,38,58,0,84,1,0,0,0,0,0,0,0,0,1,2,0,0,2,0,0,1,3,0,0,1,0,0,0,2,0,0,0,0,0,2,12,85,2,0,0,0,8,12,35,2,0,0,0,10,0,2,0,0,0,4,62,0,19,67,4,0,26,42,0,7,1,47,0,4,0,61,25,0,0,0,5,4,0,18,6,25,26,9,18
"2017-03-17",114,224,1,1,21,23,165,25,4,4,1,0,0,6,3,0,0,1,15,1,6,7,0,0,0,0,1,1,-620.35,6317.5,617.5,-1502.425,11539.745,3025.75,0,456,1,18,38,56,1,91,7,1,0,0,0,1,0,0,1,0,0,0,0,0,0,0,1,0,0,0,1,0,0,0,0,0,0,0,0,0,1,3,100,1,0,0,1,2,17,43,2,0,0,0,33,1,0,0,0,0,4,48,1,26,81,4,0,29,54,0,3,0,57,0,0,0,100,7,0,0,0,5,0,0,8,6,24,17,20,39
"2017-03-18",87,183,0,0,21,21,153,7,3,1,2,0,0,3,1,0,0,3,10,0,3,3,0,0,0,0,0,0,-379.9,5470.125,623.5,-919.6625,8843.07875,1352.125,87,435,0,14,37,36,0,72,3,2,0,0,0,0,0,0,0,0,0,1,0,0,0,0,1,0,1,0,1,0,0,0,1,0,0,0,0,0,2,5,77,2,2,0,0,7,15,40,0,0,0,0,36,3,2,0,0,0,4,20,0,17,45,5,0,36,42,0,1,1,40,1,0,0,75,6,0,0,0,1,2,0,7,6,24,22,9,19
"2017-03-19",48,95,0,0,11,11,77,3,0,4,0,0,0,1,1,0,0,2,7,0,2,2,0,0,0,0,0,0,-97.8,3098,314,-396,4881.2,726,48,288,0,8,22,18,0,41,2,0,0,0,0,0,0,0,0,0,1,0,0,1,0,0,0,0,1,0,0,0,0,0,0,0,0,0,0,0,1,3,43,1,1,0,0,3,5,19,0,0,0,0,32,0,1,0,0,0,0,6,0,7,29,0,0,16,26,0,0,0,21,0,1,0,44,1,0,0,0,0,0,0,2,2,12,11,4,17
"2017-03-20",51,98,1,0,15,16,70,10,3,4,1,0,0,2,2,0,0,0,6,0,4,4,0,0,0,0,1,1,95.4125,2896.375,199.75,-320.875,5152.46625,1106.47826086957,0,0,1,14,18,18,0,40,4,1,0,0,0,0,0,1,0,0,0,0,0,0,0,0,0,1,0,0,1,0,0,0,2,0,0,0,0,1,0,4,46,1,0,0,0,4,5,21,1,0,0,0,36,0,0,0,0,0,0,5,0,8,41,2,0,7,16,0,3,0,26,0,4,0,45,2,0,0,0,1,0,0,5,4,9,13,6,14
"2017-03-21",49,91,0,2,11,13,71,2,2,0,0,0,0,2,8,0,0,0,6,0,3,3,0,0,0,0,0,0,132.504166666667,4099.66666666667,271.541666666667,8.37083333333333,4908.18708333333,1002.45833333333,0,49,0,10,17,20,2,39,2,0,0,0,0,0,0,0,1,0,0,0,0,0,0,0,0,2,0,0,0,0,0,0,2,0,0,0,0,0,1,5,41,1,1,0,0,4,6,17,0,0,0,0,32,0,1,0,0,0,0,1,0,12,33,1,0,13,22,0,3,1,19,0,0,1,31,11,2,0,0,1,0,0,4,5,12,7,4,17
"2017-03-22",54,105,0,0,19,19,90,6,2,1,0,0,0,1,0,0,0,0,5,0,1,1,0,0,0,0,0,0,-472.05,2819.25,681.75,-928.8,5474.0925,1417.5,0,108,0,13,15,26,0,41,2,0,0,0,0,0,0,0,2,1,1,1,0,0,0,0,0,0,0,0,0,0,0,0,2,0,0,0,0,0,1,7,43,1,0,0,0,2,4,22,2,1,0,0,39,2,6,0,0,0,0,1,0,5,44,1,0,8,35,0,1,0,17,0,1,0,49,2,0,0,0,2,0,0,7,3,11,7,10,16
"2017-03-23",51,103,0,0,15,15,81,12,0,4,0,0,0,1,1,0,0,0,4,0,4,4,0,0,0,0,0,0,-231.2,2006,269.875,-838.1,5215.49375,1217.625,0,153,0,11,21,19,0,41,4,0,0,0,0,0,0,0,0,0,0,0,1,0,0,0,0,0,0,0,1,0,0,0,0,0,0,0,0,0,1,2,45,1,0,0,0,3,3,26,0,3,0,0,45,0,0,0,0,0,1,0,0,3,42,1,0,7,26,0,7,0,17,0,0,0,47,1,0,0,0,0,0,0,4,5,9,13,8,12
"2017-03-24",68,132,0,0,14,14,115,5,0,2,0,0,0,1,2,0,0,0,7,0,1,1,0,0,0,0,0,0,-65.7333333333333,5556.16666666667,425,-276.533333333333,6884.49,1340.16666666667,0,272,0,10,34,24,0,53,3,0,0,0,0,0,1,0,1,0,1,1,0,0,0,0,0,0,1,0,1,0,0,0,2,0,0,0,0,0,0,7,57,0,0,0,0,3,6,39,2,0,0,0,6,0,2,0,0,0,9,31,0,20,37,11,0,20,26,0,4,1,35,1,0,0,7,10,0,0,0,46,4,0,6,11,14,12,9,16
"2017-03-25",57,118,0,0,15,15,99,4,5,0,0,0,0,5,0,0,0,0,5,0,2,2,0,0,0,0,0,0,-8.075,3811.875,368.125,-349.8375,5803.1225,1151.875,57,285,0,10,26,21,0,48,2,0,0,0,0,0,0,0,1,0,0,0,0,0,0,0,0,0,1,0,2,0,0,0,2,0,0,0,0,0,0,6,50,0,1,0,0,0,10,26,0,0,0,0,18,1,0,0,0,0,7,13,0,18,28,2,0,25,31,0,0,0,24,1,0,0,38,8,0,2,0,7,0,0,4,5,15,11,9,13
"2017-03-26",33,64,0,2,8,10,55,0,0,1,0,0,0,2,0,0,0,1,5,0,3,3,0,0,0,0,0,0,-81.8125,1782,261.25,-354.2,3370.88125,237.875,33,198,0,6,11,15,1,25,1,0,0,0,0,0,0,0,0,0,1,0,0,0,0,0,0,0,0,0,1,0,0,0,0,0,0,0,0,0,1,2,26,1,0,0,0,2,8,9,0,0,0,0,25,0,1,0,0,0,0,0,0,3,22,1,0,8,15,0,0,0,14,0,1,0,25,4,1,0,0,0,0,0,3,2,11,5,2,10
"2017-03-27",61,118,0,1,21,22,90,11,2,1,0,1,0,1,3,0,0,0,9,0,4,4,0,0,0,0,0,0,171.5625,5840.75,396.5,132.166666666667,6141.45458333333,1044.625,0,0,0,17,22,21,1,48,5,0,0,0,0,0,0,0,0,0,1,1,0,0,0,0,0,1,0,0,1,0,0,0,2,0,0,0,0,0,0,6,53,0,1,0,0,5,11,21,1,0,0,0,6,1,3,0,0,0,0,1,0,44,34,5,0,16,25,0,7,0,22,0,4,1,12,2,41,0,0,0,0,0,10,3,19,10,4,15
"2017-03-28",60,114,0,1,12,13,92,9,2,1,1,0,0,2,1,0,0,0,6,0,2,2,0,0,0,0,1,1,162.75,5875,317.5,143.5,6031.925,687.5,0,60,0,11,18,30,1,44,2,1,0,0,0,0,0,0,0,1,1,1,0,0,0,0,0,1,1,0,1,0,0,0,3,0,0,0,0,0,1,9,47,1,1,0,0,1,8,28,1,0,0,0,15,0,0,0,0,0,0,1,0,44,38,6,1,15,28,0,4,0,26,0,1,0,18,13,25,3,0,1,0,0,6,3,15,17,8,11
"2017-03-29",48,94,0,1,16,17,75,5,0,5,1,0,0,4,3,0,0,0,1,0,4,4,0,0,0,0,0,0,168.2,2972,464,-158.4,4861.18,674,0,96,0,12,19,16,1,39,3,1,0,0,0,0,0,0,0,0,0,0,0,0,0,0,0,0,0,0,2,0,0,0,2,0,0,0,0,0,0,4,43,0,0,0,0,4,3,23,1,0,0,0,43,0,1,0,0,0,0,0,0,2,37,1,0,8,27,0,3,0,15,0,0,0,31,14,0,0,0,0,0,0,7,1,20,6,2,12
"2017-03-30",45,88,0,0,13,13,66,5,0,2,2,0,0,2,2,0,0,0,9,0,5,5,0,0,0,0,2,2,119.0625,2236.875,348.75,-315.1875,4569.28125,360,0,135,0,11,18,16,0,34,5,2,0,0,0,0,0,0,0,0,0,0,0,0,0,0,0,0,0,1,0,0,0,0,1,0,0,0,0,0,0,2,41,0,0,0,0,1,2,27,0,0,0,0,41,0,0,0,0,0,0,0,0,1,31,0,0,11,28,0,2,1,10,0,1,0,39,4,0,0,0,0,0,0,5,7,11,5,5,12
"2017-03-31",59,115,0,0,14,14,85,13,0,0,2,0,0,3,4,0,0,0,8,0,4,4,0,0,0,0,1,1,107.675,4189,422.833333333333,-189.291666666667,5956.29583333333,361.375,0,236,0,11,18,30,0,45,4,2,0,0,0,0,0,0,0,0,1,0,0,0,0,0,0,1,0,0,0,0,0,0,1,0,0,0,0,0,0,3,51,0,1,0,0,0,5,30,1,0,0,0,32,0,0,0,0,0,2,2,0,21,34,5,0,18,32,0,6,0,20,0,0,0,26,11,14,0,0,6,0,0,6,2,7,12,15,17
"2017-04-01",62,122,0,1,16,17,101,4,0,0,0,0,1,3,4,0,0,3,6,0,4,4,0,0,0,0,0,0,71.3,6021.75,364.25,45.2083333333333,6242.72833333333,465,62,310,0,11,33,17,1,52,4,0,0,0,0,0,0,0,0,0,2,1,0,0,0,0,0,0,1,0,0,0,0,0,0,0,0,0,0,0,0,4,56,0,0,0,0,4,4,32,0,0,0,0,15,0,0,0,0,0,2,5,0,40,39,4,0,19,33,0,2,1,24,1,1,0,21,17,12,0,0,12,0,0,8,7,19,9,8,11
"2017-04-02",35,73,0,0,14,14,67,0,1,1,0,0,0,0,0,0,0,0,4,0,4,4,0,0,0,0,0,0,141.604166666667,2553.54166666667,161.875,-37.7708333333333,3529.21041666667,883.75,35,210,0,12,11,12,0,27,3,0,0,0,0,0,0,0,2,0,0,0,0,0,0,0,0,0,2,0,0,0,0,0,0,0,0,0,0,0,0,4,30,0,1,0,0,3,1,18,1,0,0,0,30,0,0,0,0,0,0,1,0,3,21,0,0,11,20,0,2,1,10,0,0,0,30,2,0,0,0,0,0,0,2,3,8,4,5,13
"2017-04-03",54,105,0,0,16,16,81,9,0,3,3,0,0,0,2,0,0,0,7,0,4,4,0,0,0,0,1,1,210.6,2506.5,362.25,-370.35,5449.365,425.25,0,0,0,10,19,25,0,39,4,3,0,0,0,0,0,0,1,0,0,0,0,0,0,0,0,1,0,0,0,0,0,0,1,1,0,0,0,0,0,3,46,1,0,0,0,2,6,27,1,0,0,0,50,0,0,0,0,0,0,0,0,1,41,1,0,8,23,0,5,0,23,0,2,0,50,1,0,0,0,0,0,0,7,2,10,14,8,13
"2017-04-04",66,124,0,0,17,17,101,6,1,0,1,0,1,2,0,0,0,1,11,0,7,7,0,0,0,0,1,1,271.7,5656.75,467.5,116.875,6569.0075,1072.5,0,66,0,15,22,29,0,48,8,0,0,0,0,0,0,0,1,0,1,2,0,0,0,0,0,0,0,0,0,0,0,0,1,0,0,0,0,0,1,5,56,1,0,0,0,4,10,29,1,1,0,0,3,0,0,0,0,0,0,0,0,56,36,6,0,18,30,0,4,1,28,0,0,0,3,4,48,0,5,0,0,0,8,5,14,12,12,15
"2017-04-05",52,104,0,0,12,12,83,4,0,3,3,0,0,2,3,0,0,0,6,0,1,1,0,0,0,0,2,2,277.333333333333,4500.16666666667,266.5,164.016666666667,5211.07166666667,1148.33333333333,0,104,0,10,16,26,0,42,2,3,0,0,0,0,0,0,1,0,0,0,0,0,0,0,0,1,0,0,0,0,0,0,0,0,0,0,1,0,1,2,47,2,0,0,0,2,6,26,1,0,0,0,35,0,0,0,0,0,0,0,0,15,40,0,0,10,28,0,5,0,16,0,1,0,22,14,13,0,0,0,0,0,8,2,14,7,10,11
"2017-04-06",54,100,0,1,11,12,83,4,0,3,2,0,0,1,2,0,0,0,5,0,7,7,0,0,0,0,0,0,184.5,5247,492.75,162,5378.67,252,0,162,0,10,20,23,1,37,7,2,0,1,0,0,0,0,0,0,1,0,0,0,0,0,0,0,0,0,1,0,0,0,0,0,0,0,0,1,1,2,47,2,0,0,0,1,7,26,0,0,0,0,3,0,0,0,0,0,0,0,1,46,31,8,0,12,25,0,1,0,25,0,0,0,3,2,38,0,7,0,0,0,5,5,16,11,4,13
"2017-04-07",59,107,0,0,16,16,83,9,0,2,1,0,0,2,5,0,0,0,5,0,5,5,0,0,0,0,1,1,183.145833333333,5575.5,516.25,135.208333333333,5790.18625,1386.5,0,236,0,15,23,21,0,42,4,1,0,0,0,1,1,1,0,1,1,0,0,0,0,0,0,0,0,0,0,0,0,0,1,0,0,0,1,0,3,3,50,4,1,0,1,2,8,27,0,0,0,0,8,0,0,0,0,0,0,0,0,47,36,2,0,17,31,0,4,0,21,0,2,0,9,4,43,0,0,0,0,0,10,5,15,8,8,13
"2017-04-08",40,76,0,2,13,15,68,0,0,2,1,0,0,1,0,0,0,0,4,0,2,2,0,0,0,0,1,1,129.666666666667,2780,280,-81.6666666666667,3987.76666666667,753.333333333333,40,200,0,9,19,10,2,30,2,1,0,0,0,0,1,0,0,0,0,0,0,0,0,1,0,0,0,0,0,0,0,0,1,0,0,0,0,0,1,2,34,1,0,0,0,0,5,19,2,0,0,0,36,0,0,0,0,0,0,0,0,4,26,1,0,13,22,0,4,0,14,0,0,0,29,9,2,0,0,0,0,0,5,0,7,6,6,16