"Date","NB_Accidents","NB_VEH_IMPLIQUES_ACCDN","NB_MORTS","NB_BLESSES_GRAVES","NB_BLESSES_LEGERS","NB_VICTIMES_TOTAL","nb_automobile_camion_leger","nb_camionLourd_tractRoutier","nb_outil_equipement","nb_tous_autobus_minibus","nb_bicyclette","nb_cyclomoteur","nb_motocyclette","nb_taxi","nb_urgence","nb_motoneige","nb_VHR","nb_autres_types","nb_veh_non_precise","NB_DECES_PIETON","NB_BLESSES_PIETON","NB_VICTIMES_PIETON","NB_DECES_MOTO","NB_BLESSES_MOTO","NB_VICTIMES_MOTO","NB_DECES_VELO","NB_BLESSES_VELO","NB_VICTIMES_VELO","Temp","Rel.Hum","Wind.Spd","Dew.Point.Temp","Stn_Press","Wind.Dir","weekdays","days","SeverityDeadly","SeverityLight Injury","SeverityMaterial High","SeverityMaterial Low","SeveritySevere Injury","as.factor(Accident_Type)31","as.factor(Accident_Type)32","as.factor(Accident_Type)33","as.factor(Accident_Type)34","as.factor(Accident_Type)35","as.factor(Accident_Type)36","as.factor(Accident_Type)37","as.factor(Accident_Type)38","as.factor(Accident_Type)39","as.factor(Accident_Type)40","as.factor(Accident_Type)41","as.factor(Accident_Type)42","as.factor(Accident_Type)43","as.factor(Accident_Type)44","as.factor(Accident_Type)45","as.factor(Accident_Type)46","as.factor(Accident_Type)47","as.factor(Accident_Type)48","as.factor(Accident_Type)49","as.factor(Accident_Type)50","as.factor(Accident_Type)51","as.factor(Accident_Type)52","as.factor(Accident_Type)53","as.factor(Accident_Type)54","as.factor(Accident_Type)55","as.factor(Accident_Type)59","as.factor(Accident_Type)71","as.factor(Accident_Type)72","as.factor(Accident_Type)73","as.factor(Accident_Type)74","as.factor(Accident_Type)75","as.factor(Accident_Type)99","Accident_CategoryFixed Object","Accident_CategoryMoving Object","Accident_CategoryNo Collision","Auth_Speed10","Auth_Speed100","Auth_Speed20","Auth_Speed30","Auth_Speed40","Auth_Speed50","Auth_Speed60","Auth_Speed70","Auth_Speed80","Auth_Speed90","Surface_CondDry","Surface_CondHard snow","Surface_CondIce","Surface_CondMud","Surface_CondOil","Surface_CondSand or gravel","Surface_CondSlush","Surface_CondSnow","Surface_CondWater accumulation","Surface_CondWet","IlluminationDay and clear","IlluminationDay and semi-dark","IlluminationNight and dark","IlluminationNight and lighted","EnvironmentCommercial","EnvironmentForest","EnvironmentIndustrial","EnvironmentPark","EnvironmentResidential","EnvironmentRural","EnvironmentSchool area","WeatherBlack Ice","WeatherClear Sky","WeatherCloudy","WeatherDrizzle","WeatherFoggy","WeatherHeavy Rain","WeatherSnow","WeatherSnowstorms","WeatherStrong Wind","cluster_id_0","cluster_id_1","cluster_id_2","cluster_id_3","cluster_id_4","cluster_id_5"
"2017-04-09",37,74,0,0,8,8,60,0,0,1,3,0,1,0,2,0,0,0,7,0,1,1,0,0,0,0,2,2,344.1,1833.04166666667,240.5,-44.8625,3723.55666666667,801.666666666667,37,222,0,8,13,16,0,30,0,3,0,0,0,0,0,0,1,0,1,0,0,0,0,0,0,0,1,0,0,0,0,0,1,0,0,0,0,0,0,4,33,0,0,0,0,3,5,12,0,0,0,0,31,0,1,0,0,0,0,0,0,3,25,2,1,8,15,0,2,0,19,0,0,0,30,4,2,0,0,0,0,0,5,2,10,8,3,9
"2017-04-10",54,98,1,1,12,14,78,3,0,2,4,0,1,2,3,0,0,1,4,1,5,6,0,0,0,0,4,4,925.425,2502,378,263.7,5422.3425,1048.5,0,0,1,12,21,19,1,34,6,4,0,0,0,0,0,0,1,1,0,0,0,0,0,0,0,0,1,0,0,0,0,0,1,0,0,0,0,0,4,4,44,4,0,0,1,3,7,20,0,0,0,0,49,0,0,0,0,0,0,1,0,2,44,0,0,9,28,0,1,1,20,0,2,0,44,6,0,0,0,0,1,0,9,1,15,4,8,17
"2017-04-11",31,57,0,0,14,14,43,3,0,1,0,1,0,1,1,0,0,1,6,0,5,5,0,0,0,0,0,0,262.595833333333,2814.54166666667,275.125,215.8375,3129.54041666667,249.291666666667,0,31,0,12,9,10,0,20,6,0,0,0,0,0,0,0,0,0,1,0,0,0,0,0,1,0,0,0,0,0,0,0,0,0,1,0,0,0,0,2,26,1,1,0,0,0,2,20,0,0,0,0,16,0,0,0,0,0,0,0,0,11,18,1,1,7,14,0,2,0,10,1,1,0,13,12,2,0,0,0,0,0,5,2,4,4,7,9
"2017-04-12",57,112,1,1,8,10,92,9,1,2,1,0,0,3,2,0,0,0,2,1,5,6,0,0,0,0,0,0,374.775,4999.375,318.25,259.35,5763.0325,1083,0,114,1,6,27,22,1,45,4,1,0,1,0,0,0,0,0,0,1,0,0,0,0,0,0,0,0,0,0,0,0,0,1,0,0,0,0,0,2,2,51,2,1,0,0,2,10,25,0,0,0,0,40,0,0,0,0,0,0,0,0,15,37,3,1,16,25,0,5,1,24,0,0,0,25,23,7,0,0,0,0,0,8,5,17,9,6,12
"2017-04-13",73,142,0,0,11,11,107,11,0,3,3,0,2,3,1,0,0,0,12,0,0,0,0,1,1,0,3,3,596.166666666667,4036.29166666667,504.916666666667,-97.3333333333333,7424.92125,1907.125,0,219,0,11,25,37,0,57,4,3,0,0,0,0,0,1,0,2,1,0,0,0,0,0,0,1,0,0,0,0,0,0,0,0,0,0,0,0,1,4,65,1,1,0,0,2,12,30,1,0,0,0,71,0,0,0,0,0,0,0,0,1,51,2,1,17,37,0,3,0,28,0,2,0,68,4,0,0,0,0,0,0,6,6,21,18,7,15
"2017-04-14",42,86,0,0,7,7,70,3,0,0,1,0,2,2,1,0,0,0,7,0,2,2,0,2,2,0,1,1,412.825,1421,211.75,-245,4283.86,861,0,168,0,6,18,18,0,35,2,1,0,0,0,0,0,0,0,0,0,0,0,0,0,0,0,2,0,0,1,0,0,0,0,0,0,0,0,0,0,3,38,0,0,0,0,1,4,20,0,0,0,0,42,0,0,0,0,0,0,0,0,0,28,0,0,13,16,0,0,0,25,0,0,0,41,0,0,0,0,0,0,0,6,1,11,6,8,10
"2017-04-15",40,91,0,0,7,7,73,1,0,0,2,1,0,1,3,0,0,0,10,0,1,1,0,0,0,0,0,0,495,2085,278.333333333333,54.8333333333333,4039.71666666667,831.666666666667,40,200,0,6,15,19,0,33,1,1,0,0,0,0,0,2,0,0,0,0,0,0,0,0,0,0,0,0,0,0,0,0,1,0,0,0,0,0,0,1,37,0,1,0,0,4,9,17,0,0,0,0,32,0,0,0,0,0,0,0,0,6,26,0,1,11,19,0,4,2,15,0,0,0,31,2,5,0,0,0,0,0,0,3,11,4,9,13
"2017-04-16",39,76,0,1,22,23,67,1,0,1,0,1,1,1,1,0,0,0,3,0,2,2,0,1,1,0,0,0,500.6625,3620.5,269.75,454.8375,3887.79625,567.125,39,234,0,14,21,3,1,29,1,0,0,0,0,0,0,0,0,1,1,0,0,0,0,0,0,0,1,1,0,0,0,0,1,0,0,0,0,0,1,5,30,1,0,0,0,5,4,20,0,0,0,0,7,0,0,0,0,0,0,0,0,31,21,4,0,14,15,0,0,0,22,1,1,0,4,14,21,0,0,0,0,0,1,5,10,9,5,9
"2017-04-17",25,46,0,0,4,4,36,2,0,1,1,0,0,2,2,0,0,0,2,0,1,1,0,0,0,0,0,0,170.729166666667,1778.125,180.208333333333,42.5,2515.5625,682.291666666667,0,0,0,4,8,13,0,19,1,1,0,0,0,0,0,0,1,0,1,0,0,0,0,0,0,0,1,0,0,0,0,0,1,0,0,0,0,0,0,4,21,0,1,0,0,1,2,15,0,0,0,0,19,0,0,0,0,0,0,0,0,6,11,1,0,12,10,0,2,0,13,0,0,0,16,6,3,0,0,0,0,0,4,3,7,3,3,5
"2017-04-18",72,146,1,1,24,26,103,13,0,3,10,1,0,2,3,0,0,0,11,0,3,3,0,0,0,0,9,9,403.2,4068,465,-183.6,7351.26,891,0,72,1,21,18,31,1,54,4,9,0,0,0,0,0,0,0,1,0,0,0,0,0,0,0,0,1,0,1,0,0,0,0,0,0,0,0,0,0,3,67,0,0,0,0,0,12,37,0,0,0,0,63,0,0,0,0,1,0,0,0,0,57,1,1,10,35,0,5,0,31,0,1,0,62,2,0,0,0,0,0,0,4,6,17,13,10,22
"2017-04-19",74,145,0,0,25,25,115,11,1,1,1,0,0,1,5,0,0,0,10,0,4,4,0,0,0,0,1,1,543.591666666667,5812.08333333333,656.75,265.783333333333,7495.39833333333,1375.16666666667,0,148,0,21,22,31,0,58,4,1,0,0,0,0,0,0,0,1,1,0,0,0,0,0,0,2,0,0,0,0,0,0,4,0,0,0,0,0,0,8,63,0,1,0,1,3,3,42,1,0,0,0,31,0,0,0,0,0,0,0,0,40,57,7,0,8,38,0,5,0,27,0,2,0,18,11,34,0,7,0,0,0,5,7,16,16,11,19
"2017-04-20",55,104,0,1,21,22,77,4,2,1,2,1,2,1,6,0,0,0,8,0,3,3,0,2,2,0,0,0,418.916666666667,4200.625,504.166666666667,201.4375,5568.38333333333,368.958333333333,0,165,0,16,17,21,1,40,4,2,0,1,0,0,0,0,1,0,0,1,0,1,0,0,0,2,0,0,0,0,0,0,0,0,0,0,0,0,1,5,47,1,0,0,0,0,9,27,0,0,0,0,39,0,0,0,0,0,0,0,0,10,37,3,0,11,29,1,2,0,20,1,1,0,24,19,4,1,0,0,0,0,4,6,10,11,11,13
"2017-04-21",60,113,0,0,17,17,92,10,0,1,1,0,0,1,5,0,0,0,3,0,3,3,0,0,0,0,1,1,540.5,5192.5,450,409.75,6016.3,920,0,240,0,14,19,27,0,47,3,1,0,0,0,1,1,0,0,0,0,0,0,1,0,0,0,0,0,0,0,0,0,0,2,0,0,0,0,0,2,3,53,2,0,0,1,3,5,34,0,0,0,0,18,0,0,0,0,0,0,0,0,38,35,3,2,19,36,0,4,0,15,0,2,0,19,9,29,0,1,0,0,0,9,5,12,10,10,14
"2017-04-22",50,102,0,1,14,15,88,0,1,1,1,0,1,3,1,0,0,1,5,0,2,2,0,1,1,0,0,0,404.375,3852.08333333333,312.5,211.666666666667,5025.1875,1293.75,50,250,0,11,18,20,1,40,3,1,0,0,0,0,0,0,0,0,3,0,0,0,0,0,0,0,0,0,1,0,0,0,0,0,0,0,0,0,1,4,44,1,1,0,0,1,5,27,0,0,0,0,34,0,0,0,0,0,0,0,0,13,31,2,0,16,24,0,5,0,21,0,0,0,21,18,9,0,0,0,0,0,3,4,6,12,10,15
"2017-04-23",27,48,0,0,13,13,39,1,0,0,2,0,1,2,1,0,0,0,2,0,1,1,0,1,1,0,1,1,286.875,1507.5,212.625,41.0625,2720.41875,559.125,27,162,0,10,11,6,0,18,1,1,0,0,0,0,1,0,0,1,0,0,0,0,1,0,0,2,1,0,0,0,0,0,0,0,0,0,0,0,0,5,21,0,0,0,0,2,5,10,0,0,0,0,24,0,0,0,0,0,0,0,0,1,13,1,0,11,7,0,2,0,16,0,2,0,25,1,0,0,0,0,0,0,3,2,7,4,4,7
"2017-04-24",53,100,0,0,15,15,73,9,0,2,1,1,2,5,2,0,0,0,5,0,6,6,0,0,0,0,1,1,242.916666666667,2610.25,499.083333333333,-294.591666666667,5383.23208333333,289.291666666667,0,0,0,14,22,17,0,36,5,1,1,0,0,0,0,0,1,0,0,2,0,0,0,0,0,1,1,1,0,0,0,0,0,0,0,0,0,1,1,6,43,2,0,0,0,3,7,24,1,0,0,0,51,0,0,0,0,0,0,0,0,1,39,1,0,12,22,0,4,0,21,1,3,0,45,6,1,0,0,0,0,0,7,3,14,5,8,16
"2017-04-25",47,95,0,1,15,16,75,6,0,4,3,1,0,3,1,0,0,0,2,0,6,6,0,0,0,0,2,2,373.65,2976.66666666667,403.416666666667,42.4958333333333,4763.48916666667,338.791666666667,0,47,0,15,19,12,1,34,6,3,0,0,0,0,0,0,1,1,0,0,0,0,0,0,0,0,0,1,0,0,0,0,0,0,0,0,0,0,0,3,43,0,1,0,0,1,8,22,0,0,0,0,26,0,0,0,0,0,0,0,0,21,36,4,1,6,28,0,1,0,16,0,0,0,21,6,17,0,2,0,0,1,8,2,20,7,2,8
"2017-04-26",65,123,0,0,14,14,94,9,0,5,3,0,0,0,3,0,0,0,9,0,0,0,0,0,0,0,3,3,733.145833333333,6120.83333333333,571.458333333333,671.666666666667,6521.36875,360.208333333333,0,130,0,12,25,28,0,50,2,3,0,0,0,0,0,2,0,0,1,0,0,0,0,0,0,1,0,0,0,0,0,0,0,0,0,0,0,0,5,2,57,5,0,0,0,0,7,28,1,0,0,0,45,0,0,0,0,0,0,0,0,19,54,2,0,9,35,0,1,0,28,0,0,0,34,17,13,0,0,0,0,0,5,2,17,12,9,20
"2017-04-27",60,123,1,0,16,17,93,10,0,5,5,0,3,0,0,0,0,1,6,0,2,2,0,1,1,0,3,3,913.75,5010,480,723.75,6001.275,380,0,180,1,12,22,25,0,48,3,3,0,0,0,0,1,0,0,0,0,0,0,0,0,0,0,0,0,0,0,0,0,0,0,0,0,0,0,0,0,0,55,0,0,0,0,4,5,27,0,0,0,0,55,0,0,0,0,1,0,0,0,0,50,0,0,5,21,0,4,0,31,0,3,0,52,3,0,0,0,0,0,0,3,5,13,18,7,14
"2017-04-28",72,150,0,0,16,16,125,5,2,3,1,1,3,0,2,0,0,0,8,0,6,6,0,2,2,0,0,0,1121.7,4659,561,596.1,7220.82,1117.5652173913,0,288,0,13,28,31,0,61,5,1,0,0,0,0,0,0,0,0,0,0,0,0,0,0,0,0,1,0,0,0,0,0,0,0,0,0,0,0,1,1,67,1,0,0,0,1,11,35,0,0,0,0,66,0,0,0,0,0,0,0,0,2,56,1,1,11,34,0,4,0,29,0,1,0,63,4,2,0,0,0,0,0,10,5,17,11,14,15
"2017-04-29",62,132,0,1,20,21,110,4,0,3,4,0,2,1,0,0,0,0,8,0,0,0,0,0,0,0,4,4,880.4,2921.75,651,173.341666666667,6236.425,1121.16666666667,62,310,0,16,16,29,1,52,0,4,0,0,0,1,0,0,0,0,0,0,0,0,0,0,0,1,0,0,0,0,0,0,1,0,0,0,0,0,1,2,57,1,0,0,0,3,9,24,0,0,0,0,58,0,0,0,0,0,0,0,0,1,41,2,0,16,30,0,1,1,30,0,0,0,52,6,0,0,0,0,0,0,10,1,20,10,6,15
"2017-04-30",47,97,0,0,19,19,84,1,0,1,3,1,0,1,2,0,0,0,4,0,1,1,0,0,0,0,0,0,235.5875,3076.54166666667,379.916666666667,-51.7,4776.94291666667,354.458333333333,47,282,0,13,20,14,0,39,2,2,0,0,0,0,0,0,1,1,1,0,0,0,0,1,0,0,0,0,0,0,0,0,0,0,0,0,0,0,0,4,43,0,0,0,0,1,4,24,0,0,0,0,26,0,0,0,0,0,0,0,0,20,31,1,0,15,26,0,1,0,20,0,0,0,21,4,20,0,0,0,0,0,5,1,14,8,8,11
"2017-05-01",58,105,0,3,17,20,75,8,2,2,2,0,0,5,2,0,1,1,7,0,8,8,0,0,0,0,1,1,449.258333333333,5676.75,454.333333333333,430.65,5803.14166666667,277.916666666667,0,0,0,14,23,19,2,42,7,2,0,0,0,0,0,0,0,0,0,0,0,0,0,0,0,1,0,0,0,0,0,0,1,0,0,0,0,1,2,2,51,3,0,0,0,0,7,30,0,0,0,0,3,0,0,0,0,0,0,0,3,52,36,4,2,13,34,0,5,0,16,0,2,0,5,1,43,0,8,0,0,0,1,4,16,8,11,18
"2017-05-02",63,118,0,0,17,17,99,3,0,1,3,0,2,0,2,0,0,1,7,0,4,4,0,1,1,0,3,3,764.1375,4759.125,498.75,475.65,6236.55375,994.875,0,63,0,14,26,23,0,47,3,3,0,0,0,0,0,0,1,1,1,1,0,0,0,0,0,2,2,0,0,0,0,0,0,0,0,0,0,0,0,8,53,0,1,0,0,4,6,30,0,0,0,1,53,0,0,0,0,0,0,0,0,6,52,4,0,4,35,0,2,1,21,1,1,0,42,14,3,0,0,0,0,0,5,7,14,11,12,14
"2017-05-03",59,116,0,0,9,9,88,8,0,3,4,1,1,2,3,0,0,0,6,0,1,1,0,0,0,0,2,2,537.391666666667,3606.375,467.083333333333,88.7458333333334,5906.07208333333,1155.41666666667,0,118,0,9,26,24,0,46,1,4,0,0,0,0,1,0,0,0,1,0,0,0,0,0,0,0,0,0,0,0,0,0,3,0,0,0,0,0,1,4,52,1,0,0,0,0,9,23,0,1,0,0,50,0,0,0,0,0,0,0,1,6,39,2,0,17,33,0,4,0,21,0,1,0,39,13,2,0,2,0,0,0,5,6,18,6,13,11
"2017-05-04",61,119,0,0,24,24,92,9,0,2,3,0,1,2,3,0,0,0,7,0,5,5,0,0,0,0,1,1,710.141666666667,2615.375,299.916666666667,-72.9458333333333,6176.98708333333,1306.41666666667,0,183,0,17,20,24,0,47,5,3,0,0,0,0,0,0,0,1,0,0,0,0,0,0,0,0,0,0,1,0,0,0,0,0,0,0,0,0,0,2,55,0,1,0,0,0,12,27,0,0,0,0,54,0,0,0,0,0,0,1,0,4,45,2,0,12,28,0,2,0,28,0,1,0,51,6,1,0,0,1,0,0,3,3,21,11,12,11
"2017-05-05",58,115,0,0,21,21,92,7,0,3,0,0,0,3,0,0,0,3,7,0,5,5,0,0,0,0,0,0,499.041666666667,5176.5,377,399.716666666667,5813.17083333333,669.416666666667,0,232,0,14,21,23,0,46,4,0,0,0,0,0,0,0,2,0,0,0,0,0,0,0,0,0,0,0,0,0,0,0,0,0,0,0,0,0,0,2,50,0,1,0,0,2,7,24,0,0,0,0,7,0,0,0,0,0,0,0,0,46,32,4,0,17,24,0,1,2,25,0,2,0,5,8,35,0,4,0,0,0,7,7,16,10,6,12
"2017-05-06",64,127,0,0,8,8,109,4,0,0,3,0,0,3,1,0,0,0,7,0,1,1,0,0,0,0,2,2,845.6,5405.33333333333,432,661.866666666667,6314.10666666667,840,64,320,0,8,34,22,0,49,1,4,0,0,0,0,0,0,1,0,1,0,0,0,0,0,0,0,2,0,0,0,0,0,1,1,0,0,0,0,2,5,54,3,0,0,0,5,6,25,1,0,0,0,33,0,0,0,0,0,0,0,0,27,37,2,0,24,30,0,1,0,28,0,2,0,24,14,20,0,2,0,0,0,3,3,26,10,10,12
"2017-05-07",32,64,0,0,5,5,54,2,1,0,0,0,1,1,3,0,0,0,2,0,0,0,0,1,1,0,0,0,264.533333333333,2572,198.666666666667,159.066666666667,3170.88,720,32,192,0,4,13,15,0,27,0,0,0,0,0,0,0,0,1,1,0,0,0,0,0,0,0,0,0,0,0,0,0,0,1,0,0,0,0,0,2,3,27,2,0,0,0,2,3,16,0,0,0,0,18,0,0,0,0,0,0,0,1,9,18,4,0,8,10,0,0,1,21,0,0,0,9,11,7,0,1,0,0,0,1,3,8,6,2,12
"2017-05-08",51,101,0,0,10,10,78,7,1,2,1,1,0,2,4,0,0,0,5,0,3,3,0,0,0,0,0,0,166.8125,3718.75,257.125,-60.9875,5099.6175,1245.25,0,0,0,8,19,24,0,41,2,1,0,0,0,0,0,0,2,0,1,0,0,0,0,0,0,1,0,0,0,0,0,0,1,0,0,0,0,0,1,5,44,1,2,0,0,3,6,20,0,0,0,0,49,0,0,0,0,0,0,0,0,0,40,3,0,8,31,0,3,0,15,0,1,0,37,13,0,0,0,0,0,0,5,6,14,10,7,9
"2017-05-09",58,118,0,0,9,9,88,10,0,4,1,0,1,3,3,0,0,1,7,0,0,0,0,0,0,0,1,1,261.241666666667,3871.5,234.416666666667,-78.7833333333333,5841.22833333333,1498.33333333333,0,58,0,9,23,26,0,48,1,1,0,0,0,0,0,0,2,0,1,0,0,0,0,1,0,0,0,0,0,0,0,0,1,0,0,0,0,1,0,5,50,1,1,0,0,1,7,27,0,0,0,0,54,0,0,0,0,0,0,0,0,2,49,0,0,7,25,0,5,0,23,0,4,0,45,9,1,0,0,0,0,0,5,5,11,9,9,19
"2017-05-10",45,85,0,1,9,10,65,10,0,1,1,0,4,0,2,0,0,1,1,0,1,1,0,2,2,0,0,0,385.5,2679.375,363.75,47.4375,4542.80625,690,0,90,0,7,17,20,1,34,2,1,0,0,0,1,0,0,1,0,0,0,0,0,0,0,0,2,0,0,1,0,0,0,2,0,0,0,0,0,1,6,38,1,1,0,0,4,4,23,0,0,0,0,40,0,0,0,0,1,0,0,0,1,36,3,0,5,27,0,3,1,13,0,1,0,30,13,1,0,0,0,0,0,1,6,12,7,8,11
"2017-05-11",56,101,0,0,11,11,81,5,1,2,1,0,3,1,2,0,0,0,5,0,3,3,0,2,2,0,0,0,541.333333333333,4288.66666666667,504,318.033333333333,5654.32,184.333333333333,0,168,0,11,20,25,0,39,3,1,0,0,0,1,0,0,0,1,1,0,0,0,0,0,0,4,2,0,1,0,0,0,2,0,0,0,0,0,0,11,44,0,0,0,0,1,5,25,0,0,0,0,52,1,0,0,0,0,0,0,0,1,43,0,0,11,27,0,4,0,21,0,1,0,38,14,0,0,0,1,0,0,7,1,14,12,4,18
"2017-05-12",74,144,0,0,19,19,115,9,0,1,3,1,3,4,3,0,0,0,5,0,3,3,0,2,2,0,2,2,950.283333333334,5186.16666666667,585.833333333333,531.875,7459.015,440.916666666667,0,296,0,17,29,28,0,59,4,1,0,0,0,0,0,0,0,0,1,1,0,0,0,0,0,3,0,1,1,0,0,0,0,0,0,0,0,0,1,7,64,1,1,0,0,8,15,21,1,0,0,0,71,0,0,0,0,0,0,0,0,0,60,1,0,10,38,0,2,0,32,0,2,0,67,4,0,0,0,0,0,0,2,4,22,13,13,20
"2017-05-13",52,102,0,1,19,20,80,5,0,1,3,1,1,2,1,0,0,1,7,0,2,2,0,0,0,0,2,2,731.033333333333,3648.66666666667,325,433.983333333333,5216.98666666667,1182.4347826087,52,260,0,15,20,16,1,37,2,3,0,1,0,0,0,0,0,0,0,0,0,0,0,0,0,2,0,0,1,0,0,0,1,0,0,0,0,0,2,4,43,2,0,0,0,3,9,17,0,0,0,0,50,0,0,1,0,0,0,0,0,1,37,1,2,12,24,0,1,0,24,0,2,0,44,6,2,0,0,0,0,0,1,1,15,13,7,15
"2017-05-14",49,105,0,0,18,18,90,3,0,0,0,0,0,1,2,0,0,0,9,0,2,2,0,0,0,0,0,0,498.983333333333,4214,332.791666666667,386.691666666667,4887.83166666667,612.5,49,294,0,12,21,16,0,38,2,0,0,0,0,0,0,1,2,0,1,0,0,0,0,0,0,0,0,0,1,0,0,0,1,0,0,0,0,0,1,5,41,1,0,0,0,3,2,24,1,0,0,1,26,0,0,0,0,0,0,0,0,21,27,1,0,20,32,0,1,0,14,0,0,0,22,9,15,0,0,0,0,0,5,2,13,9,6,14
"2017-05-15",62,126,0,1,19,20,97,12,0,0,4,1,1,1,2,0,0,0,8,0,2,2,0,0,0,0,2,2,962.033333333333,3748.41666666667,707.833333333333,437.1,6181.58083333333,1234.83333333333,0,0,0,14,22,25,1,48,4,4,0,0,0,0,1,0,0,0,1,0,0,0,0,1,0,0,0,0,0,0,0,0,1,0,0,0,0,0,1,3,57,1,1,0,0,4,14,20,0,0,0,0,55,0,0,0,0,0,0,0,0,3,50,1,0,10,25,0,3,0,32,0,0,0,47,11,1,0,0,0,0,0,9,2,23,8,9,11
"2017-05-16",64,125,0,0,13,13,94,15,0,3,6,0,1,0,1,0,0,0,5,0,4,4,0,1,1,0,5,5,1099.46666666667,3490.66666666667,344,478.4,6424.66666666667,1658.66666666667,0,64,0,13,28,23,0,48,4,5,0,0,0,0,0,0,0,0,0,1,0,0,0,0,0,0,1,0,1,0,0,0,3,0,0,0,0,0,0,6,57,0,0,0,0,2,11,22,0,0,0,0,63,0,0,0,0,0,0,0,0,1,56,0,0,8,24,0,2,0,34,0,0,0,63,1,0,0,0,0,0,0,5,3,17,11,12,16
"2017-05-17",63,123,0,0,19,19,86,10,0,4,3,1,4,3,3,0,0,0,9,0,2,2,0,1,1,0,3,3,1402.5375,3430.875,501.375,778.575,6298.215,1257.375,0,126,0,15,25,23,0,46,2,3,0,0,0,0,1,0,0,0,2,1,0,0,0,0,0,1,0,0,1,0,0,0,2,0,0,0,0,0,1,7,52,1,0,0,0,4,13,26,0,0,0,0,59,0,0,0,0,0,0,0,0,0,52,2,0,7,34,0,2,0,22,0,2,0,56,2,0,0,0,0,0,0,5,4,20,15,7,12
"2017-05-18",77,150,0,2,26,28,129,5,1,2,3,0,0,3,2,0,0,0,5,0,3,3,0,0,0,0,3,3,1960.93333333333,4116.29166666667,725.083333333333,1150.50833333333,7670.74,1450.16666666667,0,231,0,20,22,33,2,60,4,3,0,0,0,1,0,0,1,0,0,1,0,0,0,0,0,0,0,0,0,0,0,0,1,0,0,0,0,0,5,3,68,5,0,0,0,5,9,34,0,0,0,0,71,0,0,0,0,1,0,0,0,1,61,2,0,11,41,0,6,0,27,0,1,0,70,1,1,0,0,0,0,0,9,4,25,11,6,22
"2017-05-19",67,132,0,1,17,18,101,7,1,5,3,0,1,3,3,0,0,0,8,0,3,3,0,0,0,0,3,3,1013.65416666667,3506.33333333333,737,300.383333333333,6732.94166666667,1032.91666666667,0,268,0,17,25,24,1,55,3,3,0,0,0,0,0,0,1,0,1,0,0,0,0,0,0,0,0,0,1,0,0,0,0,1,0,0,0,0,0,3,61,1,0,0,0,5,6,29,0,0,0,0,66,0,0,0,0,0,0,0,0,0,54,3,0,8,40,0,0,0,25,0,2,0,55,10,0,0,0,0,0,0,5,4,21,11,11,15
"2017-05-20",60,123,0,1,15,16,104,3,0,3,5,0,1,2,3,0,0,0,2,0,3,3,0,1,1,0,4,4,713.5,2430,520,-99.75,6115,500,60,300,0,10,29,20,1,49,3,4,0,0,0,0,0,0,1,0,0,0,0,0,0,0,0,0,0,0,0,0,0,0,0,0,0,0,0,0,2,1,56,2,0,0,0,2,10,30,0,0,0,0,60,0,0,0,0,0,0,0,0,0,46,1,0,13,29,0,2,0,29,0,0,0,59,0,0,0,0,0,0,0,2,5,23,8,7,15
"2017-05-21",50,100,0,0,20,20,76,2,0,0,8,0,1,3,2,0,0,0,8,0,2,2,0,0,0,0,7,7,774.791666666667,2006.25,266.666666666667,62.5,5084.27083333333,816.666666666667,50,300,0,17,17,16,0,37,2,6,0,0,0,0,0,0,0,0,2,0,0,0,0,0,0,1,0,0,0,0,0,0,0,0,0,0,0,0,1,3,45,1,0,0,1,6,7,26,0,0,0,0,46,0,0,0,0,0,0,0,0,4,31,4,0,15,25,0,1,2,22,0,0,0,35,12,3,0,0,0,0,0,1,2,20,11,5,11
"2017-05-22",36,73,0,2,13,15,60,2,0,1,3,0,0,0,2,0,0,0,5,0,1,1,0,0,0,0,2,2,414.45,3259.5,261,358.65,3621.54,672,0,0,0,9,9,16,2,28,1,3,0,0,0,0,0,0,0,0,0,0,0,0,0,0,0,2,0,0,0,0,0,0,1,0,0,0,0,0,1,3,32,1,0,0,0,4,3,22,0,0,0,0,10,0,0,0,0,0,0,0,0,24,20,2,0,12,17,0,1,0,15,0,1,0,7,10,17,0,0,0,0,0,3,1,9,8,5,10
"2017-05-23",65,127,0,1,19,20,96,9,0,2,7,0,0,4,4,0,0,0,5,0,1,1,0,0,0,0,7,7,1022.66666666667,4295.41666666667,360.208333333333,590.145833333333,6511.18541666667,1467.91666666667,0,65,0,15,21,28,1,50,1,6,0,0,0,0,0,0,0,0,0,1,0,0,0,0,0,1,0,0,1,0,0,0,2,0,0,0,0,0,2,5,57,2,1,0,0,1,6,27,0,0,0,0,62,0,0,0,0,0,0,0,0,0,52,2,1,7,27,0,6,0,29,0,0,0,58,4,0,0,0,0,0,0,11,4,20,6,8,16