"Date","NB_Accidents","NB_VEH_IMPLIQUES_ACCDN","NB_MORTS","NB_BLESSES_GRAVES","NB_BLESSES_LEGERS","NB_VICTIMES_TOTAL","nb_automobile_camion_leger","nb_camionLourd_tractRoutier","nb_outil_equipement","nb_tous_autobus_minibus","nb_bicyclette","nb_cyclomoteur","nb_motocyclette","nb_taxi","nb_urgence","nb_motoneige","nb_VHR","nb_autres_types","nb_veh_non_precise","NB_DECES_PIETON","NB_BLESSES_PIETON","NB_VICTIMES_PIETON","NB_DECES_MOTO","NB_BLESSES_MOTO","NB_VICTIMES_MOTO","NB_DECES_VELO","NB_BLESSES_VELO","NB_VICTIMES_VELO","Temp","Rel.Hum","Wind.Spd","Dew.Point.Temp","Stn_Press","Wind.Dir","weekdays","days","SeverityDeadly","SeverityLight Injury","SeverityMaterial High","SeverityMaterial Low","SeveritySevere Injury","as.factor(Accident_Type)31","as.factor(Accident_Type)32","as.factor(Accident_Type)33","as.factor(Accident_Type)34","as.factor(Accident_Type)35","as.factor(Accident_Type)36","as.factor(Accident_Type)37","as.factor(Accident_Type)38","as.factor(Accident_Type)39","as.factor(Accident_Type)40","as.factor(Accident_Type)41","as.factor(Accident_Type)42","as.factor(Accident_Type)43","as.factor(Accident_Type)44","as.factor(Accident_Type)45","as.factor(Accident_Type)46","as.factor(Accident_Type)47","as.factor(Accident_Type)48","as.factor(Accident_Type)49","as.factor(Accident_Type)50","as.factor(Accident_Type)51","as.factor(Accident_Type)52","as.factor(Accident_Type)53","as.factor(Accident_Type)54","as.factor(Accident_Type)55","as.factor(Accident_Type)59","as.factor(Accident_Type)71","as.factor(Accident_Type)72","as.factor(Accident_Type)73","as.factor(Accident_Type)74","as.factor(Accident_Type)75","as.factor(Accident_Type)99","Accident_CategoryFixed Object","Accident_CategoryMoving Object","Accident_CategoryNo Collision","Auth_Speed10","Auth_Speed100","Auth_Speed20","Auth_Speed30","Auth_Speed40","Auth_Speed50","Auth_Speed60","Auth_Speed70","Auth_Speed80","Auth_Speed90","Surface_CondDry","Surface_CondHard snow","Surface_CondIce","Surface_CondMud","Surface_CondOil","Surface_CondSand or gravel","Surface_CondSlush","Surface_CondSnow","Surface_CondWater accumulation","Surface_CondWet","IlluminationDay and clear","IlluminationDay and semi-dark","IlluminationNight and dark","IlluminationNight and lighted","EnvironmentCommercial","EnvironmentForest","EnvironmentIndustrial","EnvironmentPark","EnvironmentResidential","EnvironmentRural","EnvironmentSchool area","WeatherBlack Ice","WeatherClear Sky","WeatherCloudy","WeatherDrizzle","WeatherFoggy","WeatherHeavy Rain","WeatherSnow","WeatherSnowstorms","WeatherStrong Wind","cluster_id_0","cluster_id_1","cluster_id_2","cluster_id_3","cluster_id_4","cluster_id_5"
"2017-05-24",66,124,0,0,31,31,97,11,0,1,7,0,2,1,3,0,0,0,2,0,6,6,0,1,1,0,6,6,1212.82857142857,4016.57142857143,286,665.657142857143,6596.29142857143,902,0,132,0,23,24,19,0,41,4,6,0,0,0,0,0,0,2,0,1,1,0,0,0,0,0,1,0,0,0,0,0,0,1,0,0,0,0,1,1,6,51,2,0,0,0,5,8,30,3,0,0,0,63,0,0,0,0,0,0,0,0,0,55,0,0,8,36,0,2,0,24,0,0,0,60,2,0,0,0,0,0,0,3,4,20,10,10,19
"2017-05-25",60,118,0,0,26,26,101,8,0,1,4,0,0,2,0,0,0,0,2,0,6,6,0,0,0,0,3,3,928,4412.5,495,621.75,5998.1,680,0,180,0,21,21,18,0,45,5,4,0,0,0,0,1,0,2,1,0,0,0,0,0,0,0,0,0,0,0,0,0,0,1,0,0,0,0,0,0,4,55,0,0,0,1,2,9,33,1,0,0,0,27,0,0,0,0,0,0,0,0,32,40,5,0,14,33,0,3,0,21,0,1,0,15,13,28,0,3,0,0,0,9,5,11,13,6,16
"2017-05-26",52,96,0,1,19,20,80,2,0,5,0,0,0,0,4,0,0,0,5,0,4,4,0,0,0,0,0,0,672.382608695652,4300.17391304348,443.130434782609,519.321739130435,5181.41565217391,366.260869565217,0,208,0,15,16,20,1,42,4,0,0,0,0,0,0,0,1,1,0,0,0,0,0,0,0,1,0,0,0,0,0,0,1,0,0,0,0,0,2,4,46,2,1,0,0,2,5,19,0,0,0,0,34,0,0,0,0,0,0,0,0,16,45,2,0,5,25,0,0,0,24,2,1,0,24,13,12,0,0,0,0,0,8,1,12,10,10,11
"2017-05-27",54,106,0,1,18,19,89,1,0,0,7,1,1,2,2,0,0,0,3,0,0,0,0,1,1,0,6,6,908.325,3570.75,261,549,5412.87,1314,54,270,0,13,26,14,1,37,0,7,0,0,0,0,1,1,0,0,2,0,0,0,0,0,0,0,0,0,0,0,0,0,1,1,0,0,0,0,0,3,46,1,0,0,0,3,7,21,1,0,0,0,51,0,0,0,0,0,0,0,0,0,40,1,0,10,20,0,3,0,27,1,0,0,51,0,0,0,0,0,0,0,3,5,13,11,7,15
"2017-05-28",49,95,0,0,11,11,81,3,0,0,3,0,1,0,2,0,0,0,5,0,0,0,0,0,0,0,2,2,983.879166666667,2770.54166666667,300.125,508.579166666667,4911.33125,959.583333333333,49,294,0,10,21,18,0,37,2,3,0,0,0,0,0,0,1,0,0,0,0,0,0,0,0,1,2,0,0,0,0,0,0,0,0,0,0,0,0,4,42,0,0,0,0,4,7,17,2,0,0,0,48,0,0,0,0,0,0,0,0,0,38,0,0,9,20,0,3,1,23,0,0,0,45,2,0,0,0,0,0,0,2,4,12,6,6,19
"2017-05-29",68,136,1,1,22,24,92,15,0,5,5,0,1,5,5,0,0,0,8,1,3,4,0,0,0,0,3,3,1022.55,5539.16666666667,512.833333333333,795.316666666667,6822.58166666667,1396.83333333333,0,0,1,17,27,22,1,47,5,5,0,0,0,0,0,0,0,0,4,0,1,0,0,0,0,1,0,0,0,0,0,0,1,0,0,0,0,0,0,7,57,0,0,0,0,6,12,27,0,2,0,0,35,0,0,0,0,0,0,0,0,31,51,7,0,9,18,0,5,0,36,1,5,0,31,11,22,0,2,0,0,0,7,5,13,11,12,20
"2017-05-30",56,113,0,0,9,9,88,11,0,3,2,0,0,0,2,0,0,0,7,0,2,2,0,0,0,0,1,1,823.2,4874.54545454545,430.181818181818,702.545454545454,5630.49454545455,1051.27272727273,0,56,0,8,26,22,0,49,3,2,0,0,0,0,0,0,0,0,0,0,0,0,0,0,0,0,0,0,0,0,0,0,0,0,0,0,0,0,1,0,54,1,1,0,1,4,9,19,0,1,0,0,31,0,0,0,0,0,0,0,0,23,47,2,0,6,30,0,4,0,21,0,0,0,23,19,12,0,0,0,0,0,6,4,16,9,4,17
"2017-05-31",70,150,0,1,7,8,117,10,1,3,5,1,1,1,3,0,0,0,8,0,0,0,0,1,1,0,3,3,1218.30434782609,4839.13043478261,432.173913043478,756.913043478261,7016.76956521739,1466.95652173913,0,140,0,6,29,34,1,61,0,5,0,0,0,0,0,0,0,0,1,0,0,0,0,0,0,1,0,0,1,0,0,0,0,0,0,0,0,0,0,3,66,0,0,0,2,2,5,35,1,0,0,0,58,0,0,0,0,0,0,0,0,10,53,1,0,15,39,0,6,0,21,0,2,0,53,13,1,0,1,0,0,0,11,6,23,13,4,13
"2017-06-01",81,157,0,0,27,27,110,14,0,3,5,0,2,6,6,0,0,0,11,0,4,4,0,2,2,0,3,3,1238.94782608696,4852.95652173913,493.04347826087,592.708695652174,8107.04347826087,1863,0,243,0,22,28,31,0,61,4,5,0,0,0,0,0,0,1,0,0,0,0,0,0,0,0,3,0,0,1,0,0,0,1,1,0,0,0,0,2,6,70,3,0,0,0,4,12,33,0,1,0,0,74,0,0,0,0,1,0,0,0,3,66,1,0,13,34,0,5,0,39,0,2,0,67,9,2,0,0,0,0,0,8,3,24,11,16,19
"2017-06-02",66,125,0,0,21,21,101,4,0,7,4,1,0,1,1,0,0,0,6,0,4,4,0,0,0,0,1,1,751.85,4917,280.5,448.525,6619.14,1630.75,0,264,0,15,27,24,0,51,5,2,0,0,0,0,0,0,1,0,0,0,0,0,0,0,0,0,0,0,0,0,0,0,3,0,1,0,0,0,1,4,58,2,0,0,0,5,8,25,1,0,0,0,45,0,0,0,0,0,0,0,0,18,44,5,0,15,33,0,2,1,28,0,1,0,35,15,14,0,0,0,0,0,8,5,21,9,2,21
"2017-06-03",60,118,0,0,14,14,102,3,0,1,1,0,0,3,1,0,0,0,7,0,2,2,0,0,0,0,1,1,786.5,4500,255,517.25,6025.725,1835,60,300,0,12,23,25,0,48,1,1,0,0,0,1,1,0,0,0,3,0,0,0,0,0,0,0,1,0,0,0,0,0,1,0,0,0,0,0,0,5,52,0,1,0,0,2,7,25,0,0,0,0,41,0,0,0,0,0,0,0,0,13,44,1,0,12,24,0,4,0,26,0,0,0,28,20,8,0,0,0,0,0,3,3,19,13,8,14
"2017-06-04",42,81,0,0,16,16,65,1,0,3,4,0,2,1,2,0,0,1,2,0,2,2,0,1,1,0,2,2,719.425,2675.75,203,415.45,4214.175,1013.25,42,252,0,15,18,9,0,28,2,4,0,0,0,0,1,0,1,1,0,0,1,0,0,0,0,0,0,0,0,0,0,0,0,0,0,0,0,0,2,3,35,2,0,0,0,2,7,22,0,0,0,0,41,0,0,0,0,0,0,0,0,0,30,0,0,11,15,0,1,0,23,0,2,0,33,8,0,0,0,0,0,0,3,2,15,10,3,9
"2017-06-05",81,158,0,1,21,22,128,10,2,4,4,0,1,1,3,0,0,0,5,0,8,8,0,0,0,0,3,3,1162.0125,7124.625,418.5,998.6625,8107.45875,698.625,0,0,0,19,23,38,1,61,8,4,0,0,0,0,2,0,0,0,2,0,0,0,0,0,0,0,0,0,0,0,0,0,0,0,0,0,0,0,2,2,75,2,1,0,1,8,7,31,0,0,0,0,18,0,0,0,0,0,0,0,2,58,53,11,0,12,36,0,5,0,32,0,4,0,10,12,37,1,16,0,0,0,13,4,25,17,5,17
"2017-06-06",50,97,0,0,17,17,83,7,0,2,1,0,0,1,0,0,0,0,3,0,2,2,0,0,0,0,1,1,630,4225,375,497.5,5023.79166666667,568.75,0,50,0,11,24,15,0,42,2,1,0,0,0,0,0,0,2,0,1,0,0,0,0,1,0,1,0,0,0,0,0,0,0,0,0,0,0,0,0,5,45,0,1,0,0,4,6,27,0,0,0,0,28,0,0,0,0,0,0,0,0,20,41,2,0,5,23,0,2,0,20,0,2,0,20,13,15,0,0,0,0,0,9,3,11,8,5,14
"2017-06-07",73,135,0,1,33,34,110,4,0,4,6,1,2,3,2,0,0,0,3,0,9,9,0,2,2,0,5,5,1334.9875,4413.45833333333,550.541666666667,742.166666666667,7342.8875,1657.70833333333,0,146,0,27,23,22,1,48,10,4,0,0,0,0,0,0,1,0,0,0,0,0,0,0,0,0,0,0,0,1,0,0,2,0,0,0,0,0,5,4,62,5,1,0,0,4,8,36,0,0,0,0,70,0,0,0,0,0,0,0,0,0,62,2,0,8,35,0,2,2,29,2,2,0,71,0,0,0,0,0,0,0,8,10,19,13,11,12
"2017-06-08",80,153,0,1,16,17,120,11,0,1,4,2,3,3,2,0,0,0,7,0,5,5,0,2,2,0,2,2,1722.66666666667,4400,563.333333333333,927.666666666667,8027.86666666667,1950,0,240,0,14,34,31,1,63,5,3,0,0,0,0,1,0,0,0,0,0,0,0,0,0,0,0,0,0,1,0,0,0,4,0,1,1,0,0,1,5,72,3,1,0,0,6,12,26,1,0,0,0,75,0,0,0,0,1,0,0,0,1,65,1,0,11,38,0,5,0,34,0,2,0,77,1,0,0,0,0,0,0,8,7,25,16,13,11
"2017-06-09",72,141,0,1,24,25,106,8,1,2,6,1,2,0,2,0,0,4,9,0,4,4,0,1,1,0,2,2,1544.1,3360,381,680.7,7169.7,1626,0,288,0,18,20,33,1,54,4,5,0,0,0,0,0,1,0,1,0,0,0,0,0,0,0,2,2,0,1,0,0,0,0,0,0,0,0,0,0,6,64,0,1,0,0,6,12,28,1,0,0,0,72,0,0,0,0,0,0,0,0,0,60,2,0,6,28,0,5,2,31,0,4,0,64,6,0,0,0,0,0,0,9,6,19,15,6,17
"2017-06-10",53,104,0,0,16,16,87,1,0,1,3,0,4,1,1,0,0,0,6,0,0,0,0,4,4,0,3,3,1077.66666666667,2446.83333333333,293.708333333333,434.158333333333,5313.73583333333,1130.66666666667,53,265,0,15,19,19,0,40,1,3,0,0,0,0,0,0,1,0,0,0,0,0,0,0,0,1,2,0,1,0,0,0,0,0,0,0,0,0,1,5,44,1,0,0,0,0,4,19,0,1,0,0,50,0,0,0,0,0,0,0,0,1,34,2,0,16,24,0,1,2,24,0,1,0,48,2,1,0,0,0,0,0,11,2,8,10,8,14
"2017-06-11",41,76,0,0,13,13,66,3,0,1,0,0,2,0,1,0,0,0,3,0,1,1,0,1,1,0,0,0,1055.75,2219.125,404.875,640.1125,4100.34166666667,809.75,41,246,0,10,18,13,0,31,1,0,0,0,0,0,0,0,0,2,1,0,0,0,0,0,0,1,0,0,2,0,0,0,1,0,0,0,0,1,1,7,32,2,0,0,1,1,4,17,0,0,0,0,41,0,0,0,0,0,0,0,0,0,29,1,0,11,13,0,0,0,26,0,1,0,38,2,0,0,0,0,0,0,5,4,9,4,9,10
"2017-06-12",82,159,0,3,34,37,118,11,1,1,13,1,2,1,2,0,0,1,8,0,8,8,0,1,1,0,11,11,2169.24166666667,4752.58333333333,615,1411.425,8213.05166666667,1663.91666666667,0,0,0,28,26,25,3,51,5,13,0,0,0,1,0,0,1,1,1,0,0,0,0,0,0,3,1,0,2,0,0,0,0,0,0,0,0,0,1,9,70,1,1,0,0,5,10,38,0,0,0,0,77,0,0,0,0,1,0,0,0,2,69,2,0,9,37,0,5,0,38,0,0,0,73,6,0,0,0,0,0,1,9,10,24,17,7,15
"2017-06-13",92,182,0,1,35,36,133,11,0,3,14,1,1,4,4,0,0,0,11,0,5,5,0,1,1,0,10,10,2225.63333333333,4232,709.166666666667,1009.7,9229.13333333333,1763.33333333333,0,92,0,30,23,38,1,60,5,14,0,0,0,0,0,0,0,0,0,1,0,0,0,0,0,1,1,0,1,0,0,0,3,0,0,0,0,0,1,7,79,1,0,0,0,3,16,36,1,0,0,0,89,0,0,0,0,0,0,0,0,0,80,2,0,8,37,0,4,0,45,0,4,0,89,0,0,0,0,0,0,0,10,7,23,14,11,27
"2017-06-14",73,145,0,0,30,30,117,12,1,2,7,1,1,0,1,0,0,2,1,0,8,8,0,2,2,0,6,6,1223.96666666667,3093.375,611.375,273.445833333333,7373.09125,577.916666666667,0,146,0,25,32,16,0,51,8,7,0,0,0,0,1,1,0,0,0,0,0,0,0,0,0,1,0,0,0,0,0,0,4,0,0,0,0,0,0,5,68,0,0,0,0,3,12,34,1,0,0,0,71,0,0,0,0,0,0,0,0,0,67,0,0,5,31,0,3,1,32,0,3,0,71,0,0,0,0,0,0,0,5,1,19,17,15,16
"2017-06-15",77,164,0,0,23,23,130,10,0,1,7,3,2,1,2,0,0,0,8,0,3,3,0,1,1,0,6,6,1408.77916666667,3481.04166666667,462,432.483333333333,7760.54125,750.75,0,231,0,17,28,32,0,61,2,7,0,0,0,0,0,0,1,0,1,0,0,0,0,0,0,0,0,1,1,0,0,0,1,0,0,0,0,0,0,5,70,0,0,0,0,1,10,39,0,0,0,0,72,0,0,0,0,0,0,0,0,3,62,3,0,9,41,0,2,0,30,0,2,1,72,1,1,0,0,0,0,0,12,3,27,6,7,22
"2017-06-16",60,121,0,0,27,27,89,10,1,2,0,1,0,3,4,0,0,1,10,0,5,5,0,0,0,0,0,0,991,5130,450,840,6014,1120,0,240,0,18,24,18,0,50,5,0,0,0,0,0,0,0,1,1,0,0,1,0,0,0,0,0,1,0,0,0,0,0,0,0,0,0,0,0,0,4,55,0,0,0,0,3,6,28,1,1,0,0,33,0,0,0,0,0,0,0,1,22,47,2,0,9,30,0,7,0,21,0,1,0,24,15,15,0,2,0,0,0,3,4,18,12,11,12
"2017-06-17",65,127,0,0,19,19,104,5,0,2,6,0,2,3,0,0,0,0,5,0,3,3,0,2,2,0,5,5,1421.875,4850.625,387.291666666667,1099.85416666667,6508.88333333333,1229.58333333333,65,325,0,16,29,20,0,45,3,6,0,1,0,0,0,0,2,0,0,0,0,0,0,0,0,1,0,0,1,0,0,0,1,0,1,0,0,0,2,5,55,3,0,0,0,2,15,26,0,1,0,0,60,0,0,0,0,0,0,0,0,1,43,4,0,16,30,0,0,0,32,2,0,0,55,8,0,0,0,0,0,0,2,5,22,17,8,11
"2017-06-18",63,124,0,0,18,18,98,3,1,1,3,0,0,4,3,0,0,1,10,0,3,3,0,0,0,0,2,2,1642.9875,4536,509.25,1285.4625,6270.6,1149.75,63,378,0,15,22,26,0,49,4,2,0,0,0,0,0,0,1,0,0,0,0,0,0,0,0,2,1,0,0,0,0,0,2,0,0,0,0,0,0,6,55,0,0,0,0,2,8,26,0,1,0,0,57,0,0,0,0,1,0,0,0,2,40,4,0,15,24,0,1,2,32,1,0,0,52,6,0,0,1,0,0,0,11,5,7,14,10,16
"2017-06-19",49,98,0,0,19,19,79,10,1,0,4,0,0,1,0,0,0,0,3,0,3,3,0,0,0,0,4,4,1131.08333333333,3605.58333333333,324.625,880.1625,4881.93125,988.166666666667,0,0,0,15,17,17,0,39,3,4,0,0,0,0,0,0,0,0,0,1,0,0,0,0,0,1,0,0,0,0,0,0,1,0,0,0,0,0,0,3,46,0,0,0,0,1,6,21,0,1,0,0,42,0,0,0,0,0,0,0,0,2,41,0,0,3,24,0,2,0,18,0,2,0,31,14,1,0,0,0,0,0,6,5,15,10,3,10
"2017-06-20",71,140,0,0,16,16,112,10,1,2,6,1,1,2,0,0,0,0,5,0,4,4,0,1,1,0,2,2,1435.38333333333,5283.58333333333,440.791666666667,1091.03333333333,7084.64625,1431.83333333333,0,71,0,15,27,29,0,53,4,5,0,0,0,0,0,0,0,0,1,0,0,0,0,0,0,1,1,0,0,0,0,0,2,0,1,0,0,0,0,5,62,1,0,0,1,4,11,32,0,0,0,0,59,0,0,0,0,0,0,0,0,9,63,3,0,5,35,0,1,1,30,0,3,0,49,14,6,0,0,0,0,0,5,3,23,16,8,16
"2017-06-21",62,121,0,1,25,26,94,7,2,1,6,1,3,1,2,0,0,0,4,0,4,4,0,2,2,0,6,6,1135.63333333333,4453.66666666667,408.166666666667,798.25,6204.36583333333,1351.08333333333,0,124,0,22,17,22,1,44,5,6,0,0,0,0,0,1,0,0,0,0,0,0,1,0,0,1,0,0,0,0,0,0,1,0,0,0,0,0,1,3,56,1,0,0,1,6,7,25,3,0,0,0,54,0,1,0,0,0,0,0,0,6,55,0,0,6,32,0,3,1,25,0,1,0,46,13,2,0,0,0,0,0,4,5,20,10,12,11
"2017-06-22",67,143,0,0,19,19,116,6,0,0,4,1,2,2,4,0,0,0,8,0,3,3,0,2,2,0,4,4,1331.34583333333,4447.125,326.625,871.279166666667,6719.15083333333,1574.5,0,201,0,18,22,27,0,50,2,5,0,1,0,0,0,0,0,0,2,0,0,0,0,0,0,1,0,0,0,0,0,0,0,0,0,0,0,0,5,3,58,5,0,0,1,2,11,26,0,1,0,0,64,0,0,0,0,0,0,0,0,0,48,1,0,16,25,0,4,1,31,1,2,0,62,4,0,0,0,0,0,0,5,8,12,16,10,16
"2017-06-23",56,104,0,0,21,21,86,4,0,1,3,1,1,1,2,0,0,0,5,0,7,7,0,0,0,0,2,2,1136.8,5037.66666666667,282.333333333333,1037.16666666667,5564.55666666667,1117.66666666667,0,224,0,16,19,21,0,38,6,3,0,0,0,0,0,0,2,1,0,0,0,0,0,0,0,1,0,0,1,0,0,0,1,0,0,0,0,0,0,6,47,0,0,0,0,3,6,25,0,0,0,0,30,0,0,0,0,0,0,0,0,22,36,2,0,16,26,0,1,0,27,0,0,0,25,9,18,0,1,0,0,0,4,5,9,7,6,25
"2017-06-24",45,88,0,1,12,13,71,4,2,1,4,0,0,2,0,0,0,0,4,0,1,1,0,0,0,0,2,2,968.625,3150,258.75,693.1875,4470.3375,1130.625,45,225,0,8,18,18,1,32,1,4,0,0,0,0,0,1,0,0,1,0,0,0,0,0,0,1,1,1,1,0,0,0,0,0,0,0,0,0,0,5,38,0,0,0,0,4,3,21,0,0,0,0,38,0,0,0,0,0,0,0,0,5,21,0,0,23,25,0,1,1,18,0,0,0,34,8,1,0,0,0,0,0,3,5,15,12,2,8
"2017-06-25",38,69,0,1,15,16,50,8,1,0,3,1,0,1,3,0,0,0,2,0,0,0,0,0,0,0,0,0,682.891666666667,2786.66666666667,228,490.833333333333,3809.56333333333,870.833333333333,38,228,0,6,11,20,1,30,0,0,0,1,0,0,0,1,1,2,2,0,0,0,0,0,0,0,1,0,0,0,0,0,0,0,0,0,0,0,0,6,32,0,1,0,0,0,7,18,0,0,0,0,34,0,0,0,0,0,0,0,0,4,30,2,0,5,22,0,1,0,15,0,0,0,27,10,1,0,0,0,0,0,0,4,11,9,7,7
"2017-06-26",55,108,0,0,22,22,78,8,4,1,7,1,2,1,1,0,0,0,5,0,1,1,0,2,2,0,3,3,959.75,3357.29166666667,291.041666666667,492.479166666667,5523.90208333333,1404.79166666667,0,0,0,17,14,24,0,37,1,7,0,0,0,1,0,0,0,0,0,1,0,0,0,0,0,0,0,0,0,0,0,0,1,0,1,0,0,0,1,2,46,2,0,0,1,3,8,20,0,0,0,0,48,0,0,0,0,0,0,0,0,2,45,1,0,7,27,0,2,1,21,0,0,0,51,0,0,0,0,0,0,0,2,9,14,12,9,9
"2017-06-27",76,150,0,2,18,20,119,13,1,2,3,0,0,0,4,0,0,0,8,0,4,4,0,0,0,0,3,3,1240.7,5627.16666666667,402.166666666667,879.7,7629.925,1668.83333333333,0,76,0,15,27,32,2,57,4,3,0,0,0,0,0,0,0,2,1,0,0,0,0,1,0,1,0,0,1,1,0,0,2,0,0,0,0,0,0,9,64,0,1,0,0,4,12,37,0,0,0,0,56,0,0,0,0,0,0,0,0,14,63,2,0,8,43,0,0,0,28,0,2,0,51,11,11,0,0,0,0,0,12,8,26,4,12,14
"2017-06-28",69,132,0,3,21,24,96,10,3,1,7,1,3,1,2,0,0,1,7,0,4,4,0,1,1,0,7,7,1206.6375,5025.5,376.625,847.2625,6939.445,1520.875,0,138,0,16,22,28,3,53,5,6,0,0,0,0,0,0,2,0,0,0,0,0,0,0,0,0,0,0,0,0,0,0,0,0,0,0,0,0,1,2,64,1,0,0,0,4,7,28,0,1,0,0,63,0,0,0,0,1,0,0,0,3,57,6,0,6,37,0,3,1,24,0,1,0,62,3,3,0,0,0,0,0,5,5,24,13,7,15
"2017-06-29",83,165,0,0,24,24,124,18,1,1,5,1,2,7,3,0,0,0,3,0,3,3,0,0,0,0,3,3,1433.47916666667,6453.25,477.25,1095.6,8353.25833333334,1749.91666666667,0,249,0,15,28,40,0,62,3,5,0,0,0,0,0,1,0,1,0,1,1,0,0,0,0,0,0,1,1,0,0,0,0,0,1,0,0,1,1,5,71,3,0,0,0,9,12,32,1,0,0,0,48,0,0,0,0,0,0,0,0,31,62,5,0,13,50,0,2,0,27,0,0,0,35,21,24,0,0,0,0,0,9,7,30,17,9,11
"2017-06-30",50,97,1,0,8,9,77,7,0,0,5,0,2,1,1,0,0,1,3,1,1,2,0,1,1,0,4,4,941.95652173913,4678.26086956522,165.217391304348,888.695652173913,5012.60869565217,778.260869565217,0,200,1,8,18,23,0,33,2,5,0,0,0,0,0,0,0,0,0,0,0,0,0,0,0,2,2,0,0,0,0,0,1,0,0,0,0,0,1,5,40,1,0,0,0,5,7,24,1,0,0,0,36,0,0,0,0,0,0,0,0,14,36,1,0,12,22,0,2,1,23,0,1,0,26,18,6,0,0,0,0,0,4,4,13,6,8,15
"2017-07-01",59,117,1,0,20,21,87,9,1,0,6,1,0,5,2,0,0,0,6,0,2,2,0,0,0,1,4,5,1252.02916666667,5354.25,282.708333333333,1158.85833333333,5903.66291666667,1150.5,59,295,1,16,24,18,0,40,2,5,0,0,0,0,2,0,0,0,2,0,1,0,0,0,0,2,1,0,0,0,0,0,0,0,0,0,0,0,0,6,49,0,0,0,0,2,14,26,0,1,0,0,27,0,0,0,0,0,0,0,0,29,38,3,1,14,21,0,2,1,27,1,3,0,20,15,20,0,1,0,0,0,4,9,20,9,5,12
"2017-07-02",58,117,0,1,14,15,93,6,0,2,1,0,5,1,2,0,0,0,7,0,1,1,0,2,2,0,1,1,1175.70833333333,4533.66666666667,335.916666666667,942.5,5809.18333333334,1193.83333333333,58,348,0,12,22,23,1,49,1,0,0,0,0,0,1,0,1,1,1,0,0,0,0,0,0,3,0,0,0,0,0,0,0,0,0,0,0,0,0,6,51,0,0,0,1,5,8,23,0,0,0,0,48,0,0,0,0,0,0,0,0,9,34,4,0,18,28,0,2,1,24,0,3,0,41,12,4,0,0,0,0,0,3,3,18,8,8,18
"2017-07-03",51,98,0,0,23,23,79,1,3,0,4,4,1,0,2,0,0,0,4,0,0,0,0,1,1,0,4,4,1040.1875,3374.5,269.875,684.25,5118.93375,1249.5,0,0,0,17,15,19,0,38,0,4,0,0,0,0,0,1,0,0,1,0,0,0,0,0,0,3,0,0,0,0,0,0,1,0,0,0,0,0,0,5,43,0,0,0,0,2,7,27,0,1,0,0,48,0,0,0,0,0,0,0,0,1,41,4,0,4,31,0,0,1,17,0,0,0,48,1,0,0,0,0,0,0,3,4,14,10,9,11
"2017-07-04",68,136,0,1,28,29,99,15,1,2,7,2,2,3,1,0,0,0,4,0,4,4,0,1,1,0,5,5,1470.5,3388.66666666667,391,711.45,6863.24,1753.83333333333,0,68,0,22,22,23,1,50,3,5,0,0,0,0,1,0,1,0,1,0,0,0,0,0,0,0,0,0,0,0,0,0,1,1,0,0,0,0,1,3,59,2,0,0,0,7,14,25,0,0,0,0,66,0,0,0,0,1,0,0,0,0,61,1,1,5,33,0,0,1,34,0,0,0,63,4,0,0,0,0,0,0,3,2,22,15,12,14
"2017-07-05",69,129,0,3,19,22,87,9,1,3,7,0,3,3,6,0,0,0,10,0,6,6,0,2,2,0,6,6,1586.425,3116.5,313.375,684.5375,6982.36875,1495,0,138,0,17,27,23,2,44,5,6,0,0,0,0,0,0,2,2,0,0,0,0,0,0,0,0,0,0,1,0,0,0,4,0,0,0,1,0,1,9,55,2,0,0,0,3,14,24,0,0,0,0,67,0,0,0,0,0,0,0,0,0,57,2,0,9,31,0,2,1,33,0,1,0,67,0,0,0,0,0,0,0,10,4,17,11,9,18
"2017-07-06",66,135,0,1,18,19,106,12,0,1,1,1,3,1,2,0,0,0,8,0,3,3,0,1,1,0,1,1,1590.05,4163.5,401.5,1094.225,6634.0725,1350.25,0,198,0,15,31,19,1,52,2,1,0,0,0,0,1,0,1,0,2,0,0,0,0,0,0,1,1,0,0,0,0,0,1,0,0,0,0,0,0,6,56,0,0,0,0,2,13,24,1,1,0,0,62,0,0,1,0,0,0,0,0,1,52,3,0,6,35,0,2,0,27,0,0,0,61,1,1,0,0,0,0,0,5,4,16,15,11,15
"2017-07-07",62,115,0,2,18,20,81,12,1,2,4,2,3,2,3,0,0,0,5,0,5,5,0,3,3,0,3,3,1409.28695652174,4774,283.04347826087,1138.64347826087,6189.13652173913,1415.21739130435,0,248,0,15,18,27,2,46,4,2,0,0,0,0,0,0,0,0,0,1,0,0,0,0,0,1,0,0,3,0,0,0,2,0,0,0,0,0,1,7,52,1,0,0,0,6,5,25,0,0,0,0,50,0,0,0,0,1,0,1,0,5,47,2,1,11,34,0,5,2,19,0,1,0,43,11,1,0,1,1,0,0,5,2,22,11,6,16