"Date","NB_Accidents","NB_VEH_IMPLIQUES_ACCDN","NB_MORTS","NB_BLESSES_GRAVES","NB_BLESSES_LEGERS","NB_VICTIMES_TOTAL","nb_automobile_camion_leger","nb_camionLourd_tractRoutier","nb_outil_equipement","nb_tous_autobus_minibus","nb_bicyclette","nb_cyclomoteur","nb_motocyclette","nb_taxi","nb_urgence","nb_motoneige","nb_VHR","nb_autres_types","nb_veh_non_precise","NB_DECES_PIETON","NB_BLESSES_PIETON","NB_VICTIMES_PIETON","NB_DECES_MOTO","NB_BLESSES_MOTO","NB_VICTIMES_MOTO","NB_DECES_VELO","NB_BLESSES_VELO","NB_VICTIMES_VELO","Temp","Rel.Hum","Wind.Spd","Dew.Point.Temp","Stn_Press","Wind.Dir","weekdays","days","SeverityDeadly","SeverityLight Injury","SeverityMaterial High","SeverityMaterial Low","SeveritySevere Injury","as.factor(Accident_Type)31","as.factor(Accident_Type)32","as.factor(Accident_Type)33","as.factor(Accident_Type)34","as.factor(Accident_Type)35","as.factor(Accident_Type)36","as.factor(Accident_Type)37","as.factor(Accident_Type)38","as.factor(Accident_Type)39","as.factor(Accident_Type)40","as.factor(Accident_Type)41","as.factor(Accident_Type)42","as.factor(Accident_Type)43","as.factor(Accident_Type)44","as.factor(Accident_Type)45","as.factor(Accident_Type)46","as.factor(Accident_Type)47","as.factor(Accident_Type)48","as.factor(Accident_Type)49","as.factor(Accident_Type)50","as.factor(Accident_Type)51","as.factor(Accident_Type)52","as.factor(Accident_Type)53","as.factor(Accident_Type)54","as.factor(Accident_Type)55","as.factor(Accident_Type)59","as.factor(Accident_Type)71","as.factor(Accident_Type)72","as.factor(Accident_Type)73","as.factor(Accident_Type)74","as.factor(Accident_Type)75","as.factor(Accident_Type)99","Accident_CategoryFixed Object","Accident_CategoryMoving Object","Accident_CategoryNo Collision","Auth_Speed10","Auth_Speed100","Auth_Speed20","Auth_Speed30","Auth_Speed40","Auth_Speed50","Auth_Speed60","Auth_Speed70","Auth_Speed80","Auth_Speed90","Surface_CondDry","Surface_CondHard snow","Surface_CondIce","Surface_CondMud","Surface_CondOil","Surface_CondSand or gravel","Surface_CondSlush","Surface_CondSnow","Surface_CondWater accumulation","Surface_CondWet","IlluminationDay and clear","IlluminationDay and semi-dark","IlluminationNight and dark","IlluminationNight and lighted","EnvironmentCommercial","EnvironmentForest","EnvironmentIndustrial","EnvironmentPark","EnvironmentResidential","EnvironmentRural","EnvironmentSchool area","WeatherBlack Ice","WeatherClear Sky","WeatherCloudy","WeatherDrizzle","WeatherFoggy","WeatherHeavy Rain","WeatherSnow","WeatherSnowstorms","WeatherStrong Wind","cluster_id_0","cluster_id_1","cluster_id_2","cluster_id_3","cluster_id_4","cluster_id_5"
"2017-07-08",61,117,0,0,21,21,94,2,1,2,7,0,4,2,1,0,0,0,4,0,1,1,0,1,1,0,7,7,1212.12083333333,5019.79166666667,289.75,1014.8875,6078.39583333333,1174.25,61,305,0,18,23,20,0,45,1,6,0,0,0,0,0,1,0,1,0,1,0,0,0,0,0,0,0,0,1,0,0,0,2,0,0,1,0,0,1,5,53,2,1,0,0,5,6,28,0,0,0,0,38,0,0,0,0,0,0,1,2,18,37,3,0,19,28,0,1,0,29,0,1,0,28,23,4,0,3,1,0,0,7,2,20,10,6,16
"2017-07-09",38,81,0,0,15,15,70,2,0,1,3,0,1,4,0,0,0,0,0,0,0,0,0,1,1,0,3,3,750.025,2717,239.083333333333,541.5,3806.80833333333,877.166666666667,38,228,0,12,18,8,0,32,0,3,0,0,0,0,0,0,0,0,0,0,0,0,0,0,0,1,0,0,0,0,0,0,0,0,0,0,0,0,1,1,35,1,0,0,0,3,7,15,0,0,0,0,34,0,0,0,0,0,0,0,0,3,20,1,0,16,17,0,1,0,19,0,1,0,30,4,2,0,0,0,0,0,1,3,17,3,7,7
"2017-07-10",53,113,0,1,23,24,88,11,1,1,4,0,2,1,2,0,0,0,3,0,1,1,0,2,2,0,2,2,1094.22916666667,4122.95833333333,322.416666666667,872.291666666667,5320.29458333333,1073.25,0,0,0,17,15,20,1,45,1,3,0,0,0,0,0,0,0,1,0,1,0,0,0,0,0,0,0,0,0,0,0,0,1,0,0,0,0,0,0,3,49,0,1,0,0,2,9,27,0,0,0,0,45,1,0,0,0,0,0,0,0,7,49,0,0,3,31,0,4,0,18,0,0,0,33,18,1,0,0,0,0,0,4,4,8,10,7,20
"2017-07-11",64,120,0,2,18,20,92,8,0,3,7,1,1,0,1,0,0,1,6,0,3,3,0,1,1,0,4,4,1452.8,4626.66666666667,424,1111.2,6415.54666666667,1322.66666666667,0,64,0,15,22,26,1,41,5,6,0,0,0,0,0,1,0,2,2,1,0,0,0,0,0,0,0,0,0,0,0,0,4,0,1,0,0,0,0,9,53,1,0,0,0,2,16,26,0,0,0,0,62,0,0,0,0,0,0,0,0,0,50,1,1,9,28,0,4,0,30,0,0,0,50,13,0,0,0,0,0,0,6,5,12,8,15,18
"2017-07-12",50,101,0,1,16,17,72,13,0,2,6,0,1,2,2,0,0,0,3,0,0,0,0,1,1,0,4,4,913.333333333333,3127.08333333333,400,534.166666666667,5040.29166666667,433.333333333333,0,100,0,15,13,21,1,39,1,5,0,0,0,0,0,0,0,0,2,0,0,0,0,0,0,0,1,0,1,0,0,0,0,0,0,0,0,0,1,4,45,1,0,0,0,3,8,19,1,0,0,0,44,0,0,0,0,0,0,0,0,5,41,1,0,7,24,0,2,0,23,0,0,0,31,15,3,0,0,0,0,0,6,2,14,10,7,11
"2017-07-13",73,136,0,0,25,25,100,15,1,1,7,1,0,3,3,0,0,0,5,0,6,6,0,0,0,0,6,6,1322.56956521739,4913.21739130435,612.565217391304,858.860869565218,7365.98565217391,511,0,219,0,23,28,22,0,53,6,5,0,0,0,0,0,0,1,0,1,0,0,2,0,1,0,1,1,0,1,0,0,0,0,0,0,0,0,0,0,8,64,0,1,0,1,5,9,31,2,0,0,0,57,0,0,0,0,0,0,0,0,12,60,0,0,11,43,0,5,1,21,1,2,0,57,8,6,0,0,0,0,0,12,1,29,10,6,15
"2017-07-14",79,143,1,0,24,25,112,14,0,1,3,1,1,2,5,0,0,1,3,0,8,8,0,0,0,1,1,2,1410.47916666667,6718.29166666667,362.083333333333,1202.44583333333,7957.50541666667,1000.66666666667,0,316,1,20,28,30,0,56,8,3,0,0,0,0,0,1,1,0,0,0,0,0,0,0,0,2,1,0,1,0,0,0,2,0,0,0,0,0,2,7,68,2,0,0,0,2,7,44,0,1,0,0,45,0,0,0,0,0,0,0,0,30,63,3,1,10,34,0,0,0,38,0,4,0,38,15,22,0,0,0,0,0,5,8,20,12,16,18
"2017-07-15",56,109,0,0,25,25,86,4,0,1,5,2,2,4,0,0,0,1,4,0,5,5,0,0,0,0,5,5,1190,4554.66666666667,259,989.566666666667,5612.41333333333,1290.33333333333,56,280,0,19,17,20,0,43,5,3,0,0,0,0,0,0,0,1,0,0,0,0,0,0,0,1,0,0,0,0,0,0,1,0,0,0,0,0,0,3,51,0,0,0,0,6,5,25,0,0,0,0,45,0,0,0,0,0,0,0,0,8,36,3,0,15,26,0,2,1,25,0,0,0,43,5,5,0,0,0,0,0,2,4,20,12,5,13
"2017-07-16",42,80,0,1,7,8,64,1,0,0,2,1,1,2,3,0,0,0,6,0,3,3,0,1,1,0,1,1,956.2,3006.5,215.25,722.225,4216.66,999.25,42,252,0,7,14,20,1,32,3,1,0,0,0,0,0,0,0,1,0,0,1,0,0,0,0,0,0,0,0,0,0,0,0,0,1,0,0,0,2,2,36,3,0,0,0,4,8,14,0,0,0,0,36,0,0,0,0,0,0,0,0,3,28,0,0,10,17,0,0,2,20,0,1,0,35,2,1,0,0,0,0,0,1,5,12,9,4,11
"2017-07-17",54,105,1,1,16,18,79,8,0,1,8,0,1,0,3,0,0,0,5,1,3,4,0,1,1,0,6,6,1165.725,4324.5,254.25,966.6,5443.3125,587.25,0,0,1,13,20,19,1,38,4,7,0,0,0,0,0,0,0,0,0,0,0,0,0,0,0,1,0,0,0,0,0,0,1,0,0,0,0,1,1,2,49,2,0,0,0,4,8,17,0,0,0,0,47,0,0,0,0,0,0,0,0,7,43,1,0,10,17,0,4,0,32,0,1,0,36,11,5,0,0,0,0,0,8,5,17,6,7,11
"2017-07-18",59,112,0,1,20,21,79,10,0,4,7,0,3,1,4,0,0,0,4,0,2,2,0,3,3,0,6,6,1372.97916666667,4383.20833333333,231.083333333333,1063.475,5947.69166666667,1391.41666666667,0,59,0,17,21,20,1,40,2,7,0,0,0,0,1,0,0,1,1,1,0,0,0,0,0,1,1,0,0,0,0,0,1,0,0,0,0,0,1,6,50,1,0,0,0,1,7,31,0,1,0,0,57,0,0,0,0,0,0,0,0,1,42,1,0,16,30,0,2,0,22,0,2,0,55,1,0,0,0,0,0,0,5,6,18,6,8,16
"2017-07-19",59,117,0,1,20,21,89,7,0,4,5,2,0,2,3,0,0,0,5,0,0,0,0,0,0,0,5,5,1388.46666666667,4375.83333333333,309.75,1093.22083333333,5932.76958333333,1428.29166666667,0,118,0,14,21,23,1,49,0,4,0,0,0,0,0,0,1,0,0,0,1,0,0,1,0,0,0,0,0,0,0,0,1,0,0,0,0,0,1,4,53,1,1,0,0,4,10,23,0,0,0,0,57,0,0,0,0,0,0,0,0,1,51,0,0,7,27,0,5,0,26,0,0,0,51,8,0,0,0,0,0,0,5,2,19,12,8,13
"2017-07-20",72,142,0,1,22,23,107,12,0,2,5,0,4,4,3,0,0,0,5,0,4,4,0,0,0,0,4,4,1673.4,5520,375,1344.6,7221.57,1689,0,216,0,16,29,26,1,56,5,4,0,0,0,0,0,1,0,0,0,1,0,0,0,0,0,0,0,0,0,0,0,0,2,0,0,0,0,0,0,3,66,0,0,0,0,2,12,35,1,0,0,0,66,0,0,0,0,0,0,0,0,6,62,1,0,9,42,0,5,0,23,0,1,0,54,12,5,0,0,0,0,0,6,6,26,12,11,11
"2017-07-21",65,130,0,0,24,24,102,10,0,1,3,0,1,2,1,0,0,0,10,0,2,2,0,0,0,0,3,3,1458.16666666667,4696.25,406.25,1110.14583333333,6502.4375,1592.5,0,260,0,18,20,27,0,49,4,3,0,0,0,0,0,0,1,1,0,0,0,0,0,0,0,2,0,0,0,0,0,0,2,0,0,0,0,0,0,6,56,0,0,0,0,7,15,16,0,0,0,0,60,0,0,0,0,1,0,0,0,0,49,3,1,9,32,0,0,0,30,1,1,0,56,4,0,0,0,0,0,0,7,7,10,14,12,15
"2017-07-22",53,109,0,1,15,16,89,4,0,0,3,0,0,4,3,0,0,0,6,0,1,1,0,0,0,0,2,2,1126.25,2729.5,364.375,566.658333333333,5312.16791666667,1029.08333333333,53,265,0,8,24,20,1,39,1,4,0,0,0,0,0,0,3,0,1,0,0,0,0,0,0,1,0,0,1,0,0,0,1,0,0,0,0,0,0,7,44,0,0,0,0,2,6,21,0,0,0,0,52,0,0,0,0,0,0,0,0,0,27,1,0,25,23,0,2,0,26,0,0,0,50,2,0,0,0,0,0,0,4,0,24,11,6,8
"2017-07-23",48,92,0,0,9,9,81,0,0,0,1,1,0,3,1,0,0,1,4,0,3,3,0,0,0,0,1,1,970,2156,306,359.8,4816.44,404,48,288,0,8,21,19,0,39,3,1,0,0,0,0,0,1,1,0,0,0,0,0,0,0,0,0,1,0,0,0,0,0,1,0,0,0,0,0,0,3,44,0,2,0,0,1,8,17,2,1,0,0,44,0,0,0,0,0,0,0,0,1,30,1,0,14,29,0,1,0,18,0,0,0,42,2,1,0,0,0,0,0,3,4,16,11,6,8
"2017-07-24",54,107,0,2,21,23,88,7,0,2,2,0,2,2,1,0,0,0,3,0,5,5,0,0,0,0,2,2,861.3,4252.5,315,642.375,5428.215,414,0,0,0,15,23,14,2,42,6,1,0,0,0,0,0,0,1,0,0,0,0,0,0,0,0,2,0,0,1,0,0,0,0,0,0,0,0,0,1,4,49,1,1,0,0,1,6,27,1,0,0,0,14,0,0,0,0,0,0,0,0,39,38,6,0,10,27,0,3,0,21,0,2,0,7,7,36,0,2,0,0,0,3,4,16,11,9,11
"2017-07-25",65,125,0,0,20,20,89,12,0,2,5,2,4,2,0,0,0,0,9,0,2,2,0,4,4,0,3,3,1136.95833333333,5080.83333333333,349.375,866.395833333333,6576.56458333333,882.916666666667,0,65,0,16,19,30,0,50,3,4,0,0,0,0,0,0,1,1,0,0,0,0,0,0,0,0,1,0,0,0,0,0,0,0,1,0,0,0,1,3,57,2,0,0,0,6,7,25,0,0,0,0,58,0,0,0,0,1,0,0,0,4,49,2,0,13,27,0,1,0,32,0,1,0,55,7,2,0,0,0,0,0,9,4,20,6,11,15
"2017-07-26",60,116,0,1,26,27,91,5,0,1,9,0,3,1,4,0,0,0,2,0,4,4,0,1,1,0,7,7,1198.75,4412.5,265,897.5,6069.6,1315,0,120,0,23,16,20,1,39,4,9,0,0,0,0,0,0,0,0,0,0,0,0,0,0,0,2,1,0,0,0,0,1,1,0,0,0,0,0,1,5,52,1,0,0,0,6,8,26,0,2,0,0,59,0,0,0,0,0,0,0,0,0,44,5,0,10,30,0,0,1,27,0,0,0,50,9,0,0,0,0,0,0,2,4,28,4,7,15
"2017-07-27",45,91,0,1,20,21,71,5,0,0,4,0,0,1,2,0,0,1,7,0,4,4,0,0,0,0,3,3,952.125,3412.5,251.25,745.875,4508.71875,1023.75,0,135,0,13,17,14,1,34,3,4,0,0,0,0,0,0,0,0,0,0,0,0,0,0,0,0,0,0,0,0,0,0,1,0,0,0,0,0,0,1,41,0,0,0,0,3,4,20,0,0,0,0,39,0,0,0,0,0,0,0,1,0,35,0,0,6,18,0,0,0,22,0,0,0,34,6,0,0,1,0,0,0,3,3,11,11,8,9
"2017-07-28",65,130,0,1,24,25,105,9,1,1,5,1,2,2,1,0,1,0,2,0,5,5,0,1,1,0,4,4,1246.91666666667,3764.58333333333,422.5,678.4375,6526.24375,1413.75,0,260,0,21,21,22,1,49,4,4,0,0,0,0,0,0,0,0,0,1,0,0,0,0,0,1,0,0,0,0,0,0,3,0,1,0,0,0,1,5,57,2,1,0,0,4,10,26,1,0,0,0,62,0,0,0,0,1,0,0,0,0,47,4,0,13,30,1,3,0,30,1,0,0,61,2,0,0,0,0,0,0,6,4,21,9,10,15
"2017-07-29",48,96,0,0,9,9,76,4,0,1,1,2,2,3,2,0,0,1,4,0,3,3,0,1,1,0,1,1,905.2,2500,322,403,4828.9,654,48,240,0,9,26,13,0,40,3,1,0,0,0,0,1,0,0,0,0,0,0,0,0,0,0,0,0,0,0,0,0,0,1,0,1,0,0,0,1,1,45,2,0,0,0,0,5,26,0,0,0,0,47,0,0,0,0,0,0,0,0,0,27,1,0,18,21,0,3,0,23,0,0,0,47,0,0,0,0,0,0,0,4,6,15,4,5,14
"2017-07-30",37,78,0,2,7,9,64,1,0,0,2,0,3,1,1,0,0,0,6,0,2,2,0,4,4,0,1,1,799.816666666667,2018.04166666667,157.25,434.75,3727.08708333333,892.826086956522,37,222,0,6,16,13,2,30,2,2,0,0,0,0,0,0,0,0,1,1,0,0,0,0,0,0,0,0,0,0,0,0,0,0,0,0,0,0,1,2,34,1,0,0,0,3,7,13,0,0,0,0,34,0,0,0,0,1,0,0,0,0,19,0,1,16,13,0,1,1,20,0,0,0,32,2,0,0,0,0,0,0,3,3,9,6,4,12
"2017-07-31",69,126,0,1,26,27,94,11,0,5,5,0,3,0,2,0,0,1,5,0,8,8,0,0,0,0,5,5,1594.1875,4824.25,419.75,1183.925,6949.13375,1825.625,0,0,0,20,20,28,1,46,5,3,0,0,0,0,1,0,1,0,0,0,0,0,0,0,0,0,0,0,0,0,0,0,3,0,0,4,0,0,3,4,55,7,1,0,0,2,12,33,0,0,0,0,50,0,0,0,0,0,0,0,5,10,50,2,2,12,34,0,6,1,26,0,0,0,49,7,3,0,6,0,0,0,11,4,18,9,6,21
"2017-08-01",58,111,0,0,9,9,85,6,0,2,5,0,2,1,3,0,0,1,6,0,1,1,0,1,1,0,0,0,1323.60833333333,3177.91666666667,294.833333333333,751.825,5847.85,1300.16666666667,0,58,0,5,27,26,0,47,0,3,0,0,0,0,0,0,0,0,0,0,0,0,0,0,0,0,1,0,0,0,0,0,4,0,0,0,0,0,0,5,50,0,0,0,0,3,10,19,1,0,0,0,54,0,0,0,0,0,0,0,0,1,49,0,0,9,29,0,5,1,21,0,0,0,54,0,0,0,1,0,0,0,6,6,11,9,8,18
"2017-08-02",64,123,0,0,24,24,96,8,1,0,6,1,3,0,3,0,0,0,5,0,3,3,0,3,3,0,4,4,1538.93333333333,4232,336,1092.53333333333,6445.65333333333,1362.66666666667,0,128,0,19,17,28,0,50,3,6,0,0,0,0,0,0,1,0,0,0,0,0,0,0,0,0,1,0,1,0,0,0,0,0,0,0,0,0,0,3,59,0,1,0,0,5,13,29,0,0,0,0,60,0,0,0,0,1,0,0,0,3,54,0,1,9,28,0,2,0,31,1,0,0,61,0,2,0,1,0,0,0,7,6,19,11,11,10
"2017-08-03",53,105,0,0,19,19,82,5,0,2,4,0,0,1,4,0,0,0,7,0,2,2,0,0,0,0,2,2,1235.12083333333,3871.20833333333,236.291666666667,955.545833333333,5346.33083333333,1243.29166666667,0,159,0,15,17,21,0,42,1,2,0,0,0,0,0,0,0,0,0,0,0,0,0,0,0,1,1,0,2,0,0,0,2,0,0,0,0,0,2,6,45,2,1,0,0,5,9,22,0,0,0,0,51,0,0,0,0,0,0,0,0,0,38,5,1,9,29,0,1,1,22,0,0,0,49,2,0,0,0,0,0,0,5,4,15,7,8,14
"2017-08-04",64,128,0,0,14,14,105,9,0,1,3,0,2,0,2,0,0,0,6,0,0,0,0,3,3,0,3,3,1435.2,5234.66666666667,362.666666666667,1218.13333333333,6424.72,1290.66666666667,0,256,0,11,29,24,0,51,1,3,0,0,0,0,0,0,0,0,1,1,0,0,0,0,0,1,1,0,0,1,0,0,1,0,1,0,0,0,0,6,55,1,1,0,0,2,7,25,1,0,0,0,41,0,0,0,1,0,0,0,0,20,44,1,0,16,32,0,5,0,25,0,1,1,39,6,14,0,0,0,1,0,5,5,12,11,11,20
"2017-08-05",48,92,0,1,10,11,78,2,0,1,2,1,1,0,2,0,0,1,4,0,2,2,0,0,0,0,1,1,978.2,3808,338,788.6,4797.9,984,48,240,0,10,20,17,1,33,3,2,0,0,0,1,1,0,0,0,0,1,0,0,0,0,0,2,2,0,2,0,0,0,0,0,0,0,0,0,0,7,40,0,0,0,0,0,3,22,0,1,0,0,26,0,0,0,0,0,0,0,0,19,30,2,0,16,20,0,2,0,24,1,0,0,24,8,14,0,1,0,0,0,3,2,17,5,10,11
"2017-08-06",41,85,0,0,11,11,71,0,0,2,1,0,2,1,2,0,0,0,6,0,1,1,0,1,1,0,1,1,703.833333333333,2637.66666666667,225.5,417.004166666667,4120.43166666667,978.875,41,246,0,10,13,18,0,34,2,1,0,0,0,0,0,0,0,0,0,0,0,0,0,0,0,0,1,0,1,0,0,0,0,0,1,0,0,0,1,2,37,2,1,0,0,0,5,18,0,0,0,0,33,0,0,0,0,1,0,0,0,3,24,0,0,15,22,0,0,0,19,0,0,0,31,5,1,0,0,0,0,0,5,4,7,11,6,8
"2017-08-07",43,86,0,0,18,18,68,6,1,2,4,0,1,1,0,0,0,0,3,0,2,2,0,0,0,0,4,4,764.683333333333,2846.95833333333,177.375,485.720833333333,4332.26791666667,967.5,0,0,0,14,19,10,0,32,2,4,0,0,0,0,0,0,0,1,0,0,0,0,0,0,0,1,0,0,0,0,0,0,1,0,0,0,0,0,2,3,38,2,0,0,0,2,3,19,0,0,0,0,43,0,0,0,0,0,0,0,0,0,34,0,0,8,21,0,3,1,18,0,0,0,42,1,0,0,0,0,0,0,10,4,8,7,7,7
"2017-08-08",68,133,0,0,17,17,103,10,1,3,6,0,1,1,3,0,0,2,3,0,4,4,0,0,0,0,5,5,1288.88333333333,4323.66666666667,354.166666666667,772.366666666667,6837.88166666667,1269.33333333333,0,68,0,17,19,32,0,52,4,4,0,0,0,0,1,0,0,0,2,0,0,0,0,0,0,0,2,0,0,0,0,0,2,0,0,0,0,0,0,6,61,0,1,0,1,4,8,27,0,0,0,0,63,0,0,0,0,0,0,0,0,1,54,1,0,10,33,0,3,1,26,0,1,0,59,3,0,0,0,0,0,0,7,3,24,12,3,19
"2017-08-09",46,91,0,0,8,8,66,10,2,3,1,1,0,0,2,0,0,0,6,0,3,3,0,0,0,0,1,1,932.841666666667,2857.75,264.5,569.058333333333,4644.88833333333,1167.25,0,92,0,8,15,23,0,35,3,1,0,0,0,0,0,0,0,0,0,1,0,0,0,0,0,1,0,0,0,0,0,0,1,0,0,0,0,0,2,3,39,2,0,0,1,3,4,17,1,0,0,0,42,0,0,0,0,0,0,0,0,2,31,4,0,9,26,0,2,0,15,0,1,0,41,2,1,0,0,0,0,0,7,3,13,4,6,13
"2017-08-10",55,110,0,0,13,13,84,15,1,0,3,0,0,3,0,0,0,0,4,0,3,3,0,0,0,0,2,2,1168.52083333333,3513.125,203.958333333333,773.666666666667,5571.68333333333,914.375,0,165,0,11,23,21,0,46,2,3,0,0,0,0,0,0,0,0,0,0,0,0,0,0,0,1,0,0,0,0,0,0,2,0,0,0,0,0,0,3,51,0,1,0,0,3,9,30,1,0,0,0,54,0,0,0,0,0,0,0,0,0,44,4,0,6,29,0,1,0,22,0,0,0,50,4,0,0,0,0,0,0,5,3,15,8,9,15
"2017-08-11",56,108,0,0,23,23,81,7,0,3,8,2,2,3,1,0,0,0,1,0,3,3,0,2,2,0,8,8,1313.2,3693.66666666667,298.666666666667,922.133333333333,5646.76,1103.66666666667,0,224,0,21,21,14,0,38,3,7,0,0,0,0,1,0,2,0,2,0,0,0,0,0,0,0,0,0,0,0,0,0,1,0,0,0,0,0,1,5,49,1,0,0,0,4,4,20,2,1,0,0,55,0,0,0,0,0,0,0,0,0,43,3,0,9,24,0,3,0,24,1,3,0,53,1,0,0,0,0,0,0,7,4,14,5,12,14
"2017-08-12",58,115,0,1,9,10,102,1,0,0,1,1,0,6,1,0,0,1,2,0,2,2,0,0,0,0,0,0,1213.40833333333,4673.83333333333,287.583333333333,1004.36666666667,5804.8575,1225.25,58,290,0,9,27,21,1,49,2,1,0,0,0,0,0,0,2,0,0,1,0,0,0,0,0,0,0,0,0,0,0,0,1,0,0,0,0,1,0,4,52,1,0,0,0,0,6,19,0,0,0,0,39,0,0,0,0,0,0,0,0,16,30,5,1,20,30,0,1,0,26,0,0,0,39,4,11,0,0,1,0,0,1,9,24,6,7,11
"2017-08-13",33,66,0,0,13,13,57,1,0,1,1,0,1,0,1,0,0,0,4,0,0,0,0,0,0,0,1,1,707.9875,2213.75,156.75,479.4625,3310.5875,836,33,198,0,7,17,9,0,26,0,1,0,0,0,0,2,0,0,1,1,0,0,0,0,0,0,1,0,0,1,0,0,0,0,0,0,0,0,0,0,4,29,0,0,0,0,3,2,10,0,0,0,0,30,0,0,0,0,0,0,0,1,1,28,0,1,4,14,0,0,1,17,0,0,0,29,2,1,0,0,0,0,0,7,0,10,3,6,7
"2017-08-14",66,123,0,1,17,18,89,16,1,1,2,2,2,2,1,0,0,1,6,0,5,5,0,2,2,0,2,2,1434.4,4474.25,363,1002.925,6636.2175,1512.5,0,0,0,14,33,18,1,50,3,2,0,0,0,0,0,0,1,0,3,0,1,1,0,0,0,0,0,0,0,0,0,0,1,0,0,0,0,0,3,7,55,3,0,0,0,7,7,25,1,1,0,0,60,0,0,0,0,0,0,0,0,0,51,1,0,10,38,0,2,1,21,0,0,0,60,1,0,0,0,0,0,0,4,8,18,16,11,9
"2017-08-15",55,105,0,0,19,19,81,7,3,1,1,0,2,2,3,0,0,1,4,0,2,2,0,1,1,0,1,1,1155.45833333333,4221.25,252.083333333333,916.666666666667,5509.18958333333,1216.875,0,55,0,16,19,20,0,43,2,1,0,0,0,0,0,0,1,1,2,0,0,0,0,0,0,0,1,0,0,0,0,0,1,0,0,0,0,0,1,6,46,1,2,0,0,0,5,23,1,2,0,0,41,0,0,0,0,0,0,0,1,10,45,1,0,6,28,0,2,0,19,1,0,0,35,10,6,0,1,0,0,0,3,8,13,13,10,8
"2017-08-16",59,114,0,2,10,12,88,12,1,0,3,0,1,1,0,0,0,0,8,0,2,2,0,0,0,0,2,2,1119.77083333333,3249.91666666667,395.791666666667,548.208333333333,5940.66083333333,1590.54166666667,0,118,0,8,30,19,2,42,3,3,0,0,0,0,0,0,2,1,0,0,0,0,0,0,0,2,1,0,0,1,0,0,2,0,0,0,0,0,2,9,48,2,1,0,0,3,7,24,0,0,0,0,57,0,0,0,0,0,0,0,0,0,51,1,0,6,35,0,4,0,18,0,1,0,56,1,0,0,0,0,0,0,3,7,9,15,11,14
"2017-08-17",62,122,0,2,12,14,99,4,0,3,5,3,1,0,0,0,0,0,7,0,1,1,0,1,1,0,2,2,1278.75,3751,284.166666666667,778.358333333333,6241.66916666667,1469.91666666667,0,186,0,10,24,26,2,50,3,3,0,0,0,0,0,0,0,0,0,1,0,0,0,0,0,1,0,0,0,0,0,0,2,0,0,0,0,0,0,4,56,0,0,0,0,3,6,35,0,0,0,0,56,0,0,0,0,0,0,0,0,2,47,2,0,12,32,0,2,0,25,1,0,0,55,4,0,0,0,0,0,0,6,9,21,10,7,9
"2017-08-18",68,146,0,0,15,15,109,8,1,4,6,0,4,1,4,0,0,0,9,0,0,0,0,2,2,0,4,4,1303.33333333333,5825.33333333333,365.5,1124.26666666667,6795.86333333333,685.666666666667,0,272,0,12,32,24,0,57,0,6,0,0,0,0,1,0,0,0,0,0,1,0,0,0,0,0,1,0,0,0,0,0,0,0,0,0,0,0,1,2,64,1,0,0,0,3,7,29,0,1,0,0,51,0,0,0,0,0,0,0,0,16,43,3,0,21,37,0,3,0,28,0,0,0,43,13,9,0,2,0,0,0,5,7,25,7,10,14
"2017-08-19",44,82,1,0,9,10,68,1,0,0,6,0,1,1,0,0,0,1,4,1,1,2,0,0,0,0,2,2,983.033333333333,3411.83333333333,284.166666666667,793.833333333333,4391.89666666667,869,44,220,1,7,11,25,0,30,2,6,0,0,0,0,0,2,1,0,0,0,0,0,0,0,0,1,0,0,0,0,0,0,0,0,0,0,0,0,0,2,40,0,0,0,0,1,8,14,0,0,0,0,40,0,0,0,0,0,0,0,0,1,32,2,0,8,16,0,0,0,25,0,0,0,38,2,1,0,0,0,0,0,4,3,13,3,7,14
"2017-08-20",26,49,0,0,9,9,44,2,0,0,0,0,1,0,0,0,0,0,2,0,2,2,0,0,0,0,0,0,565.608333333333,1826.5,137.583333333333,412.208333333333,2613.40083333333,620.75,26,156,0,8,10,8,0,20,3,0,0,0,0,0,0,0,1,0,0,0,1,0,0,0,0,0,0,0,0,0,0,0,1,0,0,0,0,0,0,3,23,0,0,0,0,1,3,13,0,0,0,0,24,0,0,0,0,0,0,0,0,1,13,0,0,13,12,0,1,0,11,0,1,0,24,1,0,0,0,0,0,0,2,2,5,4,5,8
"2017-08-21",65,130,1,1,17,19,101,15,0,1,5,0,2,2,1,0,0,0,3,1,2,3,0,2,2,0,3,3,1546.45833333333,4541.875,392.708333333333,1148.0625,6551.53958333333,1359.58333333333,0,0,1,14,25,24,1,54,4,3,0,0,0,0,0,0,1,0,0,0,0,0,0,0,0,0,1,0,0,0,0,0,1,0,0,0,0,0,1,3,61,1,0,0,1,3,11,28,1,0,0,0,63,0,0,0,0,0,0,0,0,0,51,2,1,9,37,0,5,0,21,0,0,0,62,0,0,0,0,0,0,0,8,0,20,14,13,10