"Date","NB_Accidents","NB_VEH_IMPLIQUES_ACCDN","NB_MORTS","NB_BLESSES_GRAVES","NB_BLESSES_LEGERS","NB_VICTIMES_TOTAL","nb_automobile_camion_leger","nb_camionLourd_tractRoutier","nb_outil_equipement","nb_tous_autobus_minibus","nb_bicyclette","nb_cyclomoteur","nb_motocyclette","nb_taxi","nb_urgence","nb_motoneige","nb_VHR","nb_autres_types","nb_veh_non_precise","NB_DECES_PIETON","NB_BLESSES_PIETON","NB_VICTIMES_PIETON","NB_DECES_MOTO","NB_BLESSES_MOTO","NB_VICTIMES_MOTO","NB_DECES_VELO","NB_BLESSES_VELO","NB_VICTIMES_VELO","Temp","Rel.Hum","Wind.Spd","Dew.Point.Temp","Stn_Press","Wind.Dir","weekdays","days","SeverityDeadly","SeverityLight Injury","SeverityMaterial High","SeverityMaterial Low","SeveritySevere Injury","as.factor(Accident_Type)31","as.factor(Accident_Type)32","as.factor(Accident_Type)33","as.factor(Accident_Type)34","as.factor(Accident_Type)35","as.factor(Accident_Type)36","as.factor(Accident_Type)37","as.factor(Accident_Type)38","as.factor(Accident_Type)39","as.factor(Accident_Type)40","as.factor(Accident_Type)41","as.factor(Accident_Type)42","as.factor(Accident_Type)43","as.factor(Accident_Type)44","as.factor(Accident_Type)45","as.factor(Accident_Type)46","as.factor(Accident_Type)47","as.factor(Accident_Type)48","as.factor(Accident_Type)49","as.factor(Accident_Type)50","as.factor(Accident_Type)51","as.factor(Accident_Type)52","as.factor(Accident_Type)53","as.factor(Accident_Type)54","as.factor(Accident_Type)55","as.factor(Accident_Type)59","as.factor(Accident_Type)71","as.factor(Accident_Type)72","as.factor(Accident_Type)73","as.factor(Accident_Type)74","as.factor(Accident_Type)75","as.factor(Accident_Type)99","Accident_CategoryFixed Object","Accident_CategoryMoving Object","Accident_CategoryNo Collision","Auth_Speed10","Auth_Speed100","Auth_Speed20","Auth_Speed30","Auth_Speed40","Auth_Speed50","Auth_Speed60","Auth_Speed70","Auth_Speed80","Auth_Speed90","Surface_CondDry","Surface_CondHard snow","Surface_CondIce","Surface_CondMud","Surface_CondOil","Surface_CondSand or gravel","Surface_CondSlush","Surface_CondSnow","Surface_CondWater accumulation","Surface_CondWet","IlluminationDay and clear","IlluminationDay and semi-dark","IlluminationNight and dark","IlluminationNight and lighted","EnvironmentCommercial","EnvironmentForest","EnvironmentIndustrial","EnvironmentPark","EnvironmentResidential","EnvironmentRural","EnvironmentSchool area","WeatherBlack Ice","WeatherClear Sky","WeatherCloudy","WeatherDrizzle","WeatherFoggy","WeatherHeavy Rain","WeatherSnow","WeatherSnowstorms","WeatherStrong Wind","cluster_id_0","cluster_id_1","cluster_id_2","cluster_id_3","cluster_id_4","cluster_id_5"
"2017-08-22",57,105,0,0,19,19,83,8,0,4,3,0,1,3,1,0,0,0,2,0,3,3,0,0,0,0,3,3,1284.4,4723.875,401.375,1107.225,5687.53125,1102,0,57,0,17,20,20,0,42,2,3,0,0,0,0,0,2,0,1,3,0,0,0,0,0,0,0,0,0,0,0,0,0,1,0,0,0,0,0,3,5,49,3,1,0,0,4,12,29,0,0,0,0,29,1,0,0,0,1,0,0,0,23,44,2,1,8,25,0,2,0,30,0,0,0,25,18,5,0,4,0,0,3,7,7,20,9,9,5
"2017-08-23",50,92,0,0,16,16,75,8,0,2,1,0,0,0,3,0,0,0,3,0,3,3,0,0,0,0,0,0,967.916666666667,3570.83333333333,304.166666666667,689.166666666667,4984.5625,1050,0,100,0,12,16,22,0,35,4,1,0,0,0,0,0,0,0,0,1,0,0,0,0,0,0,0,0,0,1,0,0,0,2,0,0,0,0,0,2,4,40,2,0,0,0,3,6,23,0,0,0,0,45,0,0,0,0,0,0,0,0,0,41,1,0,4,24,0,3,0,19,0,1,0,43,3,0,0,0,0,0,0,4,5,11,8,8,14
"2017-08-24",79,153,0,0,36,36,119,14,0,1,6,1,2,0,2,0,0,0,8,0,6,6,0,1,1,0,6,6,1324.89583333333,5490.5,427.916666666667,858.466666666667,7933.70666666667,2175.79166666667,0,237,0,26,28,25,0,60,9,6,0,0,0,0,0,0,1,0,0,0,0,0,0,0,0,1,0,0,0,0,0,0,2,0,0,0,0,0,0,4,75,0,0,0,0,7,10,36,0,0,0,0,76,0,0,0,0,0,0,0,0,1,60,0,1,14,33,0,3,2,35,0,1,0,70,7,0,0,0,0,0,0,8,5,21,13,13,19
"2017-08-25",62,122,0,2,13,15,95,13,0,0,6,0,1,1,2,0,0,0,4,0,2,2,0,0,0,0,5,5,1035.14166666667,3810.41666666667,369.416666666667,548.441666666667,6266.1075,1860,0,248,0,11,23,27,1,50,2,4,0,0,0,0,0,0,0,0,0,0,0,0,1,0,0,0,0,0,0,0,0,0,2,0,0,0,0,0,1,3,56,1,1,0,0,1,8,24,1,0,0,0,57,0,0,0,0,0,0,0,0,0,47,1,0,12,28,0,5,1,26,0,0,0,57,0,0,0,0,0,0,0,11,1,14,12,9,15
"2017-08-26",48,96,0,0,22,22,77,2,0,1,2,0,2,5,2,0,0,0,5,0,3,3,0,1,1,0,1,1,804.8,2746,232,388.6,4874.54,952,48,240,0,13,19,16,0,40,4,1,0,0,0,0,0,0,0,0,0,0,0,0,0,0,0,0,0,0,0,0,0,0,0,0,0,0,0,0,0,0,45,0,0,0,0,3,7,19,0,0,0,0,47,0,0,0,0,0,0,0,0,0,29,3,2,13,24,0,0,0,23,0,0,0,44,2,0,0,0,0,0,0,2,4,15,13,5,9
"2017-08-27",50,105,0,3,19,22,88,1,0,2,4,0,4,2,1,0,0,0,3,0,5,5,0,3,3,0,2,2,866.458333333333,3004.16666666667,200,452.5,5087.41666666667,1100,50,300,0,13,16,18,3,35,4,4,0,0,0,0,0,0,0,0,0,0,0,0,0,1,0,1,0,0,0,0,0,0,0,0,1,0,0,0,0,2,43,1,1,0,1,2,4,21,0,0,0,0,49,0,0,0,0,0,0,0,0,0,31,0,1,17,32,0,3,0,14,0,0,0,48,1,0,0,0,0,0,0,1,3,13,13,5,15
"2017-08-28",79,157,0,3,32,35,124,8,0,1,10,1,2,2,1,1,0,0,7,0,1,1,0,2,2,0,9,9,1443.725,4805.83333333333,289.666666666667,790,8037.59166666667,1422,0,0,0,24,26,26,3,56,1,11,0,0,0,0,1,1,0,1,1,0,0,1,0,0,0,2,1,1,0,0,0,0,0,0,0,0,0,0,0,7,70,0,0,0,0,6,10,34,1,0,0,0,77,0,0,0,0,0,0,0,0,0,67,0,0,10,37,0,5,1,31,0,3,0,75,1,0,0,0,0,0,0,4,3,24,16,16,16
"2017-08-29",59,120,0,0,14,14,94,7,2,1,1,0,1,3,0,0,0,0,11,0,1,1,0,1,1,0,1,1,1157.1375,3503.125,295,650.966666666667,5982.40333333333,1062,0,59,0,12,19,28,0,43,3,1,0,0,0,0,0,0,2,1,1,0,0,0,0,0,0,1,0,0,1,0,0,0,1,0,0,0,0,0,2,7,47,2,0,0,0,2,8,26,0,0,0,0,57,0,0,0,0,0,0,0,0,0,45,2,0,10,33,0,1,0,23,0,0,0,53,4,0,0,0,0,0,0,6,8,18,6,5,16
"2017-08-30",77,164,0,1,23,24,121,17,0,0,10,0,5,0,2,0,0,3,6,0,1,1,0,3,3,0,6,6,1457.225,4652.08333333333,356.125,829.995833333334,7741.54791666667,1514.33333333333,0,154,0,21,30,25,1,60,2,7,0,0,0,0,0,0,1,0,0,0,0,0,0,0,0,0,0,1,1,0,0,0,1,0,0,0,0,0,0,4,69,0,1,0,0,5,10,38,1,0,0,0,73,0,0,0,0,0,0,0,0,0,61,1,1,10,36,0,5,0,30,0,4,0,73,0,0,0,0,0,0,0,9,8,26,13,13,8
"2017-08-31",69,137,0,1,15,16,104,8,0,4,3,1,5,1,2,0,0,0,9,0,0,0,0,3,3,0,3,3,1073.2375,4574.125,583.625,622.4375,6929.87125,1644.5,0,207,0,14,22,32,1,53,1,3,0,0,0,0,0,0,0,2,1,0,0,1,0,0,0,0,0,0,1,0,0,0,1,0,0,0,0,0,2,6,57,2,0,0,0,3,9,29,0,0,0,0,64,0,0,0,0,0,0,0,0,2,56,2,0,10,33,0,2,0,29,0,2,0,49,17,1,0,0,0,0,0,3,7,19,10,9,21
"2017-09-01",67,134,0,0,15,15,104,6,0,3,9,1,1,1,1,0,0,0,8,0,2,2,0,1,1,0,6,6,810.141666666667,3936.25,477.375,252.925,6765.88333333333,1755.95833333333,0,268,0,11,28,28,0,51,3,6,0,0,0,0,0,0,0,0,0,0,0,1,0,0,0,3,0,0,0,0,0,0,0,0,0,0,0,0,1,4,60,1,1,0,0,4,11,20,0,1,0,0,65,0,0,0,0,0,0,0,0,0,54,1,1,9,30,0,4,0,30,0,1,0,62,2,0,0,0,0,0,0,10,6,14,19,8,10
"2017-09-02",54,106,0,0,17,17,79,4,0,3,4,2,4,4,2,0,0,2,2,0,1,1,0,0,0,0,4,4,846.45,2736,276.75,278.325,5470.785,1046.25,54,270,0,14,20,20,0,43,1,4,0,0,0,0,0,0,1,1,0,0,0,0,0,0,0,1,0,0,0,0,0,0,0,0,0,0,0,0,1,3,48,1,0,0,0,4,8,24,1,0,0,0,51,0,0,0,0,1,0,0,0,1,37,3,0,13,30,0,3,0,20,0,1,0,50,2,1,0,0,0,0,0,0,6,15,11,6,16
"2017-09-03",50,102,0,0,17,17,93,4,2,0,0,0,0,1,1,0,0,0,1,0,3,3,0,0,0,0,0,0,645.416666666667,4364.58333333333,220.833333333333,533.958333333333,5019.04166666667,870.833333333333,50,300,0,13,28,9,0,39,4,0,0,0,0,0,0,0,0,1,0,0,1,0,0,0,0,0,0,0,0,1,0,0,2,1,0,0,0,0,0,5,43,1,0,0,0,2,3,27,1,0,0,0,16,0,0,0,0,0,0,0,0,32,24,7,0,19,31,0,2,0,17,0,0,0,14,5,29,0,0,0,0,0,4,5,16,6,6,13
"2017-09-04",26,54,0,0,7,7,48,2,0,0,0,0,1,1,0,0,0,0,2,0,0,0,0,0,0,0,0,0,463.341666666667,2069.16666666667,167.916666666667,362.808333333333,2589.86,507,0,0,0,5,12,9,0,24,0,0,0,0,0,0,0,0,0,0,0,0,0,0,0,0,0,0,0,1,0,0,0,0,1,0,0,0,0,0,0,2,24,0,0,0,0,3,3,9,0,0,0,0,19,0,0,0,0,0,0,0,0,7,18,0,0,7,9,0,0,0,17,0,0,0,15,5,5,0,0,0,0,0,1,4,4,10,3,4
"2017-09-05",76,143,0,0,21,21,102,16,1,5,1,3,1,4,4,0,0,0,6,0,5,5,0,0,0,0,1,1,1394.91666666667,6314.33333333333,348.333333333333,1167.55,7568.84,1681.5,0,76,0,17,32,27,0,60,3,1,0,0,0,0,0,1,0,1,0,0,1,0,0,0,0,0,1,1,2,0,0,0,2,0,0,0,0,0,2,8,65,2,0,0,0,3,9,26,0,1,0,0,63,0,0,0,0,0,0,0,0,10,63,2,1,7,32,0,4,1,33,0,4,0,40,31,2,0,0,0,0,0,10,4,24,14,9,15
"2017-09-06",56,111,0,1,16,17,82,12,0,2,5,2,1,1,1,0,0,0,5,0,3,3,0,0,0,0,4,4,910.233333333333,4886,233.333333333333,790.533333333333,5617.43,1094.33333333333,0,112,0,15,22,18,1,36,4,4,0,0,0,0,0,0,0,0,1,0,0,0,1,0,0,0,0,0,0,0,0,0,0,0,1,0,0,0,3,2,44,4,0,0,0,1,10,20,1,0,0,0,49,0,0,0,0,0,0,0,0,4,44,3,0,7,22,0,6,0,23,0,1,0,30,21,2,0,0,0,0,0,7,7,11,8,8,15
"2017-09-07",77,152,0,0,25,25,118,9,0,3,7,0,0,4,3,0,0,2,6,0,2,2,0,0,0,0,2,2,1189.32916666667,6740.70833333333,256.666666666667,1027.30833333333,7699.39041666667,1639.45833333333,0,231,0,18,27,32,0,53,5,6,0,0,0,0,0,0,0,0,2,1,0,0,0,0,0,1,1,0,0,0,0,0,1,0,0,0,0,0,2,6,64,2,1,0,0,5,8,30,1,1,0,0,48,0,0,0,0,0,0,0,0,24,62,3,0,9,35,0,3,0,36,0,0,0,41,12,19,0,0,0,0,0,7,6,21,23,7,13
"2017-09-08",63,128,1,0,11,12,88,16,0,3,3,0,5,2,4,0,0,1,6,0,2,2,1,2,3,0,3,3,912.975,5142.375,307.125,712.1625,6342.0525,1559.25,0,252,1,10,23,29,0,50,2,3,0,0,0,0,1,0,0,1,0,0,0,0,0,0,0,0,1,0,1,0,0,0,1,0,0,0,0,0,1,4,56,1,0,0,0,6,10,24,0,0,0,0,60,0,0,0,0,0,0,0,0,1,53,0,0,10,27,0,3,1,29,0,0,0,52,9,1,0,0,0,0,0,7,6,20,11,5,14
"2017-09-09",43,78,0,1,6,7,63,4,1,1,1,0,1,2,2,0,0,1,2,0,1,1,0,0,0,0,1,1,655.570833333333,2975.95833333333,352.958333333333,396.316666666667,4370.60958333333,653.958333333333,43,215,0,5,19,18,1,28,2,1,0,0,0,0,0,0,1,0,0,1,0,1,0,0,0,2,0,0,0,0,0,0,1,0,0,0,0,1,1,6,31,2,0,0,0,1,5,19,1,0,0,0,37,0,0,0,0,0,0,0,0,6,26,0,1,16,17,0,1,1,24,0,0,0,35,2,6,0,0,0,0,0,2,3,11,9,9,9
"2017-09-10",42,93,0,0,10,10,82,1,0,1,3,0,0,3,1,0,0,0,2,0,2,2,0,0,0,0,2,2,630.525,2485,239.75,292.6,4284.1575,1195.25,42,252,0,9,19,14,0,35,2,1,0,0,0,0,0,0,1,0,0,0,0,0,0,0,0,0,0,0,0,0,0,0,0,0,0,0,0,0,1,1,38,1,0,0,0,4,6,14,0,0,0,0,41,0,0,0,0,0,0,0,0,0,24,0,1,17,13,0,1,1,26,1,0,0,42,0,0,0,0,0,0,0,4,2,17,7,3,9
"2017-09-11",71,140,0,0,24,24,104,15,0,0,4,1,2,3,2,0,0,0,9,0,6,6,0,1,1,0,4,4,1275.3375,4378.33333333333,343.166666666667,728.6375,7208.92583333333,1576.79166666667,0,0,0,19,25,27,0,49,4,3,0,0,0,0,0,0,0,1,0,2,0,0,0,0,0,2,2,0,0,0,0,0,2,0,0,0,0,0,1,9,56,1,0,0,0,8,9,28,0,0,0,0,64,0,0,0,0,0,0,0,0,1,56,3,0,8,27,0,5,1,26,0,7,0,66,0,0,0,0,0,0,0,10,7,19,13,5,17
"2017-09-12",76,151,0,1,24,25,100,11,0,4,10,1,5,2,7,0,0,0,11,0,2,2,0,3,3,0,9,9,1430.7,5237.66666666667,516.166666666667,971.85,7639.805,1554.83333333333,0,76,0,20,25,30,1,53,3,8,0,0,0,0,0,0,1,0,0,1,0,0,0,0,0,1,1,0,1,0,0,0,1,0,1,0,0,0,2,6,64,3,1,0,0,0,10,33,0,0,0,0,73,0,0,0,0,0,0,0,0,0,63,0,0,11,39,0,2,0,31,0,3,0,72,1,0,0,0,0,0,0,7,8,22,10,10,19
"2017-09-13",66,129,0,1,17,18,93,14,1,3,5,0,4,0,3,0,0,0,6,0,1,1,0,3,3,0,4,4,1266.83333333333,4862,308,939.4,6607.29666666667,1514.11764705882,0,132,0,16,25,24,1,46,1,4,0,1,0,0,0,0,0,0,1,0,0,0,0,0,0,2,1,0,1,0,0,0,2,0,0,0,0,0,4,7,52,4,1,0,1,5,9,29,0,0,0,0,66,0,0,0,0,0,0,0,0,0,51,3,0,11,28,0,2,0,34,0,1,0,66,0,0,0,0,0,0,0,4,3,20,12,14,13
"2017-09-14",91,173,1,0,36,37,121,8,3,3,12,1,5,7,4,0,0,0,9,0,5,5,0,4,4,1,9,10,1759.03,6825,354.9,1337.7,9103.822,1992.9,0,273,1,31,30,29,0,59,4,12,0,0,0,0,0,0,0,1,1,0,1,0,0,0,0,1,0,0,2,0,0,0,1,0,2,0,0,0,2,7,75,4,0,0,0,5,15,36,0,0,0,0,89,0,0,0,0,0,0,0,0,0,73,3,1,11,48,0,1,0,38,0,2,0,87,2,0,0,0,0,0,0,14,6,29,11,10,21
"2017-09-15",75,149,0,0,25,25,115,9,1,0,8,1,2,3,6,0,0,1,3,0,4,4,0,2,2,0,5,5,1677,5220,225,1221,7572.675,1762.5,0,300,0,24,25,26,0,56,5,6,0,0,0,0,0,0,1,2,0,0,0,0,0,0,0,1,1,0,0,0,0,0,1,0,0,0,0,0,0,6,67,0,0,0,0,7,9,30,1,0,0,0,74,0,0,0,0,0,0,0,0,0,58,3,0,10,37,0,2,1,29,0,4,0,73,0,0,0,0,0,0,0,6,3,25,15,5,21
"2017-09-16",42,81,0,1,12,13,64,1,0,1,4,1,2,2,2,0,0,0,4,0,3,3,0,1,1,0,2,2,946.05,3067.75,208.25,723.1,4248.755,1039.5,42,210,0,10,16,15,1,28,2,4,0,0,0,1,0,0,0,1,0,0,0,0,0,1,0,0,0,0,0,0,0,0,0,0,1,0,0,0,2,2,35,3,2,0,0,3,8,16,2,0,0,0,42,0,0,0,0,0,0,0,0,0,28,2,1,11,14,0,1,1,24,0,1,0,42,0,0,0,0,0,0,0,3,5,13,5,7,9
"2017-09-17",49,99,0,0,14,14,80,3,0,0,1,0,3,3,2,0,0,0,7,0,0,0,0,2,2,0,0,0,1114.95416666667,3374.875,222.541666666667,806.458333333333,4953.59375,1063.70833333333,49,294,0,8,23,18,0,40,0,1,0,0,0,0,0,0,0,0,0,0,0,0,0,0,0,1,0,1,1,0,0,0,2,0,1,0,0,0,1,5,41,2,1,0,0,6,10,13,0,0,0,0,47,0,0,0,0,0,0,0,0,2,28,0,1,19,19,0,2,1,26,0,1,0,46,0,0,0,0,0,0,0,7,1,14,8,8,11
"2017-09-18",61,120,0,1,24,25,86,8,2,1,4,2,2,4,4,0,0,1,6,0,3,3,0,1,1,0,3,3,1290.9125,4867.29166666667,251.625,1060.12916666667,6163.16041666667,1108.60869565217,0,0,0,21,18,21,1,48,3,3,0,0,0,0,0,0,1,0,1,1,0,0,0,0,0,1,0,1,0,0,0,0,0,0,0,0,0,1,0,5,54,1,0,0,0,2,9,25,1,0,0,0,60,0,0,0,0,0,0,0,0,1,51,1,1,8,34,0,1,1,24,0,0,0,59,1,0,1,0,0,0,0,5,5,19,9,6,17
"2017-09-19",71,140,0,1,26,27,106,6,0,3,9,0,2,3,2,0,0,0,9,0,1,1,0,2,2,0,8,8,1615.25,5055.79166666667,337.25,1213.2125,7164.16625,1373.69565217391,0,71,0,22,22,26,1,52,1,7,0,0,0,0,1,0,1,0,0,0,0,0,0,0,0,0,2,1,1,0,0,0,2,0,1,0,0,0,1,7,61,2,0,0,1,3,14,30,1,0,0,0,69,0,0,1,0,0,0,0,0,0,57,1,0,12,28,0,6,1,34,0,1,0,70,0,0,0,0,0,0,0,5,5,19,14,8,20
"2017-09-20",79,154,0,0,23,23,113,10,0,2,3,1,1,4,2,0,0,1,17,0,7,7,0,1,1,0,2,2,1683.6875,6023.75,605.666666666667,1320.94583333333,7967.51208333333,483.875,0,158,0,21,34,24,0,60,7,2,0,0,0,0,0,0,0,0,2,0,0,0,0,1,0,1,0,0,0,0,0,0,2,0,0,0,0,0,2,6,69,2,1,0,0,3,11,24,1,0,0,0,72,0,0,0,0,0,0,0,0,1,60,3,0,12,37,0,2,1,31,0,5,0,64,9,0,0,0,0,0,0,7,7,20,12,12,21
"2017-09-21",83,156,0,0,29,29,108,17,0,3,7,0,6,6,2,0,0,1,6,0,6,6,0,5,5,0,5,5,1653.775,4537.33333333333,736.625,835.879166666667,8395.72666666667,871.5,0,249,0,24,30,29,0,54,6,5,0,0,0,0,0,0,1,1,1,1,0,0,0,0,0,2,3,1,0,0,0,0,2,0,0,0,0,0,2,12,65,2,0,0,0,8,13,32,1,0,0,0,80,0,0,0,0,0,0,0,0,0,64,3,1,11,33,1,7,0,34,0,4,0,80,0,0,0,0,0,0,0,13,7,20,20,7,16
"2017-09-22",55,104,0,1,18,19,72,4,0,1,7,1,3,3,2,0,0,0,11,0,3,3,0,1,1,0,6,6,1097.70833333333,3380.20833333333,309.375,647.854166666667,5562.21875,916.666666666667,0,220,0,16,11,27,1,33,2,7,0,0,0,0,0,0,0,0,0,0,0,0,0,0,0,2,0,0,0,0,0,0,2,0,1,0,0,2,2,4,42,5,1,0,0,5,7,22,0,0,0,0,50,0,0,0,1,0,0,0,0,0,39,0,0,14,26,0,3,0,20,1,3,0,52,0,0,0,0,0,0,0,4,6,16,10,6,13
"2017-09-23",48,98,0,3,21,24,78,4,0,1,6,0,1,2,0,0,0,0,6,0,2,2,0,1,1,0,5,5,1117.8,2944,204,731,4839.4,1108,48,240,0,14,17,14,3,36,2,5,0,0,0,0,0,0,1,1,0,0,0,0,0,0,0,0,1,0,0,0,0,0,0,0,0,0,0,0,0,3,43,0,0,0,1,3,7,13,0,0,0,0,46,0,0,0,0,0,0,0,0,0,23,1,0,22,25,0,1,0,18,0,1,0,45,1,0,0,0,0,0,0,5,0,18,9,8,8
"2017-09-24",58,112,0,1,22,23,90,2,1,3,7,0,2,1,2,0,0,0,4,0,5,5,0,1,1,0,7,7,1474.40833333333,3951.25,372.166666666667,1104.175,5847.53583333333,1338.83333333333,58,348,0,19,25,13,1,41,5,6,0,0,0,0,0,0,0,0,1,0,0,1,0,0,0,0,3,0,0,0,0,0,0,0,0,0,0,0,0,5,52,0,1,0,1,3,8,21,0,0,0,0,57,0,0,0,0,0,0,0,0,0,29,3,2,23,28,0,1,0,26,1,0,0,55,2,0,0,0,0,0,0,7,3,10,9,13,16
"2017-09-25",69,133,0,1,25,26,96,14,1,5,5,0,5,0,2,0,0,1,4,0,4,4,0,4,4,0,5,5,1819.0125,4597.125,301.875,1326.8125,6957.155,1676.125,0,0,0,22,25,21,1,48,6,5,0,0,0,0,0,0,0,0,2,2,0,0,0,0,0,0,0,0,0,0,0,0,3,0,0,0,0,0,0,7,59,0,0,0,1,6,11,26,1,0,0,0,68,0,0,0,0,0,0,0,0,0,57,1,0,9,21,0,5,2,34,0,5,0,66,0,0,0,0,0,0,0,6,2,18,15,6,22
"2017-09-26",61,123,0,2,24,26,94,6,0,4,5,1,1,3,3,0,0,1,5,0,4,4,0,0,0,0,5,5,1588.03333333333,4000.58333333333,249.083333333333,1155.95,6135.10041666667,1476.70833333333,0,61,0,19,22,18,2,45,4,4,0,0,0,0,0,1,0,0,1,0,0,0,0,0,0,0,1,1,0,0,0,0,1,0,0,0,0,0,2,4,54,2,0,0,0,4,13,24,1,0,0,0,59,0,0,0,0,0,0,0,0,0,50,2,0,8,30,0,3,1,24,0,1,0,57,0,0,0,0,0,0,0,7,4,18,8,6,18
"2017-09-27",63,122,0,3,23,26,94,5,2,1,6,0,1,3,5,0,0,0,5,0,5,5,0,1,1,0,4,4,1545.3375,4402.125,380.625,1147.65,6296.35125,1249.5,0,126,0,16,18,26,3,46,5,6,0,0,0,0,0,0,1,1,1,0,0,0,0,0,0,1,0,0,0,0,0,0,0,0,0,0,0,0,0,4,57,0,1,0,0,6,8,21,0,0,0,0,52,0,0,0,0,0,0,0,0,9,46,4,0,10,31,0,2,0,28,0,1,0,51,5,3,0,2,0,0,0,6,5,18,8,6,20
"2017-09-28",59,113,0,0,18,18,81,8,1,2,6,1,3,2,3,0,0,1,5,0,3,3,0,0,0,0,5,5,831.1625,3313.83333333333,459.708333333333,313.191666666667,5921.6825,1531.54166666667,0,177,0,15,21,23,0,42,5,6,0,0,0,0,0,1,0,0,1,0,0,0,0,0,0,0,0,0,1,0,0,0,2,0,0,0,0,0,0,4,54,0,1,0,0,4,8,27,0,0,0,0,54,0,0,0,0,0,0,0,0,2,48,2,0,6,26,1,2,0,23,0,3,0,50,5,1,0,0,0,0,0,8,3,21,12,2,13
"2017-09-29",78,158,0,0,28,28,121,14,2,2,6,0,1,2,5,0,0,0,5,0,2,2,0,1,1,0,5,5,857.35,4368,526.5,175.5,7869.5825,1560,0,312,0,22,29,27,0,62,3,5,0,0,0,0,0,0,1,0,1,1,0,0,0,0,0,0,0,0,0,0,0,0,0,0,0,0,0,0,0,3,70,0,0,0,0,5,8,35,0,0,0,0,75,0,0,0,0,0,0,0,0,0,57,6,0,11,41,0,4,0,29,0,1,0,69,6,0,0,0,0,0,0,7,4,20,9,14,24
"2017-09-30",40,76,0,0,7,7,67,3,0,0,2,1,1,0,1,0,0,0,1,0,1,1,0,0,0,0,2,2,426.5,2055,335,30.8333333333333,4064.91666666667,536.666666666667,40,200,0,5,19,16,0,31,1,2,0,0,0,0,0,0,2,0,0,0,0,0,0,1,0,0,0,0,0,0,0,0,0,0,0,0,0,0,0,3,34,0,0,0,0,1,7,15,0,0,0,0,38,0,0,0,0,0,0,0,0,0,21,3,0,13,18,0,1,0,17,0,1,0,37,1,0,0,0,0,0,0,4,4,10,8,4,10
"2017-10-01",53,116,0,0,28,28,99,0,0,1,4,0,1,5,2,0,0,0,4,0,1,1,0,0,0,0,4,4,674.645833333333,2926.04166666667,276.041666666667,187.266666666667,5393.45666666667,1241.08333333333,53,318,0,17,15,21,0,43,2,4,0,0,0,0,0,0,0,0,0,0,0,0,0,0,0,0,0,0,1,0,0,0,0,0,0,0,0,0,1,1,49,1,0,0,0,2,7,25,0,0,0,0,47,0,0,0,0,0,0,0,0,0,31,3,1,13,23,1,2,0,26,0,0,0,48,2,0,0,0,0,0,0,1,5,13,15,7,12
"2017-10-02",65,125,0,0,22,22,94,6,0,7,5,2,2,0,0,0,0,0,9,0,3,3,0,2,2,0,4,4,963.083333333333,3602.08333333333,327.708333333333,372.395833333333,6638.07083333333,836.875,0,0,0,21,20,24,0,50,3,4,0,0,0,0,1,0,0,0,0,0,0,0,0,0,0,1,1,0,1,0,0,0,0,0,1,0,0,0,2,3,58,3,1,0,0,4,6,29,0,0,0,0,65,0,0,0,0,0,0,0,0,0,52,4,0,7,31,0,2,0,31,0,1,0,64,1,0,0,0,0,0,0,14,5,19,10,5,12
"2017-10-03",66,136,0,2,22,24,112,4,1,1,8,1,2,2,2,0,0,0,3,0,4,4,0,2,2,0,4,4,1010.9,4059,338.25,495.825,6747.125,1177,0,66,0,18,18,28,2,46,6,6,0,0,0,0,1,0,0,1,0,0,0,0,0,0,0,1,1,0,0,0,0,0,0,0,0,0,0,0,0,3,59,0,0,0,0,5,12,29,0,0,0,0,65,0,0,0,0,0,0,0,0,0,52,0,1,13,32,0,2,0,29,0,1,0,65,0,0,0,0,0,0,0,4,8,19,14,7,14
"2017-10-04",83,150,1,2,16,19,114,17,0,3,2,1,2,1,3,0,0,0,7,0,9,9,0,0,0,1,0,1,1556.94166666667,5810,605.208333333333,1072.08333333333,8383.44958333333,1663.45833333333,0,166,1,15,36,29,2,56,9,3,0,0,0,0,1,0,1,1,2,1,0,0,0,1,0,1,1,0,0,0,0,0,1,0,0,0,0,0,4,9,69,4,0,0,0,5,8,29,1,0,0,0,54,0,0,0,1,1,0,0,0,23,54,4,4,20,35,0,4,1,38,0,2,0,49,12,17,0,1,0,0,0,10,10,22,12,11,18
"2017-10-05",75,149,0,1,28,29,110,13,3,1,3,0,4,8,5,0,0,0,2,0,3,3,0,4,4,0,2,2,1213.75,5337.5,356.25,794.0625,7554.09375,1768.75,0,225,0,24,27,23,1,58,3,3,0,0,0,0,0,0,0,0,0,1,0,0,0,0,0,2,0,0,2,0,0,0,3,0,0,0,0,0,2,8,64,2,0,0,1,8,12,34,1,0,0,0,74,0,0,0,0,0,0,0,0,1,59,2,1,13,42,0,2,1,27,0,3,0,62,12,0,0,0,0,0,0,7,12,16,12,11,17
"2017-10-06",59,113,0,0,13,13,89,6,0,4,4,0,0,2,2,0,0,0,6,0,3,3,0,0,0,0,3,3,863.120833333333,4240.625,270.416666666667,554.845833333333,5948.38,1565.95833333333,0,236,0,13,21,25,0,45,3,4,0,0,0,0,0,0,0,1,0,0,0,0,0,0,0,1,0,0,0,0,0,0,2,0,0,0,0,0,1,4,52,1,0,0,0,5,10,21,0,0,0,0,54,0,0,0,0,0,0,0,1,0,36,2,1,18,25,0,1,2,28,0,0,0,53,1,1,0,0,0,0,0,7,10,15,10,6,11