"Date","NB_Accidents","NB_VEH_IMPLIQUES_ACCDN","NB_MORTS","NB_BLESSES_GRAVES","NB_BLESSES_LEGERS","NB_VICTIMES_TOTAL","nb_automobile_camion_leger","nb_camionLourd_tractRoutier","nb_outil_equipement","nb_tous_autobus_minibus","nb_bicyclette","nb_cyclomoteur","nb_motocyclette","nb_taxi","nb_urgence","nb_motoneige","nb_VHR","nb_autres_types","nb_veh_non_precise","NB_DECES_PIETON","NB_BLESSES_PIETON","NB_VICTIMES_PIETON","NB_DECES_MOTO","NB_BLESSES_MOTO","NB_VICTIMES_MOTO","NB_DECES_VELO","NB_BLESSES_VELO","NB_VICTIMES_VELO","Temp","Rel.Hum","Wind.Spd","Dew.Point.Temp","Stn_Press","Wind.Dir","weekdays","days","SeverityDeadly","SeverityLight Injury","SeverityMaterial High","SeverityMaterial Low","SeveritySevere Injury","as.factor(Accident_Type)31","as.factor(Accident_Type)32","as.factor(Accident_Type)33","as.factor(Accident_Type)34","as.factor(Accident_Type)35","as.factor(Accident_Type)36","as.factor(Accident_Type)37","as.factor(Accident_Type)38","as.factor(Accident_Type)39","as.factor(Accident_Type)40","as.factor(Accident_Type)41","as.factor(Accident_Type)42","as.factor(Accident_Type)43","as.factor(Accident_Type)44","as.factor(Accident_Type)45","as.factor(Accident_Type)46","as.factor(Accident_Type)47","as.factor(Accident_Type)48","as.factor(Accident_Type)49","as.factor(Accident_Type)50","as.factor(Accident_Type)51","as.factor(Accident_Type)52","as.factor(Accident_Type)53","as.factor(Accident_Type)54","as.factor(Accident_Type)55","as.factor(Accident_Type)59","as.factor(Accident_Type)71","as.factor(Accident_Type)72","as.factor(Accident_Type)73","as.factor(Accident_Type)74","as.factor(Accident_Type)75","as.factor(Accident_Type)99","Accident_CategoryFixed Object","Accident_CategoryMoving Object","Accident_CategoryNo Collision","Auth_Speed10","Auth_Speed100","Auth_Speed20","Auth_Speed30","Auth_Speed40","Auth_Speed50","Auth_Speed60","Auth_Speed70","Auth_Speed80","Auth_Speed90","Surface_CondDry","Surface_CondHard snow","Surface_CondIce","Surface_CondMud","Surface_CondOil","Surface_CondSand or gravel","Surface_CondSlush","Surface_CondSnow","Surface_CondWater accumulation","Surface_CondWet","IlluminationDay and clear","IlluminationDay and semi-dark","IlluminationNight and dark","IlluminationNight and lighted","EnvironmentCommercial","EnvironmentForest","EnvironmentIndustrial","EnvironmentPark","EnvironmentResidential","EnvironmentRural","EnvironmentSchool area","WeatherBlack Ice","WeatherClear Sky","WeatherCloudy","WeatherDrizzle","WeatherFoggy","WeatherHeavy Rain","WeatherSnow","WeatherSnowstorms","WeatherStrong Wind","cluster_id_0","cluster_id_1","cluster_id_2","cluster_id_3","cluster_id_4","cluster_id_5"
"2017-10-07",42,84,0,0,6,6,78,0,1,1,0,0,1,0,2,0,0,0,1,0,1,1,0,0,0,0,0,0,682.85,3669.75,190.75,594.3,4223.0125,738.5,42,210,0,5,14,23,0,33,1,0,0,0,0,0,0,0,0,1,0,1,0,0,0,1,0,1,0,0,0,0,0,0,1,0,0,0,0,0,0,5,34,0,1,0,0,2,3,16,1,0,0,0,28,0,0,0,0,0,0,0,0,14,26,3,0,12,20,0,3,0,18,0,0,0,26,8,8,0,0,0,0,0,1,8,8,7,6,12
"2017-10-08",46,90,0,1,7,8,79,0,0,2,1,0,0,1,1,0,0,1,5,0,0,0,0,0,0,0,1,1,938.783333333333,3438.5,304.75,717.791666666667,4595.6875,914.25,46,276,0,3,22,20,1,40,1,0,0,0,0,0,1,1,0,0,0,0,0,0,0,0,0,0,0,0,0,0,0,0,1,0,0,0,0,0,0,1,43,0,0,0,0,4,7,17,2,0,0,0,32,0,0,0,0,0,0,0,0,10,15,3,1,26,20,0,3,0,22,0,0,0,27,11,7,0,1,0,0,0,4,2,10,7,7,16
"2017-10-09",38,66,0,0,11,11,57,2,0,3,2,0,1,0,1,0,0,0,0,0,4,4,0,1,1,0,1,1,636.658333333333,3415.25,204.25,571.9,3812.9675,658.666666666667,0,0,0,10,15,13,0,25,3,2,0,0,0,0,0,0,1,0,1,0,0,0,0,0,0,1,0,0,2,0,0,0,2,0,0,0,0,0,0,7,30,0,1,0,1,3,5,12,0,0,0,0,10,0,0,0,0,0,0,0,0,28,20,5,0,13,21,0,0,0,15,0,2,0,7,10,19,0,2,0,0,0,5,2,10,10,3,8
"2017-10-10",66,124,0,0,22,22,92,11,0,5,6,0,2,2,1,0,0,0,5,0,1,1,0,2,2,0,5,5,1139.05,5486.25,407,939.125,6651.59,1589.5,0,66,0,17,20,29,0,50,1,5,0,0,0,0,0,0,0,2,0,0,0,0,0,0,0,1,2,1,0,0,0,0,2,0,0,0,0,0,2,8,56,2,0,0,0,5,4,29,0,0,0,0,57,0,0,0,0,0,0,0,0,4,46,5,0,10,31,0,1,0,30,1,0,0,51,12,0,0,0,0,0,0,14,4,16,10,7,15
"2017-10-11",66,128,0,0,21,21,101,7,1,3,5,0,4,0,3,0,0,0,4,0,2,2,0,2,2,0,4,4,680.35,3762,599.5,143,6716.4075,346.5,0,132,0,18,25,23,0,50,4,4,0,0,0,0,0,0,1,0,0,1,0,0,0,0,0,0,0,0,0,0,0,0,2,0,0,0,0,1,1,4,58,2,0,0,0,2,9,28,0,0,0,0,62,0,0,0,0,0,0,0,0,0,46,4,0,13,31,0,3,0,29,0,0,0,50,13,0,0,0,0,0,0,3,5,17,11,12,18
"2017-10-12",72,143,0,3,17,20,110,14,0,2,6,1,2,2,2,0,0,0,4,0,4,4,0,0,0,0,5,5,783.9,3966,420,128.7,7357.29,951,0,216,0,13,20,36,3,54,4,6,0,0,0,0,0,1,2,0,0,1,0,0,0,0,0,1,1,0,0,0,0,0,1,0,0,0,0,0,0,6,65,0,0,0,0,6,15,21,0,1,0,0,68,0,0,0,0,0,0,0,0,1,51,4,1,13,29,0,6,0,29,2,4,0,65,3,0,1,0,0,0,0,7,3,23,12,8,19
"2017-10-13",71,129,0,0,26,26,96,14,0,4,4,1,2,0,2,0,0,0,6,0,2,2,0,2,2,0,4,4,932.466666666667,4094.33333333333,455.583333333333,316.541666666667,7223.03708333333,1366.75,0,284,0,21,19,31,0,47,4,3,0,0,0,0,1,0,1,3,0,0,0,0,0,0,0,3,1,0,1,0,0,0,2,0,0,0,0,0,4,11,55,4,0,0,0,6,5,28,5,0,0,0,67,0,0,0,0,0,0,0,0,1,54,2,0,12,34,0,7,1,28,0,0,0,64,5,0,0,0,0,0,0,10,5,18,12,10,16
"2017-10-14",44,88,0,1,17,18,77,2,1,0,1,0,1,0,1,0,0,0,5,0,0,0,0,2,2,0,0,0,693.55,3633.66666666667,177.833333333333,559.166666666667,4455.33,920.333333333333,44,220,0,9,18,16,1,33,0,1,0,0,0,0,0,0,2,1,1,0,0,0,0,0,0,1,1,0,1,0,0,0,2,0,0,0,0,0,0,9,34,0,0,0,0,5,4,17,0,0,0,0,31,0,0,0,0,0,0,0,0,10,22,5,1,14,25,0,0,1,17,0,1,0,22,16,3,0,1,0,0,0,8,0,14,6,9,7
"2017-10-15",49,89,0,0,26,26,78,2,0,1,0,0,0,3,2,0,0,0,3,0,6,6,0,0,0,0,0,0,837.2875,4232.375,310.333333333333,721.525,4883.095,931,49,294,0,17,15,17,0,36,7,0,0,0,0,0,0,0,1,1,1,0,0,0,0,0,0,1,0,0,0,0,0,0,0,0,0,0,0,0,0,4,43,0,0,0,0,1,2,25,1,0,0,0,16,0,0,0,0,0,0,0,0,30,20,1,1,26,28,0,1,0,20,0,0,0,8,13,26,0,0,0,0,0,3,0,13,7,9,17
"2017-10-16",67,128,0,1,19,20,90,12,1,2,8,0,1,3,1,0,0,0,10,0,3,3,0,0,0,0,5,5,435.779166666667,4304.75,390.833333333333,11.4458333333333,6757.70375,1742,0,0,0,17,25,24,1,49,2,9,0,1,0,0,0,0,1,0,1,0,0,0,0,0,0,2,0,0,0,0,0,0,1,0,0,0,0,0,0,5,61,0,1,0,0,4,15,22,0,0,0,0,63,0,0,0,0,0,0,0,0,0,50,5,0,7,28,1,2,0,30,0,2,0,50,11,0,0,0,0,0,0,7,2,23,9,10,16
"2017-10-17",57,113,0,0,17,17,91,8,1,2,0,1,1,1,2,0,0,0,6,0,2,2,0,1,1,0,0,0,455.2875,3591,389.5,58.425,5764.57625,1206.5,0,57,0,12,23,22,0,51,2,0,0,0,0,0,1,0,0,0,0,0,0,0,0,0,0,0,0,0,0,0,0,0,1,0,0,0,0,0,0,1,54,0,1,0,0,1,9,18,2,0,0,0,56,0,0,0,0,0,0,0,0,0,36,3,0,16,25,0,3,0,27,0,0,0,43,12,0,0,0,0,0,0,4,4,18,8,5,18
"2017-10-18",63,114,0,0,18,18,92,8,1,1,5,1,2,2,1,0,0,0,1,0,6,6,0,0,0,0,5,5,880.1625,4110.75,372.75,460.425,6374.05125,1378.125,0,126,0,17,20,26,0,44,6,5,0,0,0,1,0,0,2,0,0,0,0,0,0,0,0,0,1,0,0,0,0,0,1,0,0,0,0,0,0,4,56,0,0,0,0,1,12,22,1,0,0,0,60,0,0,0,0,0,0,0,0,1,46,3,0,14,30,0,3,0,26,0,2,0,60,2,0,0,0,0,0,0,5,4,20,11,7,16
"2017-10-19",67,122,0,1,17,18,87,13,1,1,3,0,1,4,3,0,0,2,7,0,8,8,0,1,1,0,1,1,1080.375,3939.04166666667,527.625,509.479166666667,6733.13708333333,1342.79166666667,0,201,0,14,22,30,1,49,7,1,0,0,0,0,1,0,0,0,1,0,0,0,0,0,0,2,2,0,0,0,0,0,2,0,0,0,0,0,0,7,58,0,1,0,0,0,14,27,1,0,0,0,66,0,0,0,0,0,0,0,0,0,49,2,0,16,30,0,4,1,32,0,0,0,63,4,0,0,0,0,0,0,7,2,13,18,6,21
"2017-10-20",82,158,0,1,22,23,130,9,0,6,4,0,0,4,1,0,0,0,4,0,7,7,0,0,0,0,2,2,1104.60833333333,4038.5,403.166666666667,228.575,8273.6975,1657.08333333333,0,328,0,20,32,29,1,62,7,5,0,0,0,0,2,0,0,1,0,0,0,0,0,0,0,0,1,0,0,0,0,0,0,0,0,0,0,0,2,2,76,2,1,0,0,4,8,40,1,0,0,0,78,0,0,0,0,1,0,0,0,0,60,3,1,16,41,0,6,1,28,0,4,0,76,3,0,0,0,0,0,0,14,6,22,20,8,12
"2017-10-21",65,130,0,0,16,16,114,2,0,3,3,0,4,2,0,0,0,0,2,0,2,2,0,2,2,0,3,3,1010.75,3826.875,281.666666666667,481,6592.51666666667,1294.58333333333,65,325,0,14,35,16,0,53,2,3,0,0,0,0,0,0,0,0,1,0,0,0,0,0,0,0,0,0,1,0,0,0,0,0,0,0,0,0,4,2,58,4,0,0,0,1,16,26,0,0,0,0,65,0,0,0,0,0,0,0,0,0,43,2,1,18,36,0,4,0,21,1,3,0,62,3,0,0,0,0,0,0,8,6,23,9,4,15
"2017-10-22",36,67,0,1,12,13,55,1,1,0,0,0,3,3,0,0,0,0,4,0,1,1,0,2,2,0,0,0,498.15,2652,186,326.55,3660.87,837,36,216,0,8,13,14,1,29,1,0,0,0,0,0,0,1,2,0,0,0,0,0,1,0,0,0,0,0,0,0,0,0,1,0,0,0,0,0,0,4,31,0,0,0,0,1,4,14,1,0,0,0,33,0,0,0,0,0,0,0,0,0,18,1,1,12,12,0,3,0,16,0,1,0,32,1,0,0,0,0,0,0,3,0,7,8,9,9
"2017-10-23",58,114,0,0,19,19,86,13,1,2,6,0,0,1,0,0,0,0,5,0,2,2,0,0,0,0,3,3,954.1,3765.16666666667,309.333333333333,556.8,5861.79416666667,1162.41666666667,0,0,0,14,23,21,0,46,3,6,0,0,0,0,0,0,0,0,0,0,0,0,0,0,0,1,0,0,0,0,0,0,1,0,0,0,0,0,1,2,55,1,0,0,0,5,9,23,0,0,0,0,57,0,0,0,0,0,0,0,0,0,45,4,1,7,26,0,3,1,26,0,2,0,55,2,0,0,0,0,0,0,3,4,16,13,12,10
"2017-10-24",79,149,0,1,24,25,116,10,0,3,3,1,1,5,5,0,0,0,5,0,5,5,0,0,0,0,2,2,1379.20833333333,6491.16666666667,325.875,1121.47083333333,7886.53708333333,1389.08333333333,0,79,0,16,28,34,1,58,5,3,0,1,0,1,1,2,0,1,0,0,0,0,0,0,0,1,2,0,1,0,0,0,1,0,0,0,0,0,1,6,71,1,0,0,0,2,6,31,2,1,0,0,19,0,0,0,0,0,0,0,2,53,47,8,1,20,46,0,2,0,25,0,2,0,20,12,36,3,5,0,0,0,7,8,19,12,11,22
"2017-10-25",73,144,0,2,20,22,114,13,1,0,5,1,0,4,2,0,0,0,4,0,4,4,0,0,0,0,4,4,1046.94166666667,4915.33333333333,325.458333333333,571.529166666667,7278.86041666667,1487.375,0,146,0,18,25,28,2,53,6,5,0,0,0,0,0,1,1,1,0,0,0,0,0,0,0,0,0,0,1,0,0,0,1,0,0,0,0,0,1,4,65,1,0,0,0,2,12,24,1,0,0,0,65,0,0,0,0,0,0,0,0,2,49,5,0,16,36,0,9,0,25,0,1,0,61,6,1,0,0,0,0,0,8,5,20,12,13,15
"2017-10-26",85,159,2,0,23,25,125,14,1,1,4,0,2,2,6,0,0,0,4,1,4,5,0,0,0,0,1,1,879.041666666667,6091.66666666667,474.583333333333,457.583333333333,8484.52291666667,2532.29166666667,0,255,2,19,32,32,0,63,6,5,0,0,0,0,0,0,2,0,1,0,0,0,0,0,0,1,1,0,1,0,0,0,2,0,0,0,0,0,1,8,74,1,0,0,0,6,15,35,0,0,0,0,38,0,0,0,0,0,0,0,0,45,50,8,0,26,40,0,6,0,31,0,5,0,29,16,38,0,0,0,0,0,6,2,28,13,15,21
"2017-10-27",64,128,1,0,13,14,96,12,1,1,3,1,1,2,2,0,0,1,8,1,1,2,0,0,0,0,1,1,526.933333333333,4641.52380952381,283.428571428571,226.133333333333,6423.34476190476,1158.09523809524,0,256,1,9,25,29,0,52,4,3,0,0,0,1,0,0,1,0,0,0,0,0,0,0,0,1,0,0,0,0,0,0,0,0,0,0,0,0,0,2,60,0,1,0,0,2,12,28,1,1,0,0,56,0,0,0,0,1,0,0,0,4,38,4,0,16,34,0,6,1,19,0,1,0,54,6,1,0,0,0,0,0,5,6,22,10,10,11
"2017-10-28",51,105,0,0,14,14,94,5,0,0,2,0,2,1,0,0,0,0,1,0,1,1,0,2,2,0,0,0,678.5125,3223.625,284.75,310.4625,5109.265,1007.25,51,255,0,12,18,21,0,45,1,1,0,0,0,0,0,0,1,0,0,0,0,0,0,0,0,1,0,0,0,0,0,0,2,0,0,0,0,0,0,4,47,0,0,0,1,3,4,24,0,0,0,0,47,0,0,0,0,0,0,0,0,4,29,2,0,18,30,0,1,0,19,0,1,0,46,3,2,0,0,0,0,0,4,1,16,11,7,12
"2017-10-29",56,109,0,0,11,11,101,2,0,0,1,1,0,0,0,0,0,0,4,0,3,3,0,0,0,0,1,1,614.133333333333,5009.66666666667,280,519.166666666667,5588.07666666667,709.333333333333,56,336,0,10,28,18,0,45,3,1,0,0,0,0,0,0,2,0,1,0,1,0,0,0,0,0,1,0,1,0,0,0,1,0,0,0,0,0,0,7,49,0,0,0,0,4,5,27,0,0,0,0,8,0,0,0,0,0,0,0,0,47,13,6,1,36,26,0,1,0,28,0,1,0,8,3,39,0,5,0,0,0,2,5,16,10,5,18
"2017-10-30",64,129,0,1,17,18,105,6,1,2,3,1,0,2,0,0,0,0,9,0,2,2,0,0,0,0,3,3,695.2,4874.66666666667,794.666666666667,427.733333333333,6268.16,1136,0,0,0,15,23,25,1,51,2,3,0,0,0,0,0,1,2,0,0,0,0,0,0,0,0,0,0,0,3,0,0,0,0,0,0,0,0,0,2,5,57,2,0,0,0,2,12,26,1,0,0,0,36,0,0,0,0,0,0,0,0,24,41,4,0,16,34,0,3,0,24,0,0,0,22,20,11,1,1,0,0,7,8,7,17,10,10,12
"2017-10-31",55,108,0,0,10,10,83,11,1,1,1,0,0,1,3,0,0,1,6,0,2,2,0,0,0,0,1,1,420.979166666667,3549.79166666667,579.791666666667,60.9583333333333,5502.475,1152.70833333333,0,55,0,9,26,20,0,45,2,1,0,0,0,0,0,0,0,0,0,0,0,0,0,0,0,1,0,0,0,0,0,0,1,0,0,0,0,0,2,2,48,2,0,0,0,0,12,20,0,0,0,0,42,0,0,0,0,3,0,0,0,4,32,7,0,10,23,0,4,0,23,0,1,0,39,9,1,0,0,0,0,0,4,7,16,9,8,11
"2017-11-01",72,142,0,0,26,26,118,12,0,1,4,0,1,3,1,0,0,0,2,0,6,6,0,1,1,0,4,4,429.9,5238,318,93,7313.88,1317,0,144,0,23,28,21,0,47,7,3,0,0,0,0,0,0,0,0,0,0,0,0,0,1,0,1,1,0,1,0,0,0,5,0,0,0,0,0,0,9,57,0,0,0,0,4,8,34,0,0,0,0,46,0,0,0,0,0,0,0,0,22,34,1,1,31,40,0,5,1,20,2,1,0,29,20,18,0,1,0,0,0,6,4,16,11,12,23
"2017-11-02",91,169,0,2,27,29,134,13,1,6,9,0,0,3,1,0,0,0,2,0,10,10,0,0,0,0,6,6,968.0125,8463,432.25,867.9125,9184.8575,1664.54166666667,0,273,0,23,31,35,2,63,10,6,0,0,0,0,0,0,1,0,1,1,0,0,0,0,0,0,1,1,1,0,0,0,0,0,0,0,0,0,1,6,79,1,0,0,2,4,14,41,0,0,0,0,9,0,0,0,0,1,0,0,2,76,47,15,0,27,52,0,3,0,33,1,0,0,6,6,63,0,11,0,0,0,7,5,23,15,11,30
"2017-11-03",99,188,0,2,17,19,140,23,1,5,2,0,0,4,3,0,0,1,9,0,8,8,0,0,0,0,1,1,1084.05,7239.375,478.5,604.725,9967.11375,1971.39130434783,0,396,0,16,42,39,2,71,9,2,0,0,0,0,1,0,1,0,1,1,0,0,0,0,0,1,0,0,2,0,1,0,6,0,0,0,0,0,1,13,83,1,0,0,0,8,11,46,1,0,0,0,60,0,0,0,0,0,0,0,0,36,65,5,2,24,44,0,6,0,41,1,3,0,55,28,11,1,1,0,0,0,6,8,32,14,15,24
"2017-11-04",53,113,0,0,15,15,100,0,0,2,2,1,0,3,0,0,0,0,5,0,2,2,0,0,0,0,1,1,206.0375,3592.95833333333,311.375,-87.2291666666667,5405.13875,907.625,53,265,0,9,29,15,0,40,2,1,0,0,0,0,1,0,2,0,1,0,0,0,0,0,0,2,0,0,1,0,0,0,1,0,0,0,0,0,1,7,44,1,1,0,0,6,5,20,1,0,0,0,37,0,0,0,0,0,0,0,0,12,29,7,0,16,20,0,1,0,29,1,0,0,36,8,8,0,0,0,0,0,6,1,16,8,6,16
"2017-11-05",51,90,0,0,15,15,80,1,0,2,3,0,1,1,1,0,0,0,1,0,5,5,0,0,0,0,3,3,395.25,4158.625,425,242.25,5145.9425,726.75,51,306,0,13,22,16,0,38,5,2,0,0,0,0,2,0,1,0,0,0,0,0,0,0,0,1,0,0,0,0,0,0,2,0,0,0,0,0,0,4,47,0,0,0,0,2,13,19,0,0,0,0,12,0,0,0,0,0,0,0,1,35,13,6,0,30,20,0,0,0,28,0,0,0,12,9,21,0,6,0,0,0,4,4,14,11,3,15
"2017-11-06",74,139,0,1,17,18,114,6,1,3,1,0,2,1,4,0,0,0,7,0,5,5,0,1,1,0,1,1,732.908333333334,5738.08333333333,462.5,442.766666666667,7420.75083333333,1957.91666666667,0,0,0,14,30,29,1,59,5,1,0,0,0,0,0,2,1,0,0,0,1,0,0,0,0,0,1,0,1,0,0,0,1,0,0,0,0,0,0,5,67,0,0,0,0,2,14,29,0,2,0,0,43,0,0,0,0,0,0,0,0,22,46,7,0,17,37,0,6,1,24,0,3,0,37,19,12,0,0,0,0,0,5,4,23,9,10,23
"2017-11-07",69,138,0,0,24,24,113,9,0,1,3,1,0,1,3,0,0,0,7,0,6,6,0,0,0,0,3,3,131.1,3869.75,330.625,-417.1625,7008.905,1949.25,0,69,0,17,27,25,0,53,6,3,0,0,0,0,1,0,0,0,0,0,0,0,0,0,0,0,1,0,0,0,0,0,0,0,0,0,0,0,0,1,63,0,0,0,0,2,10,30,0,0,0,0,66,0,0,0,0,0,0,0,0,1,40,7,0,21,33,0,3,0,29,0,1,0,60,6,0,0,0,0,0,0,6,6,15,14,8,20
"2017-11-08",60,112,0,0,12,12,81,14,1,4,1,0,0,2,2,0,0,1,6,0,1,1,0,0,0,0,1,1,206.5,3517.5,337.5,-242.5,6094.55,1192.5,0,120,0,10,27,23,0,48,1,1,0,1,0,0,0,0,0,0,2,0,0,0,0,0,0,3,0,0,1,0,0,0,1,0,0,0,0,0,1,7,51,1,1,0,1,1,8,21,2,1,0,0,58,0,0,0,0,0,0,0,0,2,40,3,0,16,35,0,5,0,19,0,1,0,46,13,1,0,0,0,0,0,10,8,9,14,7,12
"2017-11-09",65,123,0,0,14,14,89,12,0,3,8,0,0,2,2,0,0,0,7,0,1,1,0,0,0,0,6,6,318.770833333333,4024.58333333333,427.916666666667,-123.770833333333,6544.82291666667,1262.08333333333,0,195,0,12,25,28,0,43,2,7,0,1,0,0,1,0,1,0,0,1,0,0,0,0,0,0,0,0,0,0,0,0,2,0,0,0,0,0,3,4,54,3,1,0,0,6,9,23,0,1,0,0,56,0,0,0,0,0,0,0,0,6,36,5,1,21,41,0,4,0,16,1,0,0,38,18,4,0,1,0,0,1,6,1,16,13,9,20
"2017-11-10",72,146,0,1,15,16,121,12,2,4,0,0,0,1,2,0,0,0,4,0,4,4,0,0,0,0,0,0,-372.3,3921,462,-942.6,7287.09,1335,0,288,0,11,32,28,1,63,4,0,0,0,0,0,0,0,0,0,0,0,0,0,0,0,0,1,2,0,0,0,0,0,0,0,0,0,0,0,0,3,67,0,0,0,1,1,14,29,0,1,0,0,61,0,4,0,0,0,0,0,0,5,48,5,0,18,42,0,5,0,24,0,0,0,54,10,3,0,0,2,0,1,11,6,15,16,9,15
"2017-11-11",45,93,0,0,13,13,85,0,0,0,1,0,0,1,2,0,0,0,4,0,2,2,0,0,0,0,1,1,-240.5625,2868.75,232.5,-504.75,4613.08125,1068.75,45,225,0,8,18,19,0,35,2,1,0,0,0,1,1,0,0,0,0,0,0,0,0,0,0,0,1,0,0,0,0,0,0,0,0,0,0,0,0,1,40,0,1,0,1,1,4,24,0,0,0,0,42,0,0,0,0,0,0,0,1,1,21,4,0,19,24,0,2,0,17,0,1,0,38,6,0,0,0,0,0,0,6,3,10,4,6,16
"2017-11-12",43,73,0,1,15,16,55,1,0,1,1,0,3,0,7,0,0,0,5,0,8,8,0,0,0,0,0,0,-51.0625,2494,182.75,-364.245833333333,4394.08041666667,748.916666666667,43,258,0,12,10,20,1,26,7,1,0,0,0,1,1,0,0,0,1,0,0,1,0,0,0,0,1,1,2,0,0,0,0,0,0,0,0,0,0,6,36,0,0,0,0,1,10,12,1,0,0,0,40,0,0,0,0,0,1,0,0,0,19,2,2,19,16,0,0,0,24,1,0,0,31,8,0,0,0,1,0,0,2,3,14,10,2,12
"2017-11-13",46,87,0,0,15,15,67,5,1,3,2,1,0,2,1,0,0,0,5,0,3,3,0,0,0,0,2,2,-33.7333333333333,3342.66666666667,283.666666666667,-234.983333333333,4695.23916666667,523.25,0,0,0,13,17,16,0,34,4,2,0,1,0,0,0,0,0,0,0,0,0,1,0,0,0,1,0,0,1,0,0,0,0,0,0,0,0,0,1,3,41,1,0,0,0,2,4,23,2,0,0,0,46,0,0,0,0,0,0,0,0,0,20,5,1,20,25,0,2,1,18,0,0,0,32,13,0,0,0,0,0,0,2,0,8,8,10,18
"2017-11-14",60,121,0,0,11,11,94,9,0,1,5,1,0,0,3,0,0,1,7,0,1,1,0,0,0,0,5,5,106,4147.5,345,-197.75,6116.325,297.5,0,60,0,10,26,24,0,48,1,5,0,0,0,0,0,0,0,0,2,0,0,0,0,0,0,0,1,0,0,0,0,0,0,0,0,0,0,0,0,3,54,0,0,0,0,3,11,26,0,0,0,0,58,0,0,0,0,0,0,0,0,0,37,4,0,18,27,0,2,0,26,0,3,0,38,19,0,0,0,0,0,0,8,6,16,15,8,7
"2017-11-15",73,141,0,1,21,22,108,12,0,2,4,1,2,2,6,0,0,0,4,0,7,7,0,2,2,0,4,4,198.925,5128.25,328.5,-174.591666666667,7398.12416666667,1560.375,0,146,0,19,25,28,1,49,8,4,0,0,0,0,0,0,1,0,2,0,0,0,0,0,0,1,0,0,1,0,0,0,3,0,0,0,0,1,0,8,61,1,4,0,0,5,4,30,0,0,0,0,70,0,0,0,0,0,0,0,0,0,42,7,1,21,36,0,6,0,25,0,2,0,65,4,0,0,1,0,0,0,9,5,21,12,5,21
"2017-11-16",87,160,0,0,39,39,135,8,1,4,2,0,1,0,3,0,0,0,6,0,14,14,0,0,0,0,0,0,519.825,6735.25,667,195.75,8674.29875,1598.625,0,261,0,31,26,30,0,61,16,2,0,0,0,0,0,0,0,0,0,0,0,0,0,0,0,2,0,0,0,0,0,0,1,0,0,0,0,0,2,3,79,2,0,0,0,1,11,37,1,1,0,0,23,0,0,0,0,0,0,0,0,61,24,13,1,47,44,0,3,0,34,1,1,0,20,10,52,0,1,0,0,0,16,7,18,12,7,27
"2017-11-17",87,164,0,0,21,21,138,13,0,2,2,0,0,4,2,0,0,0,3,0,6,6,0,0,0,0,2,2,-113.825,5636.875,445.875,-630.3875,8760.8275,1823.375,0,348,0,20,33,34,0,67,7,2,0,0,0,0,1,0,0,1,1,1,0,0,0,0,0,1,1,1,0,0,0,0,0,0,0,0,0,0,2,6,77,2,1,0,1,4,12,38,0,1,0,0,76,0,0,0,0,0,0,0,0,8,44,4,1,36,43,0,3,0,38,0,1,0,72,9,2,0,0,1,0,0,11,6,25,12,12,21
"2017-11-18",57,105,0,0,14,14,86,2,0,2,0,0,0,6,0,0,0,0,9,0,5,5,0,0,0,0,0,0,-97.375,3883.125,337.25,-391.1625,5685.6075,681.625,57,285,0,12,23,22,0,47,5,0,0,1,0,0,1,0,0,0,1,0,0,0,0,0,0,1,0,0,0,0,0,0,0,0,0,0,0,0,0,2,54,0,0,0,0,4,8,28,2,0,0,0,41,0,0,0,0,0,0,0,0,11,22,1,2,29,27,1,1,1,25,0,2,0,33,11,8,0,0,0,0,0,4,3,17,11,9,13
"2017-11-19",41,76,0,1,20,21,64,1,2,0,1,0,0,4,0,0,0,1,3,0,6,6,0,0,0,0,1,1,-0.854166666666665,3503.79166666667,257.958333333333,-92.0791666666667,4033.23833333333,854.166666666667,41,246,0,13,15,12,1,26,7,1,0,0,0,0,0,0,1,1,1,0,0,0,1,0,0,0,2,0,1,0,0,0,0,0,0,0,0,0,0,7,34,0,0,0,0,2,7,18,1,0,0,0,5,0,3,0,0,0,1,2,0,27,11,3,0,25,15,0,1,0,22,0,2,0,10,6,14,0,2,7,0,0,3,3,15,11,4,5
"2017-11-20",48,90,0,0,9,9,65,13,1,3,2,0,0,0,0,0,0,1,5,0,1,1,0,0,0,0,2,2,-274,3186,236,-527.6,4810.54,1022,0,0,0,8,19,21,0,35,4,2,0,0,0,0,2,0,0,0,0,1,0,0,0,0,0,1,1,0,0,0,0,0,0,0,0,0,0,0,0,3,43,0,0,0,0,1,2,22,0,0,0,0,37,1,2,0,0,0,0,2,0,2,36,1,0,10,22,0,6,0,17,0,1,0,31,11,0,0,0,2,1,0,7,1,12,6,12,10