"Date","NB_Accidents","NB_VEH_IMPLIQUES_ACCDN","NB_MORTS","NB_BLESSES_GRAVES","NB_BLESSES_LEGERS","NB_VICTIMES_TOTAL","nb_automobile_camion_leger","nb_camionLourd_tractRoutier","nb_outil_equipement","nb_tous_autobus_minibus","nb_bicyclette","nb_cyclomoteur","nb_motocyclette","nb_taxi","nb_urgence","nb_motoneige","nb_VHR","nb_autres_types","nb_veh_non_precise","NB_DECES_PIETON","NB_BLESSES_PIETON","NB_VICTIMES_PIETON","NB_DECES_MOTO","NB_BLESSES_MOTO","NB_VICTIMES_MOTO","NB_DECES_VELO","NB_BLESSES_VELO","NB_VICTIMES_VELO","Temp","Rel.Hum","Wind.Spd","Dew.Point.Temp","Stn_Press","Wind.Dir","weekdays","days","SeverityDeadly","SeverityLight Injury","SeverityMaterial High","SeverityMaterial Low","SeveritySevere Injury","as.factor(Accident_Type)31","as.factor(Accident_Type)32","as.factor(Accident_Type)33","as.factor(Accident_Type)34","as.factor(Accident_Type)35","as.factor(Accident_Type)36","as.factor(Accident_Type)37","as.factor(Accident_Type)38","as.factor(Accident_Type)39","as.factor(Accident_Type)40","as.factor(Accident_Type)41","as.factor(Accident_Type)42","as.factor(Accident_Type)43","as.factor(Accident_Type)44","as.factor(Accident_Type)45","as.factor(Accident_Type)46","as.factor(Accident_Type)47","as.factor(Accident_Type)48","as.factor(Accident_Type)49","as.factor(Accident_Type)50","as.factor(Accident_Type)51","as.factor(Accident_Type)52","as.factor(Accident_Type)53","as.factor(Accident_Type)54","as.factor(Accident_Type)55","as.factor(Accident_Type)59","as.factor(Accident_Type)71","as.factor(Accident_Type)72","as.factor(Accident_Type)73","as.factor(Accident_Type)74","as.factor(Accident_Type)75","as.factor(Accident_Type)99","Accident_CategoryFixed Object","Accident_CategoryMoving Object","Accident_CategoryNo Collision","Auth_Speed10","Auth_Speed100","Auth_Speed20","Auth_Speed30","Auth_Speed40","Auth_Speed50","Auth_Speed60","Auth_Speed70","Auth_Speed80","Auth_Speed90","Surface_CondDry","Surface_CondHard snow","Surface_CondIce","Surface_CondMud","Surface_CondOil","Surface_CondSand or gravel","Surface_CondSlush","Surface_CondSnow","Surface_CondWater accumulation","Surface_CondWet","IlluminationDay and clear","IlluminationDay and semi-dark","IlluminationNight and dark","IlluminationNight and lighted","EnvironmentCommercial","EnvironmentForest","EnvironmentIndustrial","EnvironmentPark","EnvironmentResidential","EnvironmentRural","EnvironmentSchool area","WeatherBlack Ice","WeatherClear Sky","WeatherCloudy","WeatherDrizzle","WeatherFoggy","WeatherHeavy Rain","WeatherSnow","WeatherSnowstorms","WeatherStrong Wind","cluster_id_0","cluster_id_1","cluster_id_2","cluster_id_3","cluster_id_4","cluster_id_5"
"2017-11-21",59,116,0,0,14,14,98,5,0,2,2,0,0,0,5,0,0,0,4,0,4,4,0,0,0,0,1,1,199.8625,3783.375,349.083333333333,-180.6875,5904.20375,1108.70833333333,0,59,0,13,22,24,0,45,7,1,0,0,0,0,0,0,1,0,2,0,0,0,0,0,0,2,0,0,1,0,0,0,0,0,0,0,0,0,0,6,53,0,1,0,0,5,10,11,0,0,0,0,56,0,0,0,0,0,0,0,0,2,35,6,0,17,23,0,2,0,26,0,6,0,51,7,0,0,0,0,0,0,10,3,12,14,8,12
"2017-11-22",56,102,0,1,13,14,85,3,0,1,2,0,0,2,3,0,0,0,6,0,6,6,0,0,0,0,2,2,127.166666666667,4249,294,-93.8,5631.22,1526,0,112,0,13,15,27,1,40,6,2,0,0,0,0,0,0,1,1,1,1,1,0,0,0,0,0,0,0,0,0,0,1,1,0,0,0,0,0,0,7,48,0,1,0,1,0,9,23,0,0,0,1,42,0,0,0,0,0,0,0,0,12,27,3,1,23,31,0,0,0,18,0,2,0,30,17,7,0,0,0,0,0,6,7,13,7,7,16
"2017-11-23",76,149,0,0,24,24,118,17,1,2,3,0,0,3,1,0,0,1,3,0,7,7,0,0,0,0,2,2,-256.816666666667,5085.66666666667,541.5,-658.35,7655.54333333333,1820.83333333333,0,228,0,18,33,25,0,58,7,2,0,0,0,0,0,0,0,0,3,0,0,0,0,0,0,1,0,0,1,0,0,0,0,0,0,0,0,1,2,5,67,3,1,0,1,4,6,30,1,0,0,0,66,0,0,0,0,0,0,0,0,6,53,5,0,15,38,0,4,1,28,0,3,0,50,19,1,0,0,2,0,0,8,4,21,15,11,17
"2017-11-24",63,126,0,0,16,16,102,7,1,1,2,0,0,0,5,0,0,0,8,0,4,4,0,0,0,0,2,2,249.375,4349.625,435.75,-80.0625,6299.92125,1252.125,0,252,0,13,24,26,0,47,5,1,0,0,0,1,0,0,1,0,0,0,0,0,0,0,0,1,1,0,0,0,0,0,2,0,0,0,0,1,1,5,54,2,1,0,0,6,8,23,0,0,0,0,55,0,0,0,0,0,0,0,0,8,36,2,1,24,32,0,2,1,25,0,1,0,40,19,3,0,0,0,0,0,5,6,18,9,10,15
"2017-11-25",55,103,0,1,20,21,86,2,0,2,3,0,0,1,2,0,0,1,6,0,8,8,0,0,0,0,2,2,304.5625,4099.79166666667,391.875,64.8541666666667,5460.28541666667,1299.375,55,275,0,15,17,22,1,37,8,3,0,0,0,0,0,0,0,0,1,1,0,0,0,0,0,0,1,0,1,0,0,0,2,0,0,0,0,0,0,6,48,0,3,0,0,1,7,20,1,0,0,0,17,0,0,0,0,0,0,0,0,36,17,7,0,29,27,0,3,1,21,0,0,0,18,8,25,0,1,1,0,0,4,8,8,10,10,15
"2017-11-26",66,133,0,1,23,24,117,1,0,1,0,0,0,2,4,0,0,0,8,0,2,2,0,0,0,0,0,0,-91.575,4908.75,423.5,-363.275,6607.3975,1826,66,396,0,18,23,24,1,53,3,0,0,0,0,0,0,0,0,2,0,2,0,0,0,0,0,0,0,0,1,0,0,0,2,0,0,0,0,0,0,7,56,0,0,0,0,1,15,26,0,0,0,0,16,0,14,0,0,0,0,6,0,29,31,2,0,31,23,0,3,0,31,1,3,0,36,10,3,0,0,15,0,0,4,0,11,19,13,19
"2017-11-27",76,147,0,1,16,17,117,15,1,1,1,0,1,2,2,0,0,1,6,0,4,4,0,1,1,0,1,1,-380.95,5101.5,566.833333333333,-790.083333333333,7661.62333333333,2131.16666666667,0,0,0,15,28,32,1,57,4,1,0,0,0,0,2,1,3,1,0,0,0,0,0,0,0,2,0,0,1,0,0,0,1,0,1,0,0,0,1,8,65,2,0,0,0,3,12,27,0,0,0,0,26,3,3,0,0,0,5,17,0,19,48,5,1,21,25,0,6,0,39,0,2,0,46,20,0,0,0,6,2,0,10,8,18,5,15,20
"2017-11-28",64,127,0,0,25,25,101,8,1,4,0,0,0,3,4,0,0,0,6,0,6,6,0,0,0,0,0,0,-129.6,4146.66666666667,501.333333333333,-500.533333333333,6471.2,1125.33333333333,0,64,0,16,24,24,0,54,6,0,0,0,0,0,0,0,0,0,0,0,0,0,0,0,0,1,0,0,0,0,0,0,0,0,0,0,0,0,2,1,60,2,0,0,0,6,9,28,0,0,0,0,49,0,2,0,0,0,0,1,0,9,34,4,0,24,30,0,3,1,28,1,1,0,47,12,1,0,0,0,0,0,3,3,19,11,7,21
"2017-11-29",56,108,0,0,15,15,87,4,0,1,4,0,0,1,2,0,0,1,8,0,4,4,0,0,0,0,3,3,163.8,3915.33333333333,382.666666666667,-119,5649.79333333333,1071,0,112,0,13,20,23,0,47,4,3,0,0,0,0,0,0,0,0,0,1,0,0,0,0,0,1,0,0,0,0,0,0,0,0,0,0,0,0,0,2,54,0,0,0,0,1,7,16,0,0,0,0,39,0,1,0,0,1,0,1,0,12,38,3,0,14,29,0,2,0,22,0,2,0,43,11,0,0,0,0,0,0,3,5,14,12,7,15
"2017-11-30",71,134,0,2,19,21,104,10,2,3,0,0,0,2,3,0,0,2,8,0,7,7,0,0,0,0,0,0,13.9041666666667,4677.125,473.333333333333,-400.558333333333,7166.97666666667,1109.375,0,213,0,14,31,24,2,54,8,0,0,0,0,0,0,0,0,0,1,1,0,0,0,0,0,1,1,0,0,0,0,0,1,0,0,0,0,0,1,5,62,1,0,0,0,12,11,29,2,0,0,0,48,0,0,0,0,1,0,1,1,18,33,8,1,27,34,0,2,2,28,0,3,0,44,10,11,0,0,4,0,0,7,4,24,11,8,17
"2017-12-01",64,125,0,2,18,20,105,6,1,0,3,1,0,0,2,0,0,0,7,0,7,7,0,0,0,0,1,1,202.666666666667,4653.33333333333,309.333333333333,-88,6471.68,1565.33333333333,0,256,0,16,24,22,2,46,8,3,0,0,0,0,1,0,0,2,0,1,0,0,0,0,0,1,0,0,1,0,0,0,1,0,0,0,0,0,0,6,58,0,1,0,0,3,8,26,1,1,0,0,51,0,0,0,0,0,0,0,0,8,30,3,0,30,31,1,5,0,24,0,0,0,43,17,0,0,0,0,0,0,5,5,22,12,13,7
"2017-12-02",54,104,0,0,13,13,88,4,0,2,1,0,0,1,3,0,0,0,5,0,1,1,0,0,0,0,1,1,105.075,3543.75,220.5,-207.225,5485.41,837,54,270,0,10,21,23,0,41,1,1,0,0,0,0,0,0,0,0,1,1,0,0,0,0,0,1,1,0,1,0,0,0,3,0,0,0,0,0,1,8,43,1,0,0,0,0,6,22,0,0,0,0,52,0,0,0,0,0,0,0,0,1,24,4,1,24,29,0,4,1,18,0,0,0,35,16,0,0,0,0,0,0,4,5,14,5,9,17
"2017-12-03",36,67,0,0,7,7,59,0,0,1,0,0,0,0,4,0,0,0,3,0,3,3,0,0,0,0,0,0,32.7,2970,253.5,-63,3654.195,210,36,216,0,6,14,16,0,25,3,0,0,0,0,0,0,0,0,0,2,0,0,0,0,0,0,0,0,0,0,0,0,0,0,0,0,0,0,0,2,2,28,2,0,0,0,3,4,17,0,0,0,0,32,0,0,0,0,0,0,0,0,3,16,1,0,18,17,0,2,0,15,0,0,0,25,10,0,0,0,0,0,0,3,3,13,6,6,5
"2017-12-04",58,115,0,0,10,10,86,10,0,2,1,0,0,2,0,0,0,3,11,0,6,6,0,0,0,0,1,1,112.858333333333,4311.33333333333,391.5,-129.291666666667,5911.11833333333,306.916666666667,0,0,0,9,30,19,0,46,6,1,0,0,0,0,0,1,0,0,0,0,0,0,0,0,0,0,1,0,0,0,0,0,0,0,1,0,0,0,0,1,54,1,2,0,0,6,5,23,2,0,0,0,52,0,0,0,0,1,0,2,0,2,34,9,0,14,32,0,3,0,20,0,2,0,49,8,0,0,0,0,0,0,7,8,14,11,7,11
"2017-12-05",49,88,0,0,15,15,74,4,1,1,0,0,0,2,2,0,0,0,4,0,7,7,0,0,0,0,0,0,374.2375,3842.41666666667,512.458333333333,198.245833333333,4913.65875,939.166666666667,0,49,0,14,21,14,0,37,7,0,0,0,0,0,1,0,0,0,0,0,0,0,0,1,0,0,0,0,1,0,0,0,1,0,0,0,0,0,0,3,45,0,0,0,0,3,9,21,1,0,0,0,10,0,0,0,0,0,0,0,0,37,20,5,0,21,19,0,2,0,21,3,3,0,16,6,23,0,1,0,0,0,5,2,13,8,7,14
"2017-12-06",68,132,0,0,16,16,114,6,0,4,0,0,0,2,2,0,0,0,4,0,4,4,0,0,0,0,0,0,171.983333333333,3969.5,646,-339.15,6788.29833333333,1374.16666666667,0,136,0,13,25,30,0,56,4,0,0,0,0,0,0,0,0,0,2,1,0,0,0,0,0,1,0,0,1,0,0,0,1,0,0,0,0,0,1,6,60,1,1,0,0,3,8,28,1,1,0,0,58,0,0,0,0,0,0,0,1,5,35,3,0,27,36,0,4,0,22,0,3,0,49,10,1,0,0,0,0,2,4,3,21,13,9,18
"2017-12-07",61,126,0,1,19,20,109,6,1,3,0,0,0,2,0,0,0,1,4,0,6,6,0,0,0,0,0,0,27.1958333333333,3804.875,371.083333333333,-364.220833333333,6101.0675,1184.41666666667,0,183,0,16,18,26,1,50,6,0,0,0,0,0,0,0,0,0,0,0,0,0,0,0,0,0,0,0,0,0,0,0,1,0,0,0,0,0,1,1,56,1,0,0,0,6,7,22,1,0,0,0,55,0,0,0,0,0,0,0,0,4,41,4,1,14,27,0,3,1,28,0,0,0,49,9,0,0,0,0,0,0,7,6,14,14,9,11
"2017-12-08",65,130,1,0,10,11,108,11,0,1,0,0,0,3,4,0,0,0,3,1,2,3,0,0,0,0,0,0,-45.2291666666667,4233.125,595.833333333333,-421.416666666667,6517.14375,1332.5,0,260,1,9,36,19,0,56,3,0,0,0,0,0,0,0,0,1,1,1,0,0,0,0,0,1,1,0,0,0,0,0,0,0,0,0,0,0,1,5,59,1,1,0,0,0,14,23,1,1,0,0,52,0,0,0,0,0,0,0,0,10,26,8,0,29,39,0,4,0,21,0,1,0,38,20,0,0,0,4,0,0,5,5,12,13,10,20
"2017-12-09",49,104,0,0,21,21,89,2,1,2,0,0,0,2,3,0,0,0,5,0,0,0,0,0,0,0,0,0,-50.0208333333333,3287.08333333333,298.083333333333,-313.395833333333,4911.69875,643.125,49,245,0,13,15,21,0,44,0,0,0,0,0,0,0,0,0,0,0,0,0,0,0,0,0,0,1,0,0,0,0,0,2,0,0,0,0,0,0,3,44,0,1,0,0,2,4,22,0,0,0,0,47,0,0,0,0,0,0,0,0,0,18,2,1,25,28,0,1,1,17,1,0,0,40,7,0,0,0,0,0,0,5,2,17,10,5,10
"2017-12-10",63,122,0,1,13,14,102,1,3,1,0,1,0,2,1,0,0,0,11,0,1,1,0,0,0,0,0,0,-206.325,4725,383.25,-450.975,6282.4125,1254.75,63,378,0,7,34,21,1,52,1,0,0,0,0,0,0,0,0,0,0,0,1,0,0,0,0,1,0,0,4,0,0,0,1,0,0,0,0,0,1,7,53,1,0,0,0,4,9,18,2,0,0,0,14,1,3,0,0,0,2,29,0,10,39,3,1,17,22,0,1,0,36,0,2,0,18,19,0,0,0,22,0,0,6,6,16,8,11,16
"2017-12-11",75,152,1,0,18,19,123,8,2,3,2,0,0,4,4,0,0,2,4,1,5,6,0,0,0,0,2,2,-692.1875,4884.375,528.125,-1106.25,7548,1271.875,0,0,1,17,31,26,0,58,8,2,1,0,0,0,1,0,0,1,0,0,0,0,0,0,0,1,1,0,0,0,0,0,0,0,0,0,0,0,0,3,70,0,0,0,0,4,11,27,2,0,0,0,30,3,2,0,0,1,2,15,0,22,40,6,0,27,38,0,4,2,26,0,5,0,55,11,0,0,0,9,0,0,7,1,24,9,15,19
"2017-12-12",118,222,0,0,22,22,159,22,14,3,0,0,0,3,3,0,1,1,16,0,5,5,0,0,0,0,0,0,-1029.55,9853,1342.25,-1309.8,11733.3791666667,737.5,0,118,0,19,56,43,0,85,6,0,0,0,0,0,0,1,1,1,2,1,0,0,0,0,0,2,1,0,1,0,0,0,2,0,0,0,0,0,4,11,92,4,1,0,0,7,24,43,0,0,0,0,4,3,2,0,0,0,0,98,0,2,69,12,0,28,42,0,6,1,57,0,5,0,11,4,1,0,0,69,23,0,9,6,41,22,17,23
"2017-12-13",76,141,0,0,9,9,109,10,4,1,0,0,0,4,2,0,0,1,10,0,2,2,0,0,0,0,0,0,-812.883333333333,5867.83333333333,459.166666666667,-1061.15,7491.47833333333,1710,0,152,0,9,36,31,0,57,3,0,0,0,0,0,0,0,4,1,1,1,0,0,0,0,3,1,1,0,0,0,0,0,1,0,0,0,0,0,0,13,60,0,1,0,0,3,11,29,0,0,0,0,3,5,1,0,0,0,5,55,0,2,39,9,0,25,36,0,3,0,35,0,2,0,20,14,0,0,0,29,8,0,11,5,18,16,6,20
"2017-12-14",87,166,1,0,18,19,127,14,5,2,0,0,0,4,4,0,0,1,9,0,4,4,0,0,0,0,0,0,-1362.275,5636.875,612.625,-1811.05,8677.3075,1783.5,0,261,1,16,37,33,0,65,4,0,0,0,0,0,0,1,1,1,1,1,0,0,0,0,1,0,0,0,0,0,0,0,2,0,0,0,0,1,4,7,70,5,0,0,0,9,16,36,1,1,0,0,6,7,7,0,0,0,9,43,0,13,47,5,0,29,41,0,6,0,33,0,4,0,60,11,0,0,0,8,0,3,9,2,25,15,13,23
"2017-12-15",110,216,0,0,30,30,163,12,6,0,2,0,0,3,5,0,0,1,24,0,7,7,0,0,0,0,2,2,-1451.54166666667,7846.66666666667,605,-1908.95833333333,11049.2708333333,1590.41666666667,0,440,0,25,47,38,0,86,8,2,0,0,0,0,1,0,2,0,0,1,0,1,0,0,0,3,1,0,0,0,0,0,0,0,0,0,0,0,0,8,97,0,1,0,0,4,14,51,0,0,0,0,6,8,0,1,0,0,12,51,0,26,51,8,0,42,45,0,6,1,50,2,3,0,55,33,0,0,0,15,0,0,12,8,30,17,17,26
"2017-12-16",107,210,0,0,19,19,177,1,7,1,0,0,0,3,4,0,0,0,17,0,1,1,0,0,0,0,0,0,-1154.70833333333,8292.5,762.375,-1496.21666666667,10747.1691666667,2193.5,107,535,0,12,58,37,0,86,1,0,0,0,0,0,1,0,2,0,4,1,0,0,0,0,0,2,0,0,0,0,0,0,2,0,0,0,0,1,2,11,88,3,1,0,0,3,16,49,1,0,0,0,1,3,3,1,0,0,10,71,0,9,45,6,0,50,42,0,5,2,51,0,2,0,50,18,0,0,1,29,1,0,10,6,32,16,14,29
"2017-12-17",45,89,0,0,7,7,76,2,1,1,0,0,0,3,1,0,0,0,5,0,2,2,0,0,0,0,0,0,-611.8125,3570,172.5,-740.625,4575.91875,1211.08695652174,45,270,0,6,29,10,0,39,2,0,0,0,0,0,0,0,0,0,0,0,0,0,0,1,0,1,0,0,0,0,0,0,1,0,0,0,0,1,0,3,41,1,0,0,0,2,7,19,0,0,0,0,5,2,1,0,0,0,5,20,0,10,17,3,0,23,15,0,2,0,24,0,2,0,32,10,0,0,0,1,0,0,5,5,12,8,5,10
"2017-12-18",102,207,0,0,25,25,169,19,3,3,0,0,0,2,3,0,0,0,8,0,2,2,0,0,0,0,0,0,-1204.875,8529.75,765,-1429.7,10275.5225,480.25,0,0,0,22,47,33,0,90,2,0,0,0,0,0,0,0,2,0,2,0,0,0,0,1,0,2,0,0,0,0,0,1,0,0,1,0,0,0,0,8,92,1,0,0,0,4,16,48,2,1,0,0,3,0,2,0,0,0,20,70,0,5,57,6,0,39,52,0,12,0,34,0,2,0,21,10,0,0,0,65,1,0,14,7,20,19,19,23
"2017-12-19",108,199,0,1,25,26,149,13,9,4,0,0,0,3,3,1,0,1,16,0,5,5,0,0,0,0,0,0,-284.85,9459,571.5,-477.45,10732.815,1966.5,0,108,0,21,44,42,1,79,4,0,0,0,0,0,1,0,4,1,2,0,0,0,0,1,0,1,0,0,2,0,0,0,3,0,0,0,0,1,2,14,84,3,0,0,0,4,15,44,1,0,0,0,1,3,9,0,0,0,13,63,0,16,57,7,0,39,58,0,3,0,42,0,1,1,18,20,14,0,1,46,2,0,10,13,27,16,15,27
"2017-12-20",74,141,0,0,26,26,112,10,2,2,0,0,0,1,3,0,0,2,9,0,7,7,0,0,0,0,0,0,-238.341666666667,4640.41666666667,632.083333333333,-694.675,7399.75333333333,1871.58333333333,0,148,0,20,20,34,0,56,8,0,0,2,0,0,0,0,1,0,0,0,0,0,0,0,0,0,0,0,0,0,0,0,3,0,0,0,0,0,3,4,66,3,0,0,0,3,9,30,1,0,0,0,14,1,8,0,0,0,4,20,0,20,43,1,1,27,31,0,4,0,33,2,0,0,56,7,0,0,0,5,0,0,8,4,17,13,11,21
"2017-12-21",68,137,0,2,12,14,111,11,3,1,0,0,0,3,1,0,0,0,7,0,6,6,0,0,0,0,0,0,-811.183333333333,4473.83333333333,272,-1160.25,6903.72833333333,1609.33333333333,0,204,0,11,41,14,2,57,7,0,0,0,0,0,0,0,0,1,0,0,0,0,0,0,0,1,0,0,0,0,0,0,0,0,0,0,0,0,0,2,64,0,0,0,0,1,10,31,0,0,0,0,21,6,6,0,0,0,2,14,0,16,38,6,0,23,28,0,8,1,27,0,1,0,52,13,0,0,0,0,0,0,9,3,15,9,15,17
"2017-12-22",84,163,0,0,16,16,134,6,1,5,1,0,0,3,3,0,0,0,10,0,3,3,0,0,0,0,1,1,-1146.6,6240.5,843.5,-1451.1,8550.815,241.5,0,336,0,15,34,35,0,68,4,1,0,0,0,0,0,0,1,0,1,0,0,0,0,0,1,0,1,0,0,1,0,0,1,0,0,0,0,0,2,6,73,2,1,0,0,4,10,38,2,1,0,0,6,6,7,0,0,0,3,48,1,13,37,3,0,44,42,0,1,1,36,0,1,0,26,18,0,0,0,37,1,0,6,6,29,15,12,16
"2017-12-23",61,116,0,0,10,10,97,1,7,1,0,0,0,3,1,0,0,0,6,0,2,2,0,0,0,0,0,0,-476.5625,5398.5,658.291666666667,-570.604166666667,6127.52625,587.125,61,305,0,9,29,23,0,41,2,0,0,0,0,0,0,2,4,0,2,0,0,0,0,0,0,1,2,0,1,0,0,0,0,0,0,0,0,0,2,10,45,2,0,0,0,4,10,23,1,0,0,0,1,3,4,0,0,0,6,43,0,3,19,8,0,34,27,0,4,0,28,0,0,1,14,7,1,0,0,33,4,0,7,3,18,12,9,12
"2017-12-24",58,112,0,0,12,12,86,2,5,2,0,0,0,4,2,0,0,0,11,0,1,1,0,0,0,0,0,0,-396.333333333333,4364.5,348,-614.075,5875.255,925.583333333333,58,348,0,11,23,24,0,48,1,0,0,0,0,0,1,0,1,1,2,0,0,0,0,0,0,1,0,0,0,1,0,0,0,0,0,0,0,0,0,6,50,0,1,0,0,1,6,24,0,0,0,1,2,3,0,0,0,0,3,38,0,11,25,1,2,27,21,0,3,1,30,0,0,0,34,10,0,0,0,9,2,0,3,2,17,12,10,14
"2017-12-25",48,90,0,1,6,7,72,3,8,0,0,0,0,1,1,0,0,1,4,0,1,1,0,0,0,0,0,0,-385.4,3952,402,-507,4794.44,614,0,0,0,6,28,13,1,39,1,0,0,0,0,0,0,0,2,1,0,0,0,0,0,0,2,0,1,0,0,0,0,0,0,0,0,0,0,1,0,6,40,1,0,0,0,2,6,22,1,0,0,1,0,3,0,0,0,0,2,42,0,1,20,3,0,25,17,0,2,1,26,0,0,0,13,3,0,0,0,23,6,1,3,7,12,7,7,12
"2017-12-26",43,78,0,0,11,11,64,3,2,1,0,0,0,2,1,0,0,0,5,0,1,1,0,0,0,0,0,0,-501.845833333333,2071.16666666667,297.416666666667,-890.458333333333,4354.21583333333,856.416666666667,0,43,0,10,21,12,0,31,1,0,0,0,0,0,0,0,2,1,1,1,0,0,0,1,2,0,0,0,1,0,0,0,1,0,0,0,0,0,0,10,32,0,0,0,0,1,8,24,0,0,0,0,0,2,3,0,0,0,1,30,0,5,18,5,0,18,23,0,2,0,16,0,0,0,33,6,0,0,0,2,0,0,1,7,8,9,6,12
"2017-12-27",78,156,0,0,14,14,124,7,5,0,0,0,0,2,0,0,0,2,16,0,0,0,0,0,0,0,0,0,-1545.7,3958.5,373.75,-2141.1,7968.9025,1485.25,0,156,0,11,27,40,0,68,0,0,0,0,0,0,0,0,0,1,0,0,0,0,0,0,1,1,0,0,0,0,0,0,0,0,0,0,0,1,1,3,68,2,0,0,0,1,11,30,2,0,1,0,5,12,8,0,0,0,4,38,0,6,37,3,0,32,27,0,4,0,42,0,2,0,63,4,0,0,0,4,0,0,6,5,17,12,12,26
"2017-12-28",71,136,0,0,12,12,108,7,7,2,0,0,0,3,0,0,0,2,7,0,2,2,0,0,0,0,0,0,-1623.53333333333,4277.75,529.541666666667,-2022.90833333333,7261.93916666667,1704,0,213,0,10,33,28,0,55,1,0,0,0,0,0,0,1,1,1,1,0,0,0,0,0,0,0,0,0,2,0,0,0,2,0,0,0,0,0,0,7,57,0,1,0,0,1,10,28,0,1,1,0,4,15,12,0,0,0,1,24,0,7,36,2,0,27,31,0,2,0,30,0,2,0,50,8,0,0,0,4,0,1,8,4,20,13,8,18
"2017-12-29",81,164,0,1,19,20,141,4,3,1,1,0,0,5,3,0,0,0,6,0,2,2,0,0,0,0,0,0,-1658.475,5467.5,428.625,-2020.275,8233.14375,2187,0,324,0,16,41,23,1,69,4,1,0,0,0,0,0,0,3,0,0,0,1,0,0,0,0,2,0,0,0,0,0,0,0,0,0,0,0,0,1,6,74,1,0,0,0,1,15,37,1,1,0,0,7,12,11,0,0,0,4,42,0,2,39,7,0,32,42,0,1,0,36,0,1,0,42,10,0,0,0,24,0,1,9,2,24,17,7,22
"2017-12-30",50,101,0,2,19,21,86,3,1,0,0,0,0,3,2,0,0,1,5,0,1,1,0,0,0,0,0,0,-957.083333333333,3354.16666666667,277.083333333333,-1186.66666666667,5045.875,918.75,50,250,0,8,20,20,2,36,1,0,0,0,0,0,0,0,0,1,2,0,1,0,0,0,1,0,2,0,1,0,0,0,3,0,0,0,0,0,1,11,37,1,0,0,0,2,4,21,0,0,0,0,2,9,9,0,0,0,3,18,0,5,23,2,1,21,26,0,0,0,21,2,0,0,32,8,0,0,0,2,0,1,6,3,14,6,9,12
"2017-12-31",50,97,0,0,15,15,84,2,1,1,0,0,0,1,1,0,0,1,6,0,2,2,0,0,0,0,0,0,-1019.375,3062.5,266.666666666667,-1297.70833333333,5073.58333333333,1291.66666666667,50,300,0,11,22,17,0,37,3,0,0,0,0,0,0,0,0,0,0,0,0,0,0,0,0,2,2,0,2,0,0,0,1,0,0,0,0,0,1,7,40,1,1,0,0,3,5,20,0,0,0,0,7,3,6,0,0,0,7,23,0,3,25,5,0,17,26,0,4,0,18,0,1,0,40,7,0,0,0,1,0,0,3,9,10,9,8,11
"2018-01-01",54,101,0,0,12,12,96,0,1,0,0,0,0,1,1,0,0,0,2,0,1,1,0,0,0,0,0,0,-1151.325,3258,420.75,-1459.575,5494.41,1404,0,0,0,9,35,10,0,39,1,0,0,1,0,0,1,0,2,0,2,0,0,1,0,0,0,1,2,0,2,0,0,0,0,0,0,0,0,0,0,10,42,0,0,0,0,3,7,24,2,0,0,0,5,5,18,0,0,1,2,15,0,6,15,4,0,33,17,0,2,0,31,1,0,0,45,4,0,0,0,1,1,0,3,0,13,7,15,16
"2018-01-02",63,118,0,0,10,10,97,1,1,2,0,0,0,4,2,0,0,1,10,0,2,2,0,0,0,0,0,0,-1123.2375,4680.375,399,-1346.8875,6379.59,1533,0,63,0,8,33,22,0,48,1,0,0,0,0,0,0,0,0,1,1,0,1,0,0,1,0,3,0,0,0,0,0,0,3,0,0,0,0,0,1,10,49,1,2,0,0,0,11,23,1,0,0,0,2,3,7,0,0,0,2,43,0,1,21,8,2,29,31,0,3,2,23,0,1,0,16,6,0,0,0,34,1,0,5,4,16,8,14,16
"2018-01-03",62,120,0,0,13,13,93,7,4,2,0,0,0,4,2,0,0,1,7,0,1,1,0,0,0,0,0,0,-759.241666666667,5102.08333333333,240.25,-909.075,6261.3025,611.913043478261,0,124,0,10,22,30,0,51,1,0,0,0,0,0,0,0,2,0,0,0,0,0,0,0,0,1,0,0,1,0,0,0,4,0,0,0,0,0,0,8,52,0,0,0,0,2,5,30,0,0,0,0,1,7,3,0,0,1,7,38,0,2,21,7,1,32,35,0,2,1,24,0,0,0,23,21,0,0,0,15,0,0,3,3,16,9,10,21
"2018-01-04",54,105,0,0,8,8,85,6,0,0,0,0,0,1,1,0,0,1,11,0,2,2,0,0,0,0,0,0,-494.55,4369.5,531,-638.775,5391.3825,819,0,162,0,6,28,20,0,41,3,0,0,1,0,0,0,0,0,4,1,0,0,0,0,0,0,0,0,0,1,0,0,0,0,0,0,0,0,0,1,6,45,1,3,0,0,2,8,20,1,0,0,0,0,3,0,0,0,0,3,38,0,7,22,4,0,26,30,0,3,0,20,0,0,0,17,13,0,0,0,18,1,0,4,4,17,8,14,7
"2018-01-05",96,194,0,1,10,11,148,16,4,4,0,0,0,1,5,0,0,3,13,0,1,1,0,0,0,0,0,0,-1793.2,7148,836,-2121.2,9526.4,2212,0,384,0,8,48,39,1,82,2,0,0,0,0,1,0,0,1,0,2,1,0,0,0,0,2,0,0,1,0,0,0,0,2,0,0,0,0,1,0,9,85,1,2,0,1,4,9,47,2,0,0,0,1,6,6,0,0,0,1,77,0,1,47,7,0,35,42,0,7,0,41,3,1,0,17,4,0,0,0,36,27,2,12,6,23,11,25,19