"Date","NB_Accidents","NB_VEH_IMPLIQUES_ACCDN","NB_MORTS","NB_BLESSES_GRAVES","NB_BLESSES_LEGERS","NB_VICTIMES_TOTAL","nb_automobile_camion_leger","nb_camionLourd_tractRoutier","nb_outil_equipement","nb_tous_autobus_minibus","nb_bicyclette","nb_cyclomoteur","nb_motocyclette","nb_taxi","nb_urgence","nb_motoneige","nb_VHR","nb_autres_types","nb_veh_non_precise","NB_DECES_PIETON","NB_BLESSES_PIETON","NB_VICTIMES_PIETON","NB_DECES_MOTO","NB_BLESSES_MOTO","NB_VICTIMES_MOTO","NB_DECES_VELO","NB_BLESSES_VELO","NB_VICTIMES_VELO","Temp","Rel.Hum","Wind.Spd","Dew.Point.Temp","Stn_Press","Wind.Dir","weekdays","days","SeverityDeadly","SeverityLight Injury","SeverityMaterial High","SeverityMaterial Low","SeveritySevere Injury","as.factor(Accident_Type)31","as.factor(Accident_Type)32","as.factor(Accident_Type)33","as.factor(Accident_Type)34","as.factor(Accident_Type)35","as.factor(Accident_Type)36","as.factor(Accident_Type)37","as.factor(Accident_Type)38","as.factor(Accident_Type)39","as.factor(Accident_Type)40","as.factor(Accident_Type)41","as.factor(Accident_Type)42","as.factor(Accident_Type)43","as.factor(Accident_Type)44","as.factor(Accident_Type)45","as.factor(Accident_Type)46","as.factor(Accident_Type)47","as.factor(Accident_Type)48","as.factor(Accident_Type)49","as.factor(Accident_Type)50","as.factor(Accident_Type)51","as.factor(Accident_Type)52","as.factor(Accident_Type)53","as.factor(Accident_Type)54","as.factor(Accident_Type)55","as.factor(Accident_Type)59","as.factor(Accident_Type)71","as.factor(Accident_Type)72","as.factor(Accident_Type)73","as.factor(Accident_Type)74","as.factor(Accident_Type)75","as.factor(Accident_Type)99","Accident_CategoryFixed Object","Accident_CategoryMoving Object","Accident_CategoryNo Collision","Auth_Speed10","Auth_Speed100","Auth_Speed20","Auth_Speed30","Auth_Speed40","Auth_Speed50","Auth_Speed60","Auth_Speed70","Auth_Speed80","Auth_Speed90","Surface_CondDry","Surface_CondHard snow","Surface_CondIce","Surface_CondMud","Surface_CondOil","Surface_CondSand or gravel","Surface_CondSlush","Surface_CondSnow","Surface_CondWater accumulation","Surface_CondWet","IlluminationDay and clear","IlluminationDay and semi-dark","IlluminationNight and dark","IlluminationNight and lighted","EnvironmentCommercial","EnvironmentForest","EnvironmentIndustrial","EnvironmentPark","EnvironmentResidential","EnvironmentRural","EnvironmentSchool area","WeatherBlack Ice","WeatherClear Sky","WeatherCloudy","WeatherDrizzle","WeatherFoggy","WeatherHeavy Rain","WeatherSnow","WeatherSnowstorms","WeatherStrong Wind","cluster_id_0","cluster_id_1","cluster_id_2","cluster_id_3","cluster_id_4","cluster_id_5"
"2018-01-06",65,130,0,0,5,5,103,2,7,0,0,0,0,3,3,0,0,2,10,0,2,2,0,0,0,0,0,0,-1434.875,4119.375,484.791666666667,-1769.625,6559.74583333333,1400.20833333333,65,325,0,5,38,22,0,51,2,0,0,0,0,0,0,0,1,1,1,1,0,0,0,0,1,1,1,0,0,0,0,0,0,0,0,0,0,0,0,7,53,0,0,0,0,4,8,25,1,0,0,0,2,12,5,0,0,0,1,40,1,0,21,8,2,29,22,0,3,0,35,0,1,0,26,19,0,0,0,5,6,2,6,8,14,13,9,15
"2018-01-07",74,146,0,0,15,15,123,3,2,1,0,0,0,6,3,0,0,0,8,0,0,0,0,0,0,0,0,0,-1390.275,5084.41666666667,493.333333333333,-1714.95,7535.38916666667,1517,74,444,0,13,39,22,0,60,0,0,0,0,0,0,0,0,1,1,0,0,0,1,0,0,2,1,0,0,1,0,0,0,1,0,0,0,0,1,0,8,60,1,0,0,0,5,9,37,1,0,0,0,2,11,6,0,0,0,0,51,0,1,35,0,0,34,22,0,4,0,45,0,0,0,41,7,0,0,0,18,4,0,6,2,22,19,10,15
"2018-01-08",105,199,1,0,18,19,141,17,8,4,0,0,0,3,6,0,0,1,19,0,6,6,0,0,0,0,0,0,-637.875,9288.125,651.875,-806.75,10526.775,1960,0,0,1,13,51,40,0,83,4,0,0,0,0,0,0,1,3,0,0,0,1,1,0,0,1,0,1,0,0,0,0,0,2,0,0,0,0,0,3,9,88,3,1,0,0,4,20,32,0,0,0,0,2,1,3,0,0,0,2,85,0,2,52,9,0,30,38,0,6,0,50,1,2,0,18,12,0,0,0,59,2,0,16,9,20,20,9,31
"2018-01-09",104,198,0,0,12,12,133,25,5,6,0,0,0,4,4,0,0,1,20,0,4,4,0,0,0,0,0,0,-180.7,7492.33333333333,572,-646.533333333333,10481.9866666667,2019.33333333333,0,104,0,11,42,51,0,82,5,1,0,0,0,0,0,0,2,0,2,0,0,0,0,0,0,3,0,0,1,0,0,0,1,0,0,0,0,0,1,9,88,1,1,0,1,8,14,35,0,0,0,0,2,7,0,0,0,0,11,71,1,6,65,9,0,23,34,0,3,0,59,0,3,0,58,26,0,0,0,9,0,0,15,7,27,14,18,23
"2018-01-10",92,173,0,1,13,14,127,17,6,4,0,0,0,2,0,0,0,1,16,0,1,1,0,0,0,0,0,0,-512.133333333333,6497.5,429.333333333333,-927.666666666667,9361.61333333333,1686.66666666667,0,184,0,11,37,43,1,71,3,0,0,0,0,0,0,1,1,1,1,0,0,0,0,0,1,2,1,1,1,0,0,0,4,0,0,0,0,0,1,13,75,1,1,0,0,8,10,32,1,0,0,0,3,4,5,0,0,0,7,52,0,16,53,6,0,26,42,0,11,0,33,0,2,2,57,14,3,0,0,4,1,0,12,9,15,16,14,26
"2018-01-11",105,217,0,0,21,21,161,20,11,4,0,0,0,2,4,0,0,2,13,0,3,3,0,0,0,0,0,0,397.6875,8938.125,848.75,157.0625,10583.69375,2126.25,0,315,0,16,41,48,0,85,3,0,0,0,0,0,0,0,0,4,1,0,0,0,0,0,0,1,1,0,1,0,0,0,3,0,0,0,0,0,3,11,88,3,0,0,0,9,9,38,1,0,0,0,5,3,18,0,0,0,11,21,1,39,43,15,1,43,42,0,9,0,46,0,4,8,26,28,28,0,1,7,0,0,12,6,25,21,13,28
"2018-01-12",96,171,0,0,18,18,136,7,6,4,1,0,0,2,1,0,0,0,14,0,11,11,0,0,0,0,1,1,592.4,9032,900,506.8,9575.12,1652,0,384,0,16,42,38,0,66,15,1,0,0,0,0,0,0,2,2,1,0,0,0,0,0,0,1,0,0,0,0,0,0,2,0,0,0,0,0,4,8,82,4,0,0,0,3,14,40,1,1,0,0,5,1,2,0,0,0,1,28,0,55,23,13,1,51,49,0,1,1,37,0,5,1,15,3,52,0,0,18,1,0,12,5,30,18,9,22
"2018-01-13",105,203,0,0,5,5,135,7,23,1,0,0,0,1,6,0,0,1,29,0,3,3,0,0,0,0,0,0,-1301.125,8675.625,1176.875,-1548.75,10607.75625,1723.75,105,525,0,5,48,52,0,85,4,0,0,0,0,0,1,0,0,0,1,0,0,0,1,0,0,1,1,0,2,0,0,0,0,0,0,0,1,1,1,6,90,3,0,0,0,7,9,25,1,0,0,0,1,7,3,0,0,0,0,86,0,1,38,9,0,42,28,0,5,1,64,0,2,1,19,15,1,0,0,37,24,0,10,11,24,22,13,25
"2018-01-14",87,168,0,0,8,8,126,7,9,2,0,0,0,6,5,0,0,1,12,0,0,0,0,0,0,0,0,0,-1711,6503.25,438.625,-2004.9875,8965.785,2504.875,87,522,0,4,40,43,0,76,0,0,0,0,0,0,1,0,0,1,0,0,0,0,0,0,1,1,3,0,0,0,0,0,1,0,0,0,0,0,1,7,77,1,2,0,0,7,11,24,0,0,0,0,2,11,5,0,0,0,1,57,0,10,43,6,0,31,42,1,3,1,36,0,2,0,65,5,0,0,0,10,0,0,7,8,21,20,15,16
"2018-01-15",141,277,0,0,32,32,209,22,7,7,0,0,0,3,4,0,0,1,24,0,7,7,0,0,0,0,0,0,-2610.2625,11203.625,1339.5,-2990.375,14555.0775,904.75,0,0,0,20,54,67,0,118,6,0,0,0,0,0,1,0,2,1,1,0,0,1,0,0,0,0,0,0,2,0,0,0,4,0,0,0,0,0,1,11,125,1,0,0,0,5,18,61,2,0,0,0,3,25,16,0,0,0,3,87,0,2,81,8,0,42,57,0,14,1,61,0,3,1,103,19,0,0,0,6,0,0,25,8,35,21,15,37
"2018-01-16",88,171,0,0,16,16,130,16,8,3,0,0,0,1,2,0,0,0,11,0,10,10,0,0,0,0,0,0,-1084.23333333333,7322.33333333333,634.333333333333,-1282.96666666667,8993.01333333333,1030.33333333333,0,88,0,10,44,34,0,68,4,0,0,0,0,0,0,2,5,0,1,0,0,0,0,2,0,0,0,0,0,0,0,0,2,0,0,0,0,0,0,10,74,0,0,0,0,4,13,33,1,0,0,0,5,5,2,0,0,0,5,61,0,6,57,8,0,20,34,0,7,0,41,0,2,0,48,19,0,0,0,17,0,0,11,3,19,19,10,26
"2018-01-17",73,133,0,0,10,10,87,12,9,5,0,0,0,2,4,0,0,1,13,0,2,2,0,0,0,0,0,0,-597.079166666667,5906.91666666667,410.625,-797.525,7412.81541666667,1709.41666666667,0,146,0,10,37,26,0,51,2,0,0,0,0,0,0,1,0,1,0,0,0,0,0,1,0,2,0,0,3,0,0,0,3,0,0,0,0,0,2,10,54,2,1,0,0,3,10,25,0,0,0,0,2,4,2,0,0,0,9,41,0,12,37,6,0,24,24,0,4,0,40,0,2,0,41,20,0,0,0,4,0,0,8,3,16,13,7,26
"2018-01-18",77,140,0,1,22,23,99,15,4,4,1,0,0,1,3,0,0,1,12,0,9,9,0,0,0,0,1,1,-342.970833333333,6044.5,564.666666666667,-587.445833333333,7733.59125,1556.04166666667,0,231,0,18,26,32,1,57,9,1,0,0,0,0,0,1,2,0,0,0,0,0,0,0,1,1,1,0,0,0,0,0,1,0,0,0,0,0,1,6,68,1,1,0,0,5,4,30,0,0,1,0,0,2,1,0,0,0,9,38,0,26,47,7,0,21,36,0,6,0,31,0,2,0,55,17,0,0,0,4,0,0,8,7,21,12,10,19
"2018-01-19",45,79,0,0,14,14,61,0,3,1,0,0,0,2,2,0,0,0,10,0,7,7,0,0,0,0,0,0,-117.1875,3628.125,305.625,-246.5625,4506.5625,937.5,0,180,0,12,19,14,0,33,7,0,0,0,0,0,0,0,0,0,0,0,0,0,0,0,1,1,0,0,0,0,0,0,2,0,0,0,0,0,0,4,40,0,1,0,1,2,3,17,0,0,0,0,1,3,2,0,0,0,8,11,0,17,25,3,0,13,20,0,0,0,19,1,3,0,21,17,0,0,0,2,0,0,8,5,9,6,9,8
"2018-01-20",60,118,0,0,7,7,101,4,2,0,0,0,0,0,2,0,0,0,9,0,1,1,0,0,0,0,0,0,149.75,4170,527.5,-153.5,5971.2,1072.5,60,300,0,6,30,24,0,49,1,0,0,0,0,0,0,0,0,0,1,0,0,1,0,0,0,1,1,0,0,0,0,0,2,0,0,0,0,0,2,6,50,2,1,0,0,4,5,25,1,0,0,0,10,1,0,0,0,0,4,6,1,36,29,7,0,21,32,0,1,0,20,0,4,0,42,11,0,0,0,2,0,0,3,9,20,9,11,8
"2018-01-21",45,92,0,0,12,12,76,2,0,1,0,0,0,2,0,0,0,0,11,0,0,0,0,0,0,0,0,0,-78.5625,2726.25,238.125,-378,4549.6875,594.375,45,270,0,7,22,16,0,38,1,0,0,0,0,0,0,0,1,0,0,0,0,1,0,0,0,0,0,1,0,0,0,0,0,0,0,0,0,0,1,3,39,1,0,0,0,4,6,19,0,0,0,0,20,2,0,0,0,0,1,6,0,12,14,2,0,26,22,0,2,0,18,0,1,0,26,10,1,0,0,1,0,0,2,3,16,5,4,15
"2018-01-22",57,115,0,0,12,12,87,12,1,2,0,0,0,1,4,0,0,0,8,0,7,7,0,0,0,0,0,0,-396.625,4030.375,714.875,-659.0625,5785.95125,147.25,0,0,0,9,26,22,0,50,5,0,0,0,0,0,0,0,1,0,0,0,0,0,0,0,0,1,0,0,0,0,0,0,0,0,0,0,0,0,0,2,55,0,0,0,0,3,7,15,0,1,0,0,5,1,6,0,0,0,1,23,0,16,22,6,2,23,24,0,4,0,25,1,1,0,20,9,0,0,0,19,3,0,12,3,17,10,6,9
"2018-01-23",44,84,0,0,6,6,54,6,9,3,0,0,0,0,1,0,0,1,10,0,2,2,0,0,0,0,0,0,-110.916666666667,4139.66666666667,132,-147.216666666667,4374.88333333333,114.4,0,44,0,5,13,26,0,37,2,0,0,0,0,0,0,0,0,0,2,0,0,0,0,0,0,1,1,0,0,0,0,0,0,0,0,0,0,0,0,4,39,0,0,0,0,2,4,16,0,0,0,0,1,3,12,0,0,0,7,16,0,1,24,5,0,11,16,0,2,0,21,0,2,7,11,7,4,1,0,10,0,0,6,4,11,11,3,9
"2018-01-24",75,144,0,0,10,10,99,13,4,3,0,0,0,1,10,0,0,0,14,0,1,1,0,0,0,0,0,0,-541.25,5171.875,459.782608695652,-899.6875,7524.3125,1302.27272727273,0,150,0,9,32,34,0,62,2,0,0,0,0,0,2,1,1,0,1,0,0,0,0,0,2,0,0,0,1,0,0,0,2,0,0,0,0,0,1,7,67,1,1,0,0,5,8,35,0,0,0,0,3,2,26,0,0,0,5,15,0,18,52,6,0,13,26,0,3,0,40,0,4,1,53,8,3,0,0,0,0,0,10,4,22,15,11,13
"2018-01-25",78,150,0,0,14,14,112,9,3,2,0,0,0,2,5,0,0,0,17,0,4,4,0,0,0,0,0,0,-1034.15,4810,399.75,-1491.425,7950.345,1602.25,0,234,0,11,32,35,0,60,5,0,0,0,0,0,0,0,1,0,0,0,0,0,0,0,6,1,0,0,0,0,0,0,1,0,0,0,0,0,0,9,65,0,1,0,0,5,11,33,0,0,0,0,12,11,27,0,0,0,0,10,0,14,49,2,1,25,37,0,3,2,29,0,4,0,62,8,0,0,0,2,0,0,9,6,17,8,13,25
"2018-01-26",92,177,0,1,16,17,142,9,2,7,0,0,0,1,4,0,0,0,12,0,7,7,0,0,0,0,0,0,-989.766666666667,6233,521.333333333333,-1437.88333333333,9445.71666666667,1568,0,368,0,13,44,34,1,74,8,0,0,1,0,0,1,1,0,0,0,0,0,0,0,0,1,0,0,0,0,0,0,0,3,0,0,0,1,0,0,4,85,1,1,0,0,11,9,41,0,0,0,0,12,13,29,0,0,0,3,15,0,18,66,3,1,18,36,0,2,0,51,0,2,0,83,2,0,0,0,2,0,0,10,11,19,16,14,22
"2018-01-27",54,103,0,2,4,6,85,3,2,1,0,0,0,1,2,0,0,0,9,0,3,3,0,0,0,0,0,0,-71.55,4020.75,360,-291.6,5455.5075,848.25,54,270,0,3,24,25,2,45,3,0,0,0,0,0,1,1,2,0,0,0,0,0,0,0,0,0,0,0,0,0,0,0,0,0,0,0,0,0,1,2,50,1,0,0,0,2,7,23,0,0,0,0,6,9,12,0,0,0,2,4,0,16,19,3,0,25,29,0,1,0,22,0,1,0,21,16,9,0,0,1,0,0,10,1,14,5,8,16
"2018-01-28",54,102,0,1,7,8,81,4,5,0,0,0,0,3,2,0,0,1,6,0,2,2,0,0,0,0,0,0,126,3582,432,-189.45,5470.0425,873,54,324,0,5,28,20,1,45,3,0,0,0,0,0,0,0,2,0,1,0,0,0,0,0,1,0,0,0,0,0,0,0,1,0,0,0,0,0,1,5,48,1,1,0,0,1,7,24,0,0,0,0,10,2,16,0,0,0,0,5,0,20,31,2,0,20,32,0,3,0,18,0,0,0,36,15,1,0,0,0,0,0,10,5,8,12,4,15
"2018-01-29",55,94,0,0,6,6,69,10,3,2,0,0,0,2,2,0,0,1,5,0,1,1,0,0,0,0,0,0,-496.833333333333,3646.04166666667,618.75,-782.145833333333,5606.58541666667,146.666666666667,0,0,0,5,18,32,0,37,1,0,0,0,0,0,3,1,0,0,1,0,0,0,0,0,2,1,0,0,0,0,0,0,4,0,0,0,0,0,1,8,42,1,0,0,0,2,11,12,0,0,0,0,16,4,8,0,0,1,0,11,1,11,28,6,0,16,21,0,2,0,27,1,1,0,41,9,0,0,0,0,1,0,4,1,14,6,8,22
"2018-01-30",60,107,1,1,12,14,76,11,6,2,0,0,0,1,4,0,0,0,7,1,4,5,0,0,0,0,0,0,-608.086956521739,4025.21739130435,644.347826086957,-907.304347826087,6070.85217391304,493.04347826087,0,60,1,10,20,28,1,45,6,0,0,0,0,0,0,0,1,0,1,0,0,0,0,0,2,1,1,0,0,0,0,0,0,0,0,0,0,0,2,6,51,2,0,0,0,5,5,18,0,1,0,0,23,5,8,0,0,0,1,3,0,16,37,3,0,18,29,0,4,2,23,0,2,0,49,8,0,0,0,0,0,0,9,5,11,10,11,14
"2018-01-31",77,153,0,2,11,13,113,18,5,4,0,0,0,2,4,0,0,1,6,0,2,2,0,0,0,0,0,0,-938.116666666667,5383.58333333333,433.125,-1282.05,7768.01666666667,1568.875,0,154,0,11,49,16,1,62,2,0,0,0,0,0,1,0,1,0,1,1,0,0,0,0,1,1,0,0,2,0,0,0,1,0,0,0,0,0,0,8,65,0,0,0,0,3,11,36,1,0,0,0,23,6,4,0,0,1,1,25,0,13,44,2,0,29,30,0,8,0,35,0,0,0,45,2,0,0,0,25,2,0,7,8,14,11,8,29
"2018-02-01",66,108,0,1,12,13,82,5,8,0,0,0,0,1,1,0,0,2,9,0,7,7,0,0,0,0,0,0,-148.225,4820.75,407,-430.925,6586.8825,1185.25,0,198,0,11,24,30,1,40,9,0,0,0,0,0,0,1,1,1,1,0,0,0,0,0,1,1,0,0,1,0,0,0,4,1,0,0,0,0,1,10,50,2,0,0,0,7,9,25,0,0,0,0,4,2,2,0,0,0,4,36,0,15,40,2,0,19,37,0,3,1,19,0,1,0,27,19,1,0,0,10,0,0,7,7,17,11,7,17
"2018-02-02",70,132,0,0,16,16,106,7,0,1,1,0,0,2,7,0,0,0,8,0,8,8,0,0,0,0,0,0,-975.916666666667,3887.91666666667,513.333333333333,-1467.66666666667,7062.53333333333,1919.16666666667,0,280,0,14,31,25,0,53,7,1,0,0,0,0,0,0,1,0,1,0,0,0,0,0,1,1,0,0,1,0,0,0,1,0,0,0,0,0,0,6,61,0,0,0,0,1,6,28,2,0,0,0,32,4,2,0,0,0,1,13,0,14,51,4,0,14,31,0,4,0,30,0,4,0,65,2,0,0,0,0,0,0,7,5,19,6,13,20
"2018-02-03",57,113,0,0,11,11,101,1,0,0,1,0,0,1,4,0,0,0,5,0,3,3,0,0,0,0,1,1,-720.1,3895,311.125,-988.2375,5775.9525,1178,57,285,0,9,25,23,0,51,3,0,0,0,0,0,1,0,0,0,0,0,0,0,0,0,0,0,0,1,0,0,0,0,1,0,0,0,0,0,0,2,55,0,1,0,0,4,7,17,1,0,0,0,22,3,2,0,0,0,2,18,0,5,28,0,0,26,28,0,1,0,25,0,2,0,35,4,0,0,0,12,0,0,4,3,16,7,9,18
"2018-02-04",69,131,1,2,16,19,111,2,9,1,0,0,0,1,1,0,0,0,6,1,3,4,0,0,0,0,0,0,-195.2125,6166.875,514.625,-301.875,6921.16,1305.25,69,414,1,14,35,18,1,48,3,0,0,0,0,0,0,0,2,1,0,1,0,0,0,0,1,2,1,0,0,0,0,0,1,1,0,0,0,0,2,9,51,3,0,0,0,6,11,25,1,0,0,0,1,1,1,0,0,0,3,55,0,4,36,3,0,24,29,0,2,0,34,0,1,0,7,5,0,0,0,51,0,0,7,6,19,13,9,15
"2018-02-05",106,212,0,2,20,22,169,16,2,5,2,0,0,3,5,0,0,0,10,0,5,5,0,0,0,0,2,2,-798.975,7539.25,715.5,-1276.41666666667,10643.3716666667,2332,0,0,0,18,44,42,2,90,4,2,0,0,0,0,0,0,1,1,2,1,0,0,0,0,0,0,0,0,0,0,0,0,0,0,0,0,0,1,3,5,96,4,0,0,0,5,16,42,1,0,0,0,7,2,10,0,0,0,10,56,0,11,82,7,0,9,49,0,5,0,43,0,3,0,71,13,0,0,0,11,0,0,11,13,32,13,17,20
"2018-02-06",70,142,0,0,8,8,109,10,1,6,0,0,0,3,8,0,0,0,5,0,1,1,0,0,0,0,0,0,-496.416666666667,5314.16666666667,452.083333333333,-745.5,7112.93333333333,1478.75,0,70,0,6,37,27,0,59,2,0,0,0,0,0,0,0,0,0,1,0,1,0,0,0,1,1,0,0,1,0,0,0,0,0,0,0,0,0,1,5,61,1,0,0,0,3,14,21,0,1,0,0,2,0,4,0,0,0,10,41,0,11,46,6,1,12,23,0,6,1,35,0,2,0,42,14,0,0,0,11,0,0,9,6,18,7,13,17
"2018-02-07",113,218,0,0,19,19,159,20,12,6,0,0,0,0,5,0,0,1,15,0,3,3,0,0,0,0,0,0,-1173.7875,9322.5,979.333333333333,-1450.6375,11485.0845833333,1323.04166666667,0,226,0,16,59,38,0,87,3,0,0,0,0,0,0,0,2,0,2,2,0,0,0,0,1,0,1,0,2,0,0,0,1,0,1,0,0,0,1,11,90,2,0,0,0,7,18,39,2,0,0,1,2,1,6,0,0,0,1,97,0,1,53,12,1,42,55,0,6,1,45,1,2,0,18,11,0,0,0,65,13,0,15,8,30,26,12,22
"2018-02-08",100,199,0,0,16,16,143,16,10,5,0,0,1,3,1,0,0,1,19,0,0,0,0,0,0,0,0,0,-1015,7554.16666666667,712.5,-1376.66666666667,10152.9166666667,2412.5,0,300,0,15,47,38,0,85,0,0,0,0,0,0,0,1,1,1,2,1,0,0,0,0,0,1,0,0,2,0,0,0,2,0,0,0,0,0,1,10,86,1,0,0,0,3,16,37,1,0,0,0,8,5,2,0,0,0,4,67,0,9,69,2,0,23,41,0,7,0,47,0,3,0,76,7,0,0,0,9,1,0,15,10,21,20,16,18
"2018-02-09",69,128,0,0,16,16,94,12,6,2,0,0,0,2,2,0,0,0,10,0,2,2,0,0,0,0,0,0,-592.25,5039.875,451.375,-871.9875,7033.14125,1388.625,0,276,0,12,21,36,0,51,3,0,0,0,0,0,1,0,1,0,1,0,0,0,0,0,1,2,0,0,0,0,0,0,2,0,0,0,0,0,1,7,55,1,0,0,1,4,16,22,0,0,0,0,3,4,3,0,0,0,6,31,0,15,42,4,0,16,31,0,5,0,28,0,1,1,37,14,0,0,0,8,0,0,11,3,15,10,15,15
"2018-02-10",80,170,0,0,15,15,135,7,4,2,0,0,0,2,4,0,0,0,16,0,2,2,0,0,0,0,0,0,-491.666666666667,7110,393.333333333333,-613,8104.53333333333,1023.33333333333,80,400,0,12,37,31,0,69,4,0,0,0,0,0,0,0,1,0,0,0,1,0,0,0,1,0,2,0,0,0,0,0,0,0,0,0,0,0,0,5,73,0,1,0,0,7,10,31,0,0,0,0,2,3,2,1,0,0,10,56,0,2,34,2,0,38,25,0,4,1,42,0,4,0,16,4,0,0,0,52,0,0,7,5,22,19,10,17
"2018-02-11",51,95,0,1,10,11,69,3,13,1,0,0,0,1,3,0,0,0,5,0,2,2,0,0,0,0,0,0,-199.1125,4398.75,427.125,-299.2,5133.25625,325.125,51,306,0,8,23,19,1,38,2,0,0,0,0,0,0,0,3,1,1,1,0,0,0,0,0,1,1,0,0,0,0,0,2,0,0,0,0,0,0,10,40,0,0,0,0,3,7,14,1,0,0,0,3,2,1,0,0,0,9,29,0,6,20,2,0,27,21,0,3,0,24,0,1,3,22,9,6,0,0,10,0,0,4,3,11,11,10,12
"2018-02-12",57,109,0,0,8,8,76,16,6,3,0,0,0,1,2,0,0,0,5,0,2,2,0,0,0,0,0,0,-282.3875,3750.125,396.625,-595.65,5800.985,1261.125,0,0,0,7,25,25,0,46,2,0,0,0,0,0,0,0,0,1,0,0,0,0,0,0,0,0,0,1,1,0,0,0,1,0,0,0,0,0,2,4,48,2,0,0,0,3,8,22,0,0,0,0,3,0,5,0,0,0,5,20,0,22,40,2,2,10,24,0,5,0,23,0,3,1,48,3,0,0,0,1,0,0,6,4,16,8,12,11
"2018-02-13",71,139,0,0,18,18,95,12,3,6,0,0,0,3,3,0,0,0,17,0,3,3,0,0,0,0,0,0,-641.366666666667,4342.83333333333,446.708333333333,-1081.27083333333,7315.75125,1692.16666666667,0,71,0,17,25,29,0,61,4,0,0,0,0,0,0,0,0,0,0,0,0,0,0,0,0,0,0,0,0,0,0,0,3,0,0,0,0,0,2,3,65,2,0,0,0,3,11,26,0,1,0,0,12,4,4,0,0,0,7,15,0,21,42,3,1,20,28,0,4,0,36,0,0,0,61,5,0,0,0,0,0,0,5,7,14,14,13,18
"2018-02-14",41,85,0,0,9,9,66,7,2,2,0,0,0,0,1,0,0,0,7,0,4,4,0,0,0,0,0,0,-15.8875,2736.75,363.875,-238.483333333333,4137.25875,816.583333333333,0,82,0,6,22,13,0,36,3,0,0,0,0,0,0,0,0,0,1,0,0,0,0,0,1,0,0,0,0,0,0,0,0,0,0,0,0,0,0,2,39,0,0,0,0,2,6,12,0,0,0,0,9,1,0,0,0,1,3,3,0,19,23,2,0,14,23,0,1,0,16,0,0,0,26,12,0,0,0,0,0,0,6,4,7,9,4,11
"2018-02-15",63,115,0,1,16,17,85,10,3,3,1,0,0,2,1,0,0,0,10,0,5,5,0,0,0,0,1,1,200.55,5250,406.875,38.5875,6275.87625,1220.625,0,189,0,15,25,22,1,44,6,1,0,0,0,0,0,0,1,1,2,0,0,0,0,1,0,0,0,0,1,1,0,0,1,0,0,0,0,0,3,8,51,3,2,0,0,3,10,30,0,0,0,0,8,1,1,0,0,0,0,8,0,43,26,3,2,29,27,1,5,0,27,0,0,0,24,25,4,2,0,3,0,0,10,9,18,4,7,15
"2018-02-16",87,166,0,0,19,19,134,10,4,5,0,0,0,1,4,0,0,1,7,0,2,2,0,0,0,0,0,0,-19.9375,6510.5,522,-373.7375,8686.04375,1239.75,0,348,0,17,36,34,0,68,3,0,0,0,0,0,1,0,2,0,1,1,0,0,0,0,1,0,1,0,0,0,0,0,5,0,0,0,0,0,3,11,72,3,1,0,0,5,12,40,2,0,0,0,2,2,6,0,0,0,11,33,0,27,57,9,0,18,36,0,5,1,38,1,2,0,32,14,4,0,0,30,3,0,6,3,18,18,9,33
"2018-02-17",48,100,0,0,12,12,86,2,0,1,0,0,0,0,3,0,0,1,7,0,2,2,0,0,0,0,0,0,-253.8,2684,306,-612.2,4864.58,1018,48,240,0,10,22,16,0,41,1,0,0,0,0,0,0,0,0,0,0,1,0,0,0,0,0,2,1,0,0,0,0,0,0,0,0,0,0,0,2,4,42,2,0,0,0,2,7,19,0,0,0,0,11,1,12,0,0,1,0,2,0,17,25,2,0,17,26,0,0,0,19,0,0,0,35,7,1,0,0,1,0,0,5,4,12,6,3,18
"2018-02-18",30,57,0,2,9,11,48,1,1,0,1,0,0,0,3,0,0,0,3,0,0,0,0,0,0,0,1,1,-34.75,1952.5,175,-210.625,3039.1,643.75,30,180,0,7,10,12,1,23,0,0,0,0,0,0,1,0,1,0,1,0,0,0,0,0,0,0,1,0,0,0,0,0,1,0,0,0,1,0,0,4,24,1,0,0,0,1,5,17,1,0,0,0,15,0,2,0,0,0,2,1,0,7,17,1,0,10,20,0,1,1,7,0,0,0,26,1,0,0,0,0,0,0,1,3,11,3,3,9
"2018-02-19",37,70,0,0,15,15,56,3,0,2,0,0,0,3,2,0,0,0,4,0,3,3,0,0,0,0,0,0,68.1416666666667,2554.54166666667,260.541666666667,-126.570833333333,3754.96041666667,704.541666666667,0,0,0,12,11,14,0,31,3,0,0,0,0,0,0,0,0,0,0,0,0,0,1,1,0,0,0,0,1,0,0,0,0,0,0,0,0,0,0,3,34,0,0,0,0,3,4,10,0,0,0,0,16,2,0,0,0,0,1,0,0,15,26,2,0,8,22,0,0,0,12,0,1,0,23,7,4,0,0,0,0,0,3,4,11,5,6,8