"Date","NB_Accidents","NB_VEH_IMPLIQUES_ACCDN","NB_MORTS","NB_BLESSES_GRAVES","NB_BLESSES_LEGERS","NB_VICTIMES_TOTAL","nb_automobile_camion_leger","nb_camionLourd_tractRoutier","nb_outil_equipement","nb_tous_autobus_minibus","nb_bicyclette","nb_cyclomoteur","nb_motocyclette","nb_taxi","nb_urgence","nb_motoneige","nb_VHR","nb_autres_types","nb_veh_non_precise","NB_DECES_PIETON","NB_BLESSES_PIETON","NB_VICTIMES_PIETON","NB_DECES_MOTO","NB_BLESSES_MOTO","NB_VICTIMES_MOTO","NB_DECES_VELO","NB_BLESSES_VELO","NB_VICTIMES_VELO","Temp","Rel.Hum","Wind.Spd","Dew.Point.Temp","Stn_Press","Wind.Dir","weekdays","days","SeverityDeadly","SeverityLight Injury","SeverityMaterial High","SeverityMaterial Low","SeveritySevere Injury","as.factor(Accident_Type)31","as.factor(Accident_Type)32","as.factor(Accident_Type)33","as.factor(Accident_Type)34","as.factor(Accident_Type)35","as.factor(Accident_Type)36","as.factor(Accident_Type)37","as.factor(Accident_Type)38","as.factor(Accident_Type)39","as.factor(Accident_Type)40","as.factor(Accident_Type)41","as.factor(Accident_Type)42","as.factor(Accident_Type)43","as.factor(Accident_Type)44","as.factor(Accident_Type)45","as.factor(Accident_Type)46","as.factor(Accident_Type)47","as.factor(Accident_Type)48","as.factor(Accident_Type)49","as.factor(Accident_Type)50","as.factor(Accident_Type)51","as.factor(Accident_Type)52","as.factor(Accident_Type)53","as.factor(Accident_Type)54","as.factor(Accident_Type)55","as.factor(Accident_Type)59","as.factor(Accident_Type)71","as.factor(Accident_Type)72","as.factor(Accident_Type)73","as.factor(Accident_Type)74","as.factor(Accident_Type)75","as.factor(Accident_Type)99","Accident_CategoryFixed Object","Accident_CategoryMoving Object","Accident_CategoryNo Collision","Auth_Speed10","Auth_Speed100","Auth_Speed20","Auth_Speed30","Auth_Speed40","Auth_Speed50","Auth_Speed60","Auth_Speed70","Auth_Speed80","Auth_Speed90","Surface_CondDry","Surface_CondHard snow","Surface_CondIce","Surface_CondMud","Surface_CondOil","Surface_CondSand or gravel","Surface_CondSlush","Surface_CondSnow","Surface_CondWater accumulation","Surface_CondWet","IlluminationDay and clear","IlluminationDay and semi-dark","IlluminationNight and dark","IlluminationNight and lighted","EnvironmentCommercial","EnvironmentForest","EnvironmentIndustrial","EnvironmentPark","EnvironmentResidential","EnvironmentRural","EnvironmentSchool area","WeatherBlack Ice","WeatherClear Sky","WeatherCloudy","WeatherDrizzle","WeatherFoggy","WeatherHeavy Rain","WeatherSnow","WeatherSnowstorms","WeatherStrong Wind","cluster_id_0","cluster_id_1","cluster_id_2","cluster_id_3","cluster_id_4","cluster_id_5"
"2018-02-20",41,72,0,0,6,6,54,7,0,1,0,0,0,0,2,0,0,0,8,0,3,3,0,0,0,0,0,0,77.5583333333333,3939.41666666667,310.916666666667,54.4958333333333,4146.56916666667,295.541666666667,0,41,0,6,15,20,0,30,4,0,0,1,0,0,0,0,0,0,0,1,0,0,0,0,0,0,0,0,2,0,0,0,1,0,0,0,0,0,0,4,35,0,0,0,1,0,4,18,1,0,0,0,5,0,1,0,0,0,0,1,0,30,23,0,0,16,21,0,0,0,19,0,0,0,10,2,23,0,0,0,0,0,3,2,16,9,3,8
"2018-02-21",46,83,0,0,11,11,67,5,0,1,2,0,0,1,2,0,0,0,5,0,3,3,0,0,0,0,1,1,197.033333333333,3760.5,207,51.3666666666667,4656.96333333333,694,0,92,0,9,21,16,0,30,3,2,0,0,0,0,1,0,0,0,0,0,0,0,0,0,1,1,1,1,0,0,0,0,4,0,0,0,0,0,1,8,36,1,0,0,0,2,6,17,1,0,0,0,16,0,5,0,0,0,0,2,0,19,23,6,0,15,19,0,2,1,23,0,1,0,26,10,3,0,0,2,0,0,6,6,13,6,6,9
"2018-02-22",50,91,0,0,7,7,71,6,0,1,0,0,0,2,2,0,0,1,8,0,4,4,0,0,0,0,0,0,-252.708333333333,2858.33333333333,300,-616.458333333333,5155.875,839.583333333333,0,150,0,7,19,24,0,35,4,0,0,0,0,0,1,0,0,2,0,1,0,0,0,0,1,0,1,0,1,0,0,0,0,0,0,0,0,0,1,6,40,1,0,0,0,3,5,19,0,0,0,0,33,1,3,0,0,0,0,1,0,6,31,3,0,11,20,0,3,0,23,0,1,0,38,4,1,0,0,0,0,0,3,3,16,10,8,10
"2018-02-23",58,117,0,1,14,15,92,3,4,0,2,0,0,5,1,0,0,0,10,0,4,4,0,0,0,0,1,1,-165.058333333333,4340.33333333333,323.833333333333,-396.816666666667,5913.43833333333,831.333333333333,0,232,0,11,19,27,1,48,3,2,0,0,0,0,0,0,1,0,0,0,0,0,0,0,0,0,0,0,0,0,0,0,1,0,0,0,0,1,0,2,53,1,0,0,0,1,10,19,0,0,0,0,15,1,11,0,0,0,3,1,0,22,29,6,0,20,28,0,4,0,24,1,0,6,21,2,21,0,0,2,0,0,5,3,12,9,10,19
"2018-02-24",53,112,0,0,16,16,100,3,0,1,0,0,0,2,1,0,0,0,5,0,1,1,0,0,0,0,0,0,96.725,3745.33333333333,379.833333333333,-165.183333333333,5363.40125,1139.5,53,265,0,13,21,19,0,43,1,0,0,1,0,0,0,0,2,0,0,0,0,0,0,0,0,1,1,0,0,0,0,0,1,0,0,0,0,0,2,5,45,2,0,0,0,0,5,23,0,0,0,0,33,0,3,0,0,0,0,0,0,15,21,1,0,29,28,0,4,0,20,0,0,1,40,6,1,1,0,0,0,0,2,6,17,7,7,14
"2018-02-25",38,84,0,0,11,11,71,2,2,0,0,0,0,0,0,0,0,0,9,0,1,1,0,0,0,0,0,0,6.96666666666667,2819.91666666667,329.333333333333,-153.266666666667,3823.49666666667,468.666666666667,38,228,0,8,16,14,0,33,2,0,0,0,0,0,0,0,2,0,0,0,0,0,0,0,0,0,0,0,0,0,0,0,0,0,0,0,0,0,0,2,35,0,0,0,0,3,5,12,0,0,0,0,6,0,4,0,0,0,3,7,0,17,18,1,0,15,12,0,0,0,24,0,0,0,13,8,5,0,0,9,0,1,0,5,9,4,9,11
"2018-02-26",54,102,0,0,8,8,86,8,1,0,0,0,0,1,4,0,0,0,2,0,1,1,0,0,0,0,0,0,170.775,3183.75,324,-234.45,5439.8475,1087.36363636364,0,0,0,5,26,23,0,42,1,0,0,0,0,0,1,0,1,1,1,0,0,1,0,1,0,1,0,1,0,0,0,0,0,0,0,0,0,1,1,7,44,2,0,0,0,4,9,23,0,0,0,0,24,2,11,0,0,0,0,2,0,13,35,5,1,10,24,0,5,0,21,0,1,1,42,4,0,0,0,0,0,0,6,3,9,13,9,14
"2018-02-27",50,96,0,0,14,14,73,9,0,4,0,0,0,2,1,0,0,0,7,0,3,3,0,0,0,0,0,0,179.583333333333,2843.75,370.833333333333,-217.5,5058.8125,1002.08333333333,0,50,0,13,18,19,0,39,2,0,0,0,0,0,0,0,1,0,0,0,0,0,0,0,1,1,0,0,0,0,0,0,2,0,0,0,0,0,1,5,41,1,0,0,1,0,7,20,0,0,0,0,37,0,1,0,0,0,0,0,0,9,37,3,0,7,34,0,3,0,11,0,0,0,45,1,0,0,0,0,0,0,9,2,10,7,7,15
"2018-02-28",62,120,0,0,22,22,98,5,0,4,1,0,0,1,3,0,0,0,8,0,5,5,0,0,0,0,1,1,276.416666666667,4135.91666666667,459.833333333333,-93.5166666666667,6215.99083333333,754.333333333333,0,124,0,19,22,21,0,46,5,1,0,0,0,0,0,0,0,2,0,0,0,0,0,0,0,1,1,0,0,0,0,0,2,0,0,0,0,1,2,6,52,3,0,0,0,4,6,27,1,0,0,0,49,0,0,0,0,0,0,0,0,11,42,3,0,16,27,0,5,0,21,1,4,0,42,12,3,0,0,1,0,0,5,4,13,15,11,14
"2018-03-01",47,95,0,1,9,10,76,6,1,0,1,0,0,2,5,0,0,0,4,0,1,1,0,0,0,0,1,1,44.2583333333333,3654.25,336.833333333333,-122.2,4723.20625,440.090909090909,0,141,0,8,17,21,1,42,1,1,0,0,0,0,0,0,0,0,2,1,0,0,0,0,0,0,0,0,0,0,0,0,0,0,0,0,0,0,0,3,44,0,0,0,0,2,4,19,1,0,0,0,36,0,0,0,0,0,0,0,0,8,30,4,0,11,26,0,3,0,15,0,3,0,34,9,0,0,0,0,0,0,7,3,9,9,5,14
"2018-03-02",46,91,0,1,10,11,78,2,0,3,0,0,0,1,2,0,0,1,4,0,1,1,0,0,0,0,0,0,-24.3416666666667,3714.5,647.833333333333,-160.041666666667,4623.72833333333,101.583333333333,0,184,0,8,22,15,1,42,2,0,0,0,0,0,0,0,0,0,1,0,0,0,0,0,0,0,0,0,0,0,0,0,0,0,0,0,0,0,1,1,44,1,0,0,1,4,6,18,0,0,0,0,23,0,0,0,0,0,0,1,1,15,27,2,0,15,20,0,4,1,14,1,4,0,24,11,2,0,0,5,0,0,9,2,13,9,3,10
"2018-03-03",55,108,0,0,11,11,93,5,1,1,0,0,0,2,2,0,0,0,4,0,2,2,0,0,0,0,0,0,138.875,3898.125,437.708333333333,-126.5,5578.46666666667,110,55,275,0,9,27,19,0,42,2,0,0,0,0,0,0,0,1,2,2,1,1,0,0,0,0,0,2,0,0,0,0,0,1,0,0,0,0,0,0,10,44,0,2,0,0,2,12,21,0,0,0,0,43,0,1,0,0,0,0,1,0,7,30,2,0,19,29,0,3,0,13,1,1,0,29,22,0,0,0,0,0,0,5,3,16,12,4,15
"2018-03-04",37,73,0,1,6,7,64,1,0,2,0,0,0,1,1,0,0,0,4,0,4,4,0,0,0,0,0,0,53.3416666666667,2972.33333333333,349.958333333333,-59.5083333333333,3751.09083333333,527.25,37,222,0,6,13,17,1,29,4,0,0,0,0,0,0,0,2,0,1,0,1,0,0,0,0,0,0,0,0,0,0,0,0,0,0,0,0,0,0,4,33,0,0,0,0,2,3,16,2,0,0,0,16,0,0,0,0,0,2,2,0,14,16,3,0,17,20,0,4,0,13,0,0,0,18,9,1,0,0,7,0,0,1,3,12,4,8,9
"2018-03-05",56,106,0,0,10,10,83,13,0,2,0,0,0,0,2,0,0,0,6,0,0,0,0,0,0,0,0,0,20.7666666666667,4011,546,-241.733333333333,5675.62333333333,352.333333333333,0,0,0,7,27,22,0,42,0,0,0,0,0,0,0,0,2,0,0,1,0,0,0,0,0,3,1,0,2,0,0,0,1,0,0,0,0,0,2,10,42,2,2,0,0,4,4,17,2,0,0,0,37,0,3,1,0,0,0,2,0,9,40,3,1,12,31,0,3,0,19,0,2,0,42,7,1,0,0,4,0,0,11,8,11,9,8,9
"2018-03-06",40,75,0,0,9,9,59,6,0,0,0,0,0,3,2,0,0,0,5,0,4,4,0,0,0,0,0,0,-26,2873.33333333333,380,-207,4035.18333333333,326.666666666667,0,40,0,9,15,16,0,27,4,0,0,0,0,0,0,0,1,0,1,1,0,0,0,0,0,1,0,0,0,0,0,0,3,0,0,0,0,0,0,7,31,0,0,0,0,3,6,19,2,0,0,0,36,0,0,0,0,0,0,0,0,1,23,3,0,12,18,0,1,1,16,0,1,0,25,13,0,0,0,0,0,0,6,4,8,7,7,8
"2018-03-07",37,68,0,1,12,13,61,0,0,0,0,0,0,1,2,0,0,0,4,0,7,7,0,0,0,0,0,0,-15.2625,2753.41666666667,263.625,-165.420833333333,3717.89875,348.416666666667,0,74,0,11,12,13,1,24,8,0,0,0,0,0,0,0,0,0,0,1,0,0,0,0,0,0,1,0,1,0,0,0,0,0,0,0,0,0,0,3,32,0,1,0,0,3,4,14,0,0,0,0,21,0,1,0,0,0,0,0,0,13,24,1,0,11,16,0,3,0,17,0,0,0,17,14,1,0,0,3,0,0,0,2,13,7,6,9
"2018-03-08",68,134,1,0,19,20,105,7,4,4,0,0,0,2,3,0,0,0,9,1,2,3,0,0,0,0,0,0,-111.916666666667,5995.33333333333,467.5,-227.8,6781.98,178.947368421053,0,204,1,13,26,28,0,55,3,0,0,0,0,0,0,0,1,0,2,1,0,0,0,0,1,0,1,0,0,0,0,1,2,0,0,0,0,0,0,9,58,0,0,0,0,3,12,22,0,0,0,0,5,1,8,0,0,0,6,23,0,23,35,5,0,26,24,0,1,1,41,0,1,0,16,7,1,0,0,40,3,0,9,1,15,18,7,18
"2018-03-09",58,107,0,0,13,13,86,7,3,0,0,0,0,3,0,0,0,0,8,0,4,4,0,0,0,0,0,0,-63.3166666666667,4543.33333333333,270.666666666667,-264.141666666667,5761.14,1109.25,0,232,0,12,30,16,0,43,3,0,0,0,0,0,0,0,2,0,1,1,0,0,0,0,0,2,2,0,0,0,0,0,2,0,0,0,0,0,0,10,46,0,1,0,0,2,6,24,0,0,0,0,26,1,1,0,0,0,1,19,0,8,37,0,0,17,24,0,2,1,30,0,0,0,35,5,1,0,0,11,0,0,7,1,19,9,5,17
"2018-03-10",49,102,0,0,14,14,89,2,0,1,0,0,0,3,0,0,0,1,6,0,1,1,0,0,0,0,0,0,-58.1875,4162.95833333333,330.75,-169.866666666667,4893.16041666667,1231.125,49,245,0,11,20,18,0,42,1,0,0,0,0,0,0,0,0,1,1,1,0,0,0,0,0,0,2,0,1,0,0,0,0,0,0,0,0,0,0,6,43,0,0,0,1,5,12,13,0,1,0,0,16,1,0,0,0,0,2,14,0,13,19,7,1,19,18,0,1,1,24,0,1,1,20,8,0,0,0,14,3,0,7,3,14,11,5,9
"2018-03-11",29,53,0,1,8,9,48,1,0,0,0,0,0,0,1,0,0,0,3,0,0,0,0,0,0,0,0,0,0.241666666666666,2168.95833333333,158.291666666667,-116.120833333333,2919.63541666667,725,29,174,0,7,10,11,1,22,0,0,0,0,0,0,0,0,0,1,2,1,0,0,0,0,0,0,1,0,2,0,0,0,0,0,0,0,0,0,0,7,22,0,1,0,0,0,3,11,0,1,0,0,13,0,2,0,0,0,0,2,0,11,17,1,0,10,14,0,0,0,14,0,0,0,17,8,1,0,0,1,0,0,3,0,7,5,8,6
"2018-03-12",35,68,0,0,9,9,49,7,0,4,0,0,0,2,1,0,0,0,5,0,3,3,0,0,0,0,0,0,30.0416666666667,2444.16666666667,179.375,-143.208333333333,3528.7875,453.541666666667,0,0,0,8,11,16,0,27,2,0,0,0,0,0,0,1,1,0,0,0,0,0,0,0,0,0,0,0,1,0,1,0,0,0,0,0,0,0,1,3,30,1,1,0,0,4,5,11,0,0,0,0,23,0,0,0,0,0,0,1,0,8,25,2,0,4,20,0,2,0,9,0,3,0,24,8,0,0,0,1,0,0,5,1,13,4,3,9
"2018-03-13",70,139,0,0,18,18,123,6,1,2,0,0,0,3,1,0,0,0,3,0,3,3,0,0,0,0,0,0,-3.5,5964.58333333333,717.5,-166.541666666667,6998.25,265.416666666667,0,70,0,16,25,29,0,57,5,0,0,0,0,0,0,0,1,1,1,1,0,0,0,0,0,1,0,0,0,0,0,0,0,0,0,0,0,1,0,5,62,1,0,0,0,1,12,34,0,0,0,0,7,1,0,0,0,0,3,17,0,39,43,4,0,21,30,0,1,0,37,0,1,0,16,13,3,0,0,34,0,0,7,6,15,10,9,23
"2018-03-14",92,174,0,0,21,21,130,10,14,1,0,0,0,2,3,0,0,1,13,0,2,2,0,0,0,0,0,0,-16.4833333333333,8544.5,939.166666666667,-111.166666666667,9077.985,1368.5,0,184,0,14,41,37,0,70,4,0,0,1,0,0,1,0,0,1,2,1,0,0,0,0,0,7,0,1,0,0,0,0,3,0,0,0,0,0,0,15,76,0,2,0,0,4,20,27,1,1,0,0,8,0,0,0,0,0,1,69,0,10,71,3,0,15,41,0,5,0,40,0,2,0,14,8,0,0,0,59,4,0,12,4,24,12,12,28
"2018-03-15",72,147,0,0,6,6,108,20,3,4,0,0,0,0,0,0,0,0,12,0,1,1,0,0,0,0,0,0,-7.8,5034,420,-377.1,7097.4,1338,0,216,0,6,36,30,0,62,1,0,0,1,0,0,0,0,1,0,1,1,0,0,0,0,0,0,0,0,0,0,0,0,1,0,0,0,0,1,0,4,64,1,0,0,0,5,11,27,1,0,0,0,21,0,1,0,0,0,5,18,0,23,49,2,0,19,24,0,8,0,36,0,1,0,44,15,0,0,0,9,0,0,6,6,16,13,9,22
"2018-03-16",58,108,0,2,10,12,87,9,1,1,2,0,0,0,1,0,0,1,6,0,3,3,0,0,0,0,1,1,-267.766666666667,3163.41666666667,352.833333333333,-723.308333333333,5771.0725,1249.41666666667,0,232,0,9,19,28,2,42,3,2,0,0,0,0,0,0,1,0,0,2,0,0,0,0,1,1,0,0,0,0,0,0,1,0,0,0,0,0,2,6,47,2,1,0,0,0,9,21,0,0,0,0,46,4,1,0,0,0,1,2,0,3,44,3,0,10,30,0,5,0,22,0,1,0,48,9,0,0,0,0,0,0,7,5,15,10,6,15
"2018-03-17",58,118,0,1,17,18,104,3,0,1,0,0,0,2,1,0,0,1,6,0,5,5,0,0,0,0,0,0,-521.275,2262,495.416666666667,-1207.36666666667,5798.7675,1261.5,58,290,0,10,32,15,1,50,4,0,0,0,0,0,0,0,1,0,0,1,0,0,0,0,0,0,0,0,1,0,0,0,0,0,0,0,0,0,0,3,54,0,1,0,1,6,8,22,0,0,0,0,41,0,2,0,0,0,0,8,0,3,41,2,0,15,28,0,4,1,25,0,0,0,56,1,0,0,0,0,0,0,2,2,14,18,7,15
"2018-03-18",56,109,0,0,11,11,93,3,1,0,0,0,0,1,4,0,0,0,7,0,4,4,0,0,0,0,0,0,-566.533333333333,2081.33333333333,375.666666666667,-1238.53333333333,5628.79333333333,1505,56,336,0,10,19,27,0,46,3,0,0,0,0,0,0,0,0,0,0,0,0,0,0,0,0,1,0,0,2,0,0,0,2,0,0,0,0,0,1,5,49,1,0,0,0,3,11,18,0,0,0,0,47,1,0,0,0,0,0,3,0,2,30,1,0,23,25,0,0,1,29,0,1,0,53,0,0,0,0,0,0,0,5,2,14,10,5,20
"2018-03-19",49,90,0,0,13,13,68,9,0,5,0,0,0,3,1,0,0,0,4,0,3,3,0,0,0,0,0,0,-386.4875,2021.25,314.416666666667,-922.016666666666,4933.565,1212.75,0,0,0,12,19,18,0,39,4,0,0,0,0,0,0,0,1,1,0,0,0,0,0,0,0,2,0,0,0,0,0,0,0,0,0,0,0,0,1,4,43,1,0,0,0,3,7,19,0,0,0,0,42,0,0,0,0,0,0,2,0,2,41,0,0,7,22,0,5,0,18,0,1,0,45,0,0,0,0,0,2,0,6,7,11,10,4,11
"2018-03-20",43,83,0,0,12,12,71,6,0,0,1,0,0,0,2,0,0,0,3,0,1,1,0,0,0,0,0,0,-239.545833333333,2253.91666666667,207.833333333333,-594.295833333333,4333.59375,1073.20833333333,0,43,0,10,13,20,0,35,2,1,0,1,0,0,0,2,0,0,0,0,0,0,0,0,0,1,0,0,1,0,0,0,0,0,0,0,0,0,0,2,41,0,0,0,0,2,6,17,0,0,0,0,39,0,1,0,0,0,0,1,0,0,32,1,0,8,20,0,3,0,14,0,3,0,39,3,0,0,0,0,0,0,4,4,11,8,8,8
"2018-03-21",54,102,0,0,14,14,79,4,0,2,2,0,0,1,2,0,0,3,9,0,5,5,0,0,0,0,2,2,-144.45,3044.25,504,-553.275,5430.6225,362.25,0,108,0,12,17,25,0,37,3,1,0,0,0,0,1,0,0,0,0,1,0,0,0,0,0,0,0,0,1,0,0,0,0,0,0,0,0,0,3,2,42,3,1,0,0,4,7,19,0,0,0,0,45,0,0,1,0,1,0,1,0,2,39,3,0,7,24,0,3,0,21,0,4,0,45,3,0,0,0,1,0,0,7,3,12,11,8,13
"2018-03-22",39,75,0,2,10,12,57,7,0,1,1,0,0,3,2,0,0,1,3,0,2,2,0,0,0,0,0,0,43.875,2239.25,342.875,-255.9375,3919.0775,498.875,0,117,0,7,14,16,2,30,3,2,0,0,0,0,0,0,0,0,1,0,0,0,0,0,0,0,1,0,0,0,0,0,1,0,0,0,0,0,1,3,35,1,1,0,0,3,6,14,1,0,0,0,37,0,0,0,0,0,0,1,0,0,27,3,0,8,17,0,2,0,18,0,1,0,37,1,0,0,0,0,0,0,7,1,12,2,7,10
"2018-03-23",43,82,0,0,11,11,69,4,0,2,1,0,0,0,3,0,0,0,3,0,4,4,0,0,0,0,1,1,94.6,2212.70833333333,293.833333333333,-302.075,4331.42583333333,833.125,0,172,0,9,17,17,0,32,2,1,0,0,0,0,1,0,2,0,2,0,0,0,0,0,0,0,0,0,0,0,0,0,1,0,0,0,0,0,1,5,36,1,0,0,0,0,9,15,0,0,0,0,41,0,0,0,0,0,0,0,0,1,32,1,0,9,19,0,3,0,15,0,3,0,35,6,0,0,0,0,0,0,8,2,11,5,7,10
"2018-03-24",39,81,0,0,6,6,72,1,0,1,1,0,0,0,4,0,0,0,2,0,1,1,0,0,0,0,1,1,-58.0125,2088.125,375.375,-385.9375,3952.5525,464.75,39,195,0,4,16,19,0,36,1,1,0,0,0,0,0,0,0,0,0,0,0,0,0,0,0,1,0,0,0,0,0,0,0,0,0,0,0,0,0,1,38,0,0,0,0,2,4,18,0,0,0,0,35,0,0,0,0,0,0,0,0,4,23,4,1,11,19,0,2,0,18,0,0,0,36,0,0,0,0,3,0,0,2,5,9,12,3,8
"2018-03-25",50,89,0,1,17,18,76,3,0,1,0,0,1,0,1,0,0,0,7,0,7,7,0,0,0,0,0,0,16.0416666666667,2862.5,500,-372.916666666667,5125.60416666667,345.833333333333,50,300,0,11,21,17,1,33,8,0,0,0,0,0,0,1,0,0,0,0,0,0,0,0,0,3,1,0,0,0,0,0,1,0,0,0,0,0,0,5,42,0,0,0,0,4,10,13,0,0,0,0,40,0,0,0,0,0,1,0,0,6,27,2,2,16,17,0,4,0,25,0,2,0,42,3,0,0,0,2,0,0,7,0,12,9,8,14
"2018-03-26",41,78,0,0,13,13,62,9,0,1,0,0,0,1,1,0,0,0,4,0,7,7,0,0,0,0,0,0,47.4916666666667,1827.91666666667,268.208333333333,-416.491666666667,4226.51916666667,498.833333333333,0,0,0,11,9,21,0,30,7,0,0,0,0,0,1,0,0,0,1,0,0,0,0,0,0,0,0,0,0,0,0,0,0,0,0,0,0,0,0,1,38,0,0,0,0,2,8,14,1,0,0,0,39,0,0,0,0,0,0,0,0,0,32,0,0,7,21,0,1,0,18,0,0,0,38,1,0,0,0,0,0,0,5,3,12,9,3,9
"2018-03-27",55,105,0,1,18,19,85,9,0,2,0,0,0,2,4,0,0,0,3,0,5,5,0,0,0,0,0,0,198,2525.41666666667,419.375,-406.541666666667,5603.21666666667,1143.54166666667,0,55,0,14,15,25,1,42,5,0,0,0,0,0,0,0,0,0,0,0,0,0,0,0,0,0,3,0,0,0,0,0,0,0,0,0,0,0,1,3,47,1,0,0,0,8,6,15,0,0,0,0,49,0,0,0,0,0,0,0,0,4,47,2,0,5,23,0,4,1,22,0,4,0,44,8,2,0,0,0,0,0,5,5,26,4,5,10
"2018-03-28",40,71,0,1,8,9,54,10,1,1,0,0,1,1,1,0,0,1,1,0,2,2,0,1,1,0,0,0,144.5,3358.33333333333,198.333333333333,43.3333333333333,4029.53333333333,840,0,80,0,7,13,19,1,27,3,0,0,0,0,0,0,0,0,1,0,1,0,0,0,0,0,1,0,0,1,0,0,0,2,0,1,0,0,0,0,6,30,1,0,0,0,3,3,14,0,0,0,0,26,0,0,0,0,0,0,1,0,12,33,1,0,4,27,0,3,0,10,0,0,0,22,12,3,1,0,1,0,0,5,1,7,12,8,7
"2018-03-29",57,114,0,0,10,10,97,6,0,1,2,0,0,2,1,0,0,0,5,0,4,4,0,0,0,0,1,1,328.7,4476.875,330.125,121.125,5730.23375,736.25,0,171,0,8,27,22,0,44,4,2,0,0,0,0,0,0,0,0,0,1,0,0,0,0,0,0,1,0,0,0,0,0,3,0,0,0,0,0,0,5,50,0,1,0,0,2,4,24,1,0,0,0,33,0,0,0,0,0,0,0,0,21,31,3,0,20,23,0,3,0,26,0,2,0,19,13,20,0,0,0,0,0,10,2,15,17,4,9
"2018-03-30",42,80,0,0,10,10,69,2,0,0,1,0,0,2,0,0,0,0,6,0,3,3,0,0,0,0,0,0,188.125,3052,306.25,-21.7,4199.4575,1165.5,0,168,0,6,13,23,0,31,3,0,0,0,0,0,0,0,1,0,0,1,0,0,0,0,0,1,0,0,0,0,0,0,1,0,0,0,0,1,0,4,34,1,0,0,0,1,7,13,0,0,0,0,30,0,0,0,0,0,0,0,0,10,20,1,0,20,26,0,2,0,13,0,0,0,29,3,8,0,0,0,0,0,1,1,12,8,5,15
"2018-03-31",46,95,0,0,16,16,80,3,0,1,0,1,1,2,2,0,0,0,5,0,1,1,0,0,0,0,0,0,179.783333333333,1972.25,335.416666666667,-355.541666666667,4637.26,985.166666666667,46,230,0,8,19,19,0,40,1,0,0,0,0,0,0,0,0,0,0,0,0,0,0,0,0,2,0,0,0,0,0,0,0,0,0,0,0,0,0,2,41,0,0,0,0,3,10,14,0,0,0,0,44,0,0,0,0,0,0,0,0,0,30,1,1,13,22,0,0,0,21,1,0,0,38,3,0,0,0,0,0,0,2,5,12,7,5,15
"2018-04-01",39,74,0,0,9,9,67,2,0,0,0,0,0,0,3,0,0,0,2,0,1,1,0,0,0,0,0,0,104.1625,1971.125,294.125,-270.8875,3911.55375,789.75,39,234,0,7,21,11,0,31,1,0,0,0,0,0,0,0,1,1,0,1,0,0,0,0,0,1,0,0,0,0,0,0,2,0,0,0,0,0,0,6,32,0,0,0,0,1,6,23,0,0,0,0,33,0,0,0,0,0,0,0,0,4,23,0,0,14,17,0,1,0,18,0,0,0,29,7,2,0,0,0,0,0,3,2,13,7,4,10
"2018-04-02",30,61,0,0,7,7,53,0,0,2,0,1,0,1,0,0,0,0,4,0,1,1,0,0,0,0,0,0,32.75,1355,177.5,-287.625,3028.775,590,0,0,0,7,12,11,0,24,0,0,0,0,0,0,0,0,0,1,2,0,0,0,0,0,0,0,0,0,0,0,0,0,0,0,1,0,0,0,1,3,24,2,0,0,0,2,4,10,0,0,0,0,28,0,0,0,0,0,0,0,0,1,18,0,0,11,13,0,0,1,16,0,0,0,28,2,0,0,0,0,0,0,2,0,4,11,4,9
"2018-04-03",60,124,0,1,19,20,94,13,2,1,2,0,0,2,4,0,0,2,4,0,5,5,0,0,0,0,0,0,214,3050,347.5,-351.5,6046.725,707.5,0,60,0,16,24,19,1,49,5,1,0,0,0,0,0,0,0,0,0,0,0,0,0,1,0,2,0,0,0,0,0,0,0,0,0,0,0,0,1,3,55,1,1,0,0,0,13,32,0,0,0,0,51,0,0,1,0,0,0,0,0,6,42,4,0,13,30,0,6,0,21,0,1,0,43,10,3,0,0,2,0,0,3,3,13,14,10,17
"2018-04-04",54,95,0,1,18,19,75,7,1,2,0,0,0,0,7,0,0,0,3,0,10,10,0,0,0,0,0,0,47.7,4419,526.5,-120.15,5333.355,639,0,108,0,12,17,24,1,32,6,0,0,0,0,0,0,2,1,0,1,0,0,0,0,1,0,3,2,0,1,0,1,0,1,0,0,0,0,0,1,11,40,1,1,0,0,2,4,20,0,0,0,0,16,0,0,0,0,0,2,4,1,30,38,5,1,9,30,0,2,0,20,0,1,0,16,3,18,0,6,4,0,7,7,6,11,5,12,13
"2018-04-05",61,108,0,0,16,16,78,14,1,1,0,0,0,4,3,0,0,0,7,0,6,6,0,0,0,0,0,0,-381.758333333333,2844.125,452.416666666667,-991.758333333333,6124.095,1443.66666666667,0,183,0,14,25,22,0,41,5,0,0,0,0,0,1,0,3,1,0,0,1,0,0,0,0,1,1,0,0,0,0,0,2,0,0,0,0,0,1,9,47,1,2,1,0,4,4,21,2,0,0,0,51,0,3,0,0,0,1,1,0,2,46,1,0,13,34,0,4,0,21,1,0,0,51,3,0,0,0,1,0,5,11,2,17,7,9,15