"Date","NB_Accidents","NB_VEH_IMPLIQUES_ACCDN","NB_MORTS","NB_BLESSES_GRAVES","NB_BLESSES_LEGERS","NB_VICTIMES_TOTAL","nb_automobile_camion_leger","nb_camionLourd_tractRoutier","nb_outil_equipement","nb_tous_autobus_minibus","nb_bicyclette","nb_cyclomoteur","nb_motocyclette","nb_taxi","nb_urgence","nb_motoneige","nb_VHR","nb_autres_types","nb_veh_non_precise","NB_DECES_PIETON","NB_BLESSES_PIETON","NB_VICTIMES_PIETON","NB_DECES_MOTO","NB_BLESSES_MOTO","NB_VICTIMES_MOTO","NB_DECES_VELO","NB_BLESSES_VELO","NB_VICTIMES_VELO","Temp","Rel.Hum","Wind.Spd","Dew.Point.Temp","Stn_Press","Wind.Dir","weekdays","days","SeverityDeadly","SeverityLight Injury","SeverityMaterial High","SeverityMaterial Low","SeveritySevere Injury","as.factor(Accident_Type)31","as.factor(Accident_Type)32","as.factor(Accident_Type)33","as.factor(Accident_Type)34","as.factor(Accident_Type)35","as.factor(Accident_Type)36","as.factor(Accident_Type)37","as.factor(Accident_Type)38","as.factor(Accident_Type)39","as.factor(Accident_Type)40","as.factor(Accident_Type)41","as.factor(Accident_Type)42","as.factor(Accident_Type)43","as.factor(Accident_Type)44","as.factor(Accident_Type)45","as.factor(Accident_Type)46","as.factor(Accident_Type)47","as.factor(Accident_Type)48","as.factor(Accident_Type)49","as.factor(Accident_Type)50","as.factor(Accident_Type)51","as.factor(Accident_Type)52","as.factor(Accident_Type)53","as.factor(Accident_Type)54","as.factor(Accident_Type)55","as.factor(Accident_Type)59","as.factor(Accident_Type)71","as.factor(Accident_Type)72","as.factor(Accident_Type)73","as.factor(Accident_Type)74","as.factor(Accident_Type)75","as.factor(Accident_Type)99","Accident_CategoryFixed Object","Accident_CategoryMoving Object","Accident_CategoryNo Collision","Auth_Speed10","Auth_Speed100","Auth_Speed20","Auth_Speed30","Auth_Speed40","Auth_Speed50","Auth_Speed60","Auth_Speed70","Auth_Speed80","Auth_Speed90","Surface_CondDry","Surface_CondHard snow","Surface_CondIce","Surface_CondMud","Surface_CondOil","Surface_CondSand or gravel","Surface_CondSlush","Surface_CondSnow","Surface_CondWater accumulation","Surface_CondWet","IlluminationDay and clear","IlluminationDay and semi-dark","IlluminationNight and dark","IlluminationNight and lighted","EnvironmentCommercial","EnvironmentForest","EnvironmentIndustrial","EnvironmentPark","EnvironmentResidential","EnvironmentRural","EnvironmentSchool area","WeatherBlack Ice","WeatherClear Sky","WeatherCloudy","WeatherDrizzle","WeatherFoggy","WeatherHeavy Rain","WeatherSnow","WeatherSnowstorms","WeatherStrong Wind","cluster_id_0","cluster_id_1","cluster_id_2","cluster_id_3","cluster_id_4","cluster_id_5"
"2018-04-06",58,102,0,2,17,19,84,7,0,0,1,0,0,2,3,0,0,0,5,0,8,8,0,0,0,0,1,1,-44.225,3825.58333333333,451.916666666667,-394.158333333333,5800.58,1080.25,0,232,0,11,17,29,1,37,7,1,0,0,0,0,0,2,0,0,3,2,0,0,0,0,0,1,1,0,0,0,0,0,0,0,0,0,1,0,1,7,47,2,1,0,0,2,12,24,0,0,0,0,46,0,0,0,0,0,0,0,0,9,41,4,2,11,29,0,4,0,21,0,3,0,38,10,6,0,0,1,0,1,12,5,11,10,7,13
"2018-04-07",48,93,0,0,13,13,79,4,0,1,0,0,0,1,2,0,0,1,5,0,4,4,0,0,0,0,0,0,19.2,2738,394,-364.8,4789.44,1006,48,240,0,11,23,14,0,38,4,0,0,0,0,0,0,1,1,0,1,0,0,0,0,0,0,0,1,0,1,0,0,0,0,0,0,0,0,0,0,4,43,0,0,0,0,2,6,20,0,1,0,0,38,0,2,0,0,0,0,0,0,6,31,3,0,12,24,0,0,0,22,0,0,0,37,3,4,0,0,2,0,0,2,2,13,9,10,12
"2018-04-08",33,61,0,0,4,4,53,1,0,0,1,0,0,3,1,0,0,0,2,0,2,2,0,0,0,0,1,1,-40.15,1622.5,203.5,-349.9375,3312.55375,877.25,33,198,0,4,18,11,0,23,4,1,0,0,0,0,0,0,0,0,1,0,0,0,0,0,0,0,1,0,0,0,0,0,0,0,0,0,0,0,1,2,28,1,0,0,0,2,8,8,0,0,0,0,30,0,0,0,0,0,0,0,0,0,18,0,0,12,11,0,0,0,18,0,0,0,24,7,0,0,0,0,0,0,4,0,10,10,5,4
"2018-04-09",34,63,0,0,9,9,49,3,1,1,3,0,0,2,1,0,0,0,3,0,2,2,0,0,0,0,1,1,-97.0416666666667,1488.91666666667,226.666666666667,-460.841666666667,3440.72916666667,892.5,0,0,0,8,14,12,0,23,2,2,0,0,0,0,0,0,0,0,1,1,0,0,0,0,0,2,0,0,0,0,0,0,0,0,0,0,0,1,0,4,27,1,1,0,0,0,9,11,0,0,0,0,33,0,0,0,0,0,0,0,0,0,27,2,0,4,12,0,0,0,21,0,1,0,33,0,0,0,0,0,0,0,2,4,8,7,2,11
"2018-04-10",60,116,0,0,14,14,97,8,2,2,0,0,1,0,0,0,0,0,6,0,3,3,0,0,0,0,0,0,69,3497.5,332.5,-378,6071.875,1330,0,60,0,12,29,19,0,49,3,0,0,0,0,0,0,0,0,0,1,1,0,0,0,0,0,1,0,1,1,0,0,0,2,0,0,0,0,0,0,7,52,0,1,0,0,3,9,29,0,0,0,0,51,0,0,0,0,0,1,0,0,4,43,3,0,13,22,0,7,1,24,0,4,0,42,12,0,0,0,2,0,0,3,2,12,13,8,22
"2018-04-11",50,101,0,0,11,11,86,3,0,0,1,1,2,0,1,0,0,1,6,0,2,2,0,2,2,0,0,0,170.208333333333,2983.33333333333,375,-200.625,5043.10416666667,1002.08333333333,0,100,0,10,20,20,0,40,2,1,0,0,0,0,0,0,1,0,1,0,0,0,0,0,0,1,0,0,1,0,0,0,0,0,1,0,0,0,0,4,43,1,1,0,0,4,5,23,0,0,0,0,46,0,0,0,0,0,0,0,0,0,41,0,1,5,22,0,4,0,20,0,1,0,37,9,0,0,0,0,0,0,8,4,11,11,5,11
"2018-04-12",55,110,0,0,11,11,93,4,0,1,0,0,0,0,6,0,0,0,6,0,3,3,0,0,0,0,0,0,288.520833333333,4065.41666666667,350.625,30.25,5514.4375,1042.70833333333,0,165,0,8,28,19,0,47,2,0,0,0,0,0,0,0,1,1,0,0,0,0,0,0,0,1,1,0,0,0,0,0,0,0,0,0,0,0,1,4,49,1,0,0,1,5,6,21,1,0,0,0,37,0,0,0,0,0,0,0,0,13,38,2,0,14,32,0,2,0,17,1,2,0,26,15,11,0,0,0,0,0,7,6,15,9,9,9
"2018-04-13",59,122,0,0,13,13,98,5,0,6,3,1,1,2,3,0,0,0,3,0,4,4,0,1,1,0,3,3,365.308333333333,4420.08333333333,331.875,108.166666666667,5920.01083333333,1388.95833333333,0,236,0,13,22,24,0,45,4,3,0,0,0,0,1,0,0,0,0,1,0,0,0,0,0,1,0,0,0,0,0,0,1,0,0,0,0,0,1,3,53,1,1,0,1,6,10,25,0,0,0,0,54,0,0,0,0,0,0,0,0,2,44,2,0,11,30,0,3,0,24,0,2,0,38,16,2,0,0,0,0,0,5,2,13,13,6,20
"2018-04-14",30,56,0,0,2,2,52,1,0,1,0,0,0,1,0,0,0,0,1,0,1,1,0,0,0,0,0,0,-13.75,1141.25,328.75,-401.625,3050.575,182.5,30,150,0,2,18,10,0,24,1,0,0,0,0,0,1,0,0,0,0,0,0,0,0,0,0,2,0,0,0,0,0,0,1,0,0,0,0,0,1,3,26,1,0,0,0,0,5,13,1,0,0,0,27,0,0,0,0,0,0,0,0,2,16,0,0,13,19,0,1,0,8,0,0,0,22,6,0,0,0,1,0,0,2,4,10,3,2,9
"2018-04-15",45,84,0,0,6,6,66,4,3,2,1,0,0,0,2,0,0,0,6,0,0,0,0,0,0,0,0,0,-114.5625,2265,530.625,-526.875,4605.01875,185.625,45,270,0,6,16,23,0,30,1,0,0,0,0,0,0,0,1,0,0,0,0,0,0,0,0,2,5,1,0,0,0,0,2,0,0,0,0,0,1,11,31,1,0,0,1,5,5,16,2,0,0,0,19,0,15,0,0,0,0,1,0,9,17,3,0,24,22,0,0,0,19,0,1,6,9,15,8,0,0,5,0,0,3,3,10,10,8,11
"2018-04-16",42,77,0,0,11,11,56,6,4,1,1,0,0,3,1,0,0,0,5,0,3,3,0,0,0,0,1,1,42.875,3510.5,329,-61.075,4216.5025,218.75,0,0,0,8,18,16,0,27,4,1,0,0,0,0,0,0,0,0,1,0,0,0,0,0,0,0,3,0,1,0,0,0,4,0,0,0,0,0,0,9,32,0,0,0,0,1,6,20,0,0,1,0,4,0,10,0,0,0,2,0,0,20,19,7,0,10,13,0,5,0,18,0,1,7,6,7,12,0,2,3,0,0,6,0,8,8,8,12
"2018-04-17",50,90,0,0,10,10,72,6,1,4,2,0,0,0,3,0,0,0,2,0,3,3,0,0,0,0,1,1,90.625,4418.75,343.75,5.20833333333333,4950.41666666667,979.166666666666,0,50,0,9,26,15,0,37,4,1,0,0,0,1,0,0,2,0,1,1,0,0,0,0,0,0,1,0,0,1,0,0,0,0,0,0,0,0,1,6,43,1,0,0,0,5,5,17,1,0,0,0,14,0,0,0,0,1,0,0,0,34,33,5,0,11,24,0,1,0,21,0,2,0,12,11,24,1,1,0,0,0,6,6,9,9,6,14
"2018-04-18",53,106,0,0,7,7,85,5,1,2,1,0,1,5,2,0,0,0,4,0,1,1,0,0,0,0,1,1,184.175,4164.91666666667,393.083333333333,-1.98749999999999,5260.95666666667,1154.95833333333,0,106,0,6,24,23,0,45,1,1,0,0,0,0,1,0,1,1,0,0,0,0,0,0,0,1,0,0,0,0,0,0,0,0,0,0,0,0,0,3,48,0,0,0,0,3,7,20,0,0,0,0,39,0,0,0,0,0,0,0,0,13,42,2,0,9,25,0,3,0,23,0,2,0,27,23,2,0,0,0,0,0,6,5,17,10,6,9
"2018-04-19",45,87,0,0,13,13,70,4,2,0,1,0,0,0,2,0,0,0,8,0,4,4,0,0,0,0,1,1,120.1875,3223.125,253.125,-90.375,4494.09375,1250.21739130435,0,135,0,10,20,15,0,37,3,1,0,0,0,0,0,0,2,0,1,0,0,0,0,0,0,0,0,0,0,0,0,0,0,0,0,0,0,0,0,3,41,0,0,0,1,1,4,20,0,1,0,0,36,0,0,0,0,0,0,0,0,7,36,3,1,4,19,0,1,0,22,0,1,0,23,17,3,0,0,1,0,0,2,1,14,6,10,12
"2018-04-20",61,128,0,0,11,11,102,13,0,2,0,0,0,2,2,0,0,0,7,0,2,2,0,0,0,0,0,0,290.678260869565,3397.4347826087,535.739130434783,-228.086956521739,6166.09217391304,1514.39130434783,0,244,0,9,29,23,0,53,1,0,0,0,0,0,0,1,1,0,0,0,0,0,0,0,0,2,0,0,0,0,0,0,1,0,0,0,0,0,1,4,55,1,1,0,0,3,8,24,2,0,0,0,56,0,0,0,0,0,0,0,0,3,46,1,1,10,25,0,7,1,22,1,2,0,49,9,1,0,0,0,0,0,5,4,20,8,10,14
"2018-04-21",48,95,0,0,17,17,81,1,0,0,0,0,3,1,2,0,0,1,6,0,1,1,0,3,3,0,0,0,346.6,1786,342,-330.4,4881.38,1330,48,240,0,12,14,22,0,39,1,0,0,1,0,0,0,0,0,0,2,0,0,0,0,0,0,0,2,0,1,0,0,0,0,0,0,0,0,0,0,5,41,0,1,0,0,4,5,20,0,0,0,0,46,0,0,0,0,0,0,0,0,1,32,2,0,14,20,0,2,0,24,0,2,0,44,3,0,0,0,0,0,0,3,3,19,3,7,13
"2018-04-22",43,82,0,0,16,16,74,1,0,0,2,1,1,1,0,0,0,0,2,0,2,2,0,1,1,0,2,2,380.370833333333,1238.04166666667,281.291666666667,-378.9375,4384.53083333333,1055.29166666667,43,258,0,13,13,17,0,32,3,2,0,1,0,0,0,0,2,0,0,0,0,0,0,0,0,0,0,0,0,0,0,0,0,0,1,0,0,0,0,2,38,1,0,0,0,2,7,18,0,0,0,0,42,0,0,0,0,0,0,0,0,0,29,0,0,14,17,0,4,0,19,0,1,0,41,1,0,0,0,0,0,0,5,6,10,8,7,7
"2018-04-23",51,99,0,0,16,16,74,9,4,0,2,0,3,1,1,0,0,0,5,0,3,3,0,1,1,0,2,2,610.9375,1321.75,223.125,-390.3625,5199.5775,1075.25,0,0,0,14,22,15,0,37,3,2,0,0,0,0,1,0,0,0,0,1,0,0,0,0,0,0,0,0,1,0,0,0,3,0,0,0,0,0,0,5,43,0,0,0,0,2,8,15,1,0,0,0,46,0,0,0,0,0,0,0,0,1,41,1,0,7,19,0,7,0,19,0,2,0,47,0,1,0,0,0,0,0,7,4,6,11,9,14
"2018-04-24",54,106,0,0,17,17,81,8,1,4,4,0,0,1,2,0,0,0,5,0,1,1,0,0,0,0,3,3,852.730434782609,1857.13043478261,291.130434782609,-3.75652173913043,5467.12434782609,1185.54545454545,0,54,0,13,19,22,0,43,1,3,0,0,0,0,1,1,1,2,1,0,0,0,0,0,0,0,0,0,0,0,0,0,0,0,0,0,0,0,1,4,49,1,1,0,1,3,10,16,0,0,0,0,52,0,0,0,0,1,0,0,0,1,49,0,0,4,26,0,4,0,21,0,1,0,48,5,0,0,0,0,0,0,5,3,14,11,8,13
"2018-04-25",53,102,0,1,15,16,81,8,0,4,1,0,0,2,1,0,0,0,5,0,4,4,0,0,0,0,1,1,679.283333333333,3873.41666666667,278.25,397.941666666667,5319.89708333333,812.666666666667,0,106,0,11,21,20,1,41,5,1,0,0,0,0,0,1,3,0,0,0,0,0,0,0,0,1,0,0,0,0,0,0,0,0,0,0,0,0,1,4,48,1,1,0,0,5,8,17,0,0,0,0,10,0,0,0,0,0,0,0,0,41,34,2,0,15,26,0,3,0,21,0,2,1,7,3,38,1,0,0,0,0,5,1,13,11,8,15
"2018-04-26",62,119,0,1,12,13,98,7,0,3,2,0,0,3,5,0,0,0,1,0,1,1,0,0,0,0,1,1,592.875,5742.75,310,523.125,6166.675,1090.16666666667,0,186,0,8,23,30,1,48,2,2,0,0,0,0,0,0,1,0,1,0,1,0,0,0,0,0,0,0,1,0,0,0,2,0,0,0,0,0,1,6,52,1,0,0,0,6,8,29,0,0,0,0,11,0,0,0,0,0,0,0,1,48,45,2,1,14,35,0,2,1,19,1,3,0,13,5,42,0,0,0,0,0,7,3,22,7,6,17
"2018-04-27",53,100,0,0,18,18,81,9,0,3,2,0,0,3,1,0,0,0,1,0,4,4,0,0,0,0,2,2,541.704166666667,3804.95833333333,375.416666666667,270.3,5299.40375,1011.41666666667,0,212,0,12,15,26,0,40,4,2,0,0,0,0,0,0,1,0,0,0,0,0,0,0,0,0,0,0,1,0,0,0,1,0,0,0,0,0,1,3,46,1,0,0,0,3,4,27,0,0,0,0,46,0,0,0,0,0,0,0,0,1,35,2,0,12,25,0,1,0,24,0,1,0,39,10,0,0,0,0,0,0,8,5,13,9,3,15
"2018-04-28",39,84,0,1,15,16,74,1,0,0,3,1,2,1,1,0,0,0,1,0,0,0,0,1,1,0,2,2,419.25,2902.25,247,238.0625,3896.05125,955.5,39,195,0,10,18,10,1,31,0,3,0,0,0,0,0,0,0,0,0,0,1,0,0,0,0,0,1,0,0,0,0,0,0,0,0,0,0,0,0,2,34,0,0,0,0,2,9,18,0,0,0,0,34,0,0,0,0,0,0,0,0,4,26,3,0,9,18,0,2,0,17,0,1,0,25,12,1,0,0,0,0,0,1,3,12,6,4,13
"2018-04-29",38,75,0,0,3,3,66,2,0,2,1,0,0,0,1,0,0,1,2,0,1,1,0,0,0,0,0,0,242.883333333333,3285.41666666667,348.333333333333,162.133333333333,3811.36833333333,1124.16666666667,38,228,0,3,21,14,0,29,1,1,0,0,0,0,0,0,1,0,1,1,0,0,0,0,0,0,0,0,0,1,0,0,1,0,0,0,0,0,1,5,31,1,0,0,0,4,6,12,0,1,0,0,4,0,0,0,0,0,0,0,0,34,17,3,0,18,17,0,1,1,19,0,0,0,3,2,31,0,0,1,0,0,0,4,15,10,4,5
"2018-04-30",60,114,0,0,11,11,94,6,0,0,2,1,0,3,2,0,0,0,6,0,5,5,0,0,0,0,1,1,470,5110,480,327.25,6031.375,366.666666666667,0,0,0,11,24,25,0,39,8,2,0,0,0,0,0,0,1,0,0,0,0,1,0,1,0,1,0,0,0,0,0,0,2,0,0,0,0,1,1,6,49,2,1,0,0,0,9,27,1,0,0,0,33,0,0,0,0,0,0,0,0,24,39,5,0,13,28,0,4,0,24,0,2,0,23,13,22,0,0,0,0,0,8,4,15,16,8,9
"2018-05-01",63,118,0,0,15,15,94,9,1,0,4,0,1,1,1,0,0,0,7,0,4,4,0,0,0,0,3,3,794.0625,4005.75,370.125,323.4,6334.545,1370.25,0,63,0,14,22,27,0,47,4,3,0,0,0,0,0,0,1,0,0,0,0,0,0,1,0,2,0,0,1,0,0,0,2,0,0,0,0,1,0,7,54,1,1,0,0,2,11,18,0,0,0,0,51,0,0,0,0,0,0,0,0,8,53,0,0,9,22,0,5,0,30,2,2,0,51,7,3,0,0,0,0,0,7,6,13,15,7,15
"2018-05-02",69,145,0,0,19,19,113,7,1,5,4,1,2,2,2,0,0,0,8,0,5,5,0,1,1,0,2,2,1328.5375,3237.25,600.875,481.85,6905.20375,1407,0,138,0,18,24,27,0,57,5,3,0,0,0,0,0,2,0,0,0,0,0,0,0,0,0,0,0,0,1,0,0,0,0,0,0,0,0,0,1,1,67,1,0,0,0,5,11,24,0,0,0,0,58,0,0,0,0,0,0,0,0,6,56,1,0,10,31,0,6,0,27,0,0,0,46,14,4,0,0,0,0,0,8,1,26,5,11,18
"2018-05-03",63,121,0,1,10,11,89,9,0,3,2,0,2,2,3,0,0,1,10,0,1,1,0,0,0,0,1,1,993.825,5541.375,215.25,867.825,6315.6975,1152.375,0,189,0,8,28,26,1,47,1,2,0,0,0,0,0,0,0,1,2,0,1,0,0,0,0,0,0,0,1,0,0,0,4,0,0,0,0,0,2,9,50,2,0,0,0,4,8,25,0,0,0,0,20,0,0,0,0,0,0,0,1,40,47,4,0,11,33,0,4,2,22,0,0,0,16,14,25,1,5,0,0,0,7,5,18,14,4,15
"2018-05-04",63,119,1,0,14,15,89,16,0,1,1,0,0,2,4,0,0,1,5,1,6,7,0,0,0,0,0,0,719.775,5341.875,480.375,558.3375,6283.90875,892.5,0,252,1,13,26,23,0,44,10,1,0,0,0,0,0,0,0,0,0,0,0,0,0,0,0,0,1,0,0,2,0,0,0,0,0,0,0,0,2,3,55,2,0,0,0,0,10,29,2,0,0,0,37,0,0,1,0,0,0,0,0,23,49,3,2,8,32,0,6,0,23,0,1,0,30,10,15,2,1,0,0,4,5,3,19,8,12,16
"2018-05-05",65,124,0,2,29,31,104,3,1,0,3,0,2,3,0,0,0,0,8,0,3,3,0,3,3,0,3,3,892.395833333333,3778.125,525.416666666667,338.541666666667,6519.93333333333,1272.91666666667,65,325,0,18,22,23,2,48,3,2,0,0,0,0,0,1,0,0,0,1,0,0,1,0,0,1,1,0,1,0,0,0,0,0,1,0,0,0,0,5,54,1,0,0,0,9,9,23,1,0,0,1,60,0,0,0,0,0,0,0,0,1,49,1,0,12,31,0,2,0,30,0,1,0,57,3,0,0,0,0,0,2,8,4,15,9,9,20
"2018-05-06",42,84,0,0,14,14,70,3,0,0,3,0,1,3,0,0,0,0,4,0,2,2,0,0,0,0,3,3,602,2044,386.75,132.825,4228.0875,219.130434782609,42,252,0,9,11,22,0,32,3,2,0,0,0,0,0,0,0,0,0,0,0,0,0,0,0,1,0,0,1,0,0,0,0,0,0,0,0,0,0,2,37,0,1,0,0,1,9,16,0,0,0,0,42,0,0,0,0,0,0,0,0,0,32,3,0,7,19,0,3,1,19,0,0,0,39,3,0,0,0,0,0,0,1,3,11,9,8,10
"2018-05-07",62,123,0,0,23,23,99,7,1,0,2,1,2,3,3,0,0,0,5,0,3,3,0,1,1,0,2,2,618.708333333333,2030.5,485.666666666667,-380.266666666667,6277.4225,818.916666666667,0,0,0,22,18,22,0,50,4,0,0,1,0,0,0,0,0,0,0,0,0,0,0,0,0,0,0,0,0,0,0,0,0,0,0,0,0,0,3,0,55,3,0,0,0,3,7,21,0,0,0,0,59,0,0,0,0,0,0,0,0,0,48,1,0,8,31,0,3,1,25,0,1,0,60,0,0,0,0,0,0,0,5,6,22,8,8,13
"2018-05-08",64,122,0,5,31,36,92,11,1,2,2,1,2,4,1,0,0,0,6,0,10,10,0,1,1,0,2,2,1013.98260869565,2022.95652173913,420.173913043478,-84.8695652173913,6481.89217391304,1371.82608695652,0,64,0,20,23,17,4,41,9,3,0,0,0,0,0,0,0,1,1,0,0,0,0,0,0,0,1,0,0,0,0,0,2,0,0,0,0,0,2,5,53,2,0,0,0,3,9,30,0,0,0,0,61,0,0,0,1,0,0,0,0,2,55,1,0,8,32,0,3,0,28,0,1,0,64,0,0,0,0,0,0,0,7,1,19,13,6,18
"2018-05-09",67,134,0,0,27,27,99,11,2,2,6,0,5,2,1,0,0,0,6,0,1,1,0,4,4,0,6,6,1300.6375,2465.04166666667,368.5,235.3375,6762.33791666667,859.833333333333,0,134,0,21,25,21,0,54,1,5,0,0,0,0,0,0,0,0,0,2,0,0,0,0,0,1,0,0,0,0,0,0,1,0,1,0,0,0,2,4,60,3,0,0,0,3,9,33,1,0,0,0,63,0,0,0,0,0,0,0,0,1,51,3,0,10,31,0,3,0,29,0,2,0,62,1,0,0,0,0,0,0,8,4,20,7,12,16
"2018-05-10",57,111,0,2,10,12,85,7,0,1,3,1,3,0,3,0,0,1,7,0,1,1,0,1,1,0,3,3,1025.525,3165.875,467.875,496.1375,5683.1375,1090.125,0,171,0,9,25,21,2,47,1,3,0,0,0,0,0,1,0,0,0,0,0,0,0,0,0,2,0,0,1,0,0,0,0,0,0,0,0,0,0,3,52,0,0,0,0,5,13,19,0,0,0,0,44,0,0,0,0,0,0,0,0,12,47,1,1,6,25,0,2,2,25,0,2,1,35,16,4,0,0,0,0,0,6,4,17,9,8,13
"2018-05-11",74,143,1,0,10,11,114,8,0,4,3,0,1,4,5,0,0,0,4,1,4,5,0,0,0,0,1,1,549.45,3237.5,453.25,-336.391666666667,7468.41916666667,1978.69565217391,0,296,1,10,28,35,0,59,4,2,0,0,0,0,0,0,0,0,2,0,0,0,0,0,0,1,0,0,1,0,0,0,0,0,1,0,0,0,2,4,65,3,1,0,1,1,12,26,1,0,0,0,71,0,0,0,0,1,0,0,0,1,56,1,0,14,38,0,2,1,28,0,1,0,67,4,1,0,0,0,0,0,10,4,20,13,13,14
"2018-05-12",45,90,0,0,12,12,72,5,0,0,1,0,0,1,1,0,0,1,9,0,2,2,0,0,0,0,1,1,540.1875,1708.125,240,-123.5625,4550.56875,881.25,45,225,0,11,18,16,0,41,2,1,0,0,0,0,0,0,0,0,0,0,0,0,0,0,0,0,0,0,0,0,0,0,0,0,0,0,0,0,1,0,44,1,0,0,1,0,2,17,0,0,0,0,44,0,0,0,0,0,0,0,0,0,34,1,0,8,22,0,3,0,19,0,0,0,42,0,0,0,0,0,0,0,4,4,9,8,7,13
"2018-05-13",45,93,0,0,14,14,81,2,0,1,2,0,0,0,0,0,0,0,7,0,2,2,0,0,0,0,2,2,715.875,1458.75,249.375,-73.3125,4538.6625,828.75,45,270,0,11,19,15,0,34,0,2,0,0,0,0,0,0,1,0,1,0,1,0,0,0,0,0,2,0,1,0,0,0,1,0,0,0,0,0,0,7,36,0,0,0,0,4,7,15,0,0,0,0,41,0,0,0,0,0,0,0,0,0,30,0,0,13,19,0,2,0,21,1,2,0,41,1,0,0,0,0,0,0,3,6,9,9,7,11
"2018-05-14",54,102,0,1,22,23,82,4,1,1,6,1,3,3,0,0,0,0,1,0,3,3,0,3,3,0,3,3,1015.65,2412,479.25,291.6,5407.9875,1080,0,0,0,17,15,21,1,42,4,3,0,0,0,0,0,0,0,0,2,0,0,0,0,0,0,1,0,0,1,0,0,0,0,0,1,0,0,0,0,4,49,1,1,0,0,8,2,27,0,0,0,0,53,0,0,0,0,0,0,0,0,0,46,3,0,5,22,0,2,1,25,0,3,0,53,1,0,0,0,0,0,0,6,2,11,11,4,20
"2018-05-15",57,106,0,1,17,18,77,6,1,6,3,0,0,3,2,0,0,0,8,0,4,4,0,0,0,0,3,3,941.925,3289.375,408.5,400.6625,5704.39375,1282.5,0,57,0,14,25,17,1,41,4,2,0,1,0,0,0,0,0,1,0,0,0,0,0,0,0,2,1,1,0,0,0,0,3,0,0,0,0,0,0,8,48,0,0,0,0,7,5,26,0,0,0,0,43,0,0,0,0,0,0,0,0,12,43,3,0,8,22,0,0,1,28,0,2,0,39,7,8,0,0,0,0,0,8,3,13,10,8,15
"2018-05-16",63,125,1,0,17,18,93,12,0,3,5,1,1,1,3,0,0,1,5,0,2,2,0,1,1,1,4,5,872.8125,2606.625,530.25,49.875,6352.73625,771.75,0,126,1,15,18,29,0,50,2,6,0,0,0,0,0,0,1,0,1,0,0,0,0,0,0,0,1,0,0,0,0,0,0,0,0,0,0,0,0,3,58,0,0,0,0,3,10,28,0,0,1,0,61,0,0,0,0,0,0,0,0,0,55,1,0,4,34,0,4,0,20,1,2,0,60,1,0,0,0,0,0,0,3,5,11,14,8,22
"2018-05-17",65,132,0,0,18,18,106,9,0,5,5,0,0,0,4,0,0,0,3,0,2,2,0,0,0,0,5,5,942.229166666667,3198.54166666667,555.208333333333,230.479166666667,6560.55833333333,593.125,0,195,0,13,27,25,0,51,3,4,0,0,0,0,0,0,1,0,0,0,0,0,0,0,0,0,0,0,1,0,0,0,0,0,0,0,1,0,1,2,58,2,0,0,0,4,12,23,0,0,0,0,61,0,0,0,0,0,0,0,0,0,57,0,0,7,31,0,4,0,27,0,0,0,55,7,0,1,0,0,0,0,11,5,11,9,10,19
"2018-05-18",73,139,1,1,21,23,99,11,0,1,4,0,4,9,3,0,0,0,8,0,2,2,1,1,2,0,3,3,827.029166666667,2214.33333333333,468.416666666667,-441.345833333333,7449.77166666667,431.652173913043,0,292,1,16,25,30,1,55,2,4,0,0,0,0,0,0,1,3,0,0,0,0,0,0,0,0,0,0,0,0,0,0,4,0,0,0,0,0,0,8,61,0,0,0,0,6,8,29,0,0,0,0,69,0,0,0,0,0,0,0,0,0,57,2,0,10,37,0,1,1,27,0,3,0,67,0,0,0,0,0,0,0,10,4,13,14,14,18
"2018-05-19",40,80,0,0,10,10,69,2,0,0,5,0,0,2,0,0,0,0,2,0,0,0,0,0,0,0,2,2,516.666666666667,2265,293.333333333333,117.5,4047.2,740,40,200,0,7,14,19,0,33,0,4,0,0,0,0,0,0,0,0,1,0,0,0,0,0,0,1,1,0,0,0,0,0,0,0,0,0,0,0,0,3,37,0,0,0,0,2,5,20,0,0,0,0,22,0,0,0,0,0,0,0,0,17,28,3,0,9,17,0,8,0,13,0,2,0,18,3,16,0,1,0,0,0,3,1,19,8,4,5
"2018-05-20",50,108,0,1,13,14,93,0,0,1,4,0,0,0,3,0,0,0,7,0,1,1,0,0,0,0,2,2,789.375,3287.5,229.166666666667,416.041666666667,5018.22916666667,1002.5,50,300,0,11,23,15,1,38,1,4,0,0,0,0,0,0,2,0,2,0,0,0,0,0,0,0,3,0,0,0,0,0,0,0,0,0,0,0,0,7,43,0,1,0,0,3,8,22,0,0,0,0,36,0,0,0,0,0,0,0,0,14,32,1,0,17,18,0,4,0,25,0,1,0,41,3,5,0,0,0,0,0,2,6,16,4,7,15
"2018-05-21",38,70,0,0,8,8,53,4,0,1,2,0,0,0,1,0,0,0,9,0,0,0,0,0,0,0,2,2,682.733333333333,1673.58333333333,269.166666666667,188.258333333333,3837.05,902.5,0,0,0,8,12,18,0,24,0,2,0,0,0,0,0,0,2,2,0,1,0,1,0,0,0,0,0,0,1,1,0,0,1,0,0,0,0,0,0,9,26,0,0,0,0,5,2,13,0,0,0,0,37,0,0,0,0,0,0,0,0,0,25,2,0,10,15,0,1,1,17,0,2,0,35,1,0,0,0,0,0,0,2,3,15,5,4,9