"Date","NB_Accidents","NB_VEH_IMPLIQUES_ACCDN","NB_MORTS","NB_BLESSES_GRAVES","NB_BLESSES_LEGERS","NB_VICTIMES_TOTAL","nb_automobile_camion_leger","nb_camionLourd_tractRoutier","nb_outil_equipement","nb_tous_autobus_minibus","nb_bicyclette","nb_cyclomoteur","nb_motocyclette","nb_taxi","nb_urgence","nb_motoneige","nb_VHR","nb_autres_types","nb_veh_non_precise","NB_DECES_PIETON","NB_BLESSES_PIETON","NB_VICTIMES_PIETON","NB_DECES_MOTO","NB_BLESSES_MOTO","NB_VICTIMES_MOTO","NB_DECES_VELO","NB_BLESSES_VELO","NB_VICTIMES_VELO","Temp","Rel.Hum","Wind.Spd","Dew.Point.Temp","Stn_Press","Wind.Dir","weekdays","days","SeverityDeadly","SeverityLight Injury","SeverityMaterial High","SeverityMaterial Low","SeveritySevere Injury","as.factor(Accident_Type)31","as.factor(Accident_Type)32","as.factor(Accident_Type)33","as.factor(Accident_Type)34","as.factor(Accident_Type)35","as.factor(Accident_Type)36","as.factor(Accident_Type)37","as.factor(Accident_Type)38","as.factor(Accident_Type)39","as.factor(Accident_Type)40","as.factor(Accident_Type)41","as.factor(Accident_Type)42","as.factor(Accident_Type)43","as.factor(Accident_Type)44","as.factor(Accident_Type)45","as.factor(Accident_Type)46","as.factor(Accident_Type)47","as.factor(Accident_Type)48","as.factor(Accident_Type)49","as.factor(Accident_Type)50","as.factor(Accident_Type)51","as.factor(Accident_Type)52","as.factor(Accident_Type)53","as.factor(Accident_Type)54","as.factor(Accident_Type)55","as.factor(Accident_Type)59","as.factor(Accident_Type)71","as.factor(Accident_Type)72","as.factor(Accident_Type)73","as.factor(Accident_Type)74","as.factor(Accident_Type)75","as.factor(Accident_Type)99","Accident_CategoryFixed Object","Accident_CategoryMoving Object","Accident_CategoryNo Collision","Auth_Speed10","Auth_Speed100","Auth_Speed20","Auth_Speed30","Auth_Speed40","Auth_Speed50","Auth_Speed60","Auth_Speed70","Auth_Speed80","Auth_Speed90","Surface_CondDry","Surface_CondHard snow","Surface_CondIce","Surface_CondMud","Surface_CondOil","Surface_CondSand or gravel","Surface_CondSlush","Surface_CondSnow","Surface_CondWater accumulation","Surface_CondWet","IlluminationDay and clear","IlluminationDay and semi-dark","IlluminationNight and dark","IlluminationNight and lighted","EnvironmentCommercial","EnvironmentForest","EnvironmentIndustrial","EnvironmentPark","EnvironmentResidential","EnvironmentRural","EnvironmentSchool area","WeatherBlack Ice","WeatherClear Sky","WeatherCloudy","WeatherDrizzle","WeatherFoggy","WeatherHeavy Rain","WeatherSnow","WeatherSnowstorms","WeatherStrong Wind","cluster_id_0","cluster_id_1","cluster_id_2","cluster_id_3","cluster_id_4","cluster_id_5"
"2018-05-22",59,123,0,0,16,16,98,12,1,0,4,0,1,0,1,0,0,1,5,0,1,1,0,0,0,0,2,2,1007.425,3645.70833333333,376.125,525.8375,5942.185,1337.33333333333,0,59,0,12,26,21,0,39,2,4,0,0,0,0,0,1,1,0,2,1,0,0,0,0,0,0,1,0,1,0,0,0,1,0,0,0,0,0,2,7,46,2,0,1,0,6,11,23,1,0,0,0,36,0,0,0,0,1,0,0,0,19,42,7,0,8,27,0,1,0,29,0,0,0,28,13,16,0,0,0,0,0,6,3,14,9,9,18
"2018-05-23",56,117,0,0,13,13,89,10,1,2,2,0,2,3,3,0,0,1,4,0,0,0,0,2,2,0,2,2,944.3,3525.66666666667,322,435.4,5622.54,1236.66666666667,0,112,0,10,28,18,0,49,0,2,0,0,0,0,0,0,0,1,0,0,0,0,0,1,0,0,0,0,0,0,0,0,0,0,0,0,0,0,1,2,51,1,0,0,0,3,8,19,0,0,0,0,56,0,0,0,0,0,0,0,0,0,49,1,1,4,25,0,6,1,23,0,1,0,53,2,0,0,0,0,0,0,8,6,12,12,6,12
"2018-05-24",87,172,0,1,20,21,124,18,3,1,7,2,4,0,4,0,0,1,8,0,2,2,0,3,3,0,5,5,1492.05,2465,725,-131.5875,8774.8925,1660.25,0,261,0,17,35,34,1,71,3,7,0,0,0,0,0,0,0,0,1,0,0,0,0,0,0,0,0,0,0,0,0,0,3,0,0,0,0,0,0,4,81,0,0,0,0,1,10,35,0,0,0,0,79,0,0,0,0,0,0,0,0,0,71,1,0,9,50,0,4,2,23,2,1,0,81,0,0,0,0,0,0,0,11,3,22,20,10,21
"2018-05-25",70,131,0,1,25,26,95,10,1,3,6,2,1,3,3,0,0,0,7,0,4,4,0,1,1,0,6,6,1439.08333333333,4167.91666666667,662.083333333333,855.166666666667,6986.9625,1382.5,0,280,0,20,18,31,1,51,5,5,0,0,0,0,0,0,0,1,0,0,0,0,0,0,0,0,2,0,1,0,0,0,1,0,0,0,0,0,1,5,61,1,1,0,0,4,11,30,0,0,0,0,66,0,0,0,0,0,0,0,0,2,53,3,0,9,36,0,3,1,28,1,0,0,58,6,1,0,0,0,0,0,5,3,24,12,6,20
"2018-05-26",37,70,0,0,13,13,57,4,0,2,2,1,2,0,0,0,0,0,2,0,0,0,0,2,2,0,2,2,713.6375,2207.66666666667,228.166666666667,361.058333333333,3702.18916666667,488.708333333333,37,185,0,13,14,10,0,30,0,2,0,0,0,0,0,0,0,0,1,0,0,0,0,0,0,0,0,0,0,0,0,0,0,0,1,0,0,1,1,1,32,3,0,0,0,2,5,17,0,0,0,0,22,0,0,0,0,0,0,0,0,14,25,0,0,11,18,0,1,1,16,0,0,0,21,6,8,0,1,0,0,0,1,5,11,8,2,10
"2018-05-27",42,79,0,0,8,8,65,4,0,1,0,0,2,1,2,0,0,0,4,0,2,2,0,2,2,0,0,0,643.3,2691.5,383.25,352.8,4234.44,763,42,252,0,7,14,21,0,32,2,0,0,0,0,0,0,0,1,0,1,0,0,0,0,0,0,1,0,0,2,0,0,0,0,0,0,0,0,0,1,5,34,1,0,0,0,2,11,14,0,1,0,0,35,0,0,0,0,0,0,0,0,5,22,2,1,16,20,0,0,3,18,0,0,0,29,9,3,0,0,0,0,0,2,1,22,7,2,8
"2018-05-28",34,63,0,0,9,9,50,8,0,0,0,0,0,0,3,0,0,0,2,0,1,1,0,0,0,0,0,0,592.45,2455.08333333333,202.583333333333,418.766666666667,3415.83833333333,609.166666666667,0,0,0,6,14,14,0,30,1,0,0,0,0,0,0,0,0,0,1,0,0,1,0,0,0,0,1,0,0,0,0,0,0,0,0,0,0,0,0,3,31,0,0,0,1,2,5,14,0,0,0,0,28,0,0,0,0,0,0,0,0,2,29,0,0,5,23,0,2,0,8,1,0,0,24,7,0,0,1,0,0,0,4,3,10,4,7,6
"2018-05-29",68,127,0,1,16,17,98,6,1,6,3,0,1,2,2,0,0,0,8,0,6,6,0,1,1,0,2,2,1392.01666666667,3731.5,405.166666666667,653.083333333333,6856.97833333333,654.5,0,68,0,15,25,27,1,47,7,2,0,0,0,0,0,0,1,0,3,2,0,0,0,0,0,1,0,0,1,0,0,0,0,0,0,0,0,0,3,8,56,3,0,0,0,9,5,26,0,1,0,0,63,0,0,0,0,0,0,0,0,2,59,0,0,7,32,0,3,1,28,0,1,0,64,0,2,0,0,0,0,0,7,9,17,7,8,20
"2018-05-30",78,154,0,0,26,26,116,17,0,5,8,0,1,0,2,0,0,0,5,0,5,5,0,2,2,0,7,7,1726.075,3519.75,507,712.725,7868.6075,1426.75,0,156,0,22,26,30,0,60,5,7,0,0,0,0,0,0,0,0,1,0,1,0,0,0,0,0,1,0,0,0,0,0,2,0,0,0,0,0,0,5,72,0,0,0,0,2,8,32,4,0,0,0,77,0,0,0,0,0,0,0,0,0,68,3,0,6,47,0,2,0,25,0,3,0,76,0,0,0,0,1,0,0,7,2,24,16,7,22
"2018-05-31",72,140,0,0,17,17,109,6,2,3,5,0,2,3,4,0,0,0,6,0,4,4,0,2,2,0,3,3,1747.5,4038,555,1060.8,7220.01,1347,0,216,0,16,31,25,0,52,3,5,0,0,0,0,1,0,1,0,0,1,0,0,0,0,0,3,0,0,1,0,0,0,0,0,0,0,0,0,2,6,61,2,0,0,1,7,14,23,0,0,0,0,71,0,0,0,0,0,0,0,0,0,59,0,0,12,31,0,3,1,31,1,2,0,62,8,0,0,0,0,0,0,6,4,22,12,12,16
"2018-06-01",72,143,0,0,25,25,105,12,0,5,4,0,1,1,3,0,0,0,12,0,1,1,0,0,0,0,4,4,1794.6,5091,441,1368,7187.28,1419,0,288,0,20,27,25,0,54,2,4,0,0,0,0,0,1,0,0,0,0,0,0,0,0,0,0,0,0,0,0,0,0,2,0,0,0,0,0,3,2,61,3,0,0,0,6,8,33,0,0,0,0,69,0,0,0,0,0,0,0,0,1,58,1,0,10,34,0,3,1,28,0,4,0,60,10,0,0,0,0,0,0,4,1,23,16,9,19
"2018-06-02",59,125,0,0,17,17,101,2,0,2,2,2,2,3,2,0,0,3,6,0,3,3,0,1,1,0,2,2,1139.19166666667,2620.58333333333,752.25,334.579166666667,5928.98375,154.875,59,295,0,15,28,16,0,49,4,2,0,0,0,0,0,0,0,1,0,0,0,0,0,0,0,0,0,0,0,0,0,0,2,0,0,0,0,0,1,3,55,1,0,0,1,4,9,28,1,0,0,0,57,0,0,0,0,0,0,0,0,0,40,2,0,17,29,0,1,0,27,1,0,0,56,1,0,0,0,0,0,0,1,3,21,7,8,19
"2018-06-03",46,89,0,0,15,15,70,3,0,0,7,0,3,2,2,0,0,0,2,0,1,1,0,1,1,0,6,6,871.891666666667,1828.5,369.916666666667,190.133333333333,4626.8525,337.333333333333,46,276,0,13,18,15,0,34,1,6,0,0,0,0,0,0,1,0,0,0,0,0,0,0,0,0,0,0,0,1,1,0,1,0,0,0,0,0,0,4,41,0,0,0,0,2,3,23,0,1,0,0,44,0,0,0,0,0,0,0,0,1,31,3,0,12,19,0,4,0,21,0,1,0,42,3,1,0,0,0,0,0,5,7,9,11,6,8
"2018-06-04",61,113,0,0,12,12,85,10,1,3,1,0,0,5,1,0,0,0,7,0,4,4,0,0,0,0,1,1,690.570833333333,5380.70833333333,495.625,574.1625,6075.95583333333,1148.83333333333,0,0,0,12,26,23,0,42,5,1,0,0,0,0,0,0,0,1,3,0,0,0,0,0,0,1,1,0,0,0,0,0,2,0,0,0,0,0,1,8,48,1,1,0,0,4,12,26,0,0,0,0,7,0,0,0,0,0,0,0,0,50,44,2,0,8,27,0,2,0,21,2,3,0,13,3,39,0,3,0,0,0,6,4,14,14,7,16
"2018-06-05",57,107,0,1,7,8,85,6,1,2,0,1,0,0,3,0,0,0,9,0,2,2,0,0,0,0,0,0,756.4375,4446,273.125,537.9375,5666.77375,1292,0,57,0,5,27,24,1,43,2,0,0,0,0,0,0,1,0,1,1,0,1,0,0,0,0,2,0,0,0,0,0,0,2,0,1,0,0,0,0,7,46,1,2,0,0,6,5,14,0,0,0,0,47,0,0,0,0,0,0,0,0,4,43,5,0,7,30,0,1,0,20,0,3,1,36,16,3,0,0,0,0,0,5,5,11,11,6,19
"2018-06-06",74,147,0,0,22,22,107,17,3,2,4,1,3,0,2,0,0,0,8,0,2,2,0,1,1,0,2,2,995.3,5605.5,388.5,674.325,7420.75083333333,1110,0,148,0,19,27,28,0,59,2,2,0,0,0,0,0,0,2,0,0,0,0,0,0,0,0,0,0,0,0,0,0,0,3,0,0,0,0,1,1,5,63,2,0,0,0,2,16,27,0,0,0,0,67,0,0,0,0,0,0,0,0,1,59,1,0,10,25,0,5,0,42,0,0,0,48,19,1,0,0,0,0,0,18,6,15,8,9,18
"2018-06-07",76,157,0,0,18,18,119,8,0,0,8,0,1,6,4,0,0,0,11,0,1,1,0,1,1,0,7,7,1267.3,4984.33333333333,509.833333333333,750.5,7653.77,1529.5,0,228,0,16,38,22,0,57,2,7,0,0,0,0,1,0,1,2,0,1,0,0,0,0,0,0,0,0,1,0,0,0,1,0,0,0,0,0,0,6,67,0,1,0,0,4,14,29,0,0,0,0,73,0,0,0,0,0,0,0,0,0,57,3,0,12,43,0,3,0,27,0,1,0,70,3,0,0,0,0,0,0,6,6,33,9,9,13
"2018-06-08",67,132,0,0,30,30,105,7,1,0,7,2,3,0,1,0,0,1,5,0,5,5,0,2,2,0,6,6,1214.65416666667,3218.79166666667,457.833333333333,418.191666666667,6775.09583333333,1758.75,0,268,0,23,14,30,0,52,4,5,0,0,0,1,0,0,0,0,0,0,0,0,0,0,0,0,0,0,0,0,0,0,1,0,1,0,0,0,1,1,62,2,1,0,0,0,16,28,0,0,0,0,66,0,0,0,0,0,0,0,0,0,52,3,0,11,30,0,1,0,34,0,1,0,63,3,0,0,0,0,0,0,4,7,18,15,5,18
"2018-06-09",52,97,0,1,11,12,78,0,0,2,3,0,5,2,3,0,0,1,3,0,1,1,0,1,1,0,2,2,956.15,2067,366.166666666667,170.95,5255.445,1488.5,52,260,0,8,19,24,1,39,2,3,0,0,0,1,0,0,0,2,2,0,1,0,0,0,0,0,0,0,0,0,0,0,0,0,1,0,0,0,1,5,45,2,0,0,0,2,10,15,0,0,0,0,51,0,0,0,0,0,0,0,0,0,38,2,0,12,25,0,3,0,23,0,0,0,49,0,0,0,0,0,0,0,5,6,16,12,6,7
"2018-06-10",48,94,0,1,14,15,73,1,1,2,0,0,6,4,2,0,0,0,5,0,1,1,0,4,4,0,0,0,784.2,1788,296,76.6,4850.82,670,48,288,0,11,20,16,1,36,2,0,0,0,0,0,0,0,2,0,0,1,0,1,0,0,0,0,1,0,1,0,0,0,0,0,0,0,0,0,1,6,38,1,0,0,1,4,12,16,0,0,0,0,48,0,0,0,0,0,0,0,0,0,30,1,1,15,22,0,1,1,20,0,2,0,46,0,0,0,0,0,0,0,4,2,16,7,2,17
"2018-06-11",58,121,1,2,14,17,94,8,1,1,7,0,4,2,1,0,0,0,3,0,1,1,0,3,3,1,4,5,1009.68333333333,2030,335.916666666667,72.5,5861.79416666667,986,0,0,1,13,23,19,2,50,1,6,0,0,0,0,0,0,0,0,0,0,0,0,0,0,0,0,0,0,0,0,0,0,0,0,0,0,0,0,0,0,57,0,0,0,1,3,10,14,1,0,0,0,56,0,0,0,0,0,0,0,0,0,52,0,1,2,26,0,1,3,23,1,3,0,56,0,0,0,0,0,0,0,6,7,10,11,8,16
"2018-06-12",79,143,0,0,20,20,108,16,1,1,3,0,3,1,2,0,0,1,7,0,1,1,0,2,2,0,2,2,1664.925,3153.41666666667,582.625,525.020833333333,7946.11625,1682.04166666667,0,79,0,19,26,34,0,52,2,3,0,0,0,0,1,1,2,0,3,0,0,0,0,1,0,1,3,0,1,0,0,0,5,0,0,0,0,0,1,16,59,1,2,0,0,3,10,28,1,0,0,0,74,0,0,0,0,1,0,0,0,0,58,4,0,12,37,0,5,0,31,0,2,0,72,3,0,0,0,0,0,0,10,5,18,12,12,22
"2018-06-13",73,149,0,2,39,41,115,7,1,3,7,1,0,2,5,0,0,0,8,0,7,7,0,0,0,0,6,6,1543.34166666667,4970.08333333333,504.916666666667,1068.23333333333,7279.16458333333,1456.95833333333,0,146,0,25,27,19,2,53,6,7,0,0,0,0,1,0,0,1,0,0,0,0,0,0,0,1,0,0,0,0,0,0,0,0,0,0,0,0,1,2,67,1,0,0,0,3,10,36,0,1,0,0,50,0,0,0,0,0,0,0,0,20,60,2,0,7,33,0,4,0,31,0,0,0,41,14,13,0,2,0,0,0,3,4,25,15,11,15
"2018-06-14",58,113,0,0,20,20,86,11,0,1,1,1,2,3,0,0,0,1,7,0,2,2,0,2,2,0,0,0,855.741666666667,5012.16666666667,418.083333333333,723.55,5779.14416666667,534.083333333333,0,174,0,13,20,25,0,48,3,1,0,0,0,0,1,0,0,0,0,0,0,0,0,1,0,0,0,1,0,1,0,0,0,0,0,0,0,0,0,3,53,0,0,0,0,1,12,22,0,0,0,0,26,0,0,0,0,0,0,0,0,30,40,3,0,14,25,1,5,1,23,0,0,0,17,19,21,0,0,0,0,0,2,4,24,10,9,9
"2018-06-15",72,137,0,1,29,30,102,10,1,0,8,2,3,3,4,0,0,0,4,0,2,2,0,3,3,0,6,6,1301.4,4629,354,753.3,7233.24,1527,0,288,0,22,24,25,1,56,2,7,0,0,0,0,0,0,0,0,0,0,0,1,0,0,0,0,2,0,1,0,0,0,3,0,0,0,0,0,0,7,65,0,1,0,0,3,16,26,1,0,0,0,62,0,0,0,0,1,0,0,0,7,54,1,0,15,36,0,2,2,30,0,1,0,61,3,6,0,0,0,0,0,7,2,26,9,11,17
"2018-06-16",64,127,0,0,15,15,112,3,0,1,5,1,0,1,0,0,0,0,4,0,1,1,0,0,0,0,3,3,1405.06666666667,3122.66666666667,416,638.666666666667,6434.13333333334,1696,64,320,0,11,25,28,0,52,1,4,0,0,0,0,0,0,1,1,1,1,0,0,0,0,0,1,1,0,0,0,0,0,1,0,0,0,0,0,0,7,57,0,1,0,0,2,8,27,0,0,0,0,63,0,0,0,0,0,0,0,0,0,44,0,0,20,24,0,2,1,36,0,0,0,63,0,0,0,0,0,0,0,6,8,18,11,7,14
"2018-06-17",40,82,0,1,15,16,66,0,0,0,3,0,2,2,2,0,0,1,6,0,3,3,0,1,1,0,2,2,974.833333333333,1918.33333333333,276.666666666667,498.666666666667,4025.41666666667,911.666666666667,40,240,0,11,17,11,1,29,3,2,0,0,0,0,0,0,0,0,0,0,0,0,0,0,0,0,1,0,0,0,0,0,2,0,0,0,0,0,0,3,34,0,0,0,1,4,4,14,0,0,0,0,37,0,0,0,0,0,0,0,0,1,24,3,0,12,14,0,2,0,19,0,2,0,35,2,1,0,0,0,0,0,5,4,7,9,5,10
"2018-06-18",64,125,0,0,19,19,99,8,1,1,3,1,0,0,1,0,0,0,11,0,3,3,0,0,0,0,2,2,1497.06666666667,5186.66666666667,416,1268,6383.25333333333,1426.66666666667,0,0,0,15,27,22,0,48,3,3,0,0,0,0,0,0,1,1,0,2,0,0,0,0,0,2,1,0,1,0,0,0,0,0,0,0,0,0,1,8,54,1,0,1,0,4,6,33,0,0,0,0,40,0,0,0,0,0,0,0,1,22,52,1,0,9,37,0,3,1,23,0,0,0,28,22,9,0,3,0,0,0,3,6,23,10,8,14
"2018-06-19",82,163,1,2,32,35,123,15,0,1,7,1,4,3,2,0,0,0,7,1,5,6,0,3,3,0,6,6,1588.75,4376.75,618.416666666667,740.733333333333,8218.31333333333,2186.66666666667,0,82,1,28,22,29,2,60,6,7,0,0,0,0,0,1,0,0,1,1,0,0,0,0,0,1,0,0,0,0,0,0,2,0,0,0,0,0,1,5,74,1,0,0,0,9,8,41,1,0,0,0,77,0,0,0,0,0,0,0,0,2,70,1,1,8,45,0,4,1,27,0,2,0,75,4,0,0,0,0,0,0,9,3,22,16,8,24
"2018-06-20",56,110,0,0,14,14,82,10,0,2,9,0,1,1,1,0,0,0,4,0,1,1,0,0,0,0,7,7,1149.86666666667,3346,359.333333333333,683.9,5600.95666666667,1325.33333333333,0,112,0,13,17,26,0,40,2,9,0,0,0,0,0,1,2,0,1,0,0,0,0,0,0,1,0,0,0,0,0,0,0,0,0,0,0,0,0,4,52,0,0,0,0,0,4,22,0,0,0,0,50,0,0,0,0,0,0,0,0,2,51,1,0,4,31,0,4,0,20,0,0,0,49,4,0,0,1,0,0,0,10,3,12,10,7,14
"2018-06-21",70,132,0,1,25,26,99,9,0,2,4,2,2,3,4,0,0,0,7,0,7,7,0,1,1,0,4,4,1156.75,3275.41666666667,638.75,340.958333333333,7025.84166666667,1067.5,0,210,0,18,26,25,1,48,8,4,0,0,0,0,0,0,0,0,3,0,0,0,0,0,0,1,1,0,1,0,0,0,2,0,1,0,0,0,0,8,60,1,2,0,0,4,11,27,0,0,0,0,68,0,0,0,0,0,0,0,0,0,59,1,0,7,30,0,3,0,34,1,0,0,65,1,0,0,0,0,0,0,8,4,14,14,8,22
"2018-06-22",47,96,0,0,15,15,75,5,2,4,3,0,2,1,1,0,0,0,3,0,1,1,0,0,0,0,3,3,913.758333333333,1993.58333333333,176.25,261.241666666667,4732.52791666667,989.35,0,188,0,15,20,12,0,32,2,3,0,0,0,0,0,0,0,0,0,1,0,1,0,0,0,3,0,0,1,0,0,0,0,0,0,0,0,0,0,6,37,0,0,1,0,4,7,19,0,0,0,0,45,0,0,0,0,0,0,0,0,0,41,0,0,5,18,0,1,0,27,1,0,0,45,1,0,0,0,0,0,0,6,5,12,8,10,6
"2018-06-23",47,90,0,1,9,10,78,3,0,2,2,0,1,1,0,0,0,1,2,0,1,1,0,1,1,0,2,2,891.2375,2884.625,254.583333333333,519.35,4711.84791666667,879.291666666666,47,235,0,8,23,15,1,34,1,2,0,0,0,0,1,0,1,0,1,0,0,0,0,0,0,0,1,0,0,0,0,0,0,0,1,0,0,0,1,3,38,2,0,0,0,5,10,14,0,0,0,0,39,0,0,0,0,0,0,0,0,7,30,0,0,14,25,0,1,0,18,0,0,0,23,18,5,0,0,0,0,0,5,3,10,8,4,17
"2018-06-24",40,80,0,0,17,17,68,0,0,0,4,0,3,2,0,0,0,0,3,0,2,2,0,2,2,0,4,4,677.333333333333,3331.66666666667,258.333333333333,557.5,4005.26666666667,495,40,240,0,15,13,12,0,26,2,4,0,0,0,0,0,0,2,1,0,0,0,0,0,0,0,0,1,0,2,0,0,0,1,0,0,0,0,0,0,7,32,0,0,0,0,5,8,17,0,0,0,0,21,0,0,0,0,0,0,0,0,18,22,3,1,13,10,0,0,0,27,0,2,0,18,5,15,0,1,0,0,0,2,3,12,13,2,8
"2018-06-25",57,108,0,2,10,12,86,6,0,0,2,0,2,1,6,0,0,1,4,0,2,2,0,2,2,0,1,1,996.7875,2693.25,581.875,277.875,5752.79625,914.375,0,0,0,8,23,24,2,42,2,1,0,0,0,0,2,0,0,0,0,1,0,0,0,0,0,2,1,0,2,0,0,0,0,0,1,0,0,0,1,6,47,2,1,0,1,10,4,21,0,0,0,0,51,0,0,0,0,0,0,0,0,5,44,1,0,11,25,0,1,1,28,0,0,0,53,3,0,0,0,0,0,0,5,7,12,10,7,16
"2018-06-26",58,115,0,0,12,12,81,6,0,1,7,1,2,2,2,0,0,2,11,0,1,1,0,1,1,0,4,4,1116.01666666667,2327.25,229.583333333333,296.041666666667,5874.21583333333,1510.7619047619,0,58,0,11,24,23,0,42,1,7,0,0,0,0,1,0,0,1,0,0,0,0,0,0,0,1,1,0,1,0,0,0,0,0,0,0,0,0,0,4,51,0,2,0,1,4,10,23,0,0,0,0,57,0,0,0,0,0,0,0,0,0,49,3,1,4,24,0,2,1,27,0,1,0,56,1,0,0,0,0,0,0,6,5,14,12,6,15
"2018-06-27",52,100,0,1,12,13,78,11,0,2,2,0,1,2,1,0,0,0,3,0,1,1,0,1,1,0,2,2,1090.91666666667,3221.83333333333,327.166666666667,683.366666666667,5225.22,936,0,104,0,9,22,20,1,44,2,2,0,0,0,0,0,0,1,0,1,0,0,0,0,0,0,0,0,0,0,1,0,0,1,0,0,0,0,0,0,4,48,0,0,0,1,1,5,21,0,0,0,0,42,0,0,0,0,1,0,0,0,9,38,1,0,12,27,0,5,1,16,1,0,0,36,5,8,0,1,0,0,0,4,3,17,10,4,14
"2018-06-28",60,118,0,0,8,8,83,21,1,0,4,1,0,1,1,0,0,0,6,0,1,1,0,0,0,0,1,1,1193.75,5000,252.5,1014.25,5996.125,1007.5,0,180,0,8,28,24,0,46,1,2,0,0,0,0,0,0,2,0,0,0,0,0,0,0,0,0,2,1,0,0,0,0,2,0,0,0,0,0,0,7,49,0,0,0,0,4,7,20,0,1,1,0,51,0,0,0,0,0,0,0,0,3,45,2,0,7,28,0,6,1,20,0,0,0,38,12,3,0,0,0,0,0,6,0,17,14,8,15
"2018-06-29",84,166,0,1,32,33,124,20,0,0,6,0,3,2,2,0,0,1,8,0,3,3,0,1,1,0,6,6,2072.35,5481,420,1415.05,8422.26,2019.5,0,336,0,23,35,25,1,68,4,5,0,0,0,0,0,0,1,0,0,0,0,0,0,0,0,1,0,0,0,0,0,0,3,0,0,0,0,0,1,5,77,1,1,0,0,4,11,34,0,0,0,0,82,0,0,0,0,1,0,0,0,0,73,2,0,6,32,0,7,2,40,0,1,0,80,2,0,0,0,0,0,0,6,7,28,14,10,19
"2018-06-30",50,105,0,0,19,19,90,2,1,2,0,0,0,1,1,0,0,0,8,0,3,3,0,0,0,0,0,0,1337.08333333333,3075,339.583333333333,930.833333333333,5019.60416666667,1085.41666666667,50,250,0,10,17,23,0,42,1,0,0,0,0,0,0,0,0,1,0,0,0,0,0,0,0,2,0,0,0,0,0,0,1,0,0,0,1,1,0,4,43,2,1,0,0,7,11,13,0,0,0,0,47,0,0,0,0,0,0,0,0,0,35,1,0,10,16,0,0,1,30,1,1,0,40,6,1,0,0,0,0,0,4,2,11,11,7,15
"2018-07-01",48,97,0,0,15,15,76,4,0,0,2,2,1,0,2,0,0,0,10,0,2,2,0,1,1,0,2,2,1417,3318,224,1100.4,4825.9,958,48,288,0,12,20,16,0,33,1,2,0,0,0,0,1,0,0,0,1,0,0,0,0,0,0,2,1,0,1,0,0,0,1,0,0,0,1,0,0,6,37,1,0,0,0,2,14,13,0,0,0,0,43,0,0,0,0,0,0,0,0,1,20,1,1,23,15,0,2,1,28,0,0,0,44,0,0,0,0,0,0,0,2,4,16,7,4,15
"2018-07-02",35,74,0,0,10,10,62,3,0,0,1,1,0,0,2,0,0,0,5,0,1,1,0,0,0,0,1,1,1051.3125,2194.79166666667,193.958333333333,753.520833333333,3518.31666666667,751.041666666667,0,0,0,8,15,12,0,29,0,1,0,0,0,0,0,0,0,0,0,0,0,0,0,0,0,0,1,0,0,0,0,0,2,0,0,0,0,0,1,3,30,1,1,0,0,1,7,11,0,1,0,0,33,0,0,0,0,0,0,0,0,0,24,2,0,7,14,0,0,0,19,0,1,0,30,2,0,0,0,0,0,0,3,3,8,8,3,10
"2018-07-03",73,142,0,1,31,32,109,8,1,2,7,0,2,2,3,0,0,1,7,0,5,5,0,2,2,0,6,6,2079.5875,3926.79166666667,389.333333333333,1257.425,7387.0525,2034.875,0,73,0,23,24,25,1,54,5,7,0,0,0,0,1,0,2,0,0,1,0,1,0,0,0,0,0,0,0,0,0,0,0,0,0,0,0,0,0,4,67,0,0,0,0,5,10,35,1,0,0,0,72,0,0,0,0,0,0,0,0,0,65,2,1,3,37,0,4,0,30,0,0,0,71,0,0,0,0,0,0,0,10,7,20,10,8,18
"2018-07-04",65,126,0,1,32,33,100,8,0,0,6,1,5,1,2,0,0,0,3,0,6,6,0,5,5,0,3,3,1888.84090909091,2990,322.045454545455,1034.68181818182,6600.54318181818,1492.04545454545,0,130,0,23,24,17,1,45,5,5,0,0,0,0,0,0,1,1,0,0,0,0,0,0,0,1,0,0,0,0,0,0,3,0,1,0,0,0,0,6,55,1,1,0,0,4,8,25,1,0,0,0,64,0,0,0,0,0,0,0,0,0,55,1,0,8,24,1,5,0,34,0,0,0,63,1,0,0,0,0,0,0,8,5,11,15,9,17
"2018-07-05",73,146,0,0,21,21,113,10,1,3,4,0,4,1,5,0,0,0,5,0,2,2,0,2,2,0,4,4,2182.39583333333,4261.375,419.75,1510.1875,7372.8175,1548.20833333333,0,219,0,16,25,32,0,56,3,4,0,0,0,0,0,0,1,1,1,0,1,0,0,0,0,0,0,0,0,0,0,0,1,0,0,0,0,0,1,5,63,1,0,0,0,4,9,27,0,0,0,0,70,0,0,0,1,0,0,0,0,0,65,1,0,5,34,0,8,1,24,0,2,0,70,1,0,0,0,0,0,0,11,5,19,18,9,11