"Date","NB_Accidents","NB_VEH_IMPLIQUES_ACCDN","NB_MORTS","NB_BLESSES_GRAVES","NB_BLESSES_LEGERS","NB_VICTIMES_TOTAL","nb_automobile_camion_leger","nb_camionLourd_tractRoutier","nb_outil_equipement","nb_tous_autobus_minibus","nb_bicyclette","nb_cyclomoteur","nb_motocyclette","nb_taxi","nb_urgence","nb_motoneige","nb_VHR","nb_autres_types","nb_veh_non_precise","NB_DECES_PIETON","NB_BLESSES_PIETON","NB_VICTIMES_PIETON","NB_DECES_MOTO","NB_BLESSES_MOTO","NB_VICTIMES_MOTO","NB_DECES_VELO","NB_BLESSES_VELO","NB_VICTIMES_VELO","Temp","Rel.Hum","Wind.Spd","Dew.Point.Temp","Stn_Press","Wind.Dir","weekdays","days","SeverityDeadly","SeverityLight Injury","SeverityMaterial High","SeverityMaterial Low","SeveritySevere Injury","as.factor(Accident_Type)31","as.factor(Accident_Type)32","as.factor(Accident_Type)33","as.factor(Accident_Type)34","as.factor(Accident_Type)35","as.factor(Accident_Type)36","as.factor(Accident_Type)37","as.factor(Accident_Type)38","as.factor(Accident_Type)39","as.factor(Accident_Type)40","as.factor(Accident_Type)41","as.factor(Accident_Type)42","as.factor(Accident_Type)43","as.factor(Accident_Type)44","as.factor(Accident_Type)45","as.factor(Accident_Type)46","as.factor(Accident_Type)47","as.factor(Accident_Type)48","as.factor(Accident_Type)49","as.factor(Accident_Type)50","as.factor(Accident_Type)51","as.factor(Accident_Type)52","as.factor(Accident_Type)53","as.factor(Accident_Type)54","as.factor(Accident_Type)55","as.factor(Accident_Type)59","as.factor(Accident_Type)71","as.factor(Accident_Type)72","as.factor(Accident_Type)73","as.factor(Accident_Type)74","as.factor(Accident_Type)75","as.factor(Accident_Type)99","Accident_CategoryFixed Object","Accident_CategoryMoving Object","Accident_CategoryNo Collision","Auth_Speed10","Auth_Speed100","Auth_Speed20","Auth_Speed30","Auth_Speed40","Auth_Speed50","Auth_Speed60","Auth_Speed70","Auth_Speed80","Auth_Speed90","Surface_CondDry","Surface_CondHard snow","Surface_CondIce","Surface_CondMud","Surface_CondOil","Surface_CondSand or gravel","Surface_CondSlush","Surface_CondSnow","Surface_CondWater accumulation","Surface_CondWet","IlluminationDay and clear","IlluminationDay and semi-dark","IlluminationNight and dark","IlluminationNight and lighted","EnvironmentCommercial","EnvironmentForest","EnvironmentIndustrial","EnvironmentPark","EnvironmentResidential","EnvironmentRural","EnvironmentSchool area","WeatherBlack Ice","WeatherClear Sky","WeatherCloudy","WeatherDrizzle","WeatherFoggy","WeatherHeavy Rain","WeatherSnow","WeatherSnowstorms","WeatherStrong Wind","cluster_id_0","cluster_id_1","cluster_id_2","cluster_id_3","cluster_id_4","cluster_id_5"
"2018-07-06",62,125,0,0,19,19,94,7,0,0,5,2,5,3,5,0,0,0,4,0,4,4,0,2,2,0,4,4,1339.2,3495.25,591.583333333333,753.3,6248.825,1720.5,0,248,0,19,20,23,0,45,4,4,0,0,0,0,1,1,0,0,1,0,0,0,0,1,0,1,1,0,1,0,0,0,0,0,0,0,0,0,1,5,55,1,2,0,0,2,15,19,1,0,0,0,62,0,0,0,0,0,0,0,0,0,53,1,0,7,37,0,2,0,22,0,0,0,60,2,0,0,0,0,0,0,3,2,19,14,8,16
"2018-07-07",45,87,0,1,13,14,71,1,1,2,2,0,1,0,4,0,0,0,5,0,1,1,0,1,1,0,2,2,964.875,2015.625,249.375,385.5,4572.01875,1147.5,45,225,0,10,17,17,1,34,1,2,0,0,0,0,0,0,0,0,2,0,0,0,0,0,0,1,1,1,0,0,0,0,1,0,0,0,0,0,1,6,37,1,0,0,0,3,6,20,0,0,0,0,43,0,0,0,0,0,0,0,0,1,28,1,1,14,22,0,0,2,20,0,0,0,41,1,0,0,0,0,0,0,3,4,11,7,6,14
"2018-07-08",42,88,1,0,19,20,74,2,0,3,3,0,3,2,1,0,0,0,0,1,0,1,0,1,1,0,2,2,1002.225,1856.75,327.25,449.925,4262.2825,868,42,252,1,13,16,12,0,33,1,4,0,0,0,0,0,0,0,0,0,0,0,0,0,0,0,0,0,0,1,0,0,0,1,0,0,0,0,0,2,2,38,2,0,0,0,1,6,16,1,0,0,0,42,0,0,0,0,0,0,0,0,0,29,1,0,12,14,0,3,0,24,0,0,0,42,0,0,0,0,0,0,0,4,2,9,9,10,8
"2018-07-09",55,109,0,1,8,9,88,8,0,0,6,0,0,1,1,0,0,0,5,0,2,2,0,0,0,0,5,5,1427.02083333333,2445.20833333333,440,681.541666666667,5543.74791666667,1109.16666666667,0,0,0,8,23,23,1,39,3,6,0,0,0,0,0,0,0,0,2,0,0,0,0,0,0,1,0,0,1,0,0,0,1,0,0,0,0,0,0,5,48,0,0,1,0,1,11,15,0,0,0,0,55,0,0,0,0,0,0,0,0,0,45,0,0,9,23,0,2,0,26,2,2,0,54,0,0,0,0,0,0,0,6,4,14,10,5,16
"2018-07-10",67,129,1,1,16,18,93,14,0,1,4,0,5,1,5,0,0,0,6,1,3,4,0,3,3,0,2,2,1676.675,3308.125,522.041666666667,888.866666666667,6722.36125,1264.625,0,67,1,13,26,26,1,51,4,3,0,0,0,0,1,0,0,0,0,2,0,0,0,0,0,1,0,0,0,0,0,0,2,0,0,0,0,0,0,5,59,0,1,0,1,5,10,27,0,0,0,0,64,0,0,0,0,0,0,0,0,0,55,4,1,4,27,0,1,0,33,3,1,0,63,1,0,0,0,0,0,0,8,4,20,14,8,13
"2018-07-11",63,122,0,0,24,24,96,8,0,2,6,1,2,1,4,0,0,0,2,0,5,5,0,1,1,0,4,4,1305.9375,2583,399,413.4375,6358.3275,855.75,0,126,0,21,20,22,0,43,4,5,0,0,0,0,0,0,1,0,0,0,0,0,0,0,0,0,0,0,0,1,0,0,2,0,1,0,0,0,3,4,52,4,0,0,0,3,9,21,1,0,0,0,63,0,0,0,0,0,0,0,0,0,56,2,0,4,25,0,5,1,29,0,0,0,61,1,0,0,0,0,0,0,14,4,19,10,5,11
"2018-07-12",72,136,0,0,32,32,102,12,0,0,9,2,1,3,2,0,0,0,5,0,5,5,0,1,1,0,7,7,1622.4,3378,426,744.3,7291.95,1206,0,216,0,25,15,32,0,47,6,9,0,0,0,0,1,1,1,1,0,0,0,0,0,0,0,2,0,0,0,0,0,0,1,0,1,0,0,0,0,5,64,1,1,0,0,3,7,33,0,0,1,0,70,0,0,0,0,0,0,0,0,1,60,1,1,8,40,0,2,1,28,0,0,0,68,1,0,0,0,0,0,0,9,6,20,12,9,16
"2018-07-13",48,91,0,0,10,10,75,5,0,0,2,0,0,0,2,0,0,1,6,0,1,1,0,0,0,0,1,1,1178,2316,208,594,4862.22,824,0,192,0,7,19,22,0,37,1,2,0,0,0,0,0,0,0,0,0,1,0,0,0,1,0,1,0,0,0,0,0,0,2,0,0,0,0,0,0,5,40,0,1,0,0,3,9,18,0,0,0,0,47,0,0,0,0,0,0,0,0,0,39,0,0,8,27,0,4,0,16,0,0,0,44,2,0,0,0,0,0,0,3,3,13,14,7,8
"2018-07-14",45,89,0,0,10,10,73,2,0,0,2,0,2,1,2,0,0,0,7,0,0,0,0,2,2,0,2,2,1083.1875,2986.875,211.875,777.75,4530.58125,965.625,45,225,0,9,16,20,0,30,1,2,0,0,0,0,1,0,0,0,1,0,0,0,0,1,0,1,0,0,2,0,0,0,0,0,1,0,0,0,1,5,34,2,1,0,0,3,7,13,2,0,0,0,39,0,0,0,0,0,0,0,0,5,33,1,0,11,24,0,1,0,20,0,0,0,37,4,3,0,0,0,0,0,6,1,12,5,7,14
"2018-07-15",37,70,0,1,6,7,55,0,0,1,1,1,2,2,0,0,0,2,6,0,1,1,0,1,1,0,1,1,959.225,2218.45833333333,200.416666666667,620.829166666667,3718.71583333333,699.916666666667,37,222,0,6,20,10,1,25,1,1,0,0,0,0,0,1,1,1,1,0,0,0,0,0,0,0,0,0,0,0,0,0,0,0,0,0,0,0,3,3,28,3,0,0,0,3,5,7,0,0,0,0,34,0,0,0,0,0,0,0,0,2,25,3,0,7,16,0,0,0,17,0,2,0,35,0,1,0,0,0,0,0,4,5,10,1,4,13
"2018-07-16",58,118,0,1,22,23,84,6,0,2,7,1,6,4,2,0,0,0,6,0,3,3,0,3,3,0,6,6,1600.075,2851.66666666667,270.666666666667,891.508333333333,5820.59,1116.5,0,0,0,19,18,20,1,43,2,7,0,0,0,0,0,0,0,0,1,1,0,0,0,0,0,1,0,0,0,0,0,0,1,0,0,0,0,0,1,4,52,1,0,0,0,5,7,18,2,0,0,0,58,0,0,0,0,0,0,0,0,0,46,1,0,11,17,0,3,2,30,0,0,0,55,3,0,0,0,0,0,0,5,3,12,14,6,18
"2018-07-17",58,108,1,0,11,12,77,15,0,0,1,1,2,1,3,0,0,1,7,1,0,1,0,0,0,0,1,1,1409.15833333333,3854.58333333333,408.416666666667,971.5,5792.41166666667,1220.41666666667,0,58,1,11,16,30,0,44,1,1,0,0,0,0,0,3,1,0,0,1,0,0,0,0,0,2,0,0,0,0,0,0,2,0,0,0,0,0,1,6,49,1,0,0,0,2,4,23,0,0,0,0,42,0,0,0,0,0,0,0,3,10,44,4,0,8,34,0,4,0,18,0,0,0,42,5,6,0,3,0,0,0,8,4,10,13,11,12
"2018-07-18",61,123,0,0,23,23,95,14,0,1,3,0,1,2,1,0,0,0,6,0,5,5,0,0,0,0,2,2,1205.00416666667,2587.41666666667,480.375,375.9125,6135.71041666667,1382.66666666667,0,122,0,17,26,18,0,47,5,3,0,0,0,0,0,0,0,0,0,0,0,0,0,0,0,1,0,0,1,0,0,0,0,0,0,0,0,0,0,2,55,0,0,0,0,6,11,17,0,0,0,0,59,0,0,0,0,0,0,0,0,0,51,1,0,7,30,0,4,0,21,2,3,0,58,0,0,0,0,0,0,0,12,2,15,15,3,14
"2018-07-19",60,123,0,0,16,16,92,8,1,1,7,0,4,4,1,0,1,0,4,0,2,2,0,2,2,0,5,5,1314.5,2737.5,345,562,6053.725,1550,0,180,0,15,25,20,0,47,2,6,0,0,0,0,0,0,0,1,1,0,0,0,0,0,0,0,0,0,0,0,0,0,1,0,1,0,0,0,0,3,55,1,0,0,0,8,12,13,1,0,0,0,59,0,0,0,0,0,0,0,0,1,54,0,0,6,32,0,1,0,24,2,1,0,60,0,0,0,0,0,0,0,7,5,20,13,2,13
"2018-07-20",61,113,0,0,15,15,86,8,0,4,2,0,3,0,3,0,0,1,6,0,3,3,0,1,1,0,2,2,1545.84166666667,2808.54166666667,274.5,755.383333333333,6161.35583333333,1189.5,0,244,0,12,25,24,0,46,3,2,0,0,0,0,0,0,0,0,0,1,0,0,0,0,0,2,0,0,0,0,0,0,3,0,0,0,0,0,3,6,51,3,0,1,0,1,10,25,0,1,1,0,59,0,0,0,0,0,0,0,0,0,51,1,0,6,31,0,3,0,25,0,1,0,58,1,0,0,0,0,0,0,7,6,15,10,14,9
"2018-07-21",57,105,0,1,19,20,82,6,0,2,6,0,1,2,1,0,0,1,4,0,1,1,0,0,0,0,6,6,1493.875,2778.75,334.875,806.075,5752.17875,1014.125,57,285,0,16,25,15,1,40,1,5,0,0,0,0,0,0,1,0,1,0,0,1,0,0,0,1,1,0,2,0,0,0,1,0,0,0,0,0,2,8,46,2,0,0,0,3,10,23,0,0,0,0,55,0,0,0,0,0,0,0,0,0,37,2,2,15,23,0,2,2,26,1,1,0,54,0,0,0,0,0,0,0,8,6,13,6,8,16
"2018-07-22",43,83,0,0,18,18,72,2,0,2,3,1,0,1,0,0,0,0,2,0,2,2,0,0,0,0,3,3,937.9375,2873.83333333333,218.583333333333,654.675,4337.625,503.458333333333,43,258,0,13,19,11,0,31,2,3,0,0,0,0,0,0,1,0,1,0,0,0,0,0,0,2,1,0,0,0,0,0,0,0,0,0,0,0,1,5,36,1,1,0,0,3,4,18,0,0,0,0,35,0,0,0,0,0,0,0,0,7,31,0,0,11,24,0,0,0,19,0,0,0,26,11,5,0,0,1,0,0,5,4,11,8,4,11
"2018-07-23",55,113,0,0,15,15,89,9,0,1,4,1,0,2,2,0,0,0,5,0,1,1,0,0,0,0,3,3,1386.6875,4235,320.833333333333,1145.375,5557.84166666667,829.583333333333,0,0,0,12,19,24,0,42,1,4,0,0,0,0,1,0,0,0,2,0,0,0,0,0,0,0,1,0,1,0,0,0,1,0,0,0,0,0,0,5,48,0,1,0,0,4,5,25,1,0,0,0,49,0,0,0,0,1,0,0,0,2,46,3,0,5,26,0,6,1,20,0,1,0,42,8,3,0,0,0,0,0,7,4,11,11,6,16
"2018-07-24",49,99,0,0,14,14,72,13,0,1,5,0,1,1,3,0,0,0,3,0,2,2,0,1,1,0,4,4,1252.3,3703,308,1018.26666666667,4947.74,968.333333333333,0,49,0,13,18,18,0,37,2,4,0,0,0,0,0,0,0,0,0,0,0,0,0,0,0,0,1,0,1,0,0,0,1,0,0,0,0,1,0,3,43,1,0,0,0,3,5,17,1,1,0,0,35,0,0,0,0,1,0,0,0,12,38,3,0,6,31,0,3,1,11,0,1,0,31,14,3,0,0,0,0,0,4,7,13,7,5,13
"2018-07-25",63,130,0,1,15,16,97,11,1,0,4,0,2,2,2,0,0,0,11,0,1,1,0,2,2,0,4,4,1504.3875,5299.875,354.375,1319.5875,6319.8975,1239,0,126,0,11,25,26,1,46,2,4,0,0,0,0,0,0,1,1,2,1,0,0,0,0,0,0,2,0,0,0,0,0,1,0,0,0,0,0,2,8,52,2,0,0,0,3,15,25,0,0,0,0,19,0,0,0,0,0,0,0,2,40,43,7,1,9,33,0,4,1,22,0,2,0,17,10,27,0,7,0,0,0,6,2,17,8,11,19
"2018-07-26",40,75,0,0,10,10,59,5,0,1,4,1,0,4,0,0,0,0,1,0,2,2,0,0,0,0,2,2,959.166666666667,3091.66666666667,176.666666666667,776.833333333333,3999.48333333333,888.333333333333,0,120,0,8,24,8,0,28,2,3,0,0,0,0,0,0,0,1,1,0,0,0,0,0,0,2,0,0,0,0,0,0,0,1,0,0,0,0,0,4,33,1,1,0,0,3,4,16,2,0,0,0,36,0,0,0,0,0,0,0,0,2,33,0,0,5,23,0,2,0,12,0,1,0,30,7,1,0,0,0,0,0,1,4,9,11,10,5
"2018-07-27",51,96,0,0,20,20,72,7,0,1,4,0,5,0,2,0,0,1,4,0,5,5,0,2,2,0,3,3,1220.75454545455,3226.90909090909,243.409090909091,834.545454545455,5116.18090909091,1133.59090909091,0,204,0,19,14,18,0,40,5,3,0,0,0,0,0,0,0,1,0,0,0,0,0,0,0,0,1,0,0,0,0,0,0,0,0,0,0,0,0,2,48,0,0,0,0,2,7,14,0,0,0,0,49,0,0,0,0,0,0,0,0,0,40,1,0,9,17,0,4,1,27,1,0,0,47,2,0,0,0,0,0,0,4,2,16,8,9,12
"2018-07-28",47,96,0,0,23,23,77,0,0,0,4,0,1,1,3,0,0,0,10,0,2,2,0,0,0,0,4,4,1059.45833333333,3125.5,219.333333333333,741.620833333333,4722.63833333333,1149.54166666667,47,235,0,17,14,16,0,38,2,3,0,1,0,0,0,0,0,0,0,0,0,0,0,0,0,0,0,0,0,0,0,0,0,0,0,0,0,1,0,0,44,1,0,0,0,2,9,21,1,0,0,0,40,0,0,0,0,0,0,0,0,5,27,1,0,16,28,0,1,0,17,0,0,0,38,3,2,0,1,0,0,0,3,1,21,10,5,7
"2018-07-29",38,74,0,0,11,11,60,2,0,1,3,0,2,1,1,0,0,0,4,0,0,0,0,1,1,0,3,3,828.4,2463.66666666667,190,546.408333333333,3828.69,874,38,228,0,9,17,12,0,29,0,2,0,0,0,0,0,0,0,0,0,0,0,0,0,0,0,0,1,0,1,0,0,0,1,0,1,0,0,0,0,3,31,1,0,0,0,5,6,13,0,0,0,0,35,0,0,0,0,0,0,0,0,0,29,2,0,5,10,0,2,4,19,0,0,0,36,0,0,0,0,0,0,0,4,2,12,10,4,6
"2018-07-30",43,82,1,2,14,17,61,6,1,3,2,1,1,1,1,0,0,0,5,1,4,5,0,0,0,0,2,2,990.6125,2526.25,234.708333333333,608.629166666667,4341.11875,1015.875,0,0,1,10,13,17,2,29,5,2,0,0,0,0,0,0,0,0,0,0,0,0,0,0,0,1,0,0,1,0,0,0,1,0,0,0,0,0,2,3,36,2,0,0,0,1,10,14,0,0,0,0,40,0,0,0,0,0,0,0,0,0,34,1,0,4,16,0,3,0,20,1,0,0,40,0,0,0,0,0,0,0,3,5,12,6,8,9
"2018-07-31",57,106,1,2,20,23,82,11,0,0,4,0,1,0,3,0,0,1,4,0,3,3,1,0,1,0,2,2,1415.025,3420,270.75,922.925,5754.8625,1341.875,0,57,1,14,19,22,1,41,2,4,0,0,0,1,0,0,0,1,0,2,0,0,0,0,0,1,0,0,1,0,0,0,2,0,0,0,0,0,0,7,48,0,0,0,0,4,4,24,0,0,0,0,55,0,0,0,0,0,0,0,0,0,47,2,0,7,28,0,3,1,21,0,1,0,56,0,0,0,0,0,0,0,6,3,10,8,11,19
"2018-08-01",56,105,0,1,15,16,82,10,0,0,2,2,1,2,1,0,0,0,5,0,3,3,0,0,0,0,1,1,1379.46666666667,4083.33333333333,375.666666666667,1081.03333333333,5633.43666666667,1019.66666666667,0,112,0,11,19,25,1,37,5,2,0,0,0,0,0,0,0,1,1,0,0,0,0,0,0,2,0,0,2,0,0,0,1,0,0,0,0,0,1,7,44,1,1,0,0,4,2,22,1,0,0,0,49,0,0,0,0,0,0,0,0,6,39,0,0,15,32,0,4,1,17,0,1,0,36,13,2,0,3,0,0,1,6,4,17,9,5,15
"2018-08-02",62,118,0,0,24,24,91,5,0,3,7,1,1,4,3,0,0,0,3,0,0,0,0,1,1,0,6,6,1507.11666666667,4520.83333333333,320.333333333333,1171.8,6236.94166666667,1405.33333333333,0,186,0,16,23,23,0,48,1,7,0,0,0,0,0,0,0,0,0,0,0,0,0,1,0,0,0,0,0,0,0,0,4,0,0,0,0,0,0,5,56,0,1,0,0,1,9,26,0,0,0,0,51,0,0,0,0,1,0,0,0,5,47,2,0,12,42,0,1,1,17,0,0,0,51,4,3,0,0,0,0,0,4,5,20,8,12,13
"2018-08-03",50,91,0,0,8,8,68,6,1,1,1,1,2,0,3,0,0,0,8,0,1,1,0,0,0,0,1,1,1230.83333333333,3616.66666666667,237.5,963.541666666666,5050,1008.33333333333,0,200,0,7,17,26,0,35,1,1,0,0,0,0,0,0,1,0,2,0,0,0,0,0,0,2,1,0,0,0,0,0,2,0,0,0,1,0,2,8,37,3,0,0,0,2,8,15,0,1,0,0,46,0,0,0,0,0,0,0,0,1,34,1,1,12,23,0,2,1,21,0,0,0,42,4,0,0,0,0,0,0,7,3,14,6,7,13
"2018-08-04",60,120,0,1,19,20,92,6,0,2,5,0,6,4,1,0,0,0,4,0,2,2,0,3,3,0,5,5,1409,4887.5,260,1199.5,6055.275,1262.5,60,300,0,16,23,20,1,46,2,4,0,0,0,0,0,0,3,0,0,0,0,0,0,0,0,1,0,0,0,0,0,0,1,0,1,0,0,0,0,5,52,1,0,0,0,3,12,26,0,1,0,0,54,0,0,0,0,0,0,0,0,6,42,2,0,16,32,0,1,0,26,1,0,0,49,6,5,0,0,0,0,0,2,4,21,12,8,13
"2018-08-05",36,67,0,0,17,17,54,2,0,0,3,0,3,3,1,0,0,0,1,0,1,1,0,4,4,0,3,3,935.7,2466,181.5,692.55,3632.745,766.5,36,216,0,15,12,9,0,25,1,3,0,0,0,0,0,0,2,0,0,0,0,0,0,0,0,0,0,0,0,0,1,0,1,1,0,0,0,0,0,4,29,1,0,0,0,1,4,12,1,1,0,0,35,0,0,0,0,0,0,0,0,0,23,1,0,11,6,1,2,1,22,1,1,0,34,0,0,0,0,0,0,0,3,4,10,8,1,10
"2018-08-06",52,102,0,0,22,22,84,4,0,2,2,0,4,1,1,0,0,0,4,0,2,2,0,1,1,0,2,2,1389.48333333333,3501.33333333333,307.666666666667,1038.91666666667,5228.55666666667,1150.5,0,0,0,18,20,14,0,39,4,2,0,0,0,0,0,0,0,0,0,0,0,0,0,0,0,0,1,0,1,0,0,0,2,0,1,0,0,0,1,4,45,2,2,0,0,3,7,20,0,0,0,0,39,0,0,0,0,0,0,0,0,12,37,5,3,6,29,0,0,0,20,0,2,0,37,3,8,0,1,0,0,0,2,7,22,8,5,8
"2018-08-07",65,123,0,2,14,16,89,10,1,3,6,1,1,2,2,0,0,1,7,0,2,2,0,0,0,0,5,5,1588.97916666667,5059.16666666667,262.708333333333,1314.08333333333,6519.20208333333,1440.83333333333,0,65,0,12,28,23,2,43,3,6,0,0,0,0,0,1,0,0,0,0,0,0,0,0,0,1,1,0,2,0,0,0,0,0,0,0,0,0,3,4,53,3,1,0,0,2,8,24,0,1,0,0,56,0,0,0,0,0,0,0,0,4,48,2,0,11,34,0,3,1,22,0,1,0,48,9,3,0,0,0,0,0,7,5,19,6,8,20
"2018-08-08",59,120,0,1,16,17,90,14,1,1,3,0,2,2,4,0,0,0,3,0,3,3,0,2,2,0,3,3,1405.92083333333,4636.41666666667,282.708333333333,1167.21666666667,5911.505,1293.08333333333,0,118,0,15,25,18,1,46,2,2,0,0,0,0,0,0,0,1,0,1,0,1,0,1,0,1,0,0,0,0,0,0,0,0,0,0,0,0,1,5,50,1,0,0,0,1,8,27,0,0,0,0,45,0,0,0,0,0,0,0,0,13,46,2,2,8,32,0,2,0,21,1,0,0,40,9,7,1,1,0,0,0,4,3,20,11,7,14
"2018-08-09",55,109,0,2,13,15,85,6,0,1,6,0,1,2,2,0,0,0,6,0,5,5,0,1,1,0,1,1,1283.33333333333,4143.33333333333,291.041666666667,1013.60416666667,5490.60416666667,1349.79166666667,0,165,0,10,23,21,1,39,4,5,0,0,0,0,0,0,0,0,1,0,0,0,0,0,0,0,1,0,1,0,0,0,0,0,0,0,0,0,0,3,48,0,0,0,0,1,6,31,0,0,0,0,41,0,0,0,0,0,0,0,0,13,39,3,0,12,28,0,5,0,21,0,1,0,39,6,9,0,0,0,0,0,5,5,14,8,9,14
"2018-08-10",77,161,0,0,20,20,125,12,0,2,6,3,0,2,0,0,0,0,11,0,5,5,0,0,0,0,3,3,1649.08333333333,4141.95833333333,417.083333333333,871.0625,7731.185,2053.33333333333,0,308,0,17,29,31,0,57,5,6,0,0,0,0,0,0,0,1,0,0,0,0,0,1,0,0,0,0,1,0,0,0,0,0,0,0,0,0,2,3,68,2,0,0,0,4,10,37,0,0,0,0,74,0,0,0,0,0,0,0,0,1,64,1,1,9,38,1,2,2,32,1,0,0,76,0,0,0,0,0,0,0,3,5,24,13,7,25
"2018-08-11",37,74,0,1,9,10,59,3,0,1,2,0,4,2,1,0,0,0,2,0,4,4,0,1,1,0,0,0,847.608333333333,2078.16666666667,154.166666666667,486.858333333333,3724.1425,713.791666666667,37,185,0,8,16,12,1,28,3,2,0,0,0,0,0,0,1,0,1,0,0,0,0,0,0,0,0,0,0,0,0,0,2,0,0,0,0,0,0,4,33,0,0,0,0,1,5,13,1,0,0,0,36,0,0,0,0,0,0,0,0,0,22,1,1,12,21,0,0,0,15,0,0,0,36,0,0,0,0,0,0,0,2,1,12,11,6,5
"2018-08-12",32,64,0,0,11,11,51,2,0,1,5,0,0,0,1,0,0,0,4,0,0,0,0,0,0,0,3,3,772.266666666667,2084,154.666666666667,528.8,3232.73333333333,476,32,192,0,9,8,15,0,23,0,4,0,0,0,1,0,0,0,0,0,0,0,0,0,0,0,0,0,0,0,0,0,0,1,0,0,0,0,0,0,1,28,0,0,0,0,2,4,14,0,0,0,0,32,0,0,0,0,0,0,0,0,0,21,0,0,9,11,0,0,0,20,1,0,0,29,2,0,0,0,0,0,0,4,0,10,7,5,6
"2018-08-13",54,105,0,0,30,30,77,13,1,0,2,2,2,4,0,0,0,1,3,0,3,3,0,2,2,0,2,2,1359.45,3717,204.75,1016.1,5446.1925,909,0,0,0,18,22,14,0,42,3,2,0,0,0,0,1,0,0,0,0,0,0,0,0,0,0,0,1,0,0,0,0,0,2,0,0,0,0,0,1,3,48,1,0,0,0,0,7,18,0,0,0,0,49,0,0,0,0,0,0,0,0,0,42,0,0,8,29,0,5,0,16,1,0,0,48,0,0,0,0,0,0,0,8,2,13,6,10,15
"2018-08-14",51,98,1,0,13,14,77,13,0,0,2,1,3,0,0,0,0,0,2,1,2,3,0,2,2,0,2,2,1305.3875,3572.125,233.75,1000.025,5109.18,1013.625,0,51,1,11,15,24,0,44,2,1,0,0,0,0,0,0,1,0,1,0,0,0,0,0,0,0,0,0,0,0,0,0,0,0,0,0,0,0,1,2,47,1,1,0,0,4,5,17,1,0,0,0,47,0,0,0,0,1,0,0,0,1,45,0,0,5,23,0,2,1,24,0,0,0,45,3,0,0,1,0,0,0,2,8,10,16,6,9
"2018-08-15",59,120,0,1,22,23,83,10,0,1,12,1,3,1,1,0,0,0,8,0,0,0,0,1,1,0,11,11,1420.425,4417.625,309.75,1121.24583333333,5908.43208333333,1595.45833333333,0,118,0,19,18,21,1,45,0,10,0,0,0,0,0,0,0,0,0,0,0,0,0,0,0,0,0,0,2,0,0,0,0,0,0,0,0,0,1,2,55,1,1,0,0,2,6,19,0,0,0,0,54,0,0,0,0,0,0,0,0,2,48,2,0,6,36,0,2,0,19,0,0,0,53,3,0,0,0,0,0,0,9,3,20,8,3,16
"2018-08-16",66,130,0,2,21,23,101,9,0,0,7,2,0,2,2,0,0,1,6,0,1,1,0,0,0,0,5,5,1364.275,3778.5,409.75,770.55,6653.1575,1223.75,0,198,0,17,26,21,2,53,1,6,0,1,0,0,0,0,0,0,0,0,0,0,0,0,0,0,0,0,0,0,0,0,2,0,0,0,0,0,2,2,61,2,0,0,0,4,9,27,0,0,0,0,64,0,0,0,0,1,0,0,0,0,50,5,0,10,33,0,6,1,24,0,0,0,64,1,0,0,0,0,0,0,7,7,11,14,7,20
"2018-08-17",54,106,0,0,24,24,73,8,0,0,6,2,3,0,6,0,0,0,8,0,4,4,0,3,3,0,3,3,1096.425,4466.25,306,926.55,5428.5525,918,0,216,0,20,17,17,0,37,4,6,0,0,0,0,0,0,0,0,0,0,0,0,0,1,0,0,1,0,0,0,0,0,1,0,1,0,0,1,0,3,47,2,0,0,1,2,9,21,0,0,0,0,28,0,0,0,0,0,0,0,0,23,42,4,1,6,32,0,1,0,17,1,1,0,16,15,17,0,1,0,0,0,5,3,22,11,7,6
"2018-08-18",46,87,0,1,14,15,65,6,0,0,2,0,1,2,3,0,0,1,7,0,4,4,0,0,0,0,1,1,944.15,3080.08333333333,427.416666666667,637.866666666667,4618.70666666667,352.666666666667,46,230,0,11,15,19,1,29,4,2,0,0,0,1,0,1,0,0,3,0,1,0,0,0,0,1,0,0,0,0,0,0,1,0,0,0,0,0,0,6,37,0,1,0,0,2,9,16,1,0,0,0,44,0,0,0,0,0,0,0,0,0,24,1,1,19,20,0,3,1,20,1,1,0,40,4,0,0,0,0,0,0,1,4,15,10,7,9
"2018-08-19",31,66,0,1,6,7,54,1,0,1,4,0,1,0,3,0,0,0,2,0,2,2,0,1,1,0,2,2,695.175,1822.54166666667,173.083333333333,412.6875,3127.34458333333,611.545454545455,31,186,0,5,13,12,1,24,1,2,0,0,0,0,0,0,1,2,0,0,0,0,0,0,0,0,0,0,0,0,0,0,1,0,0,0,0,0,0,4,27,0,1,0,0,1,9,9,1,0,0,0,31,0,0,0,0,0,0,0,0,0,21,0,0,9,11,0,1,1,17,0,0,0,30,1,0,0,0,0,0,0,0,3,12,5,3,8
"2018-08-20",51,106,0,1,10,11,85,7,0,4,5,1,0,1,0,0,0,0,3,0,2,2,0,0,0,0,2,2,1148.775,3028.125,227.375,700.825,5157.8425,1196.375,0,0,0,9,16,25,1,41,2,5,0,0,0,0,0,0,0,0,0,0,0,0,0,0,0,1,0,0,0,0,0,0,0,0,0,0,0,0,1,1,48,1,0,0,0,5,8,17,0,0,0,0,48,0,0,0,0,1,0,0,0,0,40,2,0,8,21,0,1,0,23,0,3,0,48,1,0,0,0,0,0,0,7,1,18,7,6,12