"Date","NB_Accidents","NB_VEH_IMPLIQUES_ACCDN","NB_MORTS","NB_BLESSES_GRAVES","NB_BLESSES_LEGERS","NB_VICTIMES_TOTAL","nb_automobile_camion_leger","nb_camionLourd_tractRoutier","nb_outil_equipement","nb_tous_autobus_minibus","nb_bicyclette","nb_cyclomoteur","nb_motocyclette","nb_taxi","nb_urgence","nb_motoneige","nb_VHR","nb_autres_types","nb_veh_non_precise","NB_DECES_PIETON","NB_BLESSES_PIETON","NB_VICTIMES_PIETON","NB_DECES_MOTO","NB_BLESSES_MOTO","NB_VICTIMES_MOTO","NB_DECES_VELO","NB_BLESSES_VELO","NB_VICTIMES_VELO","Temp","Rel.Hum","Wind.Spd","Dew.Point.Temp","Stn_Press","Wind.Dir","weekdays","days","SeverityDeadly","SeverityLight Injury","SeverityMaterial High","SeverityMaterial Low","SeveritySevere Injury","as.factor(Accident_Type)31","as.factor(Accident_Type)32","as.factor(Accident_Type)33","as.factor(Accident_Type)34","as.factor(Accident_Type)35","as.factor(Accident_Type)36","as.factor(Accident_Type)37","as.factor(Accident_Type)38","as.factor(Accident_Type)39","as.factor(Accident_Type)40","as.factor(Accident_Type)41","as.factor(Accident_Type)42","as.factor(Accident_Type)43","as.factor(Accident_Type)44","as.factor(Accident_Type)45","as.factor(Accident_Type)46","as.factor(Accident_Type)47","as.factor(Accident_Type)48","as.factor(Accident_Type)49","as.factor(Accident_Type)50","as.factor(Accident_Type)51","as.factor(Accident_Type)52","as.factor(Accident_Type)53","as.factor(Accident_Type)54","as.factor(Accident_Type)55","as.factor(Accident_Type)59","as.factor(Accident_Type)71","as.factor(Accident_Type)72","as.factor(Accident_Type)73","as.factor(Accident_Type)74","as.factor(Accident_Type)75","as.factor(Accident_Type)99","Accident_CategoryFixed Object","Accident_CategoryMoving Object","Accident_CategoryNo Collision","Auth_Speed10","Auth_Speed100","Auth_Speed20","Auth_Speed30","Auth_Speed40","Auth_Speed50","Auth_Speed60","Auth_Speed70","Auth_Speed80","Auth_Speed90","Surface_CondDry","Surface_CondHard snow","Surface_CondIce","Surface_CondMud","Surface_CondOil","Surface_CondSand or gravel","Surface_CondSlush","Surface_CondSnow","Surface_CondWater accumulation","Surface_CondWet","IlluminationDay and clear","IlluminationDay and semi-dark","IlluminationNight and dark","IlluminationNight and lighted","EnvironmentCommercial","EnvironmentForest","EnvironmentIndustrial","EnvironmentPark","EnvironmentResidential","EnvironmentRural","EnvironmentSchool area","WeatherBlack Ice","WeatherClear Sky","WeatherCloudy","WeatherDrizzle","WeatherFoggy","WeatherHeavy Rain","WeatherSnow","WeatherSnowstorms","WeatherStrong Wind","cluster_id_0","cluster_id_1","cluster_id_2","cluster_id_3","cluster_id_4","cluster_id_5"
"2018-08-21",66,137,0,0,25,25,108,8,1,0,4,1,3,4,2,0,0,0,6,0,3,3,0,1,1,0,1,1,1500.95,4320.25,473,1035.375,6638.9675,1210,0,66,0,13,28,25,0,51,3,4,0,0,0,0,0,1,1,0,0,0,0,0,0,0,0,1,2,0,0,0,0,0,0,0,0,0,0,0,0,4,59,0,0,0,0,3,6,28,0,0,0,1,59,0,0,0,0,0,0,0,0,3,52,2,0,9,32,0,3,2,23,1,2,0,52,8,1,1,0,0,0,0,6,5,19,11,9,16
"2018-08-22",57,120,1,0,11,12,87,11,0,2,2,1,1,2,4,0,0,1,9,1,1,2,0,1,1,0,2,2,1147.3625,4289.25,399,884.45,5669.14875,1047.375,0,114,1,11,25,20,0,45,3,2,0,0,0,0,0,0,1,0,0,0,0,0,0,0,0,0,0,0,0,0,0,0,0,0,0,0,0,0,2,1,50,2,1,0,0,3,8,21,0,0,0,0,40,0,0,0,0,0,0,0,0,13,40,5,0,9,28,0,2,0,26,0,0,0,29,20,6,0,0,0,0,0,11,2,16,11,4,13
"2018-08-23",49,98,0,1,12,13,75,7,0,0,6,0,1,2,1,0,0,0,6,0,2,2,0,0,0,0,6,6,953.6625,2793,271.541666666667,505.516666666667,4915.23083333333,1069.83333333333,0,147,0,11,21,16,1,35,3,5,0,0,0,0,0,0,1,0,0,0,0,0,0,0,0,1,1,0,1,0,0,0,0,0,0,0,0,0,0,4,43,0,0,0,0,2,7,17,0,0,0,0,46,0,0,0,0,0,0,0,0,0,33,4,0,11,25,0,5,0,16,0,0,0,45,0,0,0,0,0,0,0,6,4,11,7,9,12
"2018-08-24",63,114,0,0,17,17,91,11,0,0,4,0,1,0,2,0,0,0,5,0,3,3,0,1,1,0,4,4,1467.6375,3706.5,443.625,900.1125,6363.1575,1312.5,0,252,0,16,29,18,0,44,3,4,0,0,0,0,1,1,0,0,0,0,0,1,0,0,0,0,0,0,0,0,0,0,6,0,0,0,0,0,1,7,53,1,0,0,0,1,10,23,2,0,0,0,59,0,0,0,0,0,0,0,0,0,49,2,1,9,36,0,0,0,22,0,1,0,58,2,0,0,0,0,0,0,4,5,12,12,11,19
"2018-08-25",56,116,0,1,24,25,98,3,0,1,4,1,4,2,2,0,0,0,1,0,0,0,0,3,3,0,3,3,1345.16666666667,3049.66666666667,270.666666666667,780.5,5669.53333333333,1117.66666666667,56,280,0,18,18,19,1,48,0,3,0,1,0,0,0,0,0,0,0,0,1,0,0,0,0,0,0,0,0,0,0,0,1,0,0,0,0,1,0,2,52,1,1,0,0,3,2,31,0,0,0,0,54,0,0,0,0,0,0,0,0,0,40,0,0,15,24,0,2,0,25,0,2,0,50,3,0,0,0,0,0,0,5,3,13,10,11,14
"2018-08-26",37,75,0,0,12,12,63,2,0,1,2,0,0,3,1,0,0,0,3,0,3,3,0,0,0,0,2,2,794.266666666667,2938.41666666667,171.125,652.279166666667,3724.54333333333,738.458333333333,37,222,0,9,18,10,0,27,3,2,0,0,0,0,1,0,0,0,0,0,1,0,0,0,0,0,0,0,0,0,0,0,0,0,0,0,0,0,1,1,33,1,1,0,0,4,4,12,0,0,0,0,20,0,0,0,0,0,0,0,0,14,27,2,0,7,14,0,1,0,21,0,0,0,22,7,5,0,0,0,0,0,3,1,9,14,4,6
"2018-08-27",59,116,0,0,17,17,90,9,0,2,4,0,1,1,1,0,0,0,8,0,4,4,0,0,0,0,3,3,1380.10833333333,4410.25,277.791666666667,1095.1875,5939.0875,1302.91666666667,0,0,0,14,21,24,0,41,4,3,0,0,0,0,0,0,0,0,1,1,0,0,0,0,0,0,1,0,1,0,0,0,3,0,0,0,0,0,0,7,48,0,1,0,0,4,5,23,1,0,0,1,52,0,0,0,0,0,0,0,0,2,45,1,0,10,27,0,2,0,25,0,3,0,44,8,1,0,0,0,0,0,4,8,17,14,5,11
"2018-08-28",63,129,0,0,17,17,96,13,0,2,3,1,2,4,3,0,0,0,5,0,3,3,0,0,0,0,2,2,1621.9875,5047.875,322.875,1378.9125,6312.705,1262.625,0,63,0,14,25,24,0,50,3,3,0,0,0,0,0,1,0,0,1,0,0,0,0,0,0,0,0,0,1,0,0,0,1,0,0,0,0,0,0,3,57,0,0,0,0,3,4,34,0,0,0,0,47,0,0,0,0,0,0,0,0,13,53,1,0,8,33,0,3,0,25,0,1,0,48,5,6,0,1,0,0,0,4,6,16,15,9,13
"2018-08-29",63,125,0,0,22,22,97,17,0,1,1,1,0,2,1,0,0,0,5,0,4,4,0,0,0,0,1,1,1597.8375,4977,312.375,1344,6309.66,1362.375,0,126,0,15,26,22,0,53,3,1,0,0,0,0,0,0,0,0,1,2,0,0,0,0,0,0,1,0,0,0,0,0,0,0,0,0,0,0,0,4,57,0,0,0,0,2,5,36,0,0,0,0,56,0,0,0,0,0,0,0,0,2,52,0,0,8,27,0,9,0,22,0,1,0,47,11,0,0,0,0,0,1,9,7,13,10,10,14
"2018-08-30",68,129,0,1,18,19,98,8,1,4,9,0,1,2,0,0,0,1,5,0,6,6,0,1,1,0,8,8,1205.86666666667,4422.83333333333,595,743.183333333333,6878.93666666667,1170.16666666667,0,204,0,18,24,25,1,44,6,9,0,0,0,0,0,1,0,1,0,1,0,0,0,0,0,0,0,0,0,0,0,0,2,0,0,0,0,0,1,4,60,1,0,0,0,4,14,23,0,0,0,2,62,0,0,0,0,0,0,0,0,2,57,2,0,7,26,0,4,1,30,0,5,0,52,10,1,0,0,0,0,0,5,1,20,11,6,25
"2018-08-31",80,153,0,0,19,19,115,12,2,2,7,0,4,2,0,0,0,1,8,0,3,3,0,2,2,0,4,4,1455,4950,516.666666666667,837.666666666667,8133.8,966.666666666667,0,320,0,18,33,29,0,57,4,6,0,0,0,0,0,0,2,0,0,0,0,0,0,1,0,0,1,0,0,0,0,0,3,0,0,0,0,0,1,7,67,1,1,0,0,4,12,30,1,0,0,0,73,0,0,0,0,0,0,0,0,0,61,1,0,12,30,0,4,0,39,0,0,0,70,2,0,0,0,0,0,0,6,4,22,15,11,22
"2018-09-01",48,94,0,1,11,12,76,3,0,1,1,0,2,0,4,0,0,0,7,0,3,3,0,0,0,0,1,1,1069.8,3660,294,852.4,4864.84,874,48,240,0,7,19,21,1,35,3,1,0,0,0,0,2,0,1,0,0,0,0,0,0,0,0,0,1,0,0,1,0,0,1,0,0,0,0,0,1,4,41,1,0,0,0,1,5,14,0,1,0,0,44,0,0,0,0,0,0,0,0,3,31,1,1,15,24,0,3,1,20,0,0,0,40,5,2,0,0,0,0,0,4,3,13,9,6,13
"2018-09-02",44,85,0,0,14,14,70,3,0,3,0,0,0,2,4,0,0,1,2,0,2,2,0,0,0,0,0,0,970.75,3831.66666666667,231,871.2,4446.53,900.166666666667,44,264,0,10,21,13,0,27,2,0,0,0,0,0,0,0,1,0,0,0,1,0,0,0,0,1,1,0,2,0,0,0,3,0,0,0,0,0,3,9,29,3,0,0,0,3,7,21,0,0,0,0,21,0,0,0,0,0,0,0,0,21,26,3,0,14,21,0,2,1,18,0,1,0,18,15,9,0,2,0,0,0,6,4,14,5,4,11
"2018-09-03",36,73,0,0,11,11,60,2,0,0,3,2,0,1,0,0,0,0,5,0,0,0,0,0,0,0,3,3,902.4,2988,157.5,789,3637.065,703.5,0,0,0,11,10,15,0,29,1,3,0,0,0,0,0,0,0,0,1,0,0,0,0,0,0,0,2,0,0,0,0,0,0,0,0,0,0,0,0,3,33,0,0,0,0,5,6,11,0,0,0,0,19,0,0,0,0,0,0,0,0,14,19,2,0,13,10,0,1,1,22,0,1,0,18,11,2,0,2,0,0,0,3,4,10,3,4,12
"2018-09-04",69,128,0,0,25,25,87,16,0,3,8,2,3,2,1,0,0,1,5,0,4,4,0,1,1,0,6,6,1586.7125,3976.125,405.375,945.875,7006.72,802.125,0,69,0,22,28,19,0,41,3,9,0,0,0,0,0,1,1,2,1,0,0,0,0,0,0,3,0,0,0,0,0,0,3,0,0,0,0,1,3,10,54,4,2,0,0,4,7,19,0,1,0,0,64,0,0,0,0,0,0,0,0,1,56,1,0,9,29,0,3,2,28,0,3,0,60,3,0,0,1,0,0,0,3,5,14,17,12,18
"2018-09-05",71,137,0,2,17,19,103,15,0,3,5,0,2,1,2,0,0,0,6,0,5,5,0,0,0,0,4,4,1842.45,4715.58333333333,428.958333333333,1345.15416666667,7170.40833333333,1414.08333333333,0,142,0,13,27,29,2,51,4,5,0,0,0,0,0,0,0,0,0,0,0,0,0,0,0,1,1,0,0,0,0,0,5,0,0,0,0,0,0,7,60,0,1,0,0,3,11,27,0,0,0,0,67,0,0,0,0,0,0,0,0,2,59,2,0,7,35,0,5,0,26,0,1,0,61,7,1,0,0,0,0,0,7,5,23,13,13,10
"2018-09-06",68,134,0,1,18,19,101,13,0,5,1,0,3,0,5,0,0,1,5,0,5,5,0,1,1,0,0,0,1514.41666666667,3935.5,549.666666666667,901.283333333333,6875.11166666667,1328.83333333333,0,204,0,14,30,23,1,50,5,0,0,0,0,0,0,0,0,2,2,0,0,0,0,0,0,0,0,0,1,0,0,0,2,0,0,0,0,0,2,7,55,2,0,0,0,6,11,31,0,0,0,0,63,0,0,0,0,0,0,0,0,1,58,1,1,5,25,0,3,0,36,0,2,0,61,4,0,0,0,0,0,0,8,3,22,12,4,19
"2018-09-07",75,143,0,1,26,27,112,10,0,2,7,0,3,1,2,0,0,0,6,0,5,5,0,3,3,0,7,7,1377.1875,4003.125,396.875,629.375,7601.28125,1815.625,0,300,0,23,26,25,1,57,6,7,0,0,0,0,0,0,0,0,0,1,0,0,0,0,0,1,0,0,0,0,0,0,2,0,0,0,0,0,1,4,70,1,0,0,0,6,13,31,1,0,0,0,72,0,0,0,0,0,0,0,0,0,56,2,0,16,35,0,1,1,32,1,3,0,70,0,0,0,0,0,0,0,4,4,27,10,7,23
"2018-09-08",57,114,0,1,15,16,84,2,0,3,2,0,4,7,6,0,0,0,6,0,3,3,0,0,0,0,2,2,792.0625,2785.875,572.375,183.825,5791.36625,674.5,57,285,0,12,23,21,1,41,2,2,0,0,0,0,0,0,0,0,0,0,0,0,0,0,0,0,2,0,1,0,0,0,0,0,1,0,0,1,2,3,45,4,0,1,0,4,8,17,0,0,0,0,55,0,0,0,0,0,0,0,0,0,31,4,1,18,23,0,2,0,25,0,3,0,55,0,0,0,0,0,0,0,2,5,21,6,3,20
"2018-09-09",60,113,1,2,17,20,100,1,0,1,5,0,1,1,1,0,0,0,3,1,3,4,0,1,1,0,3,3,765,3285,422.5,203.5,6112.45,660,60,360,1,13,28,16,2,46,4,4,0,0,0,0,0,0,1,0,0,2,0,0,0,0,0,0,0,1,0,0,0,0,0,0,0,0,0,0,1,4,54,1,0,0,0,8,9,22,1,0,0,0,59,0,0,0,0,0,0,0,0,0,42,1,0,16,25,0,2,1,29,0,1,0,59,1,0,0,0,0,0,0,6,6,15,12,9,12
"2018-09-10",59,111,1,2,12,15,84,13,0,3,2,0,1,1,2,0,0,0,5,1,4,5,0,0,0,0,2,2,796.745833333333,3859.58333333333,361.375,394.316666666667,5999.90666666667,823.541666666667,0,0,1,12,27,17,2,43,7,2,0,0,0,0,0,0,0,0,0,0,0,0,0,0,0,1,1,0,0,0,0,0,1,0,0,0,0,0,1,3,52,1,0,0,1,2,9,24,1,1,0,0,49,0,0,0,0,0,0,0,0,8,46,2,2,7,29,0,5,0,25,0,0,0,35,15,7,0,0,0,0,0,8,6,11,10,10,14
"2018-09-11",57,109,0,0,15,15,77,14,0,3,2,0,2,0,3,0,0,0,8,0,3,3,0,0,0,0,2,2,941.6875,5032.625,163.875,826.025,5768.6375,1104.375,0,57,0,10,27,20,0,42,3,2,0,0,0,0,0,1,1,0,0,0,0,0,0,0,0,1,1,0,0,0,0,0,1,1,0,0,0,0,2,4,48,3,0,0,1,4,5,18,1,0,0,0,36,0,0,0,0,0,0,0,0,18,40,5,1,8,22,0,6,0,26,0,1,0,27,10,17,0,0,0,0,0,8,5,13,6,9,16
"2018-09-12",50,93,0,1,18,19,69,7,0,2,4,0,4,1,2,0,0,0,4,0,4,4,0,3,3,0,3,3,979.791666666667,3806.25,158.333333333333,754.791666666667,5081.125,1084.78260869565,0,100,0,15,20,14,1,36,3,4,0,0,0,0,0,0,0,0,1,0,1,0,0,0,0,0,0,0,0,0,0,0,2,0,0,0,0,0,2,4,43,2,0,0,0,3,2,23,0,0,0,0,49,0,0,0,0,0,0,0,0,0,42,1,1,5,25,0,2,0,17,1,2,0,42,5,0,0,0,0,0,0,7,3,12,8,10,10
"2018-09-13",78,150,1,1,27,29,119,10,0,4,5,0,1,3,2,0,0,1,5,0,7,7,0,0,0,1,4,5,1620.45,5606.25,282.75,1189.5,7931.2025,1628.25,0,234,1,22,23,31,1,57,7,4,0,0,0,0,0,0,1,1,1,0,0,0,0,1,0,1,0,0,0,0,0,0,1,0,0,0,0,0,4,6,68,4,1,0,0,8,5,33,1,0,0,0,75,0,0,0,0,0,0,0,0,1,62,4,0,10,44,1,3,0,21,1,6,0,76,0,0,0,0,0,0,0,11,7,19,11,11,19
"2018-09-14",79,155,0,0,34,34,123,8,1,3,8,0,3,3,1,0,0,1,4,0,7,7,0,3,3,0,4,4,1773.87916666667,5378.58333333333,306.125,1240.95833333333,8012.54208333333,1435.16666666667,0,316,0,27,24,28,0,60,7,8,0,0,0,0,0,0,1,0,0,0,0,0,0,0,0,0,0,0,1,0,0,0,0,0,0,0,0,0,1,2,75,1,0,0,0,5,12,32,1,2,0,0,76,0,0,0,0,0,0,0,0,1,63,1,0,13,38,0,4,1,29,1,4,0,76,1,0,0,0,0,0,0,9,3,22,12,15,18
"2018-09-15",51,102,0,0,25,25,89,1,0,2,2,0,2,2,2,0,0,0,2,0,4,4,0,1,1,0,1,1,1219.5375,3667.75,187,939.25,5161.60375,1264.375,51,255,0,15,17,19,0,39,3,1,0,0,0,0,2,0,0,0,0,0,0,0,0,0,0,1,1,0,2,0,0,0,1,0,0,0,0,0,0,5,45,0,0,0,0,3,7,22,0,0,0,0,49,0,0,0,0,0,0,0,0,0,33,1,0,16,24,0,4,0,19,0,0,0,48,1,0,0,0,0,0,0,4,4,9,12,7,15
"2018-09-16",62,120,0,2,13,15,101,0,0,1,5,0,1,2,4,0,0,0,6,0,4,4,0,0,0,0,4,4,1454.675,4417.5,310,1105.925,6281.86583333333,689.75,62,372,0,12,29,19,2,47,4,3,0,0,0,0,1,0,0,0,1,0,0,0,0,0,0,0,0,0,1,0,0,0,0,0,0,0,0,0,2,2,55,2,0,0,1,5,15,11,0,0,0,0,60,0,0,0,0,0,0,0,0,0,31,3,0,25,23,0,1,2,31,1,1,0,55,2,0,0,0,0,0,0,6,3,19,8,8,18
"2018-09-17",68,127,0,1,24,25,92,10,1,1,9,1,2,2,5,0,0,1,3,0,3,3,0,1,1,0,6,6,1693.76666666667,4516.33333333333,379.666666666667,1214.65,6837.25833333333,1405.33333333333,0,0,0,20,23,24,1,46,3,9,0,0,0,0,0,0,0,0,0,0,0,0,1,0,0,0,1,1,0,0,0,0,3,0,0,0,0,0,2,6,58,2,0,0,0,2,9,27,2,0,0,0,66,0,0,0,0,0,0,0,0,0,57,2,0,7,34,0,8,0,22,0,2,0,66,0,0,0,0,0,0,0,4,5,21,9,9,20
"2018-09-18",66,127,1,3,41,45,86,19,0,4,2,1,2,1,0,0,0,0,12,1,1,2,0,1,1,0,2,2,1283.7,5172.75,533.5,1027.125,6602.8875,1047.75,0,66,1,14,28,22,1,53,2,1,0,0,0,0,1,1,0,0,0,1,0,0,0,0,0,0,0,0,0,0,0,0,3,0,0,0,0,0,1,4,58,1,0,0,0,7,7,29,0,0,0,0,63,0,0,0,0,0,0,0,0,1,52,1,1,10,29,0,3,1,29,0,2,0,51,13,0,0,0,0,0,0,6,3,20,17,8,12
"2018-09-19",46,85,0,1,14,15,58,4,0,4,5,0,3,2,1,0,0,0,8,0,3,3,0,2,2,0,4,4,590.141666666667,3480.66666666667,350.75,394.066666666667,4641.61083333333,287.5,0,92,0,11,20,14,1,33,5,4,0,0,0,0,0,1,1,0,1,0,0,0,0,0,0,0,0,0,0,0,0,0,0,0,1,0,0,0,0,2,43,1,0,0,0,8,6,15,0,0,0,0,43,0,0,0,0,0,0,0,0,0,33,3,1,6,21,0,3,1,17,0,2,0,31,12,0,0,0,0,0,0,4,2,8,13,7,12
"2018-09-20",70,139,0,0,16,16,103,18,0,3,7,1,0,1,0,0,0,1,5,0,0,0,0,0,0,0,6,6,930.416666666667,5489.16666666667,414.166666666667,658.875,7104.3,845.833333333333,0,210,0,13,32,25,0,56,0,7,0,0,0,0,0,0,0,1,0,0,0,0,0,0,0,1,0,0,0,0,0,0,3,0,1,0,0,0,1,5,63,2,0,0,1,6,13,30,0,0,0,0,67,0,0,0,0,0,0,0,0,1,45,6,0,18,39,0,3,0,26,0,0,0,52,15,0,0,0,0,0,0,5,4,25,11,6,19
"2018-09-21",76,149,0,0,21,21,118,8,0,3,1,0,1,2,2,0,0,0,14,0,7,7,0,1,1,0,1,1,1370.85,6387.16666666667,655.5,1158.05,7610.51333333333,1352.16666666667,0,304,0,19,28,29,0,51,8,0,0,0,0,0,1,3,0,0,2,0,0,0,0,0,0,2,0,0,1,0,0,0,1,0,0,0,0,1,2,6,63,3,0,0,0,4,9,34,2,0,0,0,33,0,0,0,0,0,0,0,4,37,41,6,1,25,40,0,6,0,27,0,1,0,27,13,23,0,9,0,0,0,10,4,16,10,13,23
"2018-09-22",57,117,0,1,17,18,94,4,0,2,0,0,0,2,4,0,0,0,11,0,2,2,0,0,0,0,0,0,745.5125,3139.75,413.25,231.325,5760.9425,1573.69565217391,57,285,0,8,22,26,1,52,0,0,0,0,0,0,0,0,0,0,0,0,0,0,0,1,0,0,1,0,0,0,0,0,1,0,0,0,0,0,0,3,52,0,0,0,0,1,10,27,0,0,0,0,52,0,0,0,0,0,0,0,0,2,32,2,0,17,26,0,3,1,24,0,0,0,50,3,0,0,0,0,0,0,3,3,16,14,6,15
"2018-09-23",41,79,0,0,9,9,64,2,0,3,1,0,0,2,1,0,0,0,6,0,2,2,0,0,0,0,1,1,457.320833333333,2682.08333333333,304.083333333333,192.529166666667,4167.78666666667,722.625,41,246,0,7,22,12,0,31,3,1,0,0,0,0,0,0,2,0,0,1,0,0,0,0,0,0,0,1,0,0,0,0,0,0,0,0,0,0,0,4,35,0,1,0,0,2,8,14,1,0,0,0,40,0,0,0,0,0,0,0,0,1,32,0,0,9,17,0,0,0,20,0,2,0,35,5,0,0,0,0,0,0,1,1,13,8,4,14
"2018-09-24",67,136,0,0,18,18,97,19,0,4,5,0,2,0,3,0,0,0,6,0,2,2,0,3,3,0,2,2,657.4375,3492.375,516.458333333333,-11.4458333333333,6868.86791666667,424.333333333333,0,0,0,16,33,18,0,53,2,4,0,0,0,0,0,0,1,1,0,0,0,0,0,0,0,0,2,0,0,0,0,0,1,0,0,0,1,0,1,5,59,2,0,0,0,6,11,27,2,1,0,0,64,0,0,0,0,0,0,0,0,1,49,4,0,12,30,0,7,0,26,1,1,0,59,5,0,0,0,0,0,0,8,4,20,14,10,11
"2018-09-25",56,109,0,0,15,15,82,15,0,0,3,0,0,2,2,0,0,0,5,0,1,1,0,0,0,0,2,2,716.566666666667,4540.66666666667,466.666666666667,534.566666666667,5683.04333333333,1024.33333333333,0,56,0,12,25,19,0,42,3,3,0,1,0,0,0,0,2,0,2,0,0,0,0,0,0,0,0,0,0,0,0,0,1,0,0,0,0,0,0,5,49,0,0,0,0,2,5,29,0,1,0,0,18,1,0,0,0,0,0,0,0,35,32,9,0,11,28,0,7,0,20,0,0,0,19,12,23,1,0,0,0,0,6,6,18,8,5,13
"2018-09-26",76,147,0,0,21,21,114,10,1,4,4,0,0,4,4,0,0,0,6,0,5,5,0,0,0,0,3,3,1393.33333333333,6526.5,440.166666666667,1203.01666666667,7601.805,1567.5,0,152,0,18,26,32,0,57,6,4,0,0,0,0,1,0,1,0,0,0,0,0,0,0,0,0,1,1,0,0,0,0,2,0,0,0,0,0,0,5,68,0,0,0,0,6,8,38,0,0,0,0,34,0,0,0,0,0,0,0,0,41,54,9,1,9,44,0,6,0,23,0,3,0,32,22,18,0,2,0,0,0,8,5,20,13,12,18
"2018-09-27",92,173,0,0,32,32,133,11,0,1,9,1,2,4,7,0,0,0,5,0,3,3,0,2,2,0,6,6,1292.21666666667,5497,429.333333333333,559.666666666667,9304.075,1786.33333333333,0,276,0,26,32,34,0,63,5,9,0,0,0,0,1,0,0,1,2,0,0,0,0,0,0,3,0,0,2,0,0,0,0,0,0,0,0,0,5,8,78,5,1,0,0,6,17,33,0,0,0,0,86,0,0,1,0,0,0,0,0,0,71,3,0,13,37,0,3,0,47,0,2,0,83,3,0,0,0,0,0,0,7,5,25,22,10,23
"2018-09-28",87,165,0,1,31,32,140,10,0,1,5,0,1,1,0,0,0,0,7,0,5,5,0,1,1,0,4,4,1423.175,6278.5,514.75,976.9375,8764.525,1671.125,0,348,0,25,27,34,1,70,5,4,0,0,0,0,1,0,0,0,1,0,0,0,0,0,0,2,0,0,0,0,0,0,2,0,0,0,0,0,1,5,80,1,1,0,1,4,8,37,0,0,0,1,81,0,0,0,0,0,0,0,0,5,66,3,0,16,39,0,4,0,37,1,2,0,78,3,3,0,1,0,0,0,6,6,24,15,16,20
"2018-09-29",66,133,0,1,22,23,112,7,0,1,3,2,4,2,1,0,0,0,1,0,2,2,0,5,5,0,3,3,842.875,4886.75,291.5,536.25,6679.585,1606,66,330,0,17,25,23,1,52,2,3,0,0,0,0,0,0,0,0,3,0,0,0,0,0,0,0,2,0,0,0,0,0,1,0,0,0,0,0,2,6,57,2,0,0,1,4,7,33,0,0,0,0,54,0,0,0,0,0,0,0,0,12,36,4,1,25,29,0,3,2,28,0,2,0,48,8,10,0,0,0,0,0,4,8,18,13,6,17
"2018-09-30",38,71,0,1,19,20,57,4,0,2,0,1,1,0,0,0,0,0,6,0,2,2,0,1,1,0,0,0,383.8,2840.5,163.083333333333,215.65,3862.415,1038.66666666667,38,228,0,14,13,10,1,30,2,0,0,0,0,0,2,0,1,0,0,0,0,0,0,0,0,0,0,0,1,0,0,0,0,0,0,0,0,0,1,2,34,1,0,0,0,1,6,16,0,0,0,0,27,0,0,0,0,0,0,0,0,10,17,3,1,16,17,0,1,1,19,0,0,0,16,11,9,0,0,0,0,0,1,3,13,6,4,11
"2018-10-01",61,126,0,0,21,21,103,6,0,4,2,1,3,1,2,0,0,1,3,0,1,1,0,2,2,0,1,1,627.791666666667,4203.91666666667,274.5,269.670833333333,6215.69666666667,948.041666666667,0,0,0,14,20,27,0,51,4,2,0,0,0,0,0,0,0,1,0,1,0,0,0,0,0,0,0,0,0,0,0,0,0,0,0,0,0,0,1,2,57,1,0,0,0,5,9,31,0,1,0,0,54,0,0,0,0,0,0,0,0,6,44,1,0,15,27,0,1,0,27,0,4,0,47,8,4,0,0,0,0,0,5,3,19,8,8,18
"2018-10-02",62,115,0,1,19,20,85,10,0,0,2,1,2,3,2,0,0,0,10,0,6,6,0,1,1,0,2,2,569.625,5629.08333333333,462.416666666667,474.3,6271.55833333333,162.75,0,62,0,17,26,18,1,39,6,3,0,0,0,0,0,3,0,1,0,1,0,0,0,0,0,1,1,0,0,0,0,1,5,0,1,0,0,0,0,10,51,1,0,0,0,3,6,33,0,0,0,0,6,0,0,0,0,0,0,0,0,53,31,9,1,19,30,0,2,0,26,0,3,0,10,6,42,0,0,0,0,0,8,4,19,10,8,13
"2018-10-03",69,129,0,0,18,18,98,6,0,2,9,1,1,1,1,0,0,1,9,0,3,3,0,0,0,0,6,6,717.3125,6195.625,485.875,605.1875,6965.0325,851,0,138,0,16,25,28,0,40,5,7,0,0,0,0,1,1,1,0,1,2,0,0,0,0,0,0,2,0,1,0,0,0,1,0,0,0,0,0,2,8,54,2,1,0,0,3,8,30,0,0,0,0,52,0,0,0,0,0,0,0,0,9,48,4,0,10,35,0,5,0,25,0,0,0,31,23,3,1,0,0,0,0,6,4,24,9,8,18
"2018-10-04",81,159,0,0,18,18,121,14,2,3,3,1,1,6,3,0,0,0,5,0,4,4,0,0,0,0,2,2,1227.825,6291,634.5,884.25,8121.76875,1319.625,0,243,0,16,32,33,0,63,3,3,0,0,0,0,1,0,1,0,1,0,0,0,0,3,0,1,1,0,0,0,0,0,1,0,0,0,0,0,0,8,70,0,0,0,0,4,8,26,0,0,0,0,62,0,0,0,0,1,0,0,0,16,58,2,0,19,40,0,0,2,33,1,1,0,54,14,9,0,0,0,0,0,6,6,29,12,7,21
"2018-10-05",75,139,0,2,25,27,109,9,0,4,7,0,1,3,3,0,0,0,3,0,9,9,0,1,1,0,7,7,567.8125,3728.125,546.875,-183.75,7621.0625,440.625,0,300,0,22,32,19,2,55,9,4,0,0,0,0,0,0,0,0,0,1,0,0,0,1,0,0,1,0,0,0,0,0,0,1,0,0,0,1,0,3,68,2,1,0,0,5,12,27,1,0,0,0,73,0,0,0,0,0,0,0,0,0,56,2,1,15,33,0,4,0,32,1,4,0,71,3,0,0,0,0,0,0,9,3,25,10,11,17