"Date","NB_Accidents","NB_VEH_IMPLIQUES_ACCDN","NB_MORTS","NB_BLESSES_GRAVES","NB_BLESSES_LEGERS","NB_VICTIMES_TOTAL","nb_automobile_camion_leger","nb_camionLourd_tractRoutier","nb_outil_equipement","nb_tous_autobus_minibus","nb_bicyclette","nb_cyclomoteur","nb_motocyclette","nb_taxi","nb_urgence","nb_motoneige","nb_VHR","nb_autres_types","nb_veh_non_precise","NB_DECES_PIETON","NB_BLESSES_PIETON","NB_VICTIMES_PIETON","NB_DECES_MOTO","NB_BLESSES_MOTO","NB_VICTIMES_MOTO","NB_DECES_VELO","NB_BLESSES_VELO","NB_VICTIMES_VELO","Temp","Rel.Hum","Wind.Spd","Dew.Point.Temp","Stn_Press","Wind.Dir","weekdays","days","SeverityDeadly","SeverityLight Injury","SeverityMaterial High","SeverityMaterial Low","SeveritySevere Injury","as.factor(Accident_Type)31","as.factor(Accident_Type)32","as.factor(Accident_Type)33","as.factor(Accident_Type)34","as.factor(Accident_Type)35","as.factor(Accident_Type)36","as.factor(Accident_Type)37","as.factor(Accident_Type)38","as.factor(Accident_Type)39","as.factor(Accident_Type)40","as.factor(Accident_Type)41","as.factor(Accident_Type)42","as.factor(Accident_Type)43","as.factor(Accident_Type)44","as.factor(Accident_Type)45","as.factor(Accident_Type)46","as.factor(Accident_Type)47","as.factor(Accident_Type)48","as.factor(Accident_Type)49","as.factor(Accident_Type)50","as.factor(Accident_Type)51","as.factor(Accident_Type)52","as.factor(Accident_Type)53","as.factor(Accident_Type)54","as.factor(Accident_Type)55","as.factor(Accident_Type)59","as.factor(Accident_Type)71","as.factor(Accident_Type)72","as.factor(Accident_Type)73","as.factor(Accident_Type)74","as.factor(Accident_Type)75","as.factor(Accident_Type)99","Accident_CategoryFixed Object","Accident_CategoryMoving Object","Accident_CategoryNo Collision","Auth_Speed10","Auth_Speed100","Auth_Speed20","Auth_Speed30","Auth_Speed40","Auth_Speed50","Auth_Speed60","Auth_Speed70","Auth_Speed80","Auth_Speed90","Surface_CondDry","Surface_CondHard snow","Surface_CondIce","Surface_CondMud","Surface_CondOil","Surface_CondSand or gravel","Surface_CondSlush","Surface_CondSnow","Surface_CondWater accumulation","Surface_CondWet","IlluminationDay and clear","IlluminationDay and semi-dark","IlluminationNight and dark","IlluminationNight and lighted","EnvironmentCommercial","EnvironmentForest","EnvironmentIndustrial","EnvironmentPark","EnvironmentResidential","EnvironmentRural","EnvironmentSchool area","WeatherBlack Ice","WeatherClear Sky","WeatherCloudy","WeatherDrizzle","WeatherFoggy","WeatherHeavy Rain","WeatherSnow","WeatherSnowstorms","WeatherStrong Wind","cluster_id_0","cluster_id_1","cluster_id_2","cluster_id_3","cluster_id_4","cluster_id_5"
"2018-10-06",49,97,0,1,9,10,87,5,0,0,0,0,0,1,0,0,0,0,4,0,5,5,0,0,0,0,0,0,425.891666666667,3446.33333333333,304.208333333333,165.783333333333,4953.94083333333,308.291666666667,49,245,0,7,22,19,1,41,4,0,0,0,0,0,0,0,1,0,0,2,0,0,0,0,0,0,0,0,0,0,0,0,0,0,0,0,0,0,1,3,45,1,1,0,0,2,7,16,1,0,0,0,44,0,0,0,0,0,0,0,0,4,28,0,0,18,26,0,5,0,15,0,2,0,32,14,2,0,0,0,0,0,10,5,9,10,4,11
"2018-10-07",35,67,0,1,10,11,57,0,0,0,1,0,1,3,1,0,0,2,2,0,2,2,0,1,1,0,1,1,307.708333333333,2695,266.875,171.9375,3559.4125,173.541666666667,35,210,0,7,19,8,1,28,2,1,0,0,0,0,0,1,0,0,0,1,0,0,0,0,0,0,0,0,0,0,0,0,2,0,0,0,0,0,0,3,32,0,0,0,0,1,4,20,0,0,0,0,32,0,0,0,0,0,0,0,0,3,13,3,0,19,15,0,5,0,13,0,1,0,26,6,3,0,0,0,0,0,2,2,13,6,3,9
"2018-10-08",41,74,0,2,13,15,59,2,1,0,2,0,0,1,2,0,0,1,6,0,3,3,0,0,0,0,2,2,328.854166666667,3285.125,287,191.845833333333,4181.84625,304.083333333333,0,0,0,9,17,14,1,28,3,2,0,0,0,0,1,0,2,1,1,1,0,0,0,0,0,0,1,0,1,0,0,0,0,0,0,0,0,0,0,7,34,0,0,0,0,4,11,16,1,0,0,0,19,0,0,0,0,0,0,0,0,20,13,6,0,22,19,0,0,1,20,0,1,0,16,6,15,0,2,0,0,0,5,4,13,3,6,10
"2018-10-09",76,149,0,1,21,22,105,16,1,2,4,0,8,4,1,0,0,0,8,0,3,3,0,3,3,0,3,3,1455.08333333333,6320.66666666667,478.166666666667,1215.68333333333,7673.625,1323.66666666667,0,76,0,19,38,18,1,55,5,4,1,0,0,0,0,0,1,1,0,1,0,0,0,0,0,1,2,0,0,0,0,0,0,0,0,0,1,0,1,6,65,2,1,0,0,5,14,25,2,0,0,0,61,0,0,1,0,0,0,0,0,11,61,4,0,10,32,0,3,1,34,0,3,0,68,5,1,0,0,0,0,0,11,6,20,10,13,16
"2018-10-10",60,115,0,1,15,16,94,3,0,5,3,0,0,2,4,0,0,0,4,0,6,6,0,0,0,0,3,3,831.75,5447.5,620,742.75,6037.525,385,0,120,0,13,20,26,1,46,5,3,0,0,0,0,1,1,0,0,0,0,0,0,0,0,0,1,0,0,0,0,0,0,1,0,0,0,0,0,2,2,56,2,0,0,1,4,8,29,0,0,1,0,34,0,0,0,0,0,0,0,0,24,40,8,0,10,39,0,4,0,15,0,1,0,19,23,15,1,0,0,0,0,3,2,18,10,10,17
"2018-10-11",74,138,0,0,18,18,106,17,0,1,2,0,1,1,2,0,0,0,8,0,8,8,0,0,0,0,2,2,613.891666666667,7184.16666666667,773.916666666667,580.9,7361.21166666667,397.75,0,222,0,16,33,25,0,56,7,2,0,0,0,0,0,0,0,1,1,0,0,0,0,1,0,2,0,0,0,0,0,0,1,0,0,0,0,0,1,6,65,1,2,0,0,4,9,31,1,0,0,0,20,0,0,0,0,0,0,0,0,50,46,9,1,15,37,0,5,0,31,0,0,0,21,13,32,3,1,0,0,0,8,6,16,13,9,22
"2018-10-12",57,113,0,0,18,18,97,6,0,2,2,0,1,1,3,0,0,0,1,0,6,6,0,0,0,0,2,2,518.4625,3750.125,239.875,155.8,5669.5525,1299.125,0,228,0,16,23,18,0,46,4,2,0,0,0,0,0,0,0,0,0,0,0,0,0,0,0,2,0,0,1,0,0,0,0,0,0,0,0,0,1,3,52,1,0,0,0,3,4,25,0,0,0,0,53,0,0,0,0,0,0,0,0,0,40,2,0,13,27,0,0,0,25,0,2,0,40,11,0,0,0,0,0,0,8,6,15,14,7,7
"2018-10-13",53,101,0,0,15,15,89,1,0,0,0,0,1,1,1,0,0,0,8,0,3,3,0,0,0,0,0,0,338.758333333333,3323.54166666667,147.958333333333,-12.1458333333333,5304.21791666667,1152.75,53,265,0,12,24,17,0,46,3,0,0,0,0,0,0,0,0,0,0,0,0,0,0,0,0,1,1,1,1,0,0,0,0,0,0,0,0,0,0,4,49,0,1,0,1,4,9,18,1,0,0,0,50,0,0,0,0,0,0,0,0,1,32,2,0,19,33,0,1,2,16,0,0,0,39,14,0,0,0,0,0,0,6,7,16,8,7,9
"2018-10-14",49,94,0,0,15,15,77,1,0,1,3,1,1,1,2,0,0,1,6,0,3,3,0,1,1,0,1,1,406.7,2968.58333333333,191.916666666667,49.8166666666667,4952.14416666667,1090.25,49,294,0,11,19,19,0,36,5,2,0,0,0,0,0,0,1,1,0,0,0,0,0,0,0,2,0,1,0,0,0,0,0,0,0,0,0,0,0,5,43,0,0,0,0,2,10,19,0,0,0,0,44,0,0,0,0,0,0,0,0,2,27,2,0,17,27,0,2,1,19,0,0,0,42,4,0,1,0,0,0,0,5,1,15,14,8,6
"2018-10-15",65,124,1,2,21,24,92,15,0,3,6,0,0,0,2,0,0,0,6,1,7,8,0,0,0,0,6,6,604.157894736842,5107.63157894737,396.842105263158,364.684210526316,6510.94736842105,1289.73684210526,0,0,1,19,20,23,2,44,10,6,0,0,0,0,0,0,0,0,1,1,0,0,0,0,0,1,0,0,0,0,0,0,0,0,0,0,0,0,0,3,60,0,1,0,0,7,10,29,1,0,0,0,34,0,0,1,0,0,0,0,0,29,44,2,0,17,26,0,5,1,29,0,2,0,27,12,22,0,1,0,0,1,4,3,23,11,8,16
"2018-10-16",49,92,0,0,10,10,72,9,0,4,2,0,1,0,2,0,0,0,2,0,4,4,0,1,1,0,2,2,313.804166666667,2946.125,322.583333333333,-40.6291666666667,4918.72208333333,1078,0,49,0,10,19,20,0,36,4,2,0,0,0,1,0,0,0,0,0,1,0,0,0,0,0,0,1,0,1,0,0,0,0,0,0,0,0,0,1,3,43,1,2,0,1,3,9,17,1,0,0,0,46,0,0,0,0,0,0,0,0,1,36,3,0,8,22,0,3,0,21,0,2,0,36,7,1,0,0,0,0,1,7,5,13,10,3,11
"2018-10-17",57,113,0,0,23,23,82,9,0,2,4,1,2,3,2,0,0,0,8,0,2,2,0,2,2,0,3,3,378.575,3640.875,318.25,1.1875,5697.22125,1135.25,0,114,0,17,18,22,0,41,3,4,0,0,0,0,0,0,1,0,1,0,0,0,0,1,0,0,1,0,1,0,0,0,1,0,1,0,0,0,0,6,48,1,0,0,0,6,4,22,1,0,0,0,46,0,0,0,0,0,0,0,0,9,38,7,1,10,23,0,6,0,23,1,2,0,37,12,6,0,0,0,0,0,2,3,24,5,10,13
"2018-10-18",62,116,0,2,17,19,88,10,0,3,4,0,1,2,1,0,0,0,7,0,5,5,0,1,1,0,3,3,127.358333333333,3291.16666666667,271.25,-421.341666666667,6279.79916666667,1110.09523809524,0,186,0,16,19,25,2,45,5,4,0,0,0,0,0,0,0,0,0,1,0,0,0,0,0,0,0,0,2,0,0,0,1,0,0,0,0,0,3,4,54,3,1,0,0,8,8,24,0,1,0,0,57,0,0,0,0,0,0,0,0,0,48,0,0,11,29,0,5,0,19,0,3,0,54,4,0,0,0,0,0,0,9,6,17,8,5,17
"2018-10-19",81,160,0,1,31,32,119,17,1,2,4,1,1,5,3,0,0,0,7,0,7,7,0,1,1,0,3,3,861.975,4748.625,725.625,225.45,8123.32125,1613.25,0,324,0,24,27,29,1,59,7,3,0,0,0,0,0,0,0,0,0,0,0,0,0,0,1,2,1,0,0,0,0,0,4,0,0,0,0,0,2,8,69,2,1,0,0,5,11,38,1,1,0,0,77,0,0,0,0,0,0,0,0,2,55,8,1,14,42,0,6,0,28,0,2,0,71,7,1,0,0,0,0,0,9,7,21,11,14,19
"2018-10-20",48,90,0,0,14,14,72,2,0,2,3,1,0,1,4,0,0,0,5,0,1,1,0,0,0,0,3,3,486.8,2768,396,94.6,4753.04,1048,48,240,0,11,19,18,0,31,3,2,0,1,0,0,1,2,2,1,0,1,0,0,0,0,0,0,0,0,1,0,0,0,1,0,0,0,0,0,1,6,40,1,2,0,0,1,6,24,2,0,0,0,42,0,0,0,0,0,0,0,0,5,22,2,0,20,20,1,1,0,19,0,3,0,35,7,2,0,0,0,0,1,2,2,12,6,15,11
"2018-10-21",39,79,0,2,18,20,67,0,0,0,1,1,2,4,2,0,0,0,2,0,2,2,0,2,2,0,0,0,106.4375,2115.75,188.5,-222.7875,3913.9425,789.75,39,234,0,15,11,11,2,29,2,1,0,0,0,0,1,0,0,2,0,0,0,0,0,0,0,0,1,0,0,0,0,0,1,0,2,0,0,0,0,4,33,2,0,0,0,2,5,18,1,0,0,0,36,0,0,0,0,0,0,0,0,0,28,1,0,8,17,0,4,0,17,0,1,0,23,13,0,0,0,0,0,1,3,1,14,9,4,8
"2018-10-22",70,129,0,0,23,23,101,13,1,3,7,1,0,0,0,0,0,0,3,0,6,6,0,0,0,0,5,5,191.041666666667,4071.66666666667,291.666666666667,-339.791666666667,7073.4125,1516.66666666667,0,0,0,20,20,30,0,49,5,6,0,0,0,0,0,0,0,1,0,0,0,0,0,1,0,2,1,0,0,0,0,0,3,0,0,0,0,0,1,8,60,1,0,0,0,4,9,29,1,0,0,0,65,0,0,0,0,0,0,0,0,3,53,1,0,15,40,0,4,0,24,0,1,0,56,9,3,0,0,0,0,0,5,2,18,15,11,19
"2018-10-23",54,104,0,0,19,19,78,10,1,2,5,0,0,1,3,0,0,0,4,0,2,2,0,0,0,0,5,5,259.425,3798,447.75,-11.475,5446.6875,164.25,0,54,0,18,18,18,0,37,3,4,0,0,0,0,1,0,1,0,1,0,0,0,0,0,0,0,1,0,0,0,0,0,1,0,1,0,0,0,1,4,45,2,0,0,0,2,10,20,0,2,0,0,45,0,0,0,0,0,0,0,0,7,35,4,0,14,24,0,9,0,20,0,1,0,36,11,3,0,0,0,0,1,1,1,19,11,7,15
"2018-10-24",71,137,0,0,22,22,108,10,0,5,2,0,1,1,6,0,0,1,3,0,5,5,0,0,0,0,1,1,295.241666666667,5564.625,641.958333333333,42.0083333333333,7171,1094.58333333333,0,142,0,17,27,27,0,53,6,2,0,0,0,0,2,0,3,0,1,0,0,0,0,0,0,0,0,0,0,0,0,0,1,0,0,0,0,0,2,5,63,2,0,0,0,4,6,35,1,0,0,1,41,0,0,0,0,0,0,0,0,27,47,3,1,16,32,0,3,2,29,1,1,0,38,14,14,0,0,0,0,0,6,6,19,13,11,16
"2018-10-25",70,134,0,0,13,13,108,14,0,2,2,1,0,2,1,0,0,0,4,0,2,2,0,0,0,0,1,1,107.333333333333,4188.33333333333,475.416666666667,-392.583333333333,7068.62916666667,2120.41666666667,0,210,0,11,32,27,0,54,2,2,0,0,0,0,0,0,2,2,0,0,0,0,0,0,0,0,0,0,1,0,0,0,4,0,0,0,0,0,3,9,58,3,1,0,0,2,9,31,0,0,0,0,66,0,0,0,0,0,0,0,0,1,51,3,0,15,38,0,4,0,24,0,1,0,49,18,0,0,0,0,0,0,11,9,18,14,9,9
"2018-10-26",66,131,0,1,22,23,108,14,1,3,2,0,0,1,0,0,0,0,2,0,5,5,0,0,0,0,2,2,87.725,3445.75,330,-498.3,6669.9875,1831.5,0,264,0,20,31,14,1,48,6,3,0,0,0,0,0,0,0,1,1,1,0,0,0,0,0,3,0,1,0,0,0,0,0,0,0,0,0,0,0,7,57,0,0,0,0,4,11,26,0,0,0,0,62,0,0,0,0,0,0,0,0,1,47,3,0,14,30,0,3,0,31,0,0,0,58,2,1,0,0,1,0,0,9,5,17,11,7,17
"2018-10-27",54,105,0,0,25,25,91,5,0,0,2,0,0,3,1,0,0,1,2,0,2,2,0,0,0,0,1,1,72.9,3757.5,456.75,-211.725,5452.11,131.478260869565,54,270,0,14,25,15,0,45,3,1,0,0,0,0,0,0,2,0,0,0,0,0,0,0,0,0,0,0,0,0,0,0,1,0,0,0,0,0,0,3,49,0,0,0,0,3,10,18,1,0,0,0,26,1,0,1,0,0,1,0,0,23,22,3,1,26,19,0,3,0,30,0,0,0,19,11,9,0,4,8,0,0,3,3,17,12,4,15
"2018-10-28",45,93,0,0,18,18,86,1,0,2,0,0,1,0,0,0,0,0,3,0,4,4,0,0,0,0,0,0,106.875,4177.5,217.5,59.625,4487.8125,540,45,270,0,14,19,12,0,34,4,0,0,0,0,0,1,0,1,0,0,0,0,0,0,0,0,0,2,0,0,0,0,0,2,0,0,0,0,0,1,5,39,1,0,0,0,2,4,19,0,0,0,0,6,0,0,0,0,0,1,0,1,37,15,4,1,25,20,0,2,0,20,0,1,0,7,11,25,2,0,0,0,0,3,2,16,6,10,8
"2018-10-29",68,127,0,0,26,26,98,15,0,4,0,0,0,4,1,0,0,0,5,0,7,7,0,0,0,0,0,0,293.533333333333,6188,269.166666666667,200.316666666667,6782.065,1243.83333333333,0,0,0,23,28,17,0,51,8,0,0,0,0,0,0,0,0,0,0,0,0,0,0,0,0,3,0,0,2,0,0,1,1,0,0,0,0,0,1,7,59,1,0,0,0,1,15,30,0,0,0,0,9,0,0,0,0,1,0,0,0,56,37,11,1,19,28,0,9,2,21,1,1,0,13,13,38,1,0,1,0,0,9,3,16,15,10,15
"2018-10-30",75,149,0,1,17,18,117,6,0,2,3,1,0,2,4,0,0,0,14,0,7,7,0,0,0,0,2,2,214.6875,5790.625,315.625,-60.625,7548.15625,1678.125,0,75,0,15,33,26,1,59,7,3,0,0,0,0,0,1,1,0,0,0,0,0,0,1,0,0,0,0,0,0,0,0,1,0,1,0,0,0,0,3,70,1,0,0,0,4,14,31,1,0,0,0,60,0,0,0,0,0,0,0,0,11,52,4,0,15,33,0,5,0,30,0,3,0,43,26,2,0,0,0,0,0,4,4,17,19,11,20
"2018-10-31",75,159,0,0,33,33,141,3,0,3,2,2,0,1,2,0,0,0,5,0,10,10,0,0,0,0,2,2,255.3125,6706.25,371.875,135.3125,7531.71875,1315.625,0,150,0,29,28,18,0,57,10,2,0,0,0,0,0,0,0,0,0,0,0,1,0,0,0,0,0,0,1,0,0,0,1,0,0,0,0,0,2,3,69,2,0,0,0,6,10,33,0,0,0,0,19,0,0,0,0,0,0,0,0,55,40,10,1,23,44,0,1,0,27,1,1,0,15,17,41,0,1,0,0,0,10,4,20,14,9,18
"2018-11-01",77,149,1,0,19,20,119,11,0,4,4,0,1,4,1,0,0,0,5,0,8,8,0,1,1,0,1,1,444.926086956522,6946.73913043478,318.04347826087,329.760869565217,7726.71565217391,1191.82608695652,0,231,1,18,34,24,0,54,8,3,0,0,0,0,0,0,1,1,0,0,0,0,0,0,0,1,1,0,0,0,0,0,4,0,0,0,0,0,1,8,65,1,0,0,0,4,8,31,1,0,0,0,43,0,0,0,0,0,0,0,0,30,43,6,1,26,39,0,1,1,33,0,1,0,32,20,18,3,1,0,0,0,6,4,23,17,8,19
"2018-11-02",72,131,0,1,25,26,96,13,1,4,2,0,1,5,3,0,0,0,6,0,15,15,0,0,0,0,2,2,307.5,6834,666,253.5,7182.63,183,0,288,0,20,27,24,1,49,13,2,0,0,0,0,0,0,1,1,0,0,0,0,0,0,1,0,1,0,1,0,0,0,0,0,0,0,0,1,2,5,64,3,0,0,0,4,8,29,0,0,0,0,6,0,0,0,0,1,0,0,0,64,35,11,0,26,37,0,4,0,29,0,1,0,13,21,34,1,2,0,0,0,9,2,23,11,9,18
"2018-11-03",56,112,0,0,25,25,92,7,0,2,0,0,0,2,0,0,0,0,9,0,3,3,0,0,0,0,0,0,225.166666666667,5033,394.333333333333,137.2,5585.37,786.333333333333,56,280,0,17,22,17,0,45,3,0,0,0,0,0,0,0,0,1,0,0,0,0,0,0,0,1,0,0,0,0,0,0,1,0,0,0,0,2,2,3,48,4,0,0,0,2,6,29,0,0,0,0,13,0,0,0,0,0,0,0,0,36,32,7,0,12,29,0,1,0,21,0,0,0,16,7,23,0,2,0,0,1,5,7,14,8,4,18
"2018-11-04",55,104,1,2,20,23,85,7,0,0,0,0,2,4,1,0,0,0,5,1,5,6,0,2,2,0,0,0,196.395833333333,3373.33333333333,261.25,-181.729166666667,5621.34375,1161.875,55,330,1,16,25,11,2,41,5,0,0,0,0,0,0,0,0,0,1,2,0,0,0,0,0,1,0,0,0,1,0,0,1,0,0,0,0,1,1,6,46,2,0,0,0,3,15,24,0,0,0,0,49,0,0,0,0,1,0,0,0,4,24,1,1,27,22,0,4,0,23,1,2,0,45,4,2,0,1,0,0,1,6,8,13,11,5,12
"2018-11-05",64,117,0,2,21,23,96,9,0,2,0,0,0,4,0,0,0,0,6,0,7,7,0,0,0,0,0,0,243.733333333333,5104,330.666666666667,34.9333333333333,6518.08,882.666666666667,0,0,0,16,25,21,2,48,9,0,0,1,0,0,1,0,0,0,2,0,1,0,0,0,0,1,0,0,1,0,0,0,0,0,0,0,0,0,0,5,59,0,0,0,0,6,9,27,0,1,0,0,15,0,0,0,0,0,0,0,0,44,33,6,0,23,29,0,3,0,29,1,0,0,11,15,34,0,0,0,0,0,6,5,12,10,9,22
"2018-11-06",61,116,0,1,19,20,92,10,0,3,2,0,0,0,1,0,0,0,8,0,7,7,0,0,0,0,2,2,494.8625,5543.375,388.875,407.429166666667,6097.91583333333,887.041666666667,0,61,0,17,22,21,1,41,10,2,0,0,0,0,0,0,0,0,0,1,0,1,0,0,0,0,1,0,1,0,0,0,0,0,0,0,0,0,1,4,53,1,0,0,2,5,5,25,1,0,0,0,12,0,0,0,0,0,0,1,0,47,29,11,0,21,29,0,1,0,26,1,4,0,11,16,33,0,1,0,0,0,7,3,17,14,5,15
"2018-11-07",62,115,0,1,22,23,84,14,0,1,2,0,1,2,1,0,0,1,9,0,8,8,0,1,1,0,2,2,606.308333333333,4011.91666666667,666.5,212.091666666667,6180.44416666667,1278.75,0,124,0,18,20,23,1,43,9,2,0,0,0,0,0,0,1,1,0,0,0,0,0,0,0,0,0,0,0,0,0,0,2,0,0,0,0,1,0,4,54,1,2,0,1,1,7,22,2,3,0,1,45,0,0,0,0,0,0,0,0,12,36,7,0,17,34,0,2,0,21,0,2,0,36,19,4,0,0,0,0,1,6,3,14,18,11,10
"2018-11-08",63,128,0,2,12,14,102,10,0,2,5,1,2,2,1,0,0,0,3,0,2,2,0,0,0,0,4,4,391.65,3908.625,385.875,-39.375,6370.77,1325.625,0,189,0,9,25,27,2,51,2,4,0,0,0,0,0,0,0,0,1,0,0,0,0,0,0,1,1,0,1,0,0,0,1,0,0,0,0,0,0,5,57,0,1,0,0,3,6,26,1,1,0,0,59,0,0,0,0,0,0,0,0,3,37,9,0,16,33,0,2,0,23,0,3,0,46,15,1,0,0,0,0,0,4,8,19,11,7,14
"2018-11-09",86,143,0,1,39,40,120,6,1,1,2,0,1,2,2,0,0,0,8,0,23,23,0,1,1,0,2,2,172,7145.16666666667,501.666666666667,-53.75,8729.68083333333,1110.83333333333,0,344,0,32,29,24,1,50,23,2,0,0,0,0,0,0,0,0,0,0,0,0,1,0,0,2,0,1,0,0,0,0,1,0,0,0,0,0,2,5,75,2,1,0,0,2,14,34,0,0,0,0,31,0,0,0,0,0,3,1,2,45,27,10,1,45,47,0,3,2,32,0,0,0,28,8,28,0,2,15,0,0,9,9,23,20,9,16
"2018-11-10",58,113,0,1,16,17,98,5,0,0,1,0,1,1,1,0,0,1,5,0,4,4,0,0,0,0,1,1,131.708333333333,4076.91666666667,493,-168.925,5793.20916666667,1184.16666666667,58,290,0,16,25,16,1,44,5,1,0,0,0,0,1,0,1,0,0,1,0,0,0,0,0,0,1,0,1,0,0,0,1,0,0,0,0,0,1,5,51,1,0,0,0,5,7,25,0,0,0,0,36,0,0,0,0,0,1,0,1,18,29,6,0,23,24,0,3,1,27,0,2,0,27,12,12,0,0,0,0,5,1,4,22,9,7,15
"2018-11-11",33,72,0,0,10,10,64,0,0,1,0,0,0,1,1,0,0,0,5,0,2,2,0,0,0,0,0,0,-65.5875,1793,154,-332.75,3348.05625,687.5,33,198,0,5,22,6,0,29,2,0,0,0,0,0,0,0,0,0,0,0,0,0,0,0,0,0,0,0,0,0,0,0,1,0,0,0,0,0,0,1,31,0,0,0,0,4,4,12,0,0,0,0,26,0,0,0,0,0,0,0,0,3,17,0,0,15,12,0,0,0,17,0,2,0,25,3,1,0,0,0,0,2,0,1,11,7,3,11
"2018-11-12",41,79,0,1,11,12,57,8,0,2,1,0,2,1,3,0,0,0,5,0,1,1,0,1,1,0,0,0,-0.683333333333331,2615.45833333333,162.291666666667,-249.5875,4173.11666666667,538.125,0,0,0,8,18,14,1,36,3,1,0,0,0,0,0,0,0,0,0,0,0,0,0,0,0,0,0,0,0,0,0,0,1,0,0,0,0,0,0,1,40,0,0,0,0,1,4,18,1,0,0,0,34,0,0,0,0,1,0,1,0,2,22,0,0,17,23,0,3,0,15,0,0,0,32,5,0,0,0,1,0,0,5,3,7,8,7,11
"2018-11-13",66,122,0,0,18,18,95,13,2,1,3,0,0,0,2,0,0,1,5,0,5,5,0,0,0,0,1,1,5.225,5530.25,305.25,-162.525,6655.5225,1345.82608695652,0,66,0,15,30,21,0,45,7,3,0,1,0,0,0,0,2,1,1,0,0,0,0,0,0,2,1,0,1,0,0,0,0,0,0,0,0,0,0,8,56,0,0,0,0,3,10,36,0,0,0,0,14,0,2,0,0,0,6,9,0,33,40,9,1,15,31,0,3,1,23,0,4,0,21,11,12,0,0,20,0,0,3,3,15,5,16,24
"2018-11-14",66,132,0,2,25,27,111,6,0,6,1,1,0,2,2,0,0,0,3,0,5,5,0,0,0,0,1,1,-584.375,3495.25,365.75,-1105.775,6726.94,1355.75,0,132,0,19,28,17,2,50,6,1,0,0,0,0,0,0,0,1,0,0,0,0,0,1,0,0,0,0,0,0,0,0,1,0,0,0,1,0,2,3,57,3,0,0,1,4,9,28,0,0,0,0,53,0,1,0,0,0,0,2,0,7,38,9,0,17,32,0,4,1,20,0,5,0,57,6,0,0,0,1,0,0,6,4,10,18,13,15
"2018-11-15",71,144,0,0,20,20,117,9,0,3,2,0,1,2,4,0,0,0,6,0,5,5,0,1,1,0,2,2,-509.425,4437.5,352.041666666667,-935.425,7263.68458333333,1014.70833333333,0,213,0,19,30,22,0,58,5,1,0,0,0,0,1,0,0,0,1,0,0,0,0,0,0,0,0,0,0,0,0,0,1,0,0,0,0,0,0,2,65,0,0,0,0,6,13,33,1,0,0,0,60,1,1,0,0,0,0,2,0,3,35,3,0,30,26,0,6,2,35,0,0,0,53,13,0,0,0,1,0,1,5,7,20,12,8,19
"2018-11-16",121,223,0,1,19,20,176,21,7,4,0,0,0,3,6,0,0,0,6,0,5,5,0,0,0,0,0,0,-461.3125,10597.5833333333,756.25,-678.104166666667,12098.03375,1593.16666666667,0,484,0,14,68,38,1,88,2,0,0,0,0,0,0,0,3,1,0,1,0,0,0,0,0,4,7,1,3,0,0,0,2,0,0,0,0,0,3,22,90,3,3,0,0,4,17,48,2,0,0,0,4,1,1,0,0,0,9,96,0,7,58,9,0,51,57,0,16,0,46,0,1,0,12,10,2,0,0,96,0,0,17,10,27,23,23,21
"2018-11-17",53,102,0,1,15,16,74,0,4,0,1,0,0,3,10,0,0,1,9,0,3,3,0,0,0,0,1,1,-14.7958333333333,4016.95833333333,170.041666666667,-218.845833333333,5335.09041666667,991.541666666666,53,265,0,9,24,19,1,46,2,1,0,0,0,0,1,0,0,0,0,0,0,0,0,0,0,0,0,0,1,0,0,0,0,0,0,0,0,1,0,1,50,1,0,0,0,1,7,25,0,0,0,0,7,3,1,0,0,0,7,13,0,21,14,11,0,26,23,0,2,1,26,1,0,0,28,16,1,0,0,6,0,0,3,7,13,7,8,15
"2018-11-18",46,89,0,0,10,10,69,4,2,0,1,0,0,1,4,0,0,0,8,0,2,2,0,0,0,0,0,0,-225.591666666667,2972.75,207,-487.791666666667,4679.5225,983.25,46,276,0,7,21,18,0,38,1,1,0,0,0,0,1,0,0,2,0,0,0,0,0,0,0,0,0,0,1,0,0,0,0,0,0,0,0,0,0,3,41,0,0,0,0,2,6,16,0,0,0,0,15,6,6,0,0,0,2,7,0,6,20,4,1,16,21,0,0,1,22,0,0,0,36,4,1,0,0,2,0,0,6,5,7,9,6,13
"2018-11-19",53,99,0,0,7,7,77,12,0,3,0,0,0,0,2,0,0,0,5,0,0,0,0,0,0,0,0,0,-20.9791666666667,4224.54166666667,240.708333333333,-185.720833333333,5348.64958333333,1046.75,0,0,0,6,30,17,0,43,1,0,0,0,0,0,0,0,1,0,1,1,0,1,0,1,1,1,0,0,0,0,0,0,1,0,0,0,0,0,0,8,44,0,0,0,0,1,9,15,0,0,0,0,11,1,4,0,0,0,2,18,0,16,41,1,0,10,25,0,4,1,21,0,1,0,21,10,1,0,0,19,0,0,12,4,10,7,6,14