"Date","NB_Accidents","NB_VEH_IMPLIQUES_ACCDN","NB_MORTS","NB_BLESSES_GRAVES","NB_BLESSES_LEGERS","NB_VICTIMES_TOTAL","nb_automobile_camion_leger","nb_camionLourd_tractRoutier","nb_outil_equipement","nb_tous_autobus_minibus","nb_bicyclette","nb_cyclomoteur","nb_motocyclette","nb_taxi","nb_urgence","nb_motoneige","nb_VHR","nb_autres_types","nb_veh_non_precise","NB_DECES_PIETON","NB_BLESSES_PIETON","NB_VICTIMES_PIETON","NB_DECES_MOTO","NB_BLESSES_MOTO","NB_VICTIMES_MOTO","NB_DECES_VELO","NB_BLESSES_VELO","NB_VICTIMES_VELO","Temp","Rel.Hum","Wind.Spd","Dew.Point.Temp","Stn_Press","Wind.Dir","weekdays","days","SeverityDeadly","SeverityLight Injury","SeverityMaterial High","SeverityMaterial Low","SeveritySevere Injury","as.factor(Accident_Type)31","as.factor(Accident_Type)32","as.factor(Accident_Type)33","as.factor(Accident_Type)34","as.factor(Accident_Type)35","as.factor(Accident_Type)36","as.factor(Accident_Type)37","as.factor(Accident_Type)38","as.factor(Accident_Type)39","as.factor(Accident_Type)40","as.factor(Accident_Type)41","as.factor(Accident_Type)42","as.factor(Accident_Type)43","as.factor(Accident_Type)44","as.factor(Accident_Type)45","as.factor(Accident_Type)46","as.factor(Accident_Type)47","as.factor(Accident_Type)48","as.factor(Accident_Type)49","as.factor(Accident_Type)50","as.factor(Accident_Type)51","as.factor(Accident_Type)52","as.factor(Accident_Type)53","as.factor(Accident_Type)54","as.factor(Accident_Type)55","as.factor(Accident_Type)59","as.factor(Accident_Type)71","as.factor(Accident_Type)72","as.factor(Accident_Type)73","as.factor(Accident_Type)74","as.factor(Accident_Type)75","as.factor(Accident_Type)99","Accident_CategoryFixed Object","Accident_CategoryMoving Object","Accident_CategoryNo Collision","Auth_Speed10","Auth_Speed100","Auth_Speed20","Auth_Speed30","Auth_Speed40","Auth_Speed50","Auth_Speed60","Auth_Speed70","Auth_Speed80","Auth_Speed90","Surface_CondDry","Surface_CondHard snow","Surface_CondIce","Surface_CondMud","Surface_CondOil","Surface_CondSand or gravel","Surface_CondSlush","Surface_CondSnow","Surface_CondWater accumulation","Surface_CondWet","IlluminationDay and clear","IlluminationDay and semi-dark","IlluminationNight and dark","IlluminationNight and lighted","EnvironmentCommercial","EnvironmentForest","EnvironmentIndustrial","EnvironmentPark","EnvironmentResidential","EnvironmentRural","EnvironmentSchool area","WeatherBlack Ice","WeatherClear Sky","WeatherCloudy","WeatherDrizzle","WeatherFoggy","WeatherHeavy Rain","WeatherSnow","WeatherSnowstorms","WeatherStrong Wind","cluster_id_0","cluster_id_1","cluster_id_2","cluster_id_3","cluster_id_4","cluster_id_5"
"2018-11-20",100,196,0,0,15,15,149,18,6,2,1,0,0,1,5,0,0,0,14,0,2,2,0,0,0,0,1,1,-601.25,8395.83333333333,916.666666666667,-829.583333333333,10059.8333333333,954.166666666667,0,100,0,14,46,40,0,83,3,1,0,1,0,0,0,0,1,0,2,2,1,0,0,0,0,1,2,0,1,0,0,0,1,0,0,0,0,0,0,11,88,0,0,0,0,5,14,37,1,1,0,0,4,1,2,0,0,0,9,69,0,9,61,7,0,26,46,0,7,0,41,0,2,0,13,8,0,1,0,68,1,0,11,8,18,22,13,28
"2018-11-21",103,195,0,2,14,16,154,12,5,5,0,0,0,3,3,0,0,1,12,0,2,2,0,0,0,0,0,0,-754.475,7471.79166666667,660.916666666667,-1187.93333333333,10348.5816666667,1896.91666666667,0,206,0,12,57,33,1,81,5,0,0,0,0,0,0,0,1,1,4,1,0,0,0,1,1,1,0,0,0,0,0,0,1,0,0,0,0,2,0,11,86,2,0,0,1,3,25,43,1,0,0,0,5,7,1,0,0,1,12,61,0,10,56,12,2,31,35,0,9,1,50,0,3,0,31,16,0,0,0,47,2,1,14,9,24,17,12,27
"2018-11-22",83,156,0,0,16,16,121,14,2,6,1,0,0,3,2,0,0,1,6,0,8,8,0,0,0,0,0,0,-1094.21666666667,4814,415,-1646.85833333333,8469.25083333333,1680.75,0,249,0,14,28,41,0,61,9,1,0,0,0,0,0,0,1,0,2,1,0,0,0,0,0,2,0,1,0,0,0,0,2,0,0,0,0,0,0,9,71,0,0,0,2,10,5,33,1,0,0,0,19,10,4,0,0,0,3,22,0,20,53,5,0,24,46,0,2,0,30,0,4,0,72,7,0,0,0,1,0,0,10,2,23,16,11,21
"2018-11-23",62,116,0,1,22,23,96,11,1,2,0,0,0,2,0,0,0,0,4,0,4,4,0,0,0,0,0,0,-520.541666666667,3957.66666666667,415.916666666667,-879.625,6325.395,1309.75,0,248,0,18,19,24,1,48,5,0,0,0,0,0,0,0,0,0,1,1,0,0,0,0,0,1,1,0,0,0,0,0,1,0,0,0,0,0,1,5,53,1,0,0,0,2,9,28,0,1,0,0,10,3,3,0,0,0,4,6,1,32,34,6,0,19,31,0,2,0,23,0,0,0,45,14,0,1,0,0,0,0,9,1,11,7,12,22
"2018-11-24",48,99,0,0,11,11,84,3,1,2,3,0,0,1,0,0,0,0,5,0,0,0,0,0,0,0,2,2,-47.4,3140,270,-323.8,4831.84,942,48,240,0,8,24,16,0,35,1,2,0,1,0,0,0,0,0,0,0,2,0,0,0,0,0,0,1,0,0,0,0,0,1,0,0,0,0,0,2,4,39,2,0,0,0,1,5,22,2,0,0,0,6,2,3,0,0,0,3,5,1,24,21,1,0,25,23,0,2,0,21,0,0,3,29,8,4,0,0,1,0,0,1,2,16,5,6,18
"2018-11-25",45,84,0,0,12,12,71,1,4,1,0,0,0,5,0,0,0,0,2,0,1,1,0,0,0,0,0,0,79.875,4303.125,170.625,51.375,4504.2375,763.04347826087,45,270,0,8,28,9,0,36,1,0,0,0,0,0,0,0,1,1,0,0,1,0,1,0,0,2,0,0,0,0,0,0,1,0,0,0,0,0,1,7,37,1,0,0,0,4,4,18,0,0,0,0,2,1,8,0,0,0,3,2,0,27,10,6,0,27,18,0,2,0,22,0,1,8,6,5,23,1,0,0,0,0,4,5,13,9,4,10
"2018-11-26",64,118,0,2,21,23,91,12,0,4,0,0,0,4,1,0,0,0,6,0,11,11,0,0,0,0,0,0,118.666666666667,6176,370.666666666667,86.1333333333333,6406.90666666667,621.333333333333,0,0,0,19,19,24,2,44,13,0,0,0,0,0,0,0,1,0,0,0,0,0,0,0,0,0,0,0,1,0,0,0,0,0,0,0,0,0,1,2,57,1,0,0,0,2,6,35,1,0,0,0,5,0,1,0,0,0,2,0,0,52,32,10,0,22,35,0,5,0,21,0,2,0,12,11,34,2,0,0,0,0,8,9,11,11,12,13
"2018-11-27",79,144,0,0,22,22,109,16,4,2,0,0,0,1,4,0,0,0,8,0,8,8,0,0,0,0,0,0,26.3333333333333,7472.08333333333,878.875,-33.9041666666667,7804.96958333333,207.375,0,79,0,17,35,27,0,58,8,0,0,0,0,0,0,0,0,0,2,1,0,0,0,0,0,2,1,0,1,0,0,0,2,0,0,0,0,0,1,9,66,1,0,0,0,3,14,34,1,1,0,0,2,0,1,0,0,0,11,39,0,23,48,4,0,24,35,0,6,0,35,0,1,1,13,5,6,0,0,48,2,0,12,8,21,5,12,21
"2018-11-28",60,113,0,0,10,10,78,9,3,3,0,0,0,3,4,0,0,1,12,0,5,5,0,0,0,0,0,0,79.25,5480,612.5,4.25,5920.7,1097.5,0,120,0,9,24,27,0,48,4,0,0,0,0,0,1,0,0,2,0,0,0,0,0,0,0,3,0,0,1,0,0,0,0,0,0,0,0,0,1,6,53,1,0,0,0,4,5,25,0,0,0,0,7,1,0,0,0,0,4,3,0,42,35,6,1,17,30,0,2,0,27,0,1,0,18,12,23,1,0,3,0,0,5,4,16,17,8,10
"2018-11-29",49,92,0,1,10,11,65,16,2,2,0,0,0,1,1,0,0,1,4,0,3,3,0,0,0,0,0,0,77.5833333333333,3783.20833333333,206.208333333333,-98,4906.96208333333,1176,0,147,0,8,17,23,1,38,2,0,0,0,0,0,1,0,1,1,0,1,0,0,0,0,1,1,0,0,0,0,0,0,0,0,0,0,0,1,1,5,41,2,0,0,0,2,6,24,1,0,0,0,21,1,2,0,0,0,0,1,0,21,29,7,0,12,31,0,2,0,15,0,1,0,27,16,2,0,0,0,0,0,2,6,15,9,8,9
"2018-11-30",47,91,0,1,17,18,78,6,0,0,0,0,0,2,0,0,0,0,5,0,3,3,0,0,0,0,0,0,9.00833333333333,3507.375,137.083333333333,-178.404166666667,4737.11041666667,1343.41666666667,0,188,0,12,24,10,1,36,4,0,0,0,0,0,0,0,4,0,0,0,0,0,0,0,0,1,0,0,0,0,0,0,0,0,0,0,0,0,0,5,40,0,0,0,0,2,5,18,1,0,0,0,36,0,0,0,0,0,0,3,0,7,19,7,0,20,26,0,6,0,14,0,0,0,32,13,1,0,0,0,0,0,9,7,14,5,0,12
"2018-12-01",44,82,0,0,13,13,70,1,0,1,0,0,0,2,1,0,0,1,6,0,2,2,0,0,0,0,0,0,-9.9,3454,170.5,-154.733333333333,4456.39333333333,999.166666666667,44,220,0,10,26,8,0,37,2,0,0,0,0,0,0,0,0,2,0,0,0,0,0,0,0,0,0,0,0,0,0,0,1,0,0,0,0,0,1,3,39,1,0,0,0,1,10,14,1,0,0,0,35,1,0,0,0,0,0,0,0,5,25,1,0,15,22,0,4,0,18,0,0,0,30,12,0,0,0,0,0,0,5,2,11,5,8,13
"2018-12-02",36,61,0,0,16,16,57,1,0,2,0,0,0,0,0,0,0,0,1,0,5,5,0,0,0,0,0,0,64.8,3370.5,180,31.95,3594,436.5,36,216,0,12,15,9,0,24,5,0,0,0,0,0,0,0,0,0,2,1,0,1,0,0,0,0,0,0,1,0,0,0,1,0,0,0,0,0,1,6,29,1,0,0,0,1,9,9,0,0,0,0,6,0,0,0,0,0,2,2,0,25,14,1,0,20,16,0,2,0,15,0,2,0,8,2,17,0,1,7,0,0,7,1,12,9,2,5
"2018-12-03",54,102,0,1,13,14,87,5,1,1,2,0,0,1,2,0,0,0,3,0,5,5,0,0,0,0,2,2,77.4,4743,375.75,-22.5,5355.09,947.25,0,0,0,12,19,22,1,42,6,2,0,1,0,0,1,0,0,0,0,0,0,0,0,0,0,1,0,0,0,1,0,0,0,0,0,0,0,0,0,2,52,0,0,0,0,3,3,23,0,0,0,0,11,0,2,0,0,0,2,3,0,34,27,6,0,20,26,1,3,0,21,0,1,0,19,14,11,0,2,7,0,0,6,5,15,12,7,9
"2018-12-04",54,99,0,0,12,12,82,5,0,1,0,0,0,2,4,0,0,0,5,0,6,6,0,0,0,0,0,0,-235.125,3294,409.5,-581.85,5433.0525,1347.75,0,54,0,12,25,17,0,41,6,0,0,1,0,0,0,0,1,0,1,0,0,0,0,0,1,1,1,0,0,0,0,0,0,0,0,0,0,0,1,5,48,1,0,0,0,4,6,20,1,1,0,0,40,0,1,0,0,0,0,0,0,9,30,8,1,12,19,0,3,0,28,0,0,0,41,11,0,0,0,0,0,0,4,3,12,16,9,10
"2018-12-05",43,82,0,1,8,9,63,9,1,1,0,0,0,2,2,0,0,0,4,0,1,1,0,0,0,0,0,0,-234.8875,3495.54166666667,154.083333333333,-351.704166666667,4338.32375,958.541666666667,0,86,0,7,22,13,1,36,1,0,0,0,0,0,0,0,1,0,0,0,0,0,0,0,0,0,0,0,1,0,0,0,2,0,0,0,0,0,0,4,37,0,2,0,0,3,7,17,0,0,0,0,21,0,2,0,0,0,2,3,0,14,21,4,2,15,18,0,6,0,18,0,0,0,19,8,0,0,0,15,0,0,3,6,9,5,11,9
"2018-12-06",54,103,0,0,21,21,86,9,0,1,0,0,0,1,2,0,0,0,4,0,2,2,0,0,0,0,0,0,-87.75,4536,312.75,-216.675,5430.645,1082.25,0,162,0,17,18,19,0,41,3,0,0,0,0,0,2,0,0,1,0,1,0,0,0,0,0,1,0,0,1,0,0,0,1,0,0,0,0,0,1,5,46,1,1,0,0,3,7,21,0,0,0,0,8,1,1,0,0,0,3,6,0,34,33,6,0,14,30,0,2,0,17,0,3,0,24,14,0,0,0,15,0,0,7,2,12,5,14,14
"2018-12-07",62,119,0,1,18,19,102,7,1,2,0,0,0,1,2,0,0,0,4,0,7,7,0,0,0,0,0,0,-494.45,4156.58333333333,322.916666666667,-808.066666666667,6299.2775,1436.33333333333,0,248,0,16,17,28,1,50,8,0,0,0,0,0,0,0,0,0,0,0,0,0,0,0,0,0,1,0,0,0,0,0,0,0,0,0,0,0,1,1,58,1,0,0,0,3,14,23,0,0,1,0,37,1,0,0,0,0,0,8,0,14,34,3,1,23,32,0,3,1,23,0,1,0,53,7,0,0,0,0,0,0,9,4,15,12,9,13
"2018-12-08",57,107,0,0,16,16,96,2,0,1,0,0,0,3,3,0,0,0,2,0,8,8,0,0,0,0,0,0,-670.225,3980.5,249.375,-929.575,5824.71125,1482,57,285,0,12,27,18,0,38,8,0,0,0,0,0,0,0,0,0,0,1,0,1,0,0,0,1,1,0,0,0,0,0,1,0,0,0,0,0,1,5,46,1,0,0,0,5,13,15,2,0,0,0,35,3,3,0,0,1,2,5,0,7,29,6,3,19,18,0,3,0,35,0,0,0,44,7,0,0,0,5,0,0,4,3,16,7,8,19
"2018-12-09",44,86,0,1,19,20,76,1,0,1,0,0,0,4,1,0,0,0,3,0,6,6,0,0,0,0,0,0,-195.8,3441.16666666667,280.5,-342.833333333333,4461.25166666667,980.833333333333,44,264,0,13,17,13,1,30,6,0,0,0,0,0,0,0,0,0,1,0,0,0,0,1,0,1,0,0,0,0,0,0,2,0,0,0,0,0,0,5,36,0,0,0,0,1,5,18,1,0,0,0,19,0,3,0,0,0,1,3,0,13,14,4,0,22,21,0,1,0,17,0,0,0,27,12,0,0,0,0,0,0,5,2,9,7,7,14
"2018-12-10",53,104,0,0,13,13,79,16,1,0,0,0,0,1,3,0,0,0,4,0,4,4,0,0,0,0,0,0,-383.145833333333,3252.875,340.083333333333,-712.629166666667,5372.27875,1170.41666666667,0,0,0,12,27,14,0,42,4,0,0,0,0,0,0,0,1,0,2,0,0,0,0,1,0,1,2,0,0,0,0,0,0,0,0,0,0,0,0,7,46,0,0,0,0,1,8,23,0,0,1,0,41,2,0,0,0,0,0,1,0,8,34,4,1,14,22,0,7,0,20,0,1,0,42,10,0,0,0,0,0,0,7,1,12,13,4,16
"2018-12-11",85,161,0,0,22,22,127,12,1,3,4,0,0,1,5,0,0,1,7,0,5,5,0,0,0,0,1,1,-672.916666666667,6987.70833333333,524.166666666667,-887.1875,8577.88125,1140.41666666667,0,85,0,19,37,29,0,63,8,3,0,0,0,0,0,0,1,0,1,0,0,0,2,0,1,1,1,0,0,0,0,0,0,0,0,0,0,0,0,7,74,0,0,0,0,9,10,35,0,0,0,0,16,1,1,0,0,0,4,36,0,23,41,6,1,34,33,0,6,0,41,0,3,0,25,11,0,0,0,45,0,0,11,4,18,15,16,21
"2018-12-12",77,148,1,0,23,24,120,8,3,2,0,1,0,1,7,0,0,0,6,1,6,7,0,0,0,0,0,0,-749.466666666667,5329.04166666667,609.583333333333,-1114.89583333333,7800.77375,673.75,0,154,1,20,22,34,0,59,7,0,0,0,0,0,0,0,0,0,0,0,0,0,0,0,2,0,1,0,1,0,0,0,3,0,0,0,0,0,1,7,66,1,1,0,0,1,9,38,0,0,0,0,28,0,1,0,0,0,3,13,0,31,51,8,0,16,42,0,5,0,29,0,0,0,63,10,0,0,0,2,0,0,11,7,14,15,13,17
"2018-12-13",77,154,0,0,29,29,130,10,1,2,0,0,0,2,2,0,0,0,7,0,6,6,0,0,0,0,0,0,-906.033333333333,5803.875,590.333333333333,-1179.70416666667,7864.94041666667,606.375,0,231,0,22,31,24,0,61,7,0,0,0,0,0,0,0,0,2,0,1,0,0,0,0,0,0,4,0,0,0,0,0,0,0,0,0,0,0,0,7,68,0,0,0,0,5,12,30,1,0,0,0,32,0,6,0,0,0,1,1,0,34,37,6,0,33,44,0,4,2,26,0,1,0,62,10,0,0,0,0,0,0,7,3,26,8,8,25
"2018-12-14",73,123,0,0,31,31,105,10,0,2,0,0,0,3,1,0,0,0,2,0,9,9,0,0,0,0,0,0,-62.9625,6317.54166666667,328.5,-206.225,7415.73541666667,1383.95833333333,0,292,0,23,30,20,0,46,11,0,0,1,0,0,0,0,2,0,1,0,0,0,0,2,0,2,0,0,1,0,0,0,3,0,0,0,0,0,1,11,58,1,2,0,0,3,15,23,2,0,0,0,7,0,16,0,0,0,0,1,0,46,25,10,2,35,34,0,6,0,32,0,1,10,15,15,26,0,1,5,0,0,6,7,27,12,11,10
"2018-12-15",54,105,0,0,9,9,93,4,0,1,0,0,0,2,1,0,0,0,4,0,0,0,0,0,0,0,0,0,166.5,4272.75,290.25,-14.175,5474.745,1395,54,270,0,8,25,21,0,47,1,0,0,0,0,0,1,0,0,0,2,0,0,0,0,0,0,2,0,0,1,0,0,0,0,0,0,0,0,0,0,5,49,0,0,0,0,3,5,28,0,0,0,0,18,0,5,0,0,0,1,1,0,27,17,1,0,36,23,0,4,0,25,1,0,1,38,10,2,0,0,0,0,0,4,4,11,12,8,15
"2018-12-16",41,78,0,0,15,15,66,0,0,1,1,0,0,4,1,0,0,0,5,0,3,3,0,0,0,0,0,0,2.05,3414.95833333333,257.958333333333,-100.620833333333,4143.64791666667,396.333333333333,41,246,0,9,14,18,0,28,3,1,0,0,0,1,0,0,1,0,1,0,0,0,0,0,0,0,0,0,1,0,0,0,0,0,0,0,0,0,1,3,33,1,0,0,1,2,9,12,0,0,0,0,21,0,1,0,0,0,0,2,0,14,16,3,0,19,20,0,1,1,15,0,0,0,33,6,0,0,0,0,0,0,5,3,9,2,6,16
"2018-12-17",57,103,0,1,13,14,88,8,0,3,0,0,0,1,0,0,0,0,3,0,11,11,0,0,0,0,0,0,-34.675,4738.125,372.875,-181.6875,5680.335,1346.625,0,0,0,12,29,15,1,41,10,0,0,1,0,0,0,0,1,0,1,0,0,0,0,0,0,0,0,0,2,0,0,0,0,0,0,0,0,0,0,4,52,0,0,0,0,4,9,25,0,0,0,0,14,1,1,0,0,0,1,2,0,36,24,8,0,23,24,0,3,0,24,0,2,0,22,14,6,0,0,11,0,0,4,8,14,13,8,10
"2018-12-18",67,134,0,0,23,23,110,6,1,3,3,0,0,5,0,0,0,1,5,0,7,7,0,0,0,0,3,3,-468.1625,4201.45833333333,536,-867.370833333333,6748.99375,1415.375,0,67,0,19,27,21,0,50,7,3,0,0,0,0,1,0,0,0,0,0,0,0,0,0,0,0,0,0,1,0,0,0,1,0,1,0,0,0,1,2,61,2,0,0,0,3,7,29,0,0,0,0,43,2,0,0,0,0,1,5,0,15,42,3,0,21,40,0,3,0,24,0,0,0,55,10,0,0,0,1,0,0,6,5,20,9,6,21
"2018-12-19",69,147,0,2,27,29,122,11,2,4,2,0,0,2,1,0,0,0,3,0,7,7,0,0,0,0,0,0,-361.9625,4933.5,382.375,-662.4,6957.81625,1371.375,0,138,0,19,22,26,2,51,9,1,0,0,0,0,0,0,2,0,1,1,1,0,0,0,0,0,0,0,0,0,0,0,1,0,0,0,0,0,0,6,61,0,0,0,0,5,9,32,0,0,0,0,46,2,7,0,0,0,0,1,0,9,31,11,1,24,29,0,4,0,33,1,0,0,44,21,1,0,0,1,0,0,11,5,17,9,9,18
"2018-12-20",74,134,0,0,23,23,111,13,1,0,1,0,0,4,2,0,0,0,2,0,7,7,0,0,0,0,0,0,24.05,5161.5,382.333333333333,-341.941666666667,7447.60666666667,1048.33333333333,0,222,0,19,26,29,0,55,7,1,0,0,0,0,1,0,0,1,1,0,0,0,0,0,0,2,0,0,1,0,0,0,1,0,0,0,1,0,0,6,64,1,1,0,0,4,12,30,1,0,0,0,43,0,1,0,0,0,0,1,1,26,29,10,1,32,41,0,1,0,25,1,4,0,56,9,8,0,0,0,0,0,8,7,21,13,14,11
"2018-12-21",55,100,0,2,20,22,86,5,0,0,0,0,0,3,4,0,0,0,2,0,10,10,0,0,0,0,0,0,199.145833333333,5362.5,247.5,179.666666666667,5435.58125,1182.5,0,220,0,16,21,16,2,39,9,0,0,0,0,0,1,0,1,1,0,1,0,0,0,0,0,0,0,0,1,0,0,0,1,0,0,0,0,0,0,5,49,0,1,0,0,4,7,21,0,0,0,0,6,0,3,0,0,0,1,0,1,44,19,9,1,25,30,0,2,0,21,0,2,3,11,10,25,5,0,0,0,0,6,5,13,7,10,14
"2018-12-22",40,84,0,0,5,5,78,0,1,0,1,0,0,0,2,0,0,0,2,0,2,2,0,0,0,0,1,1,13.5,3396.66666666667,281.666666666667,-78.1666666666667,3946.68333333333,843.333333333333,40,200,0,5,23,12,0,32,3,1,0,0,0,0,0,0,0,0,0,0,0,0,0,0,0,0,0,0,0,1,0,0,0,0,0,0,0,0,0,1,36,0,1,0,0,2,9,16,0,0,0,0,8,0,8,0,0,0,0,2,0,18,19,2,0,16,15,0,0,1,20,0,1,0,9,14,2,2,0,8,0,1,5,0,12,7,3,13
"2018-12-23",41,81,0,0,13,13,70,2,2,0,1,0,0,1,1,0,0,0,4,0,4,4,0,0,0,0,1,1,-317.920833333333,2890.5,199.875,-500.883333333333,4139.34291666667,997.666666666667,41,246,0,10,16,15,0,33,3,1,0,0,0,0,0,0,0,0,0,0,0,0,0,0,0,0,1,0,0,0,0,0,0,0,0,0,0,0,1,1,37,1,1,0,0,4,8,10,0,0,0,0,30,1,5,0,0,0,0,1,0,2,24,2,0,14,12,0,2,0,26,0,0,1,32,5,0,0,0,1,0,0,2,3,11,6,7,12
"2018-12-24",38,74,0,1,12,13,65,0,0,2,0,0,0,1,5,0,0,0,1,0,3,3,0,0,0,0,0,0,-311.283333333333,3041.58333333333,188.416666666667,-419.108333333333,3833.32916666667,695.083333333333,0,0,0,10,15,12,1,29,3,0,0,1,0,0,0,0,1,0,0,0,0,0,0,0,0,2,0,0,0,0,0,0,1,0,0,0,0,0,0,4,33,0,0,0,0,1,12,10,1,0,0,0,28,0,3,0,0,0,1,2,0,3,21,2,0,15,17,0,2,0,17,0,2,0,28,9,0,0,0,0,0,0,1,3,9,9,6,10
"2018-12-25",21,42,0,0,6,6,39,0,0,0,0,0,0,0,1,0,0,0,2,0,1,1,0,0,0,0,0,0,-220.5,1426.25,114.625,-322.4375,2133.46875,441.875,0,21,0,5,8,8,0,17,1,0,0,0,0,0,1,0,0,1,1,0,0,0,0,0,0,0,0,0,0,0,0,0,0,0,0,0,0,0,0,2,19,0,0,0,0,3,2,8,0,0,0,0,13,1,3,0,0,0,0,0,0,3,7,1,0,12,9,0,0,0,11,0,0,0,15,4,0,0,0,0,0,0,0,2,4,4,4,7
"2018-12-26",22,44,0,0,2,2,38,1,0,0,0,0,0,1,1,0,0,0,3,0,0,0,0,0,0,0,0,0,-169.491666666667,1479.5,137.5,-280.866666666667,2243.29416666667,519.75,0,44,0,2,11,9,0,20,0,0,0,0,0,0,0,0,0,0,0,0,0,0,0,0,0,0,1,0,0,0,0,0,0,0,0,0,0,0,0,1,20,0,0,0,0,0,4,8,0,0,0,0,16,1,0,0,0,0,0,1,0,2,8,3,0,10,7,0,0,0,13,0,0,0,20,0,0,0,0,0,0,0,2,1,7,2,5,5
"2018-12-27",32,61,0,0,7,7,48,5,0,2,1,0,0,1,1,0,0,0,3,0,3,3,0,0,0,0,1,1,-330.266666666667,2112,201.333333333333,-495.6,3288.65333333333,261.333333333333,0,96,0,6,9,17,0,26,3,1,0,0,0,0,1,0,0,0,0,0,0,0,0,0,0,0,0,0,0,0,0,0,0,0,0,0,0,0,0,0,31,0,1,0,0,5,5,7,0,1,0,0,27,0,0,0,0,0,1,2,0,1,22,2,0,8,14,0,0,0,16,0,1,0,27,2,1,0,0,1,0,0,6,4,8,7,3,4
"2018-12-28",56,109,0,0,4,4,86,5,6,2,0,0,0,2,1,0,0,0,7,0,0,0,0,0,0,0,0,0,8.86666666666667,5212.66666666667,359.333333333333,-46.4333333333333,5619.22666666667,928.666666666667,0,224,0,4,27,25,0,49,0,0,0,0,0,0,0,0,1,1,1,1,0,0,0,0,0,0,0,1,0,1,0,0,1,0,0,0,0,0,0,7,49,0,0,0,0,1,9,24,0,1,0,0,3,1,18,0,0,0,6,6,0,22,21,6,0,28,21,0,4,0,30,0,0,11,5,9,22,1,2,5,1,0,8,7,12,5,10,14
"2018-12-29",37,66,0,0,5,5,50,2,3,0,0,0,0,3,4,0,0,1,3,0,3,3,0,0,0,0,0,0,-88.1833333333333,2825.875,235.875,-223.233333333333,3719.24,898.791666666667,37,185,0,4,14,19,0,28,3,0,0,0,0,0,0,0,1,0,0,0,0,0,0,0,0,1,0,0,1,0,0,0,1,0,0,0,0,0,0,4,31,0,0,0,0,4,9,8,1,0,0,0,7,0,15,0,0,0,1,1,0,13,17,2,0,17,16,0,3,0,17,0,0,1,23,9,3,0,0,1,0,0,4,3,6,6,8,10
"2018-12-30",29,53,0,0,10,10,42,1,1,0,1,0,0,3,2,0,0,0,3,0,1,1,0,0,0,0,1,1,-267.766666666667,2131.5,135.333333333333,-380.383333333333,2940.00791666667,351.625,29,174,0,6,13,10,0,21,1,1,0,0,0,0,0,0,0,0,0,0,0,0,0,0,0,0,1,0,2,0,0,0,1,0,0,0,0,0,1,4,23,1,1,0,0,2,3,11,0,0,0,0,9,0,12,0,0,0,1,4,0,2,9,3,0,16,16,0,0,0,10,0,2,1,21,6,0,0,0,1,0,0,4,3,6,2,7,7
"2018-12-31",39,68,0,0,7,7,59,2,0,1,0,0,0,0,2,0,0,0,4,0,3,3,0,0,0,0,0,0,-187.2,3302,229.125,-272.5125,3946.03625,406.25,0,0,0,7,16,16,0,30,3,0,0,0,0,0,0,0,0,0,1,0,0,0,0,0,0,3,0,0,0,0,0,0,0,0,0,0,0,0,1,4,33,1,0,1,0,2,4,11,0,0,0,0,11,0,13,0,0,0,0,2,0,10,17,3,0,17,23,0,1,0,12,0,0,1,23,8,1,0,0,4,0,0,7,5,11,1,6,9
"2019-01-01",39,79,0,1,13,14,71,0,1,2,0,0,0,1,2,0,0,0,2,0,0,0,0,0,0,0,0,0,-78.325,2910.375,373.75,-241.6375,3899.00875,1069.25,0,39,0,8,20,10,1,29,1,0,0,0,0,0,0,0,3,1,1,1,0,0,0,0,0,0,2,0,1,0,0,0,0,0,0,0,0,0,0,9,30,0,0,0,0,3,3,18,0,0,0,0,2,2,12,0,0,0,11,6,0,4,16,1,0,21,17,0,1,1,19,0,0,2,17,3,11,0,1,4,0,0,2,4,7,6,4,16
"2019-01-02",23,43,0,1,15,16,37,2,1,1,0,0,0,1,0,0,0,0,1,0,5,5,0,0,0,0,0,0,-286.829166666667,1600.41666666667,136.083333333333,-389.5625,2339.08083333333,287.5,0,46,0,11,7,4,1,17,4,0,0,0,0,0,0,0,0,0,0,0,0,0,0,0,0,0,0,0,0,0,0,0,0,0,0,0,0,0,2,0,21,2,0,0,0,0,3,11,1,0,0,0,12,1,7,0,0,0,0,1,0,2,12,0,0,11,15,0,2,0,6,0,0,0,23,0,0,0,0,0,0,0,1,6,8,1,2,5
"2019-01-03",45,85,0,1,5,6,62,9,3,0,0,0,0,2,3,0,0,2,4,0,1,1,0,0,0,0,0,0,-428.25,3761.25,358.125,-529.6875,4515.45,581.25,0,135,0,3,22,19,1,36,1,0,0,0,0,1,0,0,0,2,0,0,0,0,0,0,0,1,0,0,1,0,0,0,3,0,0,0,0,0,0,7,38,0,0,0,0,6,2,14,2,0,0,0,1,1,6,0,0,0,5,22,0,8,29,2,1,12,25,0,5,0,13,0,0,1,22,9,0,0,0,9,0,0,7,3,6,10,6,13