"Date","NB_Accidents","NB_VEH_IMPLIQUES_ACCDN","NB_MORTS","NB_BLESSES_GRAVES","NB_BLESSES_LEGERS","NB_VICTIMES_TOTAL","nb_automobile_camion_leger","nb_camionLourd_tractRoutier","nb_outil_equipement","nb_tous_autobus_minibus","nb_bicyclette","nb_cyclomoteur","nb_motocyclette","nb_taxi","nb_urgence","nb_motoneige","nb_VHR","nb_autres_types","nb_veh_non_precise","NB_DECES_PIETON","NB_BLESSES_PIETON","NB_VICTIMES_PIETON","NB_DECES_MOTO","NB_BLESSES_MOTO","NB_VICTIMES_MOTO","NB_DECES_VELO","NB_BLESSES_VELO","NB_VICTIMES_VELO","Temp","Rel.Hum","Wind.Spd","Dew.Point.Temp","Stn_Press","Wind.Dir","weekdays","days","SeverityDeadly","SeverityLight Injury","SeverityMaterial High","SeverityMaterial Low","SeveritySevere Injury","as.factor(Accident_Type)31","as.factor(Accident_Type)32","as.factor(Accident_Type)33","as.factor(Accident_Type)34","as.factor(Accident_Type)35","as.factor(Accident_Type)36","as.factor(Accident_Type)37","as.factor(Accident_Type)38","as.factor(Accident_Type)39","as.factor(Accident_Type)40","as.factor(Accident_Type)41","as.factor(Accident_Type)42","as.factor(Accident_Type)43","as.factor(Accident_Type)44","as.factor(Accident_Type)45","as.factor(Accident_Type)46","as.factor(Accident_Type)47","as.factor(Accident_Type)48","as.factor(Accident_Type)49","as.factor(Accident_Type)50","as.factor(Accident_Type)51","as.factor(Accident_Type)52","as.factor(Accident_Type)53","as.factor(Accident_Type)54","as.factor(Accident_Type)55","as.factor(Accident_Type)59","as.factor(Accident_Type)71","as.factor(Accident_Type)72","as.factor(Accident_Type)73","as.factor(Accident_Type)74","as.factor(Accident_Type)75","as.factor(Accident_Type)99","Accident_CategoryFixed Object","Accident_CategoryMoving Object","Accident_CategoryNo Collision","Auth_Speed10","Auth_Speed100","Auth_Speed20","Auth_Speed30","Auth_Speed40","Auth_Speed50","Auth_Speed60","Auth_Speed70","Auth_Speed80","Auth_Speed90","Surface_CondDry","Surface_CondHard snow","Surface_CondIce","Surface_CondMud","Surface_CondOil","Surface_CondSand or gravel","Surface_CondSlush","Surface_CondSnow","Surface_CondWater accumulation","Surface_CondWet","IlluminationDay and clear","IlluminationDay and semi-dark","IlluminationNight and dark","IlluminationNight and lighted","EnvironmentCommercial","EnvironmentForest","EnvironmentIndustrial","EnvironmentPark","EnvironmentResidential","EnvironmentRural","EnvironmentSchool area","WeatherBlack Ice","WeatherClear Sky","WeatherCloudy","WeatherDrizzle","WeatherFoggy","WeatherHeavy Rain","WeatherSnow","WeatherSnowstorms","WeatherStrong Wind","cluster_id_0","cluster_id_1","cluster_id_2","cluster_id_3","cluster_id_4","cluster_id_5"
"2019-01-04",47,89,0,0,22,22,69,3,5,2,0,0,0,2,0,0,0,0,8,0,3,3,0,0,0,0,0,0,47.3916666666667,4014.58333333333,344.666666666667,-56.0083333333333,4690.7175,914.541666666666,0,188,0,10,17,20,0,33,3,0,0,0,0,0,0,0,1,0,0,0,0,0,0,0,0,3,0,0,0,0,0,0,1,0,0,0,0,0,1,5,36,1,0,0,0,2,8,12,0,0,0,0,2,1,2,0,0,0,10,10,0,13,22,4,2,14,21,0,1,0,22,0,1,0,19,14,0,0,0,6,0,0,6,5,8,7,9,12
"2019-01-05",26,54,0,0,5,5,45,1,1,0,0,0,0,3,0,0,0,0,4,0,2,2,0,0,0,0,0,0,48.9666666666667,2208.91666666667,125.666666666667,-10.1833333333333,2588.70083333333,435.5,26,130,0,5,10,11,0,18,2,0,0,0,0,0,0,0,1,0,0,0,0,0,0,0,1,0,0,0,1,0,0,0,1,0,0,0,0,0,1,4,20,1,0,0,0,0,4,9,0,0,0,0,4,0,1,0,0,0,1,3,0,16,10,3,0,12,13,0,1,0,12,0,0,0,17,6,0,0,0,1,0,0,2,4,5,1,7,7
"2019-01-06",31,58,0,0,9,9,46,2,0,2,1,0,0,3,2,0,0,1,1,0,0,0,0,0,0,0,1,1,-99.975,2101.54166666667,306.125,-265.825,3118.50958333333,576.083333333333,31,186,0,6,14,11,0,24,0,1,0,0,0,0,0,0,2,0,0,0,0,0,0,0,0,2,0,1,1,0,0,0,0,0,0,0,0,0,0,6,25,0,0,0,0,4,4,10,0,0,0,0,9,0,5,0,0,0,0,7,0,8,16,3,0,11,12,0,0,0,18,0,0,0,20,6,1,0,0,1,2,0,2,4,8,3,1,13
"2019-01-07",44,78,0,0,16,16,60,7,1,2,0,0,0,1,2,0,0,1,4,0,4,4,0,0,0,0,0,0,-546.516666666667,2363.16666666667,357.5,-877.433333333333,4496.76333333333,621.5,0,0,0,15,18,11,0,31,4,0,0,0,0,0,1,1,0,1,0,0,0,0,0,1,0,0,0,0,2,0,0,0,1,0,0,0,0,0,2,5,37,2,0,0,0,4,2,18,0,0,0,0,24,3,3,0,0,0,0,5,0,7,25,2,1,14,25,0,4,0,13,0,0,1,30,8,0,0,0,3,1,0,7,2,13,6,10,6
"2019-01-08",57,115,0,0,20,20,100,3,2,2,0,0,0,1,3,0,0,0,4,0,3,3,0,0,0,0,0,0,-130.8625,5165.625,463.125,-206.15,5698.5275,831.25,0,57,0,15,22,20,0,43,4,0,0,0,0,0,0,0,2,1,0,1,0,0,0,0,0,0,1,1,3,0,0,0,0,0,0,0,0,0,0,9,47,0,0,0,1,3,8,27,0,0,0,0,3,1,0,1,0,0,9,33,0,8,25,9,0,19,26,0,3,0,26,0,1,0,11,11,5,0,0,26,1,0,5,6,5,10,6,25
"2019-01-09",47,88,0,0,11,11,70,5,4,1,1,0,0,1,0,0,0,0,6,0,1,1,0,0,0,0,1,1,-47.3916666666667,4104.66666666667,434.75,-135.320833333333,4643.91333333333,797.041666666667,0,94,0,10,23,14,0,35,2,0,0,0,0,0,1,1,0,0,0,0,0,0,1,0,0,2,0,0,1,0,0,0,3,0,0,0,0,0,1,7,39,1,0,0,0,4,8,14,1,0,0,0,2,1,0,0,0,0,7,24,0,13,24,2,0,20,22,0,3,0,21,0,1,0,15,15,2,0,0,12,0,0,6,3,13,2,12,11
"2019-01-10",63,120,0,0,11,11,88,16,4,0,1,0,0,1,3,0,0,1,6,0,4,4,0,0,0,0,0,0,-392.9625,4580.625,448.875,-656.5125,6272.04375,1853.25,0,189,0,10,26,27,0,52,4,0,0,0,0,0,0,0,1,0,2,0,0,0,0,0,1,0,0,0,0,0,0,0,1,0,0,0,0,0,0,5,56,0,0,0,0,3,12,23,0,0,0,0,6,4,1,0,0,0,4,30,0,13,34,8,2,18,28,0,4,0,27,1,2,0,29,20,0,0,0,8,0,1,9,3,16,10,13,12
"2019-01-11",62,118,0,4,20,24,93,9,2,1,0,0,0,1,6,0,0,0,6,0,5,5,0,0,0,0,0,0,-939.816666666667,3668.33333333333,359.083333333333,-1326.28333333333,6281.63333333333,1446.66666666667,0,248,0,14,21,25,2,49,6,0,0,0,0,0,2,0,0,0,0,0,0,0,0,0,1,0,0,0,2,0,0,0,0,0,0,0,0,0,0,3,57,0,0,0,0,4,4,22,1,1,0,0,21,8,6,0,0,0,1,10,1,14,41,7,1,13,38,0,4,0,19,0,0,0,51,7,0,0,0,1,0,1,11,8,10,10,13,10
"2019-01-12",56,118,0,1,26,27,107,3,0,0,0,0,0,3,2,0,0,0,3,0,4,4,0,0,0,0,0,0,-876.166666666667,3392.66666666667,303.333333333333,-1207.5,5734.16666666667,1379,56,280,0,16,28,11,1,47,3,0,0,1,0,0,0,0,0,0,0,1,1,0,0,0,1,0,0,0,0,0,0,0,0,0,0,0,0,0,0,3,51,0,1,0,0,2,7,20,1,0,0,0,17,4,13,0,0,0,1,11,0,8,25,3,0,27,31,0,2,0,21,0,1,0,48,3,0,0,0,2,0,0,1,7,16,8,10,14
"2019-01-13",34,66,0,0,13,13,56,1,1,1,0,0,0,3,2,0,0,1,1,0,5,5,0,0,0,0,0,0,-441.291666666667,2377.16666666667,138.833333333333,-589.475,3484.37666666667,937.217391304348,34,204,0,11,19,4,0,26,5,0,0,0,0,0,0,0,1,0,0,0,0,0,0,0,1,0,0,0,0,0,0,0,0,0,0,0,0,0,0,2,31,0,0,0,0,1,6,16,0,0,0,0,10,2,8,0,0,0,1,3,0,8,13,5,0,16,16,0,4,0,12,0,0,0,27,7,0,0,0,0,0,0,2,4,7,6,5,10
"2019-01-14",56,106,0,0,21,21,82,10,0,4,0,0,0,4,4,0,0,0,2,0,4,4,0,0,0,0,0,0,-613.666666666667,4078.66666666667,259,-836.966666666667,5692.98333333333,1379,0,0,0,17,21,18,0,39,6,0,0,0,0,0,0,0,1,0,0,1,0,0,0,0,0,0,0,1,1,0,0,0,1,0,0,0,0,0,3,5,45,3,0,0,0,4,12,16,1,0,0,0,21,3,2,0,0,0,1,8,0,21,35,5,0,14,21,0,4,1,25,0,4,0,50,6,0,0,0,0,0,0,3,5,12,12,6,18
"2019-01-15",30,49,0,0,12,12,32,5,0,1,1,0,0,2,5,0,0,0,3,0,6,6,0,0,0,0,0,0,-160.875,2426.25,157.5,-243.375,3026.9,630,0,30,0,11,8,11,0,17,7,1,0,0,0,0,0,0,0,1,0,0,0,0,0,0,0,0,0,0,1,0,0,0,2,0,0,0,0,0,0,4,25,0,0,0,0,1,2,12,0,0,0,0,2,0,2,0,0,0,1,4,0,18,15,5,0,9,17,0,1,0,9,0,0,0,13,9,0,0,0,5,0,0,1,1,9,4,4,11
"2019-01-16",49,99,0,1,17,18,81,10,2,2,1,0,0,1,1,0,0,0,1,0,3,3,0,0,0,0,1,1,-236.833333333333,3546.375,459.375,-451.208333333333,4918.41583333333,828.916666666667,0,98,0,14,22,12,1,38,3,1,0,0,0,0,0,0,4,0,0,0,0,0,0,0,0,0,0,0,0,0,0,0,3,0,0,0,0,0,0,7,42,0,0,0,0,1,10,23,0,0,0,0,13,2,3,0,0,0,3,9,0,17,33,4,0,12,28,0,5,0,15,0,1,0,33,7,0,0,0,9,0,0,5,4,12,8,3,17
"2019-01-17",47,91,0,0,13,13,83,6,0,0,0,0,0,1,1,0,0,0,0,0,6,6,0,0,0,0,0,0,-777.654166666667,2743.625,266.333333333333,-1075.7125,4789.1825,1079.04166666667,0,141,0,12,21,14,0,36,8,0,0,0,0,0,0,0,0,0,0,0,0,0,0,0,0,0,1,0,0,0,0,0,1,0,0,0,0,0,0,2,44,0,0,0,0,2,9,19,0,0,0,0,32,0,2,0,0,0,0,5,0,6,33,4,0,9,25,0,1,0,19,0,1,0,39,7,0,0,0,0,0,0,7,0,13,8,3,16
"2019-01-18",86,178,0,1,24,25,148,12,2,5,0,0,0,6,1,0,0,0,4,0,4,4,0,0,0,0,0,0,-1032,6600.5,619.916666666667,-1315.08333333333,8677.5075,1290,0,344,0,19,40,26,1,68,3,0,0,0,0,0,0,0,1,0,0,2,1,0,0,0,0,3,1,0,0,0,0,0,1,0,0,0,0,0,1,9,71,1,0,0,0,8,11,34,0,0,0,0,7,5,5,0,0,0,7,50,0,9,54,6,0,25,43,0,4,0,37,0,1,0,28,21,0,0,0,31,2,0,16,3,14,10,6,37
"2019-01-19",57,109,0,0,13,13,99,3,1,2,0,0,0,0,2,0,0,1,1,0,4,4,0,0,0,0,0,0,-1198.1875,3650.375,662.625,-1490.7875,5814.78375,237.5,57,285,0,11,33,13,0,45,4,0,0,0,0,0,0,0,0,0,0,0,0,0,0,0,0,0,1,1,0,0,0,0,1,0,0,0,0,1,1,3,49,2,1,0,1,2,13,20,0,0,0,0,7,5,5,0,0,0,2,23,0,13,30,0,0,26,29,0,3,0,22,1,1,0,25,12,0,0,0,13,5,0,6,3,20,11,5,12
"2019-01-20",57,103,0,0,7,7,76,2,8,1,0,0,0,3,4,0,0,0,9,0,1,1,0,0,0,0,0,0,-1041.675,4427,1004.625,-1210.3,5709.0725,358.625,57,342,0,7,30,20,0,37,0,0,0,0,0,0,0,0,3,4,4,1,1,1,0,0,0,1,0,0,2,0,0,0,0,0,0,0,0,1,0,17,37,1,1,0,0,2,9,23,1,0,0,0,1,3,4,0,0,0,1,47,0,0,25,3,0,28,24,0,4,0,28,0,1,0,4,1,0,0,0,22,28,0,7,3,15,8,11,13
"2019-01-21",93,186,0,1,9,10,142,17,3,1,0,0,0,6,7,0,0,2,8,0,1,1,0,0,0,0,0,0,-1765.8375,6134.125,573.5,-2221.15,9362.58125,2220.375,0,0,0,9,47,36,1,78,4,0,0,0,0,0,0,0,1,1,2,0,0,0,0,0,0,1,1,0,2,0,0,0,0,0,0,0,0,0,1,8,82,1,1,0,0,3,12,37,2,0,0,0,2,8,10,0,0,0,3,65,0,1,60,7,0,22,37,0,7,1,41,1,1,0,37,20,0,0,0,20,9,0,7,7,19,22,15,23
"2019-01-22",105,220,1,0,15,16,169,19,10,4,0,0,0,4,7,0,0,0,7,1,2,3,0,0,0,0,0,0,-1840.5625,6422.5,984.375,-2440.8125,10756.33125,2388.75,0,105,1,14,50,40,0,95,4,0,0,0,0,0,1,0,0,1,0,0,1,0,0,0,0,0,1,0,0,0,0,0,1,0,0,0,0,0,0,4,100,0,1,0,0,6,16,46,0,1,0,0,0,16,5,0,0,0,3,73,0,6,58,13,0,33,51,0,10,1,40,0,1,0,78,8,0,0,0,13,2,0,11,6,33,23,12,20
"2019-01-23",103,207,0,1,13,14,164,14,8,3,0,0,0,5,3,0,0,0,10,0,4,4,0,0,0,0,0,0,-697.825,8604.79166666667,527.875,-949.745833333333,10369.8683333333,1484.91666666667,0,206,0,11,53,38,1,83,6,0,0,0,0,0,0,0,4,0,2,0,0,0,0,0,0,2,1,0,1,0,0,0,0,0,0,0,0,1,0,10,89,1,1,0,0,11,20,32,0,0,0,0,1,2,8,0,0,0,3,82,0,1,70,5,0,26,37,0,9,1,49,0,2,0,9,4,4,0,1,74,4,0,7,7,24,21,24,20
"2019-01-24",76,146,0,0,11,11,105,17,9,2,0,0,0,1,5,0,0,0,7,0,1,1,0,0,0,0,0,0,93.7333333333333,6985.66666666667,380,4.11666666666666,7518.52166666667,1513.09090909091,0,228,0,8,30,38,0,54,1,0,0,0,0,0,1,2,0,1,1,1,0,0,0,0,0,3,0,1,0,0,0,0,2,0,0,0,0,2,4,9,58,6,0,0,0,2,15,25,1,0,0,0,1,4,21,0,0,0,14,20,4,8,38,7,0,29,31,0,7,0,35,0,1,8,19,5,25,0,3,11,0,1,9,5,29,6,10,17
"2019-01-25",63,117,0,0,9,9,79,14,10,1,0,0,0,1,3,0,0,1,8,0,2,2,0,0,0,0,0,0,-415.275,3903.375,409.5,-816.9,6298.45125,1409.625,0,252,0,8,27,28,0,51,2,0,0,0,0,0,0,0,1,0,0,1,0,0,0,1,2,1,0,0,1,1,0,0,1,0,0,0,0,0,0,9,53,0,1,0,0,8,5,21,2,1,0,0,5,12,14,0,0,0,1,17,0,10,33,1,1,24,24,0,3,0,31,0,1,1,42,9,0,0,0,5,0,0,9,3,18,8,11,14
"2019-01-26",61,124,0,1,8,9,106,5,1,3,0,0,0,5,1,0,0,0,3,0,1,1,0,0,0,0,0,0,-740.895833333333,4198.83333333333,294.833333333333,-1027.34166666667,6179.32541666667,1578.375,61,305,0,7,33,20,1,56,1,0,0,0,0,0,0,0,0,0,1,0,0,0,0,0,1,0,0,0,0,0,0,0,0,0,0,0,0,0,2,2,57,2,0,0,0,3,14,23,0,0,0,0,4,10,10,0,0,0,4,18,0,14,35,3,0,21,31,0,2,0,26,0,1,0,49,5,0,0,0,5,0,0,3,5,17,18,7,11
"2019-01-27",50,98,0,0,7,7,81,3,2,0,0,0,0,3,3,0,0,1,5,0,1,1,0,0,0,0,0,0,-392.291666666667,3522.91666666667,350,-621.041666666667,5023.64583333333,870.833333333333,50,300,0,5,19,26,0,44,1,0,0,0,0,0,0,0,0,0,1,0,0,0,0,0,1,1,0,0,1,0,0,0,0,0,0,0,0,0,0,4,45,0,0,0,0,3,7,19,0,1,0,0,7,7,6,0,0,0,1,16,0,10,24,5,0,20,29,0,1,0,18,0,2,0,31,10,0,0,0,5,0,0,4,3,11,9,14,9
"2019-01-28",67,128,0,0,17,17,111,5,3,2,0,0,0,4,1,0,0,0,2,0,4,4,0,0,0,0,0,0,-1166.6375,2967.54166666667,446.666666666667,-1792.52916666667,6788.74708333333,1426.54166666667,0,0,0,15,33,19,0,51,5,0,0,0,0,0,0,0,1,0,0,0,0,0,1,0,0,1,1,0,0,0,0,0,1,0,0,0,0,0,1,5,56,1,0,0,0,2,11,27,3,0,0,0,11,8,12,0,0,0,5,16,0,13,43,5,0,17,33,0,6,0,23,1,1,0,56,6,0,0,0,1,0,0,8,5,13,14,11,16
"2019-01-29",64,131,0,0,14,14,113,5,2,1,0,0,0,0,3,0,0,1,6,0,0,0,0,0,0,0,0,0,-802.4,5056,546.666666666667,-993.6,6420.29333333333,541.333333333333,0,64,0,13,23,28,0,53,2,0,0,0,0,0,0,0,1,0,2,0,0,0,0,0,1,0,0,0,1,0,0,0,3,0,0,0,0,0,0,8,55,0,0,0,0,3,10,25,0,0,0,0,1,5,5,0,0,0,4,44,0,2,35,2,1,23,24,0,6,1,28,0,3,0,11,5,0,0,0,36,10,0,6,3,15,11,11,18
"2019-01-30",62,119,0,0,9,9,85,10,4,3,0,0,0,2,5,0,0,0,10,0,3,3,0,0,0,0,0,0,-673.475,3714.83333333333,372,-1078.8,6200.18083333333,1454.41666666667,0,124,0,7,35,20,0,47,2,0,0,0,0,0,1,0,0,0,3,0,0,1,0,1,2,0,0,1,0,0,0,0,4,0,0,0,0,0,0,12,50,0,1,0,1,3,13,21,0,1,0,0,1,5,7,0,0,0,11,33,0,2,37,2,0,19,24,0,3,1,30,0,1,0,40,9,1,0,0,6,1,2,11,3,15,14,9,10
"2019-01-31",83,162,0,0,14,14,129,13,2,0,0,0,0,3,5,0,0,0,10,0,3,3,0,0,0,0,0,0,-1294.10833333333,4637.625,650.166666666667,-1865.425,8365.60458333334,1756.83333333333,0,249,0,12,40,31,0,71,5,0,0,0,0,0,0,1,0,0,2,0,0,0,0,0,0,1,0,0,0,0,0,0,0,0,0,0,0,0,3,3,77,3,2,1,0,8,9,23,0,0,0,0,6,6,5,0,0,0,6,45,0,10,47,9,0,24,32,0,6,0,41,0,0,0,59,11,0,0,0,6,1,2,6,9,21,16,18,13
"2019-02-01",69,137,0,0,17,17,116,10,1,1,0,0,0,0,3,0,0,0,6,0,8,8,0,0,0,0,0,0,-985.55,3628.25,552,-1530.65,7003.12625,1394.375,0,276,0,14,32,23,0,54,7,0,0,0,0,0,0,0,1,0,0,0,1,2,0,0,1,0,0,0,0,0,0,0,0,0,0,0,0,0,1,5,61,1,1,0,1,4,9,30,0,0,0,0,8,4,10,0,0,0,5,25,0,12,51,4,0,9,37,0,2,0,27,0,2,0,54,7,0,0,0,4,0,0,5,4,18,14,7,21
"2019-02-02",59,120,0,0,8,8,104,3,2,2,0,0,0,1,2,0,0,0,6,0,0,0,0,0,0,0,0,0,-592.458333333333,4604.45833333333,415.458333333333,-777.325,5952.3625,1243.91666666667,59,295,0,7,29,23,0,48,2,0,0,0,0,0,0,0,3,0,2,0,1,0,0,0,0,0,0,1,0,0,0,0,1,0,0,0,0,0,0,8,50,0,0,0,0,4,7,26,0,0,0,0,0,2,7,0,0,0,10,36,0,4,38,6,0,14,27,0,2,0,27,0,2,0,19,9,0,0,0,29,1,0,5,3,16,11,9,15
"2019-02-03",64,131,0,0,16,16,114,4,4,0,0,0,0,2,2,0,0,0,5,0,3,3,0,0,0,0,0,0,-760.8,4920,610.666666666667,-973.6,6460.13333333334,336,64,384,0,13,27,24,0,53,3,0,0,0,0,0,0,1,0,1,1,0,1,0,0,0,1,0,0,0,0,0,0,0,2,0,0,0,0,0,0,6,57,0,0,1,0,5,10,26,0,0,0,0,1,4,6,1,0,0,12,34,0,4,28,4,0,31,25,0,1,0,32,1,1,6,16,10,2,0,0,27,0,0,3,2,16,12,8,23
"2019-02-04",47,91,0,0,4,4,75,4,3,0,0,0,0,2,0,0,0,1,6,0,1,1,0,0,0,0,0,0,-269.858333333333,4425.83333333333,329,-306.479166666667,4721.83541666667,125.333333333333,0,0,0,4,21,22,0,39,1,0,0,0,0,0,1,0,1,0,0,0,0,1,0,0,0,0,1,0,0,0,0,0,1,0,0,0,0,0,1,4,41,1,0,0,0,3,8,18,0,0,0,0,2,3,5,0,0,0,12,17,0,5,31,4,0,9,20,0,2,0,23,0,0,2,14,16,10,0,1,0,0,0,5,6,8,11,1,16
"2019-02-05",75,137,0,0,12,12,117,7,6,2,0,0,0,1,1,0,0,0,3,0,8,8,0,0,0,0,0,0,23.4375,5965.625,641.25,-225.9375,7526.15625,1608.75,0,75,0,12,30,33,0,52,9,0,0,0,0,0,4,0,2,0,1,1,0,0,0,0,0,0,0,0,0,0,0,0,2,0,0,0,0,0,2,6,65,2,0,0,0,6,8,29,0,1,0,0,4,4,14,0,0,0,7,4,0,38,39,7,1,23,42,0,3,1,25,0,2,2,45,19,3,0,0,0,0,0,13,6,22,10,7,17
"2019-02-06",62,118,1,0,10,11,96,2,6,1,0,0,0,2,1,0,0,2,8,1,2,3,0,0,0,0,0,0,-587.191666666667,4730.08333333333,599.333333333333,-801.35,6291.9925,188.583333333333,0,124,1,9,32,20,0,47,5,0,0,0,0,0,1,0,0,0,1,0,0,1,0,0,0,0,0,0,1,0,0,0,1,0,0,0,0,1,0,4,53,1,0,0,0,2,9,24,0,0,0,0,6,6,18,0,0,0,4,15,0,9,37,3,0,18,32,0,3,0,24,0,1,5,24,13,3,0,0,12,0,0,5,5,10,18,12,12
"2019-02-07",53,106,0,0,18,18,85,14,2,1,0,0,0,2,0,0,0,0,2,0,4,4,0,0,0,0,0,0,-249.320833333333,4957.70833333333,397.5,-296.358333333333,5348.51708333333,128.083333333333,0,159,0,14,19,20,0,44,4,0,0,0,0,0,0,0,0,0,0,0,0,0,0,0,0,1,0,0,1,0,0,0,2,0,0,0,0,0,0,4,48,0,0,0,0,1,7,22,1,0,1,0,5,4,3,0,0,0,11,16,0,13,31,6,0,13,28,0,4,0,17,1,1,0,23,23,1,0,0,4,0,0,8,3,16,9,3,14
"2019-02-08",48,91,0,0,11,11,72,9,0,0,0,0,0,2,4,0,0,0,4,0,2,2,0,0,0,0,0,0,28.2,3368,502,-217,4787.44,954,0,192,0,10,18,20,0,39,4,0,0,0,0,0,0,0,1,0,0,0,0,0,0,0,0,0,2,0,1,0,0,0,0,0,0,0,0,0,0,4,43,0,0,0,0,5,4,18,0,0,0,0,11,2,4,0,0,0,3,8,0,16,26,5,1,13,25,0,4,0,12,0,4,0,26,12,3,0,0,0,1,2,7,5,11,5,7,13
"2019-02-09",47,87,0,2,9,11,74,2,0,1,0,0,0,2,3,0,0,1,4,0,3,3,0,0,0,0,0,0,-443.366666666667,2207.04166666667,370.125,-883.0125,4795.93875,1077.08333333333,47,235,0,8,18,19,2,35,3,0,0,1,0,0,0,1,2,0,0,0,0,0,0,0,1,0,1,1,0,0,0,0,1,0,0,0,0,0,0,6,40,0,1,0,1,0,5,12,0,0,0,1,19,9,9,0,0,0,0,1,0,3,31,1,1,11,23,0,2,0,20,0,0,0,40,1,0,0,0,0,0,1,4,4,11,15,5,8
"2019-02-10",39,77,0,0,13,13,65,2,0,1,0,0,0,2,5,0,0,0,2,0,3,3,0,0,0,0,0,0,-363.025,2076.75,182,-667.7125,3993.58375,801.125,39,234,0,10,15,14,0,29,3,0,0,0,0,0,0,0,0,0,0,0,0,0,0,0,1,1,0,1,0,0,0,0,1,0,0,0,0,0,0,4,32,0,0,0,1,3,5,13,0,0,0,0,19,3,6,0,0,1,0,2,0,6,21,0,0,16,12,0,1,0,20,2,0,0,36,0,0,0,0,0,0,0,2,1,13,7,7,9
"2019-02-11",50,96,0,0,13,13,77,9,2,0,1,0,0,0,1,0,0,1,5,0,5,5,0,0,0,0,1,1,-548.125,2654.16666666667,327.083333333333,-937.291666666667,5112.22916666667,810.416666666667,0,0,0,12,18,20,0,39,4,1,0,0,0,0,0,0,0,0,0,0,0,0,0,0,0,0,0,0,1,0,0,0,1,0,0,0,0,1,0,2,44,1,0,0,0,2,10,18,0,0,0,0,28,2,9,0,0,0,0,7,0,1,36,0,0,10,22,0,1,1,22,0,3,0,43,3,0,0,0,0,0,0,11,6,12,6,2,13
"2019-02-12",63,119,0,0,16,16,93,5,4,2,1,0,0,1,4,0,0,3,6,0,4,4,0,0,0,0,0,0,-844.9875,4328.625,598.5,-1137.4125,6417.8625,212.625,0,63,0,11,28,24,0,47,4,0,0,0,0,0,0,0,0,1,1,0,0,0,0,1,0,0,0,0,1,0,0,0,2,0,0,0,0,0,1,6,51,1,0,0,0,3,8,19,0,0,0,0,18,4,3,0,0,0,1,30,0,3,29,2,0,26,32,0,1,0,25,0,2,0,21,11,0,0,0,18,9,0,6,4,23,11,6,13
"2019-02-13",58,107,0,0,6,6,61,12,15,1,0,0,0,1,6,0,0,0,11,0,3,3,0,0,0,0,0,0,-190.916666666667,5058.08333333333,442.25,-298.941666666667,5756.40333333333,940.083333333333,0,116,0,5,26,27,0,46,3,0,0,0,0,0,0,0,1,1,0,0,0,1,0,0,0,3,0,0,0,0,0,0,1,0,0,0,0,0,0,7,49,0,0,0,0,4,15,16,0,0,0,0,2,0,0,0,0,0,1,49,0,2,30,1,1,20,19,0,2,0,33,0,0,0,10,9,0,0,0,25,9,0,5,7,14,8,6,18
"2019-02-14",84,160,0,0,15,15,124,16,8,3,0,0,0,1,2,0,0,1,5,0,9,9,0,0,0,0,0,0,-494.9,5677,521.5,-926.1,8417.01,1739.5,0,252,0,15,36,33,0,68,9,0,0,0,0,0,0,0,0,0,0,0,0,0,0,0,1,0,0,0,1,1,0,0,1,0,1,0,0,0,1,4,77,2,0,0,0,7,10,28,1,0,0,0,1,3,0,0,0,0,4,50,0,23,47,6,0,26,35,0,5,0,39,1,2,0,57,14,0,0,0,6,1,0,13,6,17,13,12,23
"2019-02-15",89,174,0,1,21,22,121,23,8,7,0,0,0,3,2,0,0,0,10,0,5,5,0,0,0,0,0,0,-61.5583333333333,6396.875,756.5,-460.945833333333,8854.165,1446.25,0,356,0,17,36,35,1,78,5,0,0,0,0,0,0,0,0,1,0,0,0,0,0,0,1,1,0,0,1,0,0,0,0,0,0,0,0,0,0,4,83,0,1,0,0,3,21,32,1,0,0,0,3,3,4,0,0,0,10,40,0,26,49,6,0,31,37,0,6,1,40,0,3,0,39,20,11,0,0,15,2,0,6,6,17,19,17,24
"2019-02-16",47,93,0,0,13,13,79,7,2,0,0,0,0,1,2,0,0,0,2,0,0,0,0,0,0,0,0,0,-194.854166666667,2886.58333333333,319.208333333333,-495.2625,4707.22625,1055.54166666667,47,235,0,7,15,25,0,39,0,0,0,0,0,0,0,0,0,1,0,1,0,0,0,0,0,0,0,0,0,0,0,0,1,0,0,0,1,0,1,3,39,2,0,0,0,2,5,18,0,0,0,0,10,3,8,0,0,0,3,10,0,12,25,1,0,21,24,0,2,0,21,0,0,0,38,5,0,0,0,1,0,0,4,2,15,10,4,12