"Date","NB_Accidents","NB_VEH_IMPLIQUES_ACCDN","NB_MORTS","NB_BLESSES_GRAVES","NB_BLESSES_LEGERS","NB_VICTIMES_TOTAL","nb_automobile_camion_leger","nb_camionLourd_tractRoutier","nb_outil_equipement","nb_tous_autobus_minibus","nb_bicyclette","nb_cyclomoteur","nb_motocyclette","nb_taxi","nb_urgence","nb_motoneige","nb_VHR","nb_autres_types","nb_veh_non_precise","NB_DECES_PIETON","NB_BLESSES_PIETON","NB_VICTIMES_PIETON","NB_DECES_MOTO","NB_BLESSES_MOTO","NB_VICTIMES_MOTO","NB_DECES_VELO","NB_BLESSES_VELO","NB_VICTIMES_VELO","Temp","Rel.Hum","Wind.Spd","Dew.Point.Temp","Stn_Press","Wind.Dir","weekdays","days","SeverityDeadly","SeverityLight Injury","SeverityMaterial High","SeverityMaterial Low","SeveritySevere Injury","as.factor(Accident_Type)31","as.factor(Accident_Type)32","as.factor(Accident_Type)33","as.factor(Accident_Type)34","as.factor(Accident_Type)35","as.factor(Accident_Type)36","as.factor(Accident_Type)37","as.factor(Accident_Type)38","as.factor(Accident_Type)39","as.factor(Accident_Type)40","as.factor(Accident_Type)41","as.factor(Accident_Type)42","as.factor(Accident_Type)43","as.factor(Accident_Type)44","as.factor(Accident_Type)45","as.factor(Accident_Type)46","as.factor(Accident_Type)47","as.factor(Accident_Type)48","as.factor(Accident_Type)49","as.factor(Accident_Type)50","as.factor(Accident_Type)51","as.factor(Accident_Type)52","as.factor(Accident_Type)53","as.factor(Accident_Type)54","as.factor(Accident_Type)55","as.factor(Accident_Type)59","as.factor(Accident_Type)71","as.factor(Accident_Type)72","as.factor(Accident_Type)73","as.factor(Accident_Type)74","as.factor(Accident_Type)75","as.factor(Accident_Type)99","Accident_CategoryFixed Object","Accident_CategoryMoving Object","Accident_CategoryNo Collision","Auth_Speed10","Auth_Speed100","Auth_Speed20","Auth_Speed30","Auth_Speed40","Auth_Speed50","Auth_Speed60","Auth_Speed70","Auth_Speed80","Auth_Speed90","Surface_CondDry","Surface_CondHard snow","Surface_CondIce","Surface_CondMud","Surface_CondOil","Surface_CondSand or gravel","Surface_CondSlush","Surface_CondSnow","Surface_CondWater accumulation","Surface_CondWet","IlluminationDay and clear","IlluminationDay and semi-dark","IlluminationNight and dark","IlluminationNight and lighted","EnvironmentCommercial","EnvironmentForest","EnvironmentIndustrial","EnvironmentPark","EnvironmentResidential","EnvironmentRural","EnvironmentSchool area","WeatherBlack Ice","WeatherClear Sky","WeatherCloudy","WeatherDrizzle","WeatherFoggy","WeatherHeavy Rain","WeatherSnow","WeatherSnowstorms","WeatherStrong Wind","cluster_id_0","cluster_id_1","cluster_id_2","cluster_id_3","cluster_id_4","cluster_id_5"
"2019-02-17",61,120,0,0,11,11,99,3,4,2,0,0,0,4,3,0,0,0,5,0,1,1,0,0,0,0,0,0,-667.95,3771.83333333333,335.5,-1027.59583333333,6173.75916666667,1278.45833333333,61,366,0,9,29,23,0,52,2,0,0,0,0,0,0,0,0,0,1,0,0,0,0,0,0,2,0,0,0,0,0,0,1,0,0,0,0,1,1,4,54,2,0,0,0,4,15,24,0,0,0,1,24,9,8,0,0,0,1,10,0,8,29,1,2,26,31,0,3,0,26,0,1,0,50,7,0,0,0,1,0,0,7,5,18,6,8,17
"2019-02-18",56,109,0,0,14,14,79,12,6,2,0,0,0,2,1,0,0,0,7,0,1,1,0,0,0,0,0,0,-619.033333333333,3395,487.666666666667,-966.933333333334,5654.22666666667,606.666666666667,0,0,0,10,19,27,0,48,2,0,0,0,0,0,0,0,0,0,0,0,0,0,0,0,0,0,0,0,0,0,0,0,1,0,0,0,0,1,3,1,50,4,0,0,0,1,9,22,1,0,0,0,23,5,8,0,0,0,1,11,0,5,35,3,0,12,23,0,3,1,25,0,1,0,43,7,0,0,0,1,0,0,7,5,15,8,6,15
"2019-02-19",56,112,0,2,4,6,88,11,3,1,0,0,0,1,1,0,0,1,6,0,4,4,0,0,0,0,0,0,-695.1,3231.66666666667,329,-1073.8,5734.21333333333,1288,0,56,0,4,24,27,1,49,2,0,0,0,0,0,0,0,0,0,1,0,0,0,0,0,0,0,0,0,1,0,0,0,2,0,0,0,0,0,0,4,51,0,0,0,1,2,10,19,0,0,0,0,25,4,5,0,0,1,0,10,0,8,40,4,0,10,27,0,3,1,22,1,2,0,53,0,0,0,0,1,0,0,7,4,19,8,6,12
"2019-02-20",65,131,0,1,12,13,110,4,3,2,1,0,1,1,4,0,0,0,5,0,3,3,0,0,0,0,1,1,-562.520833333333,4124.79166666667,360.208333333333,-939.25,6637.74583333333,1221.45833333333,0,130,0,11,25,28,1,58,3,1,0,0,0,0,0,0,0,0,1,0,0,0,0,0,0,0,0,0,0,0,0,0,2,0,0,0,0,0,0,3,62,0,3,0,1,4,8,22,0,0,0,0,28,7,6,0,0,0,0,8,0,12,48,2,0,12,27,0,4,0,27,0,3,0,44,15,0,1,0,1,0,0,7,4,14,10,13,17
"2019-02-21",70,138,0,0,19,19,107,9,8,4,0,0,0,1,1,0,0,1,7,0,1,1,0,0,0,0,0,0,-166.541666666667,5664.16666666667,440.416666666667,-375.083333333333,7012.5125,1061.66666666667,0,210,0,14,23,33,0,63,1,1,0,0,0,0,0,0,1,0,2,0,0,0,0,0,0,1,0,0,0,0,0,0,0,0,0,0,0,0,0,4,65,0,2,0,0,2,14,24,0,0,0,0,4,3,4,0,0,0,4,38,0,13,47,6,0,15,29,0,5,0,33,0,2,0,29,26,1,0,0,8,1,0,7,6,13,15,12,17
"2019-02-22",74,137,0,1,16,17,114,6,3,0,1,0,0,5,1,0,0,0,7,0,9,9,0,0,0,0,1,1,-228.475,4615.75,407,-691.9,7532.67583333333,1927.08333333333,0,296,0,14,33,26,1,52,10,1,0,0,0,0,0,0,0,0,0,0,0,1,0,0,0,0,0,0,2,0,0,0,4,0,0,0,0,0,1,7,63,1,0,0,0,2,8,24,0,1,0,0,21,5,3,0,0,0,1,16,0,26,42,2,1,25,36,0,7,1,26,0,1,0,65,5,0,0,0,1,0,0,5,6,16,11,9,27
"2019-02-23",39,71,0,0,9,9,56,3,2,3,0,0,0,3,2,0,0,0,2,0,4,4,0,0,0,0,0,0,-101.075,2188.875,199.875,-398.45,3980.08,804.375,39,195,0,7,11,21,0,28,4,0,0,0,0,0,0,0,1,0,0,0,0,0,0,0,0,1,0,0,0,0,0,0,1,0,0,0,0,0,2,3,32,2,0,0,0,4,9,9,1,0,0,0,12,1,3,0,0,0,0,5,0,18,19,0,0,19,20,0,1,0,16,0,0,0,36,1,0,0,0,0,0,0,3,3,15,5,4,9
"2019-02-24",33,68,0,0,9,9,54,3,6,1,0,0,0,1,0,0,0,0,3,0,1,1,0,0,0,0,0,0,22,2641.375,250.25,-82.3625,3272.9675,540.375,33,198,0,7,15,11,0,28,1,0,0,0,0,0,1,1,0,0,0,0,0,0,0,0,0,0,0,0,0,0,0,0,1,0,0,0,0,0,0,1,31,0,0,0,0,2,3,12,2,0,0,0,3,1,9,0,0,0,1,4,1,12,9,2,1,19,10,0,5,0,17,0,0,2,8,5,10,0,0,5,0,0,3,2,10,7,5,6
"2019-02-25",65,122,0,0,13,13,95,8,6,3,0,0,0,2,1,0,0,2,5,0,3,3,0,0,0,0,0,0,-289.791666666667,4097.70833333333,639.166666666667,-681.958333333333,6429.15,1137.5,0,0,0,10,29,26,0,50,5,0,0,0,0,0,0,0,1,1,0,0,0,0,0,0,0,1,0,0,1,0,0,0,1,0,0,0,0,0,2,5,55,2,0,0,0,7,11,19,0,0,0,0,9,10,30,0,0,0,2,7,0,7,48,1,0,15,21,0,3,1,34,1,2,1,31,17,0,0,0,5,0,9,12,4,15,11,11,12
"2019-02-26",37,74,0,0,9,9,64,6,2,1,0,0,0,0,1,0,0,0,0,0,2,2,0,0,0,0,0,0,-532.645833333333,1816.08333333333,255.916666666667,-845.604166666667,3764.48791666667,670.625,0,37,0,7,15,15,0,34,1,0,0,0,0,0,0,0,0,0,0,0,0,0,0,0,0,0,1,0,0,0,0,0,0,0,0,0,0,0,0,1,35,0,0,0,0,1,6,13,1,0,0,0,20,0,10,0,0,0,0,4,0,1,26,3,0,6,16,0,3,0,14,1,1,0,34,0,0,0,0,1,0,0,6,3,9,3,3,13
"2019-02-27",44,93,0,1,11,12,75,4,1,0,0,0,0,1,4,0,0,0,8,0,1,1,0,0,0,0,0,0,-684.566666666667,2348.5,284.166666666667,-1011.45,4486.11166666667,1111,0,88,0,10,14,19,1,38,1,0,0,0,0,0,0,0,0,1,1,0,0,0,0,0,0,1,0,0,0,0,0,0,1,0,0,0,0,0,0,4,39,0,0,0,0,3,8,11,0,0,0,0,26,1,9,0,0,0,0,2,0,1,35,1,0,4,22,0,3,1,13,0,1,0,34,5,0,0,0,0,0,0,7,3,8,6,7,13
"2019-02-28",55,116,0,0,15,15,94,8,1,2,0,0,0,2,2,0,0,1,6,0,6,6,0,0,0,0,0,0,-647.854166666667,3194.58333333333,348.333333333333,-1020.9375,5581.37708333333,1019.79166666667,0,165,0,13,24,18,0,42,6,0,0,0,0,0,1,0,0,1,0,0,0,0,0,0,0,0,0,0,0,0,0,0,1,0,0,0,0,0,0,2,49,0,2,0,1,2,7,22,1,0,0,0,32,1,11,0,0,1,1,1,0,5,45,0,1,6,31,0,4,0,15,1,1,0,52,1,0,0,0,0,0,0,6,5,14,10,6,14
"2019-03-01",74,141,0,1,21,22,112,12,1,3,0,0,0,5,4,0,0,0,4,0,8,8,0,0,0,0,0,0,-575.35,3934.33333333333,292.916666666667,-1177.525,7525.06,1760.58333333333,0,296,0,19,23,31,1,59,7,0,0,0,0,0,0,0,0,0,1,0,0,0,0,0,2,3,0,0,0,0,0,0,0,0,0,0,0,0,1,6,66,1,0,0,0,5,14,29,1,1,1,0,43,0,10,0,0,1,2,1,0,14,53,2,0,17,34,0,6,0,32,0,1,0,71,1,0,0,0,0,0,0,7,4,18,12,12,21
"2019-03-02",49,95,0,0,6,6,82,6,0,0,0,0,0,1,1,0,0,1,4,0,0,0,0,0,0,0,0,0,-267.05,3009.41666666667,451.208333333333,-577.995833333333,4953.655,663.541666666667,49,245,0,5,32,12,0,41,1,0,0,0,0,0,0,0,1,1,0,0,0,0,0,1,0,0,1,0,0,0,0,0,2,0,0,0,0,0,0,6,42,0,1,0,0,3,10,18,0,0,0,0,29,0,11,0,0,0,1,2,0,5,30,2,0,16,35,0,0,0,11,0,1,0,38,9,0,0,0,0,0,0,1,2,16,5,8,17
"2019-03-03",32,56,0,1,7,8,50,0,0,0,0,0,0,1,4,0,0,0,1,0,3,3,0,0,0,0,0,0,-97.8666666666667,2352,162.666666666667,-235.066666666667,3225.98666666667,746.666666666667,32,192,0,7,15,9,1,21,3,0,0,0,0,0,1,0,1,0,1,1,0,0,0,0,0,2,0,0,2,0,0,0,0,0,0,0,0,0,0,7,25,0,0,0,1,2,3,11,0,1,0,0,12,1,5,0,0,0,0,2,0,10,16,0,0,15,17,0,2,0,11,0,1,0,25,2,0,0,0,2,0,0,0,2,7,9,3,11
"2019-03-04",40,77,0,1,10,11,62,6,1,0,1,0,0,1,1,0,0,0,5,0,3,3,0,0,0,0,1,1,-192.5,2533.33333333333,228.333333333333,-455.166666666667,4004.4,898.333333333333,0,0,0,9,15,15,1,34,3,0,0,0,0,0,0,0,1,0,1,0,0,0,0,0,0,0,0,0,0,0,0,0,0,0,0,0,0,0,0,2,37,0,1,0,0,1,13,13,0,0,0,0,23,0,4,0,0,0,1,0,0,9,28,1,0,7,19,0,1,0,18,0,0,0,36,0,0,0,0,0,0,0,5,5,9,8,3,10
"2019-03-05",41,79,0,0,4,4,60,12,0,0,0,0,0,0,3,0,0,1,3,0,1,1,0,0,0,0,0,0,-404.533333333333,2533.45833333333,254.541666666667,-654.975,4117.33958333333,951.541666666667,0,41,0,4,15,22,0,34,1,0,0,0,0,0,0,0,0,0,0,0,0,1,0,1,0,1,0,0,0,0,0,0,0,0,0,0,0,0,1,3,35,1,0,0,0,1,6,17,1,0,0,0,26,0,3,0,0,0,0,4,0,5,27,2,0,9,21,0,5,1,12,0,1,0,27,4,1,0,0,4,0,0,5,0,8,15,5,8
"2019-03-06",45,81,0,0,7,7,73,3,1,0,0,0,0,1,1,0,0,0,2,0,3,3,0,0,0,0,0,0,-503.4375,2690.625,256.875,-803.8125,4530.225,982.5,0,90,0,6,18,21,0,32,3,0,0,0,0,0,2,0,1,1,0,0,0,0,0,0,0,0,2,0,0,0,0,0,1,0,0,0,0,0,2,5,37,2,1,0,0,3,6,17,1,0,0,0,26,1,4,0,0,0,0,3,0,8,28,2,0,13,17,0,4,0,20,0,0,0,37,4,0,0,0,1,0,0,4,1,11,10,6,13
"2019-03-07",46,90,0,0,15,15,74,7,1,2,0,0,0,0,2,0,0,0,4,0,7,7,0,0,0,0,0,0,-517.5,2346,293.25,-899.683333333333,4657.51916666667,1169.16666666667,0,138,0,12,23,11,0,35,7,0,0,0,0,0,0,0,0,0,0,0,0,0,0,0,0,0,0,1,1,0,0,0,0,0,0,0,0,0,0,2,42,0,0,0,0,2,4,24,0,0,0,0,40,0,1,0,0,0,0,1,0,3,36,0,0,9,27,0,2,0,12,0,2,0,43,1,0,0,0,0,0,0,6,3,12,8,3,14
"2019-03-08",34,64,0,0,14,14,53,4,1,1,0,0,0,3,0,0,0,1,1,0,3,3,0,0,0,0,0,0,-226.666666666667,1911.08333333333,270.583333333333,-478.55,3445.135,692.75,0,136,0,10,13,11,0,24,3,0,0,0,0,0,0,0,0,1,0,0,0,0,0,0,0,1,0,0,0,0,0,0,0,0,0,0,0,1,2,2,27,3,0,0,0,0,13,11,0,0,1,0,29,0,2,0,0,0,0,0,0,2,22,0,0,11,21,0,1,0,12,0,0,0,31,1,0,0,0,0,0,0,3,3,5,8,6,9
"2019-03-09",52,103,0,0,17,17,95,3,0,0,0,0,0,1,0,0,0,0,4,0,5,5,0,0,0,0,0,0,-260,2509,418.166666666667,-766.133333333333,5293.015,678.166666666667,52,260,0,14,26,12,0,41,4,0,0,0,0,0,0,0,1,0,0,1,0,0,0,0,2,0,0,0,1,0,0,0,0,0,0,0,0,1,0,5,45,1,0,0,0,5,5,22,1,0,0,0,43,1,1,0,0,0,0,3,0,3,38,1,0,12,27,0,2,0,19,3,1,0,49,1,0,0,0,1,0,0,6,1,13,10,13,9
"2019-03-10",50,95,0,0,9,9,77,3,5,2,1,0,0,1,3,0,0,0,3,0,1,1,0,0,0,0,1,1,-102.5,3897.91666666667,347.916666666667,-285.416666666667,5033.29166666667,639.583333333333,50,300,0,9,30,11,0,39,1,1,0,0,0,0,0,0,1,0,2,0,0,0,0,0,0,3,1,0,0,0,0,0,0,0,0,0,0,0,1,7,41,1,0,0,0,2,6,21,0,0,0,0,5,1,0,0,0,0,2,35,0,6,28,6,0,16,19,1,2,0,24,1,2,0,11,5,1,0,0,29,3,0,4,4,18,8,3,13
"2019-03-11",48,93,0,0,12,12,73,10,3,1,0,0,0,1,3,0,0,0,2,0,2,2,0,0,0,0,0,0,55.6,3616,396,-134.2,4799.48,830,0,0,0,8,20,20,0,38,2,0,0,0,0,0,0,1,0,0,1,0,0,0,0,0,0,3,0,0,0,0,0,0,2,0,0,0,0,0,1,6,41,1,0,0,1,3,9,19,0,2,0,0,7,1,6,0,0,0,6,2,0,25,39,2,1,6,25,0,6,0,15,1,1,0,28,12,2,0,0,3,1,0,6,2,15,6,9,10
"2019-03-12",56,112,0,0,12,12,84,10,1,2,2,0,0,0,4,0,1,0,8,0,4,4,0,0,0,0,1,1,-186.433333333333,3290,408.333333333333,-578.433333333333,5667.03666666667,1229.66666666667,0,56,0,12,18,26,0,46,5,2,0,0,0,0,1,0,0,0,0,0,0,0,0,0,0,0,0,0,0,0,0,0,1,0,0,0,0,0,0,1,54,0,0,0,1,5,5,20,0,1,0,0,31,3,2,0,0,0,1,2,0,13,41,0,0,10,23,0,3,0,24,0,3,0,50,1,1,0,0,0,0,0,7,3,13,12,5,16
"2019-03-13",67,128,0,0,15,15,91,19,3,3,0,0,0,4,2,0,0,0,6,0,4,4,0,0,0,0,0,0,-73.9791666666667,4963.58333333333,385.25,-352.5875,6802.0075,1365.125,0,134,0,13,25,29,0,54,5,0,0,0,0,0,0,0,2,0,2,0,0,0,0,0,0,1,1,0,0,0,0,0,1,0,0,0,0,0,1,7,59,1,0,0,0,8,8,25,0,0,0,0,31,3,3,0,0,1,2,4,1,21,53,2,0,10,37,0,1,0,27,0,1,0,49,16,1,0,0,0,0,0,7,3,19,14,11,13
"2019-03-14",58,111,0,1,12,13,87,9,5,0,1,0,0,2,2,0,0,1,4,0,4,4,0,0,0,0,1,1,190.191666666667,4514.33333333333,319,-29.725,5850.6775,635.583333333333,0,174,0,11,25,21,1,45,4,1,0,0,0,0,0,0,1,0,1,1,0,0,0,0,0,1,0,1,0,0,0,0,1,0,0,0,0,0,0,6,50,0,0,0,0,5,13,18,0,0,0,0,23,1,1,0,0,0,1,3,0,25,40,1,1,13,28,0,1,0,28,0,1,0,41,13,0,0,0,0,0,0,4,5,15,11,7,16
"2019-03-15",54,105,0,1,8,9,88,7,1,2,0,0,0,1,3,0,0,0,3,0,3,3,0,0,0,0,0,0,398.925,3908.25,558,139.05,5368.1175,1082.25,0,216,0,8,25,20,1,45,3,0,0,0,0,0,0,0,0,0,0,0,0,0,0,0,0,0,1,0,0,0,0,0,4,0,0,0,0,0,0,5,48,0,0,0,0,6,8,15,0,0,0,0,22,1,2,0,0,0,0,0,0,28,37,5,1,10,31,0,5,0,15,1,0,0,37,9,7,0,0,0,0,0,6,2,15,12,11,8
"2019-03-16",56,104,0,1,19,20,88,2,0,2,1,0,0,4,2,0,0,0,5,0,1,1,0,0,0,0,1,1,-1.86666666666666,3507,445.666666666667,-370.3,5600.42,1213.33333333333,56,280,0,17,27,11,1,40,2,0,0,0,0,0,1,0,1,0,0,0,0,0,2,0,0,0,1,1,1,0,0,0,2,1,0,0,1,0,1,8,43,3,0,0,0,4,6,23,1,0,0,0,30,0,12,0,0,0,0,0,0,11,28,1,1,24,27,0,5,0,17,2,1,0,46,2,3,0,0,0,0,0,4,8,15,8,8,13
"2019-03-17",39,74,0,0,5,5,69,0,0,0,0,0,0,2,0,0,0,0,3,0,1,1,0,0,0,0,0,0,-191.75,1883.375,240.5,-556.5625,3939.6825,747.5,39,234,0,5,19,15,0,26,1,0,0,1,0,0,0,0,4,0,0,0,0,0,0,0,1,0,1,0,1,0,1,0,0,0,0,0,0,0,3,8,28,3,0,0,0,5,5,17,0,1,0,0,31,0,4,0,0,0,0,0,1,1,23,0,0,13,16,1,2,0,18,0,0,0,30,6,0,0,0,0,0,0,3,9,7,5,5,10
"2019-03-18",52,97,0,0,6,6,79,7,0,0,0,0,0,3,0,0,0,0,8,0,3,3,0,0,0,0,0,0,-231.616666666667,2231.66666666667,277.333333333333,-802.966666666667,5274.90166666667,1213.33333333333,0,0,0,5,25,22,0,40,4,1,0,1,0,0,0,0,0,0,2,0,0,0,0,0,0,1,0,0,2,0,0,0,1,0,0,0,0,0,0,6,46,0,0,0,0,4,8,18,0,1,0,0,42,0,4,0,0,0,0,0,0,2,34,1,0,13,31,0,4,1,12,0,1,0,49,0,0,0,0,0,0,0,5,2,17,6,5,17
"2019-03-19",56,106,1,0,11,12,86,8,1,2,0,0,0,1,3,0,0,1,4,1,3,4,0,0,0,0,0,0,-192.5,2041.66666666667,301,-923.3,5706.70333333333,1381.33333333333,0,56,1,11,26,18,0,41,5,0,0,0,0,0,0,1,1,2,0,0,0,0,0,0,0,1,1,0,1,0,0,0,1,0,0,0,0,0,0,7,47,0,0,0,0,5,4,28,0,0,0,0,48,0,3,0,0,0,0,0,0,4,38,4,0,14,28,0,2,0,24,0,2,0,51,4,0,0,0,0,0,0,9,1,18,13,8,7
"2019-03-20",52,95,0,0,19,19,76,9,0,3,0,0,0,2,2,0,0,0,3,0,3,3,0,0,0,0,0,0,102.266666666667,2762.5,275.166666666667,-347.533333333333,5277.63166666667,1076.83333333333,0,104,0,13,15,24,0,40,4,0,0,2,0,0,0,0,0,0,0,0,0,0,0,0,0,0,0,0,1,0,0,0,0,0,0,0,0,0,2,1,46,2,0,0,0,2,4,20,1,0,0,0,46,0,0,0,0,0,0,0,0,2,37,0,0,12,21,0,6,1,19,1,0,0,48,1,1,0,0,0,0,0,5,7,9,12,11,8
"2019-03-21",38,77,0,0,11,11,61,4,0,0,3,0,0,3,3,0,0,1,2,0,0,0,0,0,0,0,2,2,181.766666666667,2425.66666666667,248.583333333333,-63.4916666666667,3823.92416666667,742.583333333333,0,114,0,8,13,17,0,31,0,3,0,0,0,0,0,0,0,0,1,0,0,0,0,0,1,0,0,0,0,0,0,0,1,0,0,0,0,0,0,3,34,0,0,0,0,2,10,13,0,0,0,0,25,0,0,0,0,0,0,1,0,9,24,2,0,9,16,0,2,0,17,0,0,0,21,7,3,0,2,1,0,0,4,2,4,9,4,15
"2019-03-22",62,113,0,1,12,13,100,6,0,1,0,0,0,1,0,0,0,1,4,0,9,9,0,0,0,0,0,0,149.316666666667,5642,552.833333333333,66.65,6134.87416666667,1252.91666666667,0,248,0,11,24,26,1,43,12,0,0,0,0,0,1,0,0,0,1,1,0,0,0,0,0,0,0,0,1,0,0,0,1,0,0,0,0,0,1,4,56,1,0,0,0,8,12,28,0,0,0,0,8,0,0,0,0,0,0,0,0,50,31,4,0,25,28,0,7,0,22,0,0,0,11,6,38,0,3,0,0,0,6,2,19,14,8,13
"2019-03-23",59,110,0,0,16,16,95,2,0,3,0,0,0,5,2,0,0,1,2,0,1,1,0,0,0,0,0,0,-73.9958333333334,3370.375,582.625,-541.816666666667,5888.22458333333,1342.25,59,295,0,15,27,17,0,43,1,0,0,0,0,0,0,0,1,2,0,2,0,0,0,0,1,1,0,0,1,0,0,0,3,0,1,0,0,0,3,11,44,4,0,0,0,4,10,26,0,1,0,0,29,2,4,0,0,0,4,14,0,4,46,1,0,10,27,0,4,1,25,0,0,0,39,4,1,0,0,13,0,0,3,6,13,4,10,23
"2019-03-24",33,60,0,0,6,6,51,1,0,0,2,0,0,1,3,0,0,0,2,0,2,2,0,0,0,0,2,2,6.875,2124.375,258.5,-196.7625,3319.415,710.875,33,198,0,6,20,7,0,23,2,2,0,0,0,0,0,0,1,1,0,0,0,0,0,0,0,1,1,0,1,0,0,0,1,0,0,0,0,0,0,6,27,0,0,0,0,3,7,13,0,0,0,0,24,0,1,0,0,0,1,0,0,6,22,0,0,11,17,0,0,0,12,1,1,0,20,10,2,0,0,0,0,1,5,2,9,6,3,8
"2019-03-25",28,55,0,0,2,2,45,6,1,0,1,0,0,0,0,0,0,0,2,0,0,0,0,0,0,0,0,0,-87.6166666666667,1069.83333333333,191.333333333333,-445.783333333333,2829.085,659.166666666667,0,0,0,2,17,9,0,24,0,1,0,0,0,0,0,0,1,0,1,0,0,0,0,0,0,0,0,0,1,0,0,0,0,0,0,0,0,0,0,3,25,0,0,0,1,4,0,12,0,0,0,0,24,1,1,0,0,0,0,1,0,0,24,0,0,3,17,0,2,0,8,0,1,0,27,0,0,0,0,0,0,0,7,0,2,5,6,8
"2019-03-26",49,97,0,0,14,14,75,13,0,4,1,0,0,0,1,0,0,0,3,0,2,2,0,0,0,0,1,1,-159.454166666667,1947.75,351.166666666667,-741.7375,4985.70916666667,1090.25,0,49,0,12,18,19,0,40,2,1,0,0,0,0,0,0,0,1,1,1,0,0,0,0,0,1,0,0,1,0,0,0,0,0,0,0,0,0,0,5,43,0,0,0,0,0,10,20,1,0,0,0,45,0,1,0,0,0,0,0,0,2,40,2,0,6,26,0,4,0,16,0,2,0,46,1,0,0,0,0,0,0,5,5,9,8,9,13
"2019-03-27",47,88,1,0,15,16,78,4,0,0,1,0,0,0,0,0,0,0,5,1,6,7,0,0,0,0,0,0,47.1958333333333,2042.54166666667,338.791666666667,-486.45,4795.13583333333,1106.45833333333,0,94,1,15,15,16,0,30,9,1,0,0,0,0,0,0,1,1,0,0,0,0,0,0,0,2,0,0,0,0,0,0,1,0,0,0,0,0,1,5,40,1,1,0,0,4,8,12,1,0,0,0,43,0,1,0,0,0,0,0,0,1,37,3,0,5,25,0,2,0,16,0,2,0,41,0,0,0,0,0,0,0,7,4,15,9,3,9
"2019-03-28",47,92,0,1,17,18,77,6,0,0,1,1,2,2,1,0,0,0,2,0,5,5,0,0,0,0,1,1,197.791666666667,2651.58333333333,376,-185.258333333333,4743.8275,926.291666666666,0,141,0,13,17,16,1,36,5,1,0,0,0,2,0,0,0,0,0,0,0,0,0,0,0,0,0,0,0,0,0,0,0,0,0,0,0,0,1,0,44,1,0,0,0,2,7,17,0,0,0,0,30,0,0,0,0,0,0,0,0,15,37,1,1,6,24,0,0,0,21,0,0,0,17,17,11,0,0,0,0,0,2,6,16,7,6,10
"2019-03-29",51,102,1,0,12,13,87,11,3,0,0,0,0,0,0,0,0,0,1,1,4,5,0,0,0,0,0,0,263.2875,3448.875,267.75,-36.975,5140.63,1232.5,0,204,1,12,24,14,0,41,4,0,0,0,0,0,0,0,1,0,0,0,0,0,0,0,0,0,0,0,1,0,0,0,2,0,0,0,0,0,1,4,45,1,0,0,0,0,5,21,2,0,0,0,37,0,0,0,0,0,0,1,0,12,42,2,0,6,31,0,5,0,13,0,1,0,41,5,4,0,0,0,0,0,8,3,11,7,8,14
"2019-03-30",34,66,0,0,12,12,59,0,0,1,0,0,0,0,2,0,0,0,4,0,2,2,0,0,0,0,0,0,7.50833333333333,3011.83333333333,205.416666666667,-50.4333333333333,3413.67083333333,313.083333333333,34,170,0,8,14,12,0,27,2,0,0,0,0,0,0,0,0,0,0,0,0,0,0,0,0,0,0,0,1,0,0,0,1,0,0,0,0,0,2,2,29,2,0,0,0,4,6,12,0,0,0,0,9,0,0,0,0,0,0,0,0,25,18,4,0,12,19,0,2,0,13,0,0,0,5,7,21,0,0,0,0,0,2,4,8,7,3,10
"2019-03-31",47,92,0,0,6,6,89,1,0,0,0,0,0,1,0,0,0,0,1,0,2,2,0,0,0,0,0,0,57.1833333333333,4067.45833333333,250.666666666667,-42.3,4677.73375,728.5,47,282,0,6,22,19,0,35,4,0,0,0,0,0,0,0,2,0,1,0,0,0,0,0,0,0,0,0,1,1,0,0,1,0,0,0,0,0,0,6,39,0,1,0,0,2,6,20,0,0,0,0,22,0,0,0,0,0,0,0,0,24,28,1,1,16,22,0,2,0,22,0,0,0,17,13,14,0,0,1,0,0,2,4,13,12,7,9
"2019-04-01",48,94,0,1,14,15,78,9,0,2,0,0,0,0,0,0,0,0,5,0,7,7,0,0,0,0,0,0,-81,2428,360,-522.2,4846.92,1046,0,0,0,14,20,13,1,34,7,0,0,0,0,0,0,1,3,1,0,0,0,0,0,0,0,0,0,0,1,0,0,0,0,0,0,0,0,0,0,5,42,0,0,0,0,3,12,17,0,0,0,0,43,0,2,0,0,0,0,0,0,1,37,1,0,8,25,0,2,0,17,0,2,0,44,1,0,0,0,0,0,0,7,4,12,10,7,8
"2019-04-02",44,83,0,0,7,7,69,4,0,1,1,0,1,2,3,0,0,0,2,0,1,1,0,0,0,0,1,1,156.75,2101,374,-309.833333333333,4459.015,837.833333333333,0,44,0,6,20,18,0,36,3,1,0,0,0,0,0,0,0,0,1,0,0,0,0,0,0,1,0,0,0,0,0,0,1,0,0,0,0,1,0,3,40,1,0,0,0,1,5,20,1,0,0,0,39,0,0,0,0,0,0,0,0,1,34,1,0,7,17,0,6,0,19,0,0,0,36,5,0,0,0,0,0,0,6,3,12,14,3,6