"Date","NB_Accidents","NB_VEH_IMPLIQUES_ACCDN","NB_MORTS","NB_BLESSES_GRAVES","NB_BLESSES_LEGERS","NB_VICTIMES_TOTAL","nb_automobile_camion_leger","nb_camionLourd_tractRoutier","nb_outil_equipement","nb_tous_autobus_minibus","nb_bicyclette","nb_cyclomoteur","nb_motocyclette","nb_taxi","nb_urgence","nb_motoneige","nb_VHR","nb_autres_types","nb_veh_non_precise","NB_DECES_PIETON","NB_BLESSES_PIETON","NB_VICTIMES_PIETON","NB_DECES_MOTO","NB_BLESSES_MOTO","NB_VICTIMES_MOTO","NB_DECES_VELO","NB_BLESSES_VELO","NB_VICTIMES_VELO","Temp","Rel.Hum","Wind.Spd","Dew.Point.Temp","Stn_Press","Wind.Dir","weekdays","days","SeverityDeadly","SeverityLight Injury","SeverityMaterial High","SeverityMaterial Low","SeveritySevere Injury","as.factor(Accident_Type)31","as.factor(Accident_Type)32","as.factor(Accident_Type)33","as.factor(Accident_Type)34","as.factor(Accident_Type)35","as.factor(Accident_Type)36","as.factor(Accident_Type)37","as.factor(Accident_Type)38","as.factor(Accident_Type)39","as.factor(Accident_Type)40","as.factor(Accident_Type)41","as.factor(Accident_Type)42","as.factor(Accident_Type)43","as.factor(Accident_Type)44","as.factor(Accident_Type)45","as.factor(Accident_Type)46","as.factor(Accident_Type)47","as.factor(Accident_Type)48","as.factor(Accident_Type)49","as.factor(Accident_Type)50","as.factor(Accident_Type)51","as.factor(Accident_Type)52","as.factor(Accident_Type)53","as.factor(Accident_Type)54","as.factor(Accident_Type)55","as.factor(Accident_Type)59","as.factor(Accident_Type)71","as.factor(Accident_Type)72","as.factor(Accident_Type)73","as.factor(Accident_Type)74","as.factor(Accident_Type)75","as.factor(Accident_Type)99","Accident_CategoryFixed Object","Accident_CategoryMoving Object","Accident_CategoryNo Collision","Auth_Speed10","Auth_Speed100","Auth_Speed20","Auth_Speed30","Auth_Speed40","Auth_Speed50","Auth_Speed60","Auth_Speed70","Auth_Speed80","Auth_Speed90","Surface_CondDry","Surface_CondHard snow","Surface_CondIce","Surface_CondMud","Surface_CondOil","Surface_CondSand or gravel","Surface_CondSlush","Surface_CondSnow","Surface_CondWater accumulation","Surface_CondWet","IlluminationDay and clear","IlluminationDay and semi-dark","IlluminationNight and dark","IlluminationNight and lighted","EnvironmentCommercial","EnvironmentForest","EnvironmentIndustrial","EnvironmentPark","EnvironmentResidential","EnvironmentRural","EnvironmentSchool area","WeatherBlack Ice","WeatherClear Sky","WeatherCloudy","WeatherDrizzle","WeatherFoggy","WeatherHeavy Rain","WeatherSnow","WeatherSnowstorms","WeatherStrong Wind","cluster_id_0","cluster_id_1","cluster_id_2","cluster_id_3","cluster_id_4","cluster_id_5"
"2019-04-03",56,109,0,0,12,12,90,9,1,1,4,1,0,1,1,0,0,0,1,0,0,0,0,0,0,0,4,4,276.033333333333,2643.66666666667,410.666666666667,-316.633333333333,5616.40333333333,1166.66666666667,0,112,0,12,26,18,0,42,2,4,0,0,0,0,1,0,2,0,1,1,0,0,0,0,0,0,0,0,0,0,0,0,1,0,0,0,0,0,1,5,49,1,0,0,0,5,10,21,1,1,0,0,52,0,0,0,0,0,0,0,0,3,48,1,0,7,28,0,3,1,20,2,1,0,50,4,1,0,0,1,0,0,6,7,16,12,3,12
"2019-04-04",51,96,0,0,17,17,77,7,1,1,4,0,0,2,2,0,0,0,2,0,7,7,0,0,0,0,2,2,-35.4875,2003.875,361.25,-681.4875,5186.29625,1202.75,0,153,0,16,23,12,0,33,6,3,0,0,0,0,0,1,1,1,0,1,0,0,0,0,0,1,0,0,0,0,0,0,0,0,0,0,0,1,1,4,43,2,0,0,0,6,3,23,2,0,0,0,47,0,0,0,0,1,0,0,0,1,42,0,0,9,27,0,2,0,20,0,0,0,48,1,0,0,0,0,0,1,5,2,17,8,5,14
"2019-04-05",39,80,0,0,9,9,69,7,0,0,0,0,0,1,0,0,0,0,3,0,3,3,0,0,0,0,0,0,-0.649999999999997,1904.5,300.625,-403.1625,3974.53875,653.25,0,156,0,9,10,20,0,33,3,0,0,0,0,0,0,0,0,1,0,0,0,0,0,0,0,0,0,0,0,0,0,0,0,0,0,0,0,1,0,1,36,1,1,0,0,3,7,9,0,0,0,0,31,0,0,0,0,0,1,0,0,6,26,1,0,7,18,0,0,1,19,0,0,0,28,5,4,0,0,1,0,0,3,4,11,6,2,13
"2019-04-06",35,73,0,1,6,7,65,3,0,0,1,0,0,3,0,0,0,0,1,0,1,1,0,0,0,0,1,1,137.520833333333,2862.70833333333,160.416666666667,31.9375,3539.31666666667,784.583333333333,35,175,0,4,20,10,1,30,3,1,0,0,0,0,0,0,0,0,0,0,0,0,0,0,0,0,0,0,0,0,0,0,0,0,0,0,0,0,0,0,34,0,1,0,0,2,2,18,0,0,0,0,24,0,0,0,0,0,0,0,0,11,21,1,0,13,15,0,0,0,19,0,0,0,22,6,7,0,0,0,0,0,6,1,7,5,6,10
"2019-04-07",40,83,0,0,13,13,75,0,0,3,1,0,0,1,1,0,0,0,2,0,2,2,0,0,0,0,1,1,279.833333333333,2573.33333333333,233.333333333333,25,4053.66666666667,961.666666666667,40,240,0,8,21,11,0,33,2,1,0,0,0,0,0,0,1,0,0,0,0,0,0,0,0,1,0,0,0,0,0,0,1,0,0,0,0,0,0,3,36,0,0,0,0,6,7,15,0,0,0,0,38,0,0,0,0,0,0,0,0,2,25,0,0,14,15,0,3,1,20,0,0,0,34,5,0,0,0,0,0,0,7,4,9,8,2,10
"2019-04-08",51,84,0,1,12,13,69,10,0,2,0,0,0,2,0,0,0,0,1,0,4,4,0,0,0,0,0,0,-7.65,4551.75,325.125,-92.225,5109.75375,120.545454545455,0,0,0,11,25,14,1,30,6,0,0,0,0,0,2,1,0,1,0,2,0,0,0,0,0,2,0,0,1,0,0,0,2,0,0,0,0,0,4,8,39,4,1,0,0,4,6,25,0,1,0,0,4,0,8,1,0,0,0,1,0,33,31,6,1,10,24,0,2,1,19,0,3,6,4,2,30,1,4,1,0,0,7,2,11,6,11,14
"2019-04-09",100,194,0,0,33,33,160,17,3,5,0,0,0,3,3,0,0,0,3,0,4,4,0,0,0,0,0,0,-180,9175,695.833333333333,-297.5,9966.08333333333,834.782608695652,0,100,0,25,37,38,0,82,6,0,0,0,0,0,0,0,2,0,3,0,0,1,0,1,0,0,0,0,0,0,0,0,1,0,0,0,0,1,1,8,88,2,1,0,0,5,17,40,3,0,0,0,9,1,12,0,0,0,8,62,0,5,76,9,0,13,44,2,10,0,37,0,5,0,12,5,2,0,0,68,10,0,9,10,24,13,18,26
"2019-04-10",61,110,0,0,10,10,76,17,2,6,1,0,0,0,5,0,0,0,3,0,4,4,0,0,0,0,1,1,27.9583333333333,4249.66666666667,399.041666666667,-282.633333333333,6122.49375,1713.08333333333,0,122,0,10,28,23,0,45,3,1,0,0,0,0,1,0,2,2,1,0,0,0,0,1,0,0,0,0,0,0,0,0,1,0,0,0,0,0,0,7,50,0,0,0,0,6,8,26,1,1,0,0,34,1,3,0,0,0,4,8,0,11,51,1,0,9,33,0,4,0,19,0,3,0,53,5,0,0,0,2,1,0,6,3,16,9,7,20
"2019-04-11",49,98,0,0,10,10,79,8,1,2,0,0,1,0,6,0,0,0,1,0,0,0,0,0,0,0,0,0,103.308333333333,2537.79166666667,296.041666666667,-342.3875,4972.68333333333,1349.54166666667,0,147,0,8,20,21,0,44,0,0,0,0,0,0,0,2,0,0,0,0,0,0,0,0,0,1,0,0,1,0,0,0,0,1,0,0,0,0,0,2,46,1,0,0,0,3,3,19,0,0,0,0,42,2,2,0,0,0,0,0,0,3,40,3,0,6,17,0,5,1,23,0,0,0,44,4,0,0,0,0,0,1,1,5,15,6,8,14
"2019-04-12",39,76,0,0,10,10,62,5,0,2,1,0,0,0,1,0,0,0,5,0,3,3,0,0,0,0,1,1,336.375,2299.375,245.375,34.45,3937.48875,645.125,0,156,0,8,16,15,0,28,4,1,0,0,0,0,2,0,0,0,0,0,0,0,0,0,0,1,0,1,0,0,0,0,1,0,0,0,0,0,0,3,35,0,0,0,0,2,4,18,0,0,0,0,39,0,0,0,0,0,0,0,0,0,26,1,0,11,17,0,4,0,16,0,0,0,31,7,0,0,0,0,0,0,3,3,13,9,5,6
"2019-04-13",39,83,0,0,16,16,72,0,0,1,2,0,0,1,0,0,0,2,5,0,3,3,0,0,0,0,2,2,507.8125,2042.625,312,99.9375,3913.78,804.375,39,195,0,12,17,10,0,30,2,1,0,0,0,0,0,0,0,1,0,1,0,0,0,0,0,0,0,0,2,0,0,0,0,0,0,0,0,0,0,4,33,0,0,0,0,2,2,22,1,0,0,0,38,0,0,0,0,0,0,0,0,1,29,0,0,9,22,0,0,0,16,0,0,0,38,1,0,0,0,0,0,0,7,1,9,2,7,13
"2019-04-14",39,72,0,0,15,15,61,2,0,0,0,0,1,1,2,0,0,0,5,0,2,2,0,1,1,0,0,0,202.9625,2414.75,240.5,-83.6875,3915.68125,693.875,39,234,0,10,15,14,0,28,5,0,0,0,0,0,0,0,0,0,2,0,0,1,0,0,0,0,0,0,0,0,0,0,2,0,0,0,0,0,0,5,33,0,0,0,1,2,2,16,0,0,0,0,21,0,0,0,0,0,0,0,0,17,16,4,4,14,18,0,3,1,17,0,0,0,18,6,14,0,0,0,0,0,6,5,6,8,4,10
"2019-04-15",53,98,0,1,25,26,77,7,0,1,2,0,2,5,3,0,0,0,1,0,6,6,0,2,2,0,1,1,192.566666666667,4719.20833333333,364.375,105.3375,5224.12166666667,949.583333333333,0,0,0,20,21,11,1,38,6,2,0,0,0,0,0,0,1,1,0,0,0,0,0,0,0,0,1,0,0,0,0,0,2,0,0,0,0,0,1,5,46,1,1,0,0,3,11,24,1,0,1,0,13,0,0,0,0,0,0,0,0,38,41,3,0,7,24,0,4,1,20,0,1,0,18,15,17,0,1,0,0,0,6,6,11,6,10,14
"2019-04-16",53,107,0,1,15,16,92,7,0,0,0,0,0,0,4,0,0,0,4,0,4,4,0,0,0,0,0,0,278.470833333333,3005.54166666667,377.625,-156.129166666667,5314.4425,1357.26086956522,0,53,0,11,23,18,1,41,6,0,0,0,0,0,0,0,0,0,0,2,0,0,0,0,0,1,1,0,0,0,0,0,0,0,0,0,0,0,0,4,47,0,0,0,3,6,4,21,1,0,0,0,51,0,0,0,0,0,0,0,1,1,45,1,0,7,26,0,1,0,23,0,1,0,35,15,0,0,0,0,0,0,4,2,21,9,5,12
"2019-04-17",57,113,0,0,20,20,98,8,0,0,3,0,0,2,1,0,0,0,1,0,3,3,0,0,0,0,2,2,505.4,2106.625,327.75,-316.825,5767.0225,1178,0,114,0,14,18,25,0,42,4,3,0,0,0,0,0,0,2,0,0,0,0,0,1,0,0,0,0,0,0,0,0,1,2,0,0,0,0,0,1,6,49,1,0,0,0,4,9,26,1,0,0,0,54,0,0,0,0,0,0,0,0,0,45,2,0,10,31,0,3,0,22,0,1,0,54,2,0,0,0,0,0,0,11,3,8,9,10,16
"2019-04-18",51,96,0,0,25,25,75,10,0,3,0,1,0,2,1,0,0,0,4,0,2,2,0,0,0,0,0,0,511.0625,2749.75,512.125,29.1125,5109.28625,956.25,0,153,0,14,19,18,0,40,2,0,0,1,0,0,1,0,0,0,0,1,0,0,0,0,0,0,0,0,0,0,0,0,2,0,1,0,0,0,1,3,44,2,0,0,0,7,4,18,2,0,0,0,34,0,0,0,0,1,0,0,0,14,38,2,0,9,20,0,5,0,23,0,2,0,23,19,7,0,0,0,0,0,4,4,14,8,11,10
"2019-04-19",51,101,0,0,13,13,86,6,0,2,1,0,0,1,3,0,0,0,2,0,5,5,0,0,0,0,0,0,449.8625,4689.875,480.25,385.2625,5081.78875,490.04347826087,0,204,0,10,23,18,0,38,6,1,0,0,0,0,0,0,1,0,1,0,0,0,0,0,0,1,0,0,0,0,0,0,0,0,0,0,0,0,1,3,45,1,1,0,0,0,7,24,0,0,0,0,4,0,0,0,0,1,0,0,0,45,24,4,0,22,34,0,2,0,15,0,0,0,6,3,39,0,1,0,0,0,4,5,15,7,5,15
"2019-04-20",41,86,0,0,9,9,80,3,0,0,0,0,0,0,0,0,0,0,3,0,0,0,0,0,0,0,0,0,224.304166666667,3804.45833333333,350.208333333333,179.204166666667,4103.60458333333,214.318181818182,41,205,0,8,16,17,0,35,1,0,0,0,0,0,1,0,0,0,0,0,0,0,0,0,0,0,1,0,0,0,0,0,1,0,0,0,0,0,0,2,37,0,0,0,0,0,10,14,0,0,0,0,18,0,0,0,0,0,0,0,0,22,27,1,0,11,19,0,2,0,19,0,0,0,14,14,10,0,1,0,0,0,5,1,13,5,12,5
"2019-04-21",33,75,0,0,12,12,67,0,1,0,0,1,1,4,0,0,0,0,1,0,0,0,0,1,1,0,0,0,374.825,2576.75,184.25,247.0875,3319.3875,727.375,33,198,0,9,16,8,0,30,0,0,0,0,0,0,0,0,0,1,0,0,0,0,0,0,0,0,0,0,0,0,0,0,0,0,0,0,0,0,1,1,30,1,0,0,0,1,8,14,0,0,0,0,32,0,0,0,0,0,0,0,0,0,22,2,0,8,11,0,1,1,18,1,0,0,30,1,0,0,0,0,0,0,3,0,11,6,3,10
"2019-04-22",29,57,0,0,12,12,48,4,1,0,1,0,2,0,0,0,0,0,1,0,3,3,0,0,0,0,1,1,377.241666666667,1566,245.291666666667,88.5708333333333,2938.98083333333,233.208333333333,0,0,0,10,10,9,0,24,3,0,0,0,0,0,0,1,0,0,0,0,0,0,0,0,0,0,0,0,0,0,0,1,0,0,0,0,0,0,0,1,28,0,0,0,0,4,2,13,0,0,0,0,29,0,0,0,0,0,0,0,0,0,24,1,0,4,12,0,0,0,16,1,0,0,29,0,0,0,0,0,0,0,2,3,8,9,3,4
"2019-04-23",40,80,0,2,13,15,61,7,0,0,2,3,2,2,0,0,0,2,1,0,4,4,0,3,3,0,1,1,428.666666666667,2120,450,44.5,4016.16666666667,135,0,40,0,10,14,14,2,30,4,3,0,0,0,0,1,0,2,0,0,0,0,0,0,0,0,0,0,0,0,0,0,0,0,0,0,0,0,0,0,2,38,0,0,0,0,4,4,15,0,0,0,0,37,0,0,0,0,0,0,0,0,1,33,2,0,4,17,0,2,0,17,0,1,0,35,3,1,0,0,0,0,0,6,5,9,6,7,7
"2019-04-24",44,84,0,0,15,15,65,9,0,2,3,0,1,2,0,0,0,0,2,0,3,3,0,1,1,0,3,3,283.066666666667,3890.33333333333,249.333333333333,203.316666666667,4389.09166666667,623.333333333333,0,88,0,13,22,9,0,32,4,2,0,0,0,0,0,0,0,2,1,0,0,0,0,1,0,0,0,0,0,0,0,0,0,0,0,0,0,0,1,4,38,1,0,0,0,5,3,20,0,0,0,0,16,0,0,0,0,0,0,0,0,25,35,1,0,7,21,0,3,0,17,0,2,0,16,4,22,0,0,0,0,0,2,2,10,12,8,10
"2019-04-25",59,117,0,1,17,18,91,11,0,2,1,1,0,2,3,0,0,0,6,0,6,6,0,0,0,0,0,0,429.470833333333,4358.625,299.916666666667,160.529166666667,5927.82833333333,944,0,177,0,13,30,15,1,47,5,0,0,0,0,0,1,0,0,0,1,0,0,0,1,0,0,1,0,0,0,0,0,0,2,0,0,0,0,0,0,5,53,0,0,0,0,6,8,26,0,0,0,0,54,0,0,1,0,1,0,0,0,2,48,2,0,6,25,0,2,1,26,0,3,0,45,11,1,0,0,0,0,0,5,12,18,9,5,10
"2019-04-26",48,99,0,0,13,13,78,9,1,3,0,0,0,1,2,0,0,0,5,0,3,3,0,0,0,0,0,0,400.2,4048,360,279.2,4769.5,634,0,192,0,11,16,21,0,41,3,0,0,0,0,0,0,0,0,1,0,0,0,0,0,0,0,0,0,0,0,0,0,0,1,0,0,0,0,0,0,2,44,0,0,0,0,5,7,24,0,0,0,0,8,0,0,0,0,1,0,0,0,38,33,5,1,8,29,0,3,0,13,0,1,0,9,2,32,0,3,0,0,0,4,7,11,8,9,9
"2019-04-27",50,97,0,0,13,13,86,1,0,2,1,0,0,2,2,0,0,0,3,0,4,4,0,0,0,0,0,0,267.916666666667,4052.08333333333,356.25,113.125,4936.625,1068.75,50,250,0,12,23,15,0,36,4,1,0,0,0,0,1,0,0,0,0,0,0,0,0,0,0,1,2,0,0,0,0,0,0,0,0,0,0,0,3,3,42,3,0,0,0,2,6,22,1,0,0,0,25,0,0,0,0,0,0,0,0,23,28,4,0,16,22,0,5,0,20,0,2,0,21,10,17,0,0,0,0,0,5,4,12,7,6,16
"2019-04-28",45,90,0,0,15,15,79,2,0,2,0,0,1,1,1,0,0,0,4,0,2,2,0,1,1,0,0,0,215.0625,2441.25,277.5,-193.6875,4531.2375,1081.875,45,270,0,9,18,18,0,37,2,0,0,0,0,0,0,0,0,0,0,1,1,0,0,0,0,0,0,0,2,0,0,0,0,0,0,0,0,0,0,4,39,0,0,0,0,2,5,20,1,0,0,0,43,0,0,0,0,0,0,0,0,1,27,2,0,15,20,0,2,0,22,1,0,0,38,4,1,0,0,0,0,0,4,3,13,8,5,12
"2019-04-29",61,122,0,0,20,20,100,5,2,2,2,1,0,2,1,0,0,0,7,0,3,3,0,0,0,0,0,0,343.379166666667,2152.79166666667,371.083333333333,-556.370833333333,6212.97708333333,1385.20833333333,0,0,0,15,30,16,0,44,4,2,0,0,0,0,0,0,3,0,1,0,0,0,1,0,0,0,1,0,1,0,0,0,1,0,0,0,0,0,1,8,50,1,0,0,1,2,5,23,0,0,0,0,58,0,0,0,0,0,0,0,0,1,47,5,0,7,28,0,4,0,23,0,4,0,55,3,1,0,0,0,0,0,7,4,16,7,10,17
"2019-04-30",49,94,0,1,19,20,66,10,1,1,2,3,2,1,1,0,0,1,6,0,5,5,0,1,1,0,2,2,439.979166666667,1572.08333333333,379.75,-355.658333333333,4983.01416666667,781.958333333333,0,49,0,17,19,12,1,35,5,2,0,0,0,0,0,0,0,0,0,0,0,0,0,0,0,0,0,0,0,0,0,0,2,0,0,0,0,0,2,2,42,2,0,0,0,5,9,15,0,1,0,0,45,0,0,0,0,2,0,0,0,0,42,0,0,6,18,0,5,0,23,1,1,0,42,5,0,0,0,0,0,0,7,1,9,12,10,10
"2019-05-01",52,96,0,0,26,26,77,9,0,1,7,0,0,0,0,0,0,0,2,0,7,7,0,0,0,0,6,6,245.266666666667,2270.66666666667,457.166666666667,-404.733333333333,5305.95,227.5,0,104,0,22,16,14,0,35,7,6,0,0,0,0,0,0,0,0,2,0,0,0,0,0,0,0,0,0,1,0,0,0,0,0,0,0,0,0,0,3,48,0,0,0,0,5,8,18,0,2,0,0,31,0,0,0,0,0,0,0,0,21,35,3,2,12,22,0,5,0,24,0,1,0,26,10,16,0,0,0,0,0,5,2,14,8,10,13
"2019-05-02",58,116,0,0,9,9,96,9,0,2,1,0,0,1,3,0,0,0,4,0,2,2,0,0,0,0,0,0,344.375,4840.58333333333,449.5,187.533333333333,5875.255,338.333333333333,0,174,0,9,30,19,0,41,2,1,0,0,0,0,0,0,1,0,3,0,1,0,0,0,0,2,0,0,1,0,0,0,0,0,0,0,0,0,1,8,44,1,2,0,0,4,4,24,2,1,0,0,48,0,0,0,0,0,0,0,0,10,41,5,0,11,34,0,5,1,15,0,1,0,26,24,6,0,0,0,0,0,11,3,16,7,3,18
"2019-05-03",49,96,0,1,11,12,80,7,0,0,0,0,0,1,3,0,0,0,5,0,3,3,0,0,0,0,0,0,426.3,4589.66666666667,259.291666666667,378.525,4939.26125,598.208333333333,0,196,0,10,20,18,1,41,4,0,0,0,0,0,0,0,0,0,0,0,0,0,0,0,0,1,1,0,1,0,0,0,0,0,0,0,0,0,0,3,45,0,1,0,0,0,9,10,1,0,0,0,24,0,0,0,0,0,1,0,0,23,37,3,0,9,30,0,3,0,14,0,1,0,14,18,15,0,0,0,0,0,5,8,13,6,7,10
"2019-05-04",48,94,0,0,9,9,85,1,0,0,1,0,1,2,2,0,0,0,2,0,1,1,0,1,1,0,1,1,560,2916,304,173.8,4823.98,494,48,240,0,8,20,20,0,39,2,1,0,0,0,0,0,0,0,0,0,0,0,0,0,0,0,0,1,0,0,0,0,0,0,0,0,0,0,1,1,1,42,2,1,0,0,1,9,15,0,0,0,0,44,0,0,0,0,0,0,0,0,3,32,2,0,14,26,0,2,0,18,1,0,0,45,2,1,0,0,0,0,0,6,3,16,10,6,7
"2019-05-05",44,81,1,0,19,20,71,2,0,0,1,0,2,0,3,0,0,0,2,1,4,5,0,0,0,0,1,1,635.066666666667,2253.16666666667,214.5,168.116666666667,4413.56666666667,731.5,44,264,1,12,18,13,0,30,5,1,0,0,0,0,0,0,2,0,2,0,0,0,0,0,0,0,2,1,0,0,0,0,0,0,0,0,0,0,0,7,36,0,0,0,0,5,5,15,0,0,0,0,42,0,0,0,0,0,0,0,0,0,18,1,1,20,18,0,3,0,21,0,1,0,39,2,0,0,0,0,0,0,5,2,6,16,7,8
"2019-05-06",62,113,0,0,17,17,79,14,0,2,7,2,0,4,2,0,0,0,3,0,2,2,0,0,0,0,6,6,1091.975,3149.08333333333,415.916666666667,375.616666666667,6225.05833333333,1314.91666666667,0,0,0,17,21,24,0,43,1,7,0,0,0,0,0,0,1,0,2,0,0,0,0,0,0,1,0,0,0,0,0,0,3,0,1,0,0,0,2,7,51,3,0,0,0,9,4,21,1,1,0,0,59,0,0,0,0,0,0,0,0,0,50,0,0,9,29,0,3,1,19,1,3,0,59,0,0,0,0,0,0,0,5,5,20,15,5,12
"2019-05-07",35,72,0,0,13,13,67,1,1,0,1,0,1,0,0,0,0,0,1,0,1,1,0,1,1,0,1,1,486.9375,1817.08333333333,275.625,122.9375,3533.25,746.666666666667,0,35,0,9,15,11,0,30,1,1,0,0,0,0,0,0,0,0,0,0,0,0,0,0,0,0,0,0,2,0,0,0,0,0,0,0,0,0,0,2,32,0,0,0,0,5,5,9,0,0,0,0,32,0,0,0,0,0,0,0,0,1,28,1,0,4,11,0,3,0,18,0,0,0,32,1,0,0,0,0,0,0,1,4,7,5,6,12
"2019-05-08",44,85,0,2,14,16,66,6,1,3,0,1,2,3,1,0,0,0,2,0,6,6,0,2,2,0,0,0,346.316666666667,1679.33333333333,425.333333333333,-268.4,4482.665,341,0,88,0,9,15,18,2,35,5,0,0,0,0,0,0,0,0,0,0,0,0,0,0,0,0,0,1,0,0,0,0,0,2,0,0,0,0,0,0,3,40,0,0,0,0,1,6,16,1,0,0,0,43,0,0,0,0,0,0,0,0,0,37,1,0,5,23,0,4,2,13,0,2,0,43,0,0,0,0,0,0,0,10,1,11,5,3,14
"2019-05-09",64,124,0,0,18,18,97,8,0,3,4,0,1,3,3,0,0,0,5,0,6,6,0,0,0,0,4,4,635.733333333333,2928,474.666666666667,-134.933333333333,6500.45333333333,664,0,192,0,16,25,23,0,50,5,2,0,0,0,0,2,1,0,0,0,0,0,0,0,0,0,0,0,0,0,0,0,0,1,0,0,0,0,0,0,1,60,0,1,0,0,5,6,25,0,0,0,0,43,1,0,0,0,0,0,0,1,14,42,1,1,17,39,0,1,0,20,1,0,0,38,9,10,0,3,0,0,0,7,3,18,11,8,17
"2019-05-10",61,118,0,0,15,15,97,11,1,1,0,0,2,2,2,0,0,0,2,0,3,3,0,0,0,0,0,0,680.15,5309.54166666667,490.541666666667,545.1875,6112.45416666667,1166.625,0,244,0,12,34,15,0,52,3,0,0,0,0,0,0,1,2,0,1,0,0,0,0,0,0,0,2,0,0,0,0,0,0,0,0,0,0,0,0,5,56,0,1,0,0,1,10,23,1,2,0,0,15,0,0,0,0,0,0,0,0,42,42,1,1,14,33,1,4,0,22,0,0,0,17,7,27,0,6,0,0,0,7,5,21,4,9,15
"2019-05-11",44,83,1,1,15,17,71,0,0,1,2,0,5,0,0,0,0,1,3,1,3,4,0,3,3,0,2,2,422.766666666667,2368.66666666667,364.833333333333,5.5,4438.70166666667,1114.66666666667,44,220,1,13,11,18,1,34,5,2,0,0,0,0,0,0,0,0,1,0,0,0,0,0,0,1,0,0,0,0,0,0,0,0,0,0,0,0,0,2,41,0,0,0,0,3,7,12,2,0,0,0,43,0,0,0,0,0,0,0,0,1,32,1,1,10,19,0,2,1,20,0,0,0,39,5,0,0,0,0,0,0,4,1,8,10,8,13
"2019-05-12",41,81,0,0,12,12,70,2,1,0,3,0,1,0,2,0,0,0,2,0,2,2,0,0,0,0,2,2,503.445833333333,1600.70833333333,256.25,-70.2125,4131.57,488.583333333333,41,246,0,10,20,11,0,33,2,2,0,0,0,0,1,0,0,0,0,0,0,0,0,0,0,0,0,0,0,0,0,0,1,0,0,0,0,0,2,1,38,2,0,0,0,5,11,10,0,0,0,0,41,0,0,0,0,0,0,0,0,0,28,1,1,11,14,0,3,1,21,0,1,0,41,0,0,0,0,0,0,0,4,5,14,7,2,9
"2019-05-13",40,80,0,0,13,13,61,7,0,3,2,0,0,6,1,0,0,0,0,0,3,3,0,0,0,0,1,1,472.5,1976.66666666667,303.333333333333,43.3333333333333,4015.4,393.333333333333,0,0,0,11,16,13,0,32,3,2,0,0,0,0,0,0,0,0,0,0,0,0,0,0,0,0,0,0,0,0,0,0,2,0,0,0,0,0,1,2,37,1,0,0,0,4,4,19,0,0,0,0,35,0,0,0,0,0,0,0,0,5,35,1,0,4,19,0,1,0,18,0,2,0,21,15,4,0,0,0,0,0,4,3,10,10,6,7
"2019-05-14",66,124,0,0,12,12,95,14,0,3,1,0,0,2,6,0,0,0,3,0,2,2,0,0,0,0,0,0,449.625,5439.5,473,265.375,6622.3025,682,0,66,0,11,28,27,0,54,2,1,0,0,0,0,0,0,1,1,1,0,0,0,0,0,0,3,0,0,0,0,0,0,2,0,0,0,0,0,1,8,57,1,1,0,0,5,14,23,0,0,0,0,19,0,0,0,0,0,0,0,0,45,55,2,0,8,29,0,2,0,34,0,1,0,17,16,29,0,1,0,0,0,2,12,13,8,9,22
"2019-05-15",48,88,0,0,14,14,73,3,0,2,2,0,2,0,3,0,0,0,3,0,3,3,0,1,1,0,2,2,512.6,2966,264,155.4,4802.3,1356,0,96,0,12,16,20,0,33,4,2,0,0,0,0,1,0,1,0,0,0,0,0,0,0,0,0,2,0,0,0,0,0,2,0,0,0,0,0,0,5,40,0,0,0,1,4,6,24,0,0,0,0,47,0,0,0,0,0,0,0,0,0,40,2,1,4,23,0,1,1,20,0,1,0,39,8,0,0,0,0,0,0,6,3,18,8,3,10
"2019-05-16",56,104,0,0,14,14,79,8,1,2,1,1,3,2,4,0,0,0,3,0,4,4,0,3,3,0,1,1,672.7,3283,305.666666666667,214.433333333333,5609.00666666667,1337,0,168,0,12,27,17,0,39,6,0,0,0,0,0,0,0,1,0,2,1,0,0,0,0,0,1,0,0,0,0,0,0,2,0,0,0,0,0,2,7,45,2,1,0,0,3,6,20,0,0,0,0,54,0,0,0,0,0,0,0,0,1,39,1,1,14,26,0,3,1,22,0,1,0,44,10,0,0,0,0,0,0,3,6,15,12,2,18
"2019-05-17",72,140,0,0,22,22,108,15,0,2,4,1,1,1,1,0,0,1,6,0,1,1,0,1,1,0,4,4,857.1,5382,342,536.7,7183.32,1314,0,288,0,17,31,24,0,58,1,4,0,0,0,0,0,0,1,0,0,0,0,0,0,0,0,1,0,0,0,0,0,0,4,0,0,0,0,0,0,6,63,0,1,0,0,7,14,27,1,0,1,0,56,0,0,0,0,0,0,0,0,13,55,1,0,15,33,0,4,2,31,1,0,0,42,18,8,0,0,0,0,0,10,3,16,13,8,22
"2019-05-18",39,75,0,0,6,6,61,3,0,0,3,0,1,2,2,0,0,0,3,0,2,2,0,0,0,0,1,1,465.8875,2526.875,167.375,209.625,3924.45625,910,39,195,0,6,18,15,0,32,2,1,0,0,0,0,0,0,0,0,0,0,0,0,0,0,0,2,0,0,1,0,0,0,1,0,0,0,0,0,0,4,35,0,0,0,0,1,4,17,0,0,0,0,36,0,0,0,0,0,0,0,0,2,21,1,0,16,22,1,1,1,13,0,1,0,30,6,1,0,0,0,0,0,4,2,13,3,5,12