"Date","NB_Accidents","NB_VEH_IMPLIQUES_ACCDN","NB_MORTS","NB_BLESSES_GRAVES","NB_BLESSES_LEGERS","NB_VICTIMES_TOTAL","nb_automobile_camion_leger","nb_camionLourd_tractRoutier","nb_outil_equipement","nb_tous_autobus_minibus","nb_bicyclette","nb_cyclomoteur","nb_motocyclette","nb_taxi","nb_urgence","nb_motoneige","nb_VHR","nb_autres_types","nb_veh_non_precise","NB_DECES_PIETON","NB_BLESSES_PIETON","NB_VICTIMES_PIETON","NB_DECES_MOTO","NB_BLESSES_MOTO","NB_VICTIMES_MOTO","NB_DECES_VELO","NB_BLESSES_VELO","NB_VICTIMES_VELO","Temp","Rel.Hum","Wind.Spd","Dew.Point.Temp","Stn_Press","Wind.Dir","weekdays","days","SeverityDeadly","SeverityLight Injury","SeverityMaterial High","SeverityMaterial Low","SeveritySevere Injury","as.factor(Accident_Type)31","as.factor(Accident_Type)32","as.factor(Accident_Type)33","as.factor(Accident_Type)34","as.factor(Accident_Type)35","as.factor(Accident_Type)36","as.factor(Accident_Type)37","as.factor(Accident_Type)38","as.factor(Accident_Type)39","as.factor(Accident_Type)40","as.factor(Accident_Type)41","as.factor(Accident_Type)42","as.factor(Accident_Type)43","as.factor(Accident_Type)44","as.factor(Accident_Type)45","as.factor(Accident_Type)46","as.factor(Accident_Type)47","as.factor(Accident_Type)48","as.factor(Accident_Type)49","as.factor(Accident_Type)50","as.factor(Accident_Type)51","as.factor(Accident_Type)52","as.factor(Accident_Type)53","as.factor(Accident_Type)54","as.factor(Accident_Type)55","as.factor(Accident_Type)59","as.factor(Accident_Type)71","as.factor(Accident_Type)72","as.factor(Accident_Type)73","as.factor(Accident_Type)74","as.factor(Accident_Type)75","as.factor(Accident_Type)99","Accident_CategoryFixed Object","Accident_CategoryMoving Object","Accident_CategoryNo Collision","Auth_Speed10","Auth_Speed100","Auth_Speed20","Auth_Speed30","Auth_Speed40","Auth_Speed50","Auth_Speed60","Auth_Speed70","Auth_Speed80","Auth_Speed90","Surface_CondDry","Surface_CondHard snow","Surface_CondIce","Surface_CondMud","Surface_CondOil","Surface_CondSand or gravel","Surface_CondSlush","Surface_CondSnow","Surface_CondWater accumulation","Surface_CondWet","IlluminationDay and clear","IlluminationDay and semi-dark","IlluminationNight and dark","IlluminationNight and lighted","EnvironmentCommercial","EnvironmentForest","EnvironmentIndustrial","EnvironmentPark","EnvironmentResidential","EnvironmentRural","EnvironmentSchool area","WeatherBlack Ice","WeatherClear Sky","WeatherCloudy","WeatherDrizzle","WeatherFoggy","WeatherHeavy Rain","WeatherSnow","WeatherSnowstorms","WeatherStrong Wind","cluster_id_0","cluster_id_1","cluster_id_2","cluster_id_3","cluster_id_4","cluster_id_5"
"2019-05-19",29,56,0,0,9,9,46,1,0,1,0,1,2,1,2,0,0,0,2,0,0,0,0,2,2,0,0,0,376.6375,2309.125,205.416666666667,272.9625,2912.33708333333,223.541666666667,29,174,0,8,11,10,0,26,0,0,0,0,0,0,0,0,1,0,1,0,0,0,0,0,0,0,0,0,0,0,0,0,0,0,0,0,0,1,0,2,26,1,0,0,0,4,6,12,0,0,0,0,24,0,0,1,0,0,0,0,0,4,16,2,0,10,11,0,0,0,17,0,0,0,23,3,3,0,0,0,0,0,2,0,10,5,5,7
"2019-05-20",38,71,0,1,9,10,56,1,0,1,1,0,0,1,6,0,0,0,5,0,2,2,0,0,0,0,0,0,652.966666666667,2800.91666666667,220.083333333333,454.258333333333,3779.92333333333,716.818181818182,0,0,0,7,16,14,1,28,4,1,0,0,0,0,0,0,1,1,0,0,0,0,0,0,0,0,1,0,0,0,0,0,0,0,0,0,0,0,1,3,33,1,0,0,0,6,6,9,0,0,0,0,29,0,0,0,0,0,0,0,0,5,27,0,0,8,18,0,0,1,16,0,1,0,27,4,3,0,0,0,0,0,3,1,13,7,6,8
"2019-05-21",58,107,0,2,17,19,77,11,0,2,1,0,3,2,5,0,0,0,6,0,6,6,0,2,2,0,1,1,687.541666666667,3320.5,541.333333333333,194.3,5816.98916666667,1080.25,0,58,0,14,19,23,2,41,5,1,0,0,0,0,0,1,0,0,0,1,0,0,0,0,0,0,0,0,1,0,0,0,2,0,1,0,0,0,1,4,48,2,0,0,0,1,11,16,2,1,0,0,53,0,0,0,0,0,0,0,0,3,50,3,0,3,26,0,5,0,23,0,0,0,51,3,1,0,0,0,0,0,5,6,16,8,6,17
"2019-05-22",58,118,0,0,11,11,94,14,0,5,2,0,0,2,1,0,0,0,0,0,3,3,0,0,0,0,2,2,855.016666666667,2682.5,406,168.2,5881.10333333333,935.25,0,116,0,10,34,14,0,47,3,2,0,0,0,0,1,0,0,0,0,0,0,1,0,0,0,1,0,0,0,0,0,0,2,0,0,0,0,0,0,4,53,0,0,0,0,3,9,30,0,0,0,0,58,0,0,0,0,0,0,0,0,0,53,1,0,4,33,0,2,0,20,0,1,0,56,2,0,0,0,0,0,0,9,6,17,9,3,14
"2019-05-23",57,107,0,0,19,19,85,10,0,1,0,0,2,1,5,0,0,0,3,0,4,4,0,0,0,0,0,0,914.375,3645.625,311.125,489.4875,5721.77875,1071.125,0,171,0,14,18,25,0,44,6,1,0,0,0,0,0,1,1,0,0,0,0,0,0,0,0,1,0,0,1,0,0,0,1,0,0,0,0,0,0,4,52,0,0,0,1,2,11,23,1,0,0,0,33,0,0,0,0,1,0,0,0,21,44,6,0,6,33,0,3,0,18,0,1,0,19,14,18,0,3,0,0,0,5,3,22,6,5,16
"2019-05-24",45,87,1,0,13,14,66,11,1,1,2,0,0,1,1,0,0,0,4,0,2,2,0,0,0,0,2,2,619.875,3631.875,350.625,467.0625,4521.76875,744.375,0,180,1,11,17,16,0,35,2,2,0,1,0,0,0,0,1,0,0,2,0,0,0,0,0,0,1,0,0,0,0,0,0,0,0,0,0,0,0,4,40,0,3,0,0,2,5,17,0,0,0,0,32,0,0,0,0,0,0,0,0,12,35,0,0,9,28,0,3,0,12,0,1,0,26,9,7,0,0,0,0,0,4,7,15,8,4,7
"2019-05-25",52,102,0,0,13,13,88,3,0,1,2,1,0,2,1,0,0,0,4,0,3,3,0,0,0,0,0,0,823.766666666667,3672.5,385.666666666667,524.983333333333,5239.67166666667,1083.33333333333,52,260,0,9,22,21,0,40,3,2,0,0,0,0,0,0,1,1,0,0,0,0,0,0,0,1,0,0,1,0,0,0,0,1,0,0,0,0,0,4,45,1,0,0,0,5,6,16,0,0,0,0,39,0,0,0,0,0,0,0,1,12,39,3,0,10,25,0,1,1,24,0,0,0,33,14,5,0,0,0,0,0,8,2,12,6,9,15
"2019-05-26",43,88,0,0,17,17,75,3,0,1,3,1,2,0,0,0,0,0,3,0,2,2,0,1,1,0,2,2,834.020833333333,2881,299.208333333333,525.495833333333,4302.43666666667,920.916666666667,43,258,0,11,16,16,0,31,3,3,0,0,0,0,0,0,0,0,0,0,0,0,0,0,0,2,0,0,0,0,0,0,0,0,1,0,0,0,1,2,37,2,1,0,1,1,9,19,0,1,0,0,38,0,0,0,0,0,0,0,0,3,29,1,0,13,15,0,3,0,23,1,0,0,38,4,0,0,0,0,0,0,2,2,18,4,3,14
"2019-05-27",59,116,0,0,15,15,85,15,0,3,5,0,0,2,1,0,0,0,5,0,4,4,0,0,0,0,4,4,792.8125,3082.75,417.916666666667,209.204166666667,5942.52916666667,712.916666666667,0,0,0,13,28,18,0,43,4,5,0,0,0,0,0,0,0,1,0,0,0,0,0,0,0,1,1,1,0,0,0,0,1,0,0,0,0,0,0,5,52,0,0,0,0,4,10,25,1,0,0,0,55,0,0,0,0,0,0,0,0,2,50,2,0,6,30,0,3,1,23,0,1,0,53,4,0,0,0,0,0,0,5,4,19,9,9,13
"2019-05-28",45,84,0,0,13,13,66,10,2,0,4,0,0,0,0,0,0,0,2,0,4,4,0,0,0,0,4,4,501,3016.875,206.25,220.875,4513.875,553.125,0,45,0,13,15,17,0,31,5,3,0,0,0,0,1,0,0,1,0,0,0,0,0,0,0,1,0,0,0,0,0,0,0,0,0,0,1,0,2,2,40,3,0,0,0,3,6,12,1,0,0,0,32,0,0,0,0,0,0,0,0,10,35,1,0,6,23,0,4,0,14,0,1,0,25,9,6,0,0,0,0,0,6,3,13,11,7,5
"2019-05-29",56,106,0,0,12,12,80,10,1,0,1,4,1,1,5,0,0,0,3,0,3,3,0,0,0,0,1,1,697.9,4078.66666666667,247.333333333333,425.833333333333,5589.29,1155,0,112,0,10,25,21,0,46,4,0,0,0,0,1,2,0,0,0,0,0,0,0,0,0,0,1,0,0,0,0,0,0,1,0,0,0,0,0,0,2,53,0,0,0,0,9,6,16,0,0,0,0,52,0,0,0,0,0,0,0,0,2,48,1,0,6,26,0,4,1,20,0,3,0,44,12,0,0,0,0,0,0,3,4,18,10,8,13
"2019-05-30",82,161,0,1,13,14,133,11,1,0,4,0,1,2,4,0,0,1,4,0,3,3,0,0,0,0,3,3,1373.84166666667,5497.41666666667,635.5,836.4,8155.07083333333,1735.66666666667,0,246,0,12,36,33,1,60,4,3,0,0,0,0,1,0,0,3,0,0,0,1,0,1,0,2,1,0,0,0,0,0,2,0,0,0,0,1,0,10,68,1,1,0,1,4,12,27,0,1,0,0,75,0,0,0,0,0,0,0,0,4,66,2,0,12,35,0,3,1,36,0,2,0,67,10,1,0,0,0,0,0,9,8,20,14,16,15
"2019-05-31",63,133,0,0,24,24,107,11,0,4,3,1,2,0,2,0,0,0,3,0,6,6,0,1,1,0,3,3,775.1625,3378.375,388.5,179.025,6299.55375,1029,0,252,0,18,24,21,0,49,5,3,0,0,0,0,0,0,0,0,0,0,0,0,0,0,0,0,0,0,0,0,0,0,0,1,0,0,0,0,3,0,57,4,0,0,1,4,11,25,0,0,0,0,61,0,0,0,0,0,0,0,0,2,51,0,1,11,32,0,4,0,22,1,4,0,55,7,1,0,0,0,0,0,4,7,12,14,11,15
"2019-06-01",45,88,1,0,8,9,73,5,0,0,2,0,3,1,1,0,0,0,3,0,1,1,0,1,1,0,1,1,692.625,2276.25,196.875,224.25,4502.83125,645,45,225,1,7,23,14,0,30,2,2,0,0,0,0,1,0,2,0,1,0,0,0,0,0,0,1,0,0,1,0,0,0,0,0,0,0,0,0,1,5,35,1,0,0,0,0,10,18,0,0,0,0,43,0,0,0,0,0,0,0,0,0,29,0,1,14,23,0,1,0,20,0,0,0,37,7,0,0,0,0,0,0,5,1,15,4,6,14
"2019-06-02",32,64,0,1,8,9,53,2,0,0,4,3,0,1,0,0,0,0,1,0,0,0,0,0,0,0,3,3,485.466666666667,2674.66666666667,124,394.666666666667,3180.14666666667,611.047619047619,32,192,0,7,10,14,1,24,0,4,0,0,0,0,0,0,0,0,0,0,0,0,0,1,0,1,0,0,1,0,0,0,0,0,0,0,0,0,1,3,28,1,0,0,0,2,3,9,0,0,0,0,20,0,0,0,0,0,0,0,0,12,18,3,0,11,11,0,1,0,18,1,0,0,18,8,5,0,1,0,0,0,4,1,11,5,3,8
"2019-06-03",41,78,0,0,15,15,64,6,1,4,1,0,0,0,2,0,0,0,0,0,7,7,0,0,0,0,1,1,448.266666666667,2724.79166666667,252.833333333333,198.3375,4094.31125,862.708333333333,0,0,0,12,14,15,0,33,7,0,0,0,0,0,0,0,0,0,0,1,0,0,0,0,0,0,0,0,0,0,0,0,0,0,0,0,0,0,0,1,40,0,0,0,0,5,6,17,0,0,0,0,38,0,0,0,0,1,0,0,0,2,33,1,0,6,19,0,1,0,20,0,0,0,26,13,2,0,0,0,0,0,6,2,14,6,4,9
"2019-06-04",77,148,0,2,20,22,109,14,2,4,2,0,4,3,4,0,0,0,6,0,3,3,0,3,3,0,1,1,913.4125,4761.16666666667,465.208333333333,332.383333333333,7736.60708333333,1710.04166666667,0,77,0,18,29,28,2,64,3,2,0,1,0,0,0,0,0,0,0,1,0,0,2,0,0,0,0,0,0,0,0,0,1,0,0,0,0,0,1,4,70,1,2,0,0,8,14,25,0,0,0,0,70,0,0,0,0,0,0,0,0,3,59,1,1,12,38,0,1,0,31,1,2,0,63,8,2,0,0,0,0,0,5,8,12,13,7,32
"2019-06-05",45,91,0,0,10,10,64,14,1,3,3,1,1,2,1,0,0,0,1,0,0,0,0,0,0,0,3,3,641.8125,3151.875,221.25,387.9375,4499.7,1087.5,0,90,0,10,14,21,0,39,1,1,0,0,0,0,0,0,0,0,0,0,0,0,0,0,0,0,0,0,1,0,0,0,1,0,0,0,0,0,1,2,41,1,0,0,0,5,6,20,0,0,0,0,42,0,0,0,0,2,0,0,0,1,39,0,0,4,20,0,2,0,21,1,1,0,37,6,2,0,0,0,0,0,7,6,9,6,2,15
"2019-06-06",50,96,0,0,22,22,70,9,0,3,6,1,2,1,3,0,0,0,1,0,5,5,0,0,0,0,4,4,913.75,2147.91666666667,372.916666666667,246.25,4999.79166666667,1197.91666666667,0,150,0,19,17,14,0,34,7,5,0,0,0,0,1,1,0,0,0,0,0,0,0,0,0,0,0,0,0,0,0,0,1,1,0,0,0,0,0,1,48,1,0,0,0,7,12,12,0,0,0,0,49,0,0,0,0,0,0,0,0,0,44,1,1,4,21,0,0,0,26,0,3,0,48,0,0,0,0,0,0,0,3,3,13,12,4,15
"2019-06-07",52,102,0,0,15,15,79,7,0,2,3,0,2,1,3,0,0,0,5,0,3,3,0,1,1,0,2,2,1032.85,1906.66666666667,305.5,221.433333333333,5222.64166666667,1014,0,208,0,14,18,20,0,39,3,3,0,0,0,0,0,0,0,1,0,0,0,0,0,0,0,0,1,0,1,0,0,0,1,1,0,0,0,0,0,4,45,1,2,0,0,3,9,20,0,0,0,0,49,0,0,0,0,0,0,0,0,0,40,4,0,7,33,0,1,0,17,0,0,0,50,1,0,0,0,0,0,0,2,3,15,8,8,16
"2019-06-08",58,116,0,0,18,18,94,4,1,3,2,2,2,2,3,0,1,0,2,0,2,2,0,2,2,0,1,1,1060.675,1914,364.916666666667,72.0166666666667,5880.185,899,58,290,0,16,19,23,0,45,3,3,0,0,0,0,0,0,1,0,0,0,0,0,0,0,0,0,1,0,0,0,0,0,1,0,0,0,0,0,2,3,51,2,0,0,0,3,8,17,0,0,0,0,58,0,0,0,0,0,0,0,0,0,39,3,1,14,24,0,0,1,31,0,1,0,58,0,0,0,0,0,0,0,2,3,26,11,4,12
"2019-06-09",34,68,0,1,9,10,60,0,0,1,2,0,4,0,1,0,0,0,0,0,0,0,0,1,1,0,1,1,787.1,1032.75,194.083333333333,125.941666666667,3450.43333333333,630.416666666667,34,204,0,6,16,11,1,29,0,2,0,0,0,0,0,0,0,0,0,0,0,0,0,0,0,0,0,0,1,0,0,0,1,0,0,0,0,0,1,2,31,1,0,0,0,3,8,9,0,0,0,0,34,0,0,0,0,0,0,0,0,0,21,3,1,8,12,0,2,0,18,0,1,0,34,0,0,0,0,0,0,0,3,2,12,9,5,3
"2019-06-10",68,136,0,1,21,22,99,14,1,2,6,0,1,2,5,0,0,1,5,0,2,2,0,1,1,0,6,6,1623.21666666667,2898.5,487.333333333333,667.816666666667,6849.83833333333,1292,0,0,0,17,24,26,1,52,2,5,0,0,0,0,0,0,0,0,1,0,0,0,0,0,0,2,0,0,0,0,0,0,2,0,0,0,0,0,2,5,59,2,2,0,0,6,13,27,0,0,0,0,66,0,0,0,0,0,0,0,0,1,54,1,0,10,34,0,3,1,27,0,2,0,62,3,2,0,0,0,0,0,6,7,21,5,12,17
"2019-06-11",66,122,0,1,23,24,85,13,0,4,4,1,1,5,3,0,0,0,6,0,5,5,0,1,1,0,2,2,1118.425,4760.25,415.25,750.2,6616.665,1427.25,0,66,0,18,23,24,1,50,6,3,0,0,0,0,0,0,0,2,1,1,0,0,0,0,0,1,0,0,0,0,0,0,1,0,0,0,0,0,1,6,59,1,0,0,0,5,9,25,0,0,0,0,44,0,0,0,0,1,0,0,0,18,52,3,1,9,36,0,1,2,21,0,5,0,36,9,17,0,2,0,0,0,7,6,16,14,11,12
"2019-06-12",66,131,1,0,26,27,104,12,0,2,4,1,5,0,0,0,0,0,3,1,5,6,0,2,2,0,4,4,1253.725,3195.5,379.5,480.975,6660.72,1551,0,132,1,21,29,15,0,47,4,4,0,0,0,0,1,0,1,0,0,2,0,0,0,0,0,0,0,0,0,0,0,0,2,1,0,0,0,0,1,5,56,2,1,0,0,8,5,28,1,0,0,0,66,0,0,0,0,0,0,0,0,0,59,2,0,5,26,0,5,1,31,0,3,0,64,1,0,0,0,0,0,0,9,5,17,8,13,14
"2019-06-13",51,93,1,0,12,13,67,12,0,1,3,0,1,3,1,0,0,0,5,1,3,4,0,1,1,0,3,3,857.65,2945.25,323,416.7125,5109.1375,905.25,0,153,1,10,20,20,0,38,7,2,0,0,0,0,0,0,0,1,0,0,0,0,0,0,0,0,0,0,1,0,0,0,1,0,0,0,0,0,1,3,47,1,0,0,1,3,4,22,0,0,0,0,47,0,0,0,0,0,0,0,0,3,40,2,0,8,23,0,2,1,18,2,1,0,27,20,2,0,1,0,0,0,10,3,14,5,5,14
"2019-06-14",62,121,0,0,12,12,101,5,1,2,3,1,1,3,3,0,0,0,1,0,2,2,0,0,0,0,2,2,916.825,5117.58333333333,366.833333333333,731.6,6179.95333333333,1221.91666666667,0,248,0,11,33,18,0,50,3,3,0,0,0,0,0,0,0,0,1,0,0,0,0,0,0,0,1,0,0,0,0,0,2,0,0,0,0,0,1,4,56,1,0,0,0,4,12,19,0,0,0,0,44,0,0,0,0,0,0,0,0,16,44,3,0,12,28,0,2,0,29,0,1,0,31,21,8,0,0,0,0,0,6,5,15,15,8,13
"2019-06-15",52,105,0,1,21,22,92,3,0,0,0,1,2,2,2,0,0,0,3,0,3,3,0,0,0,0,0,0,847.383333333333,4034.33333333333,294.666666666667,636.133333333333,5206.63,1029.16666666667,52,260,0,15,23,13,1,42,3,0,0,1,0,0,0,0,0,0,0,0,0,0,0,0,0,1,0,0,0,0,0,0,0,0,0,0,0,1,0,1,46,1,0,0,0,2,7,28,1,0,0,0,30,0,0,0,0,0,0,0,0,21,32,4,0,15,24,0,3,0,24,0,1,0,27,12,11,0,1,0,0,0,1,6,15,8,7,15
"2019-06-16",51,102,1,1,22,24,82,5,0,0,3,0,0,4,3,0,0,1,4,1,3,4,0,0,0,0,2,2,865.725,3567.875,278.375,558.875,5110.6675,1122,51,306,1,14,26,9,1,34,3,3,0,0,0,0,1,0,0,0,2,0,0,0,0,0,0,1,0,0,2,0,0,0,1,0,0,0,0,0,0,6,41,0,0,0,0,5,0,22,0,0,0,0,43,0,0,0,0,0,0,0,0,6,32,0,0,17,20,0,1,1,23,1,0,0,44,3,2,0,0,0,0,0,6,4,11,8,7,15
"2019-06-17",42,80,0,0,7,7,57,13,0,1,4,0,0,0,1,0,0,1,3,0,0,0,0,0,0,0,3,3,775.6,2128,229.25,322.7,4226.285,1078,0,0,0,7,20,15,0,31,0,3,0,0,0,0,0,0,0,0,1,1,0,0,0,0,0,1,0,0,1,0,0,0,2,0,0,0,0,0,1,6,34,1,1,0,0,3,9,16,1,0,0,0,42,0,0,0,0,0,0,0,0,0,35,1,0,6,19,0,4,0,18,0,1,0,42,0,0,0,0,0,0,0,6,1,8,8,6,13
"2019-06-18",69,135,0,1,22,23,101,14,0,1,6,0,1,2,3,0,0,0,7,0,1,1,0,1,1,0,5,5,1477.75,3188.375,345,617.55,6930.1875,1693.375,0,69,0,19,25,24,1,56,2,6,0,0,0,0,0,0,1,0,2,0,0,0,0,0,0,0,0,0,0,0,0,0,0,0,0,0,0,0,1,3,64,1,0,0,0,8,10,20,1,0,0,0,66,0,0,0,0,1,0,0,0,0,54,0,0,11,37,0,5,0,20,1,2,0,64,2,0,0,0,0,0,0,9,4,20,9,10,17
"2019-06-19",65,130,0,0,10,10,95,16,0,2,4,1,1,2,3,0,0,2,4,0,4,4,0,0,0,0,0,0,1455.72916666667,3537.08333333333,352.083333333333,800.583333333333,6495.34166666667,1088.75,0,130,0,10,30,25,0,49,5,3,0,0,0,0,1,0,0,0,0,2,0,0,0,0,0,0,0,0,0,0,0,0,0,0,0,0,0,0,1,2,58,1,0,0,0,11,14,17,0,0,0,0,64,0,0,0,0,0,0,0,0,0,48,4,1,10,32,0,6,0,23,0,2,0,62,3,0,0,0,0,0,0,8,3,19,13,5,17
"2019-06-20",72,146,0,0,17,17,115,15,1,3,2,1,0,1,4,0,0,1,3,0,2,2,0,0,0,0,1,1,1210.2,6285,738,1056.9,7161.51,135,0,216,0,13,36,23,0,62,2,2,0,0,0,0,0,0,0,0,0,0,0,0,0,0,0,0,1,0,1,0,0,0,0,0,0,0,0,0,1,2,66,1,0,0,0,12,12,25,0,1,0,0,28,0,0,0,0,0,0,0,0,39,53,4,0,10,33,0,4,0,29,0,1,0,26,7,33,0,0,0,0,0,11,4,24,9,5,19
"2019-06-21",53,103,0,0,16,16,83,7,0,1,2,0,2,0,2,0,0,1,5,0,5,5,0,0,0,0,2,2,1051.82916666667,2831.08333333333,587.416666666667,494.004166666667,5280.08083333333,684.583333333333,0,212,0,13,21,19,0,40,6,2,0,0,0,0,0,0,0,0,0,1,0,0,0,0,0,0,0,0,0,0,0,0,1,0,0,0,0,0,1,2,48,1,0,0,0,5,8,19,0,0,0,0,51,0,0,0,0,0,0,0,0,2,45,4,1,3,24,0,5,3,19,0,0,0,49,3,1,0,0,0,0,0,8,6,9,8,5,17
"2019-06-22",34,60,0,0,8,8,54,3,0,0,0,0,0,0,1,0,0,0,2,0,4,4,0,0,0,0,0,0,734.4,1379.83333333333,396.666666666667,240.55,3407.225,563.833333333333,34,170,0,8,9,17,0,25,5,0,0,0,0,0,1,0,0,0,0,0,0,0,0,0,0,0,1,0,1,0,0,0,1,0,0,0,0,0,0,3,31,0,0,0,0,3,3,20,0,0,0,0,34,0,0,0,0,0,0,0,0,0,26,2,0,6,21,0,0,0,12,1,0,0,34,0,0,0,0,0,0,0,1,4,10,7,5,7
"2019-06-23",39,76,0,0,16,16,60,2,0,1,2,0,2,1,2,0,0,1,5,0,1,1,0,1,1,0,1,1,896.5125,1496.625,300.625,299.1625,3909.14875,1054.625,39,234,0,13,16,10,0,28,1,2,0,0,0,0,0,0,0,1,0,0,0,0,0,0,0,0,1,0,0,0,0,0,1,0,0,0,0,0,2,3,31,2,0,0,0,3,2,19,0,0,0,0,37,0,0,0,0,0,0,0,0,0,22,2,0,13,19,0,3,0,14,0,2,0,35,3,0,0,0,0,0,0,3,2,13,4,7,10
"2019-06-24",29,55,0,0,13,13,44,2,0,1,3,0,0,1,2,0,0,0,2,0,4,4,0,0,0,0,3,3,626.641666666667,979.958333333333,155.875,134.366666666667,2906.22291666667,392.708333333333,0,0,0,11,9,9,0,17,4,3,0,0,0,0,0,0,0,0,1,0,0,0,0,0,0,0,0,0,0,0,0,0,0,1,0,0,0,0,2,1,24,3,0,0,0,5,2,15,0,0,0,0,29,0,0,0,0,0,0,0,0,0,20,1,0,8,10,0,1,1,16,0,1,0,27,2,0,0,0,0,0,0,0,1,9,5,4,10
"2019-06-25",54,103,0,0,15,15,87,5,0,2,2,0,0,1,3,0,0,0,3,0,4,4,0,0,0,0,2,2,1067.85,3829.5,218.25,746.775,5397.885,1008,0,54,0,13,24,17,0,39,4,2,0,0,0,0,2,0,0,0,1,0,0,0,0,0,0,1,0,1,1,0,0,0,2,0,0,0,0,0,1,6,47,1,0,0,0,2,7,19,1,0,0,0,28,0,0,0,0,1,0,0,0,24,43,1,0,8,34,0,0,0,17,0,2,0,24,9,15,0,3,0,0,0,5,3,16,17,4,9
"2019-06-26",57,105,0,1,8,9,79,8,0,2,4,1,1,1,3,0,0,1,5,0,2,2,0,0,0,0,1,1,1281.075,3935.375,306.375,920.075,5728.88,1159,0,114,0,8,21,27,1,34,4,4,0,0,0,0,1,1,0,1,1,0,0,0,0,0,0,2,0,0,2,0,0,0,2,0,0,0,0,0,2,8,44,2,1,0,0,4,7,25,1,0,0,0,52,0,0,0,0,0,0,0,0,4,49,1,0,7,33,0,5,0,16,1,0,0,49,4,3,0,0,0,0,0,10,4,8,10,10,15
"2019-06-27",72,145,0,0,15,15,110,17,0,0,6,1,2,1,3,0,0,0,5,0,0,0,0,2,2,0,3,3,1700.4,4521,420,1123.5,7263.12,1758,0,216,0,14,24,34,0,53,1,5,0,0,0,0,0,0,0,3,2,0,0,0,0,0,0,0,0,0,1,0,0,0,1,0,0,0,0,0,2,7,59,2,0,0,0,3,14,27,0,0,0,0,68,0,0,0,0,0,0,0,0,2,57,1,0,11,33,0,4,0,33,0,0,0,65,2,2,0,0,0,0,0,7,6,24,14,7,14
"2019-06-28",62,125,1,1,12,14,95,10,0,2,3,2,4,2,3,0,0,0,4,1,3,4,0,1,1,0,1,1,1480.25,3621.83333333333,379.75,929.483333333333,6260.63083333333,1356.25,0,248,1,12,30,18,1,52,4,2,0,0,0,0,0,1,0,0,1,0,0,0,0,0,0,0,0,0,0,0,0,0,0,0,0,0,0,0,0,1,59,0,0,0,0,4,3,27,1,0,0,0,60,0,0,0,0,0,0,0,0,1,52,2,0,6,30,0,4,0,24,1,0,0,55,6,0,0,0,0,0,0,4,4,20,12,8,14
"2019-06-29",45,88,0,0,8,8,63,6,1,2,4,1,1,3,2,0,0,1,4,0,2,2,0,1,1,0,4,4,982.5,3283.125,219.375,744.375,4516.55625,1003.125,45,225,0,8,22,15,0,35,2,4,0,0,0,0,1,0,0,0,0,0,0,0,0,0,0,0,0,0,2,0,0,0,0,0,0,0,0,0,1,2,42,1,0,0,0,3,11,14,0,0,0,0,30,0,0,0,0,0,0,0,0,12,31,4,0,9,21,0,0,1,23,0,0,0,31,3,6,0,2,0,0,0,3,4,14,4,7,13
"2019-06-30",42,82,0,1,5,6,64,4,0,0,2,2,0,4,1,0,0,1,4,0,1,1,0,0,0,0,2,2,821.625,3216.5,318.5,634.375,4203.5,999.25,42,252,0,5,24,12,1,30,1,2,0,0,0,0,0,0,0,0,1,1,0,0,0,0,0,1,1,1,2,0,0,0,0,0,0,0,0,0,0,7,33,0,0,0,0,4,5,13,0,0,0,0,32,0,0,0,0,0,0,0,0,8,29,0,0,11,17,0,2,1,21,0,0,0,33,2,4,0,1,0,0,0,4,8,6,7,6,11
"2019-07-01",43,82,0,4,11,15,67,5,0,0,2,0,1,1,4,0,0,0,2,0,0,0,0,2,2,0,0,0,980.041666666667,2662.41666666667,284.875,640.341666666667,4312.47,1069.625,0,0,0,6,24,11,2,28,0,2,0,1,0,0,0,1,0,1,0,0,0,0,0,1,0,1,1,0,1,0,0,0,0,0,0,0,0,0,2,5,32,2,0,0,1,2,8,18,1,0,0,0,41,0,0,0,0,0,0,0,0,0,33,2,0,7,8,0,1,1,31,1,1,0,40,2,0,0,0,0,0,0,6,2,12,9,7,7
"2019-07-02",66,125,1,0,19,20,93,18,0,0,2,1,2,1,3,0,0,1,4,1,4,5,0,2,2,0,1,1,1629.1,3509,313.5,921.25,6589.4125,1722.28571428571,0,66,1,15,22,28,0,48,6,2,0,0,0,0,0,0,0,0,1,0,0,0,0,0,0,0,0,0,0,0,0,0,2,0,2,0,0,0,2,3,56,4,0,0,0,4,7,14,1,1,0,0,63,0,0,0,0,1,0,0,0,0,56,2,1,6,41,0,3,0,19,0,3,0,64,0,0,0,0,0,0,0,13,10,13,9,9,12
"2019-07-03",51,98,0,1,22,23,71,11,0,2,7,0,2,0,2,0,0,0,3,0,3,3,0,1,1,0,4,4,1321.325,2652,231.625,745.2375,5110.05125,1037,0,102,0,18,18,14,1,35,3,6,0,0,0,0,2,0,0,0,0,0,0,0,0,0,0,1,0,0,0,0,0,0,1,0,0,0,0,0,1,2,46,1,0,0,0,3,10,21,1,0,0,0,49,0,0,0,0,0,0,0,0,0,44,0,0,6,26,0,1,1,20,0,1,0,49,0,0,0,0,0,0,0,5,2,15,15,5,9