"Date","NB_Accidents","NB_VEH_IMPLIQUES_ACCDN","NB_MORTS","NB_BLESSES_GRAVES","NB_BLESSES_LEGERS","NB_VICTIMES_TOTAL","nb_automobile_camion_leger","nb_camionLourd_tractRoutier","nb_outil_equipement","nb_tous_autobus_minibus","nb_bicyclette","nb_cyclomoteur","nb_motocyclette","nb_taxi","nb_urgence","nb_motoneige","nb_VHR","nb_autres_types","nb_veh_non_precise","NB_DECES_PIETON","NB_BLESSES_PIETON","NB_VICTIMES_PIETON","NB_DECES_MOTO","NB_BLESSES_MOTO","NB_VICTIMES_MOTO","NB_DECES_VELO","NB_BLESSES_VELO","NB_VICTIMES_VELO","Temp","Rel.Hum","Wind.Spd","Dew.Point.Temp","Stn_Press","Wind.Dir","weekdays","days","SeverityDeadly","SeverityLight Injury","SeverityMaterial High","SeverityMaterial Low","SeveritySevere Injury","as.factor(Accident_Type)31","as.factor(Accident_Type)32","as.factor(Accident_Type)33","as.factor(Accident_Type)34","as.factor(Accident_Type)35","as.factor(Accident_Type)36","as.factor(Accident_Type)37","as.factor(Accident_Type)38","as.factor(Accident_Type)39","as.factor(Accident_Type)40","as.factor(Accident_Type)41","as.factor(Accident_Type)42","as.factor(Accident_Type)43","as.factor(Accident_Type)44","as.factor(Accident_Type)45","as.factor(Accident_Type)46","as.factor(Accident_Type)47","as.factor(Accident_Type)48","as.factor(Accident_Type)49","as.factor(Accident_Type)50","as.factor(Accident_Type)51","as.factor(Accident_Type)52","as.factor(Accident_Type)53","as.factor(Accident_Type)54","as.factor(Accident_Type)55","as.factor(Accident_Type)59","as.factor(Accident_Type)71","as.factor(Accident_Type)72","as.factor(Accident_Type)73","as.factor(Accident_Type)74","as.factor(Accident_Type)75","as.factor(Accident_Type)99","Accident_CategoryFixed Object","Accident_CategoryMoving Object","Accident_CategoryNo Collision","Auth_Speed10","Auth_Speed100","Auth_Speed20","Auth_Speed30","Auth_Speed40","Auth_Speed50","Auth_Speed60","Auth_Speed70","Auth_Speed80","Auth_Speed90","Surface_CondDry","Surface_CondHard snow","Surface_CondIce","Surface_CondMud","Surface_CondOil","Surface_CondSand or gravel","Surface_CondSlush","Surface_CondSnow","Surface_CondWater accumulation","Surface_CondWet","IlluminationDay and clear","IlluminationDay and semi-dark","IlluminationNight and dark","IlluminationNight and lighted","EnvironmentCommercial","EnvironmentForest","EnvironmentIndustrial","EnvironmentPark","EnvironmentResidential","EnvironmentRural","EnvironmentSchool area","WeatherBlack Ice","WeatherClear Sky","WeatherCloudy","WeatherDrizzle","WeatherFoggy","WeatherHeavy Rain","WeatherSnow","WeatherSnowstorms","WeatherStrong Wind","cluster_id_0","cluster_id_1","cluster_id_2","cluster_id_3","cluster_id_4","cluster_id_5"
"2019-07-04",59,122,0,0,19,19,88,12,0,2,8,0,3,1,1,0,0,0,7,0,2,2,0,1,1,0,6,6,1614.14166666667,2787.75,213.875,855.254166666667,5948.20791666667,1177.31818181818,0,177,0,19,25,15,0,42,3,7,0,0,0,0,0,0,0,0,0,0,0,0,0,0,0,2,1,0,0,0,0,0,1,0,0,0,0,0,1,4,52,1,1,0,0,3,11,21,1,0,0,0,59,0,0,0,0,0,0,0,0,0,47,1,0,9,30,0,5,0,18,1,0,0,59,0,0,0,0,0,0,0,8,7,14,11,5,14
"2019-07-05",53,103,0,1,16,17,80,8,1,3,6,0,1,0,2,0,0,0,2,0,4,4,0,1,1,0,5,5,1368.28333333333,3608.41666666667,240.708333333333,1025.55,5339.15375,1115.20833333333,0,212,0,14,21,17,1,37,4,6,0,0,0,0,1,0,0,0,1,0,0,0,0,0,0,0,1,0,0,0,0,0,0,0,0,0,0,0,1,2,48,1,0,0,0,2,7,23,0,1,0,0,49,0,0,0,0,0,0,0,0,4,44,2,0,7,28,0,3,0,22,0,0,0,44,7,2,0,0,0,0,0,2,3,17,9,5,17
"2019-07-06",46,88,0,0,16,16,79,4,0,0,2,0,0,1,1,0,0,0,1,0,2,2,0,0,0,0,2,2,1171.65833333333,2934.41666666667,461.916666666667,797.716666666667,4610.54166666667,607.583333333333,46,230,0,11,19,16,0,34,4,2,0,0,0,0,0,0,1,0,0,0,0,0,0,0,0,3,0,1,0,0,0,0,0,0,0,0,0,0,0,5,40,0,0,0,1,3,8,17,0,0,0,0,41,0,0,0,0,0,0,0,0,3,29,1,0,15,20,0,0,1,19,0,1,0,38,4,1,0,1,0,0,0,5,5,11,9,2,14
"2019-07-07",41,84,0,0,20,20,67,4,1,2,3,0,2,1,1,0,0,1,2,0,3,3,0,1,1,0,3,3,837.595833333333,1817.66666666667,314.333333333333,310.916666666667,4128.83666666667,628.666666666667,41,246,0,15,18,8,0,31,2,3,0,0,0,0,0,0,1,0,0,0,0,1,0,0,0,1,0,0,0,0,0,0,0,0,1,0,0,0,0,3,36,1,0,0,0,3,11,17,1,0,0,0,41,0,0,0,0,0,0,0,0,0,28,0,0,13,21,0,1,0,18,0,0,0,39,2,0,0,0,0,0,0,5,2,9,10,6,9
"2019-07-08",61,113,0,0,23,23,88,5,1,3,8,1,2,0,1,0,0,0,4,0,4,4,0,1,1,0,6,6,1384.44583333333,2379,338.041666666667,464.870833333333,6138.70958333333,1502.125,0,0,0,21,22,18,0,39,4,8,0,0,0,0,0,0,0,1,2,0,0,0,0,0,0,1,0,0,1,0,0,0,1,0,0,0,0,0,2,6,51,2,1,0,0,5,9,22,1,0,0,0,60,0,0,0,0,0,0,0,0,0,55,1,0,4,24,0,6,0,30,0,1,0,59,0,0,0,0,0,0,0,6,6,18,12,8,11
"2019-07-09",64,133,0,1,17,18,103,8,0,7,3,2,2,2,2,0,0,0,4,0,2,2,0,2,2,0,1,1,1583.73333333333,2909.33333333333,413.333333333333,749.6,6442.74666666667,1789.33333333333,0,64,0,13,24,26,1,44,3,2,0,0,0,0,1,0,0,0,1,0,1,0,0,0,0,1,0,0,0,0,0,0,1,0,1,0,0,0,5,4,50,6,0,0,0,9,5,25,0,0,0,0,61,0,0,0,0,0,0,0,0,0,56,1,0,6,25,0,4,0,32,0,1,0,60,1,0,0,0,0,0,0,7,5,12,15,12,13
"2019-07-10",52,105,0,0,14,14,77,6,0,4,10,0,1,1,0,0,0,2,4,0,1,1,0,1,1,0,4,4,1338.78333333333,2504.66666666667,270.833333333333,704.6,5233.10666666667,1282.66666666667,0,104,0,13,17,22,0,39,2,8,0,0,0,0,0,0,0,0,0,0,0,0,0,0,0,1,0,0,0,0,0,0,1,0,0,0,0,0,0,2,49,0,0,0,0,2,8,16,0,0,0,0,48,0,0,0,0,1,0,0,0,0,44,3,0,3,24,0,4,1,20,0,2,0,49,0,0,0,0,0,0,0,10,2,18,5,6,11
"2019-07-11",54,105,0,1,24,25,79,13,0,2,3,0,0,3,3,0,0,1,1,0,1,1,0,0,0,0,2,2,1192.275,4358.25,294.75,993.825,5403.645,931.5,0,162,0,14,22,17,1,42,2,2,0,0,0,0,0,0,2,0,1,0,0,0,0,0,0,0,1,0,1,0,0,0,1,0,0,0,0,0,1,6,46,1,0,0,0,6,12,17,0,0,0,0,27,0,0,0,0,0,0,0,1,26,35,3,1,14,26,0,4,1,21,0,1,0,27,6,16,0,5,0,0,0,7,4,15,9,5,14
"2019-07-12",56,112,0,0,18,18,86,7,0,0,7,1,2,1,1,0,0,0,7,0,2,2,0,1,1,0,3,3,1239.46666666667,4300.33333333333,231,985.833333333333,5587.30666666667,1414,0,224,0,12,23,21,0,45,3,6,0,0,0,0,0,0,0,0,0,0,0,0,0,0,0,1,0,0,0,0,0,0,0,0,0,0,0,0,0,1,54,0,0,0,0,5,6,18,0,0,0,1,55,0,0,0,0,0,0,0,0,1,46,3,0,6,24,0,4,1,26,0,0,0,49,7,0,0,0,0,0,0,7,3,14,11,10,11
"2019-07-13",46,91,0,0,14,14,78,5,1,0,1,1,1,2,0,0,0,0,2,0,1,1,0,2,2,0,1,1,1026.75833333333,3333.08333333333,287.5,769.541666666667,4605.405,1088,46,230,0,11,21,14,0,38,1,1,0,0,0,0,0,0,1,0,1,0,0,0,0,0,0,2,0,0,0,0,0,0,1,0,0,0,0,0,1,5,40,1,1,0,0,3,8,13,0,0,0,0,35,0,0,0,0,1,0,0,0,8,31,2,1,12,21,0,3,1,20,0,0,0,36,1,6,0,0,0,0,0,4,5,12,10,6,9
"2019-07-14",31,64,0,1,17,18,52,3,0,2,1,0,2,2,1,0,0,0,1,0,2,2,0,2,2,0,1,1,649.0625,2047.29166666667,173.083333333333,435.1625,3112.09,862.833333333333,31,186,0,11,12,7,1,26,2,1,0,0,0,0,0,0,0,0,0,0,0,0,0,0,0,0,0,0,1,0,0,0,1,0,0,0,0,0,0,2,29,0,0,0,0,3,5,12,0,0,0,0,28,0,0,0,0,0,0,0,0,1,21,1,0,8,12,0,1,0,16,0,0,0,28,0,1,0,0,0,0,0,1,3,8,7,5,7
"2019-07-15",51,102,0,0,13,13,78,13,0,2,5,1,0,2,0,0,0,0,1,0,2,2,0,0,0,0,5,5,1138.7875,2851.75,280.5,657.9,5138.675,1270.75,0,0,0,12,28,11,0,38,2,5,0,0,0,0,0,0,0,0,0,0,1,1,0,0,0,1,0,0,0,0,0,0,2,0,0,0,0,0,0,5,45,0,0,0,0,6,5,21,1,0,0,0,50,0,0,0,0,0,0,0,0,0,39,0,0,11,23,0,4,0,21,0,0,0,50,0,0,0,0,0,0,0,8,5,11,6,5,16
"2019-07-16",42,72,0,2,26,28,59,3,0,2,5,0,2,0,1,0,0,0,0,0,5,5,0,2,2,0,4,4,1020.425,2712.5,276.5,720.825,4217.2375,845.478260869565,0,42,0,16,13,11,2,23,5,4,0,1,0,0,0,0,0,1,0,1,0,0,0,0,0,0,0,0,2,0,0,0,1,0,0,0,0,0,2,5,33,2,1,0,0,2,5,21,0,1,0,0,42,0,0,0,0,0,0,0,0,0,32,0,0,9,17,0,3,0,22,0,0,0,34,8,0,0,0,0,0,0,5,9,10,6,7,5
"2019-07-17",54,109,0,1,24,25,91,5,0,1,6,1,0,0,1,0,0,0,4,0,3,3,0,0,0,0,5,5,1363.275,3604.5,297,993.375,5412.3525,1050.75,0,108,0,19,21,13,1,38,3,6,0,0,0,0,0,0,0,0,1,0,0,0,0,0,0,2,0,0,0,0,0,0,0,0,0,0,0,0,2,3,47,2,1,0,0,3,12,21,0,0,0,0,51,0,0,0,0,0,0,0,0,0,41,2,0,9,20,0,3,0,28,1,0,0,48,4,0,0,0,0,0,0,4,5,18,12,5,10
"2019-07-18",59,117,0,0,13,13,90,11,2,1,3,1,1,2,3,0,0,0,3,0,2,2,0,1,1,0,2,2,1305.375,3151.58333333333,354,695.954166666667,5931.76166666667,517.590909090909,0,177,0,12,25,22,0,47,1,3,0,0,0,0,0,1,1,1,0,0,0,0,0,0,0,0,0,0,2,0,0,0,2,0,0,0,0,0,1,6,52,1,1,0,0,2,8,23,0,0,0,0,58,0,0,0,0,0,0,0,0,0,46,0,0,11,29,0,2,0,26,0,0,0,56,1,0,0,0,0,0,0,4,6,17,9,5,18
"2019-07-19",54,114,0,1,12,13,87,8,0,3,5,0,2,1,3,0,0,1,4,0,0,0,0,2,2,0,5,5,1428.75,3942,317.25,1135.125,5388.3675,1030.90909090909,0,216,0,11,22,20,1,43,0,5,0,0,0,0,0,0,1,0,1,0,0,0,0,1,0,1,0,0,0,0,0,0,0,1,0,0,0,0,1,4,48,2,0,0,0,5,9,19,0,0,0,0,52,0,1,0,0,0,0,0,0,1,37,3,0,13,21,0,4,0,27,0,1,0,50,3,0,0,0,0,0,0,3,4,10,12,7,18
"2019-07-20",52,104,0,0,19,19,90,1,0,0,3,0,2,2,1,0,0,1,4,0,2,2,0,0,0,0,3,3,1429.56666666667,3720.16666666667,312,1124.06666666667,5185.28833333333,1079,52,260,0,11,26,15,0,40,2,3,1,0,0,0,0,0,1,0,2,1,0,0,0,0,0,0,0,0,1,0,0,0,1,0,0,0,0,0,0,6,46,0,0,0,0,6,6,20,0,0,0,0,52,0,0,0,0,0,0,0,0,0,35,0,0,16,22,0,0,2,27,1,0,0,50,1,0,0,0,0,0,0,6,5,14,8,6,13
"2019-07-21",50,98,0,1,24,25,80,4,0,1,2,1,3,2,1,0,0,0,4,0,2,2,0,3,3,0,1,1,1306.04166666667,3125,322.916666666667,891.458333333333,4987.85416666667,1226.08695652174,50,300,0,15,19,15,1,34,3,2,0,0,0,0,0,1,0,0,2,0,0,0,0,0,0,0,1,0,1,0,0,0,0,0,0,2,0,0,1,4,40,3,0,0,0,1,6,22,0,0,0,0,42,0,0,0,0,0,0,0,2,2,32,3,0,13,24,0,2,1,21,0,0,0,42,1,1,0,2,0,0,0,5,5,15,4,7,14
"2019-07-22",48,93,0,3,17,20,73,2,0,4,8,0,2,2,1,0,0,0,1,0,1,1,0,1,1,0,7,7,980.4,2504,242,483.6,4817.78,684,0,0,0,17,13,16,2,27,1,8,0,0,0,0,0,0,0,0,1,1,0,0,0,0,0,1,0,1,0,0,0,0,1,0,1,0,0,0,4,5,36,5,0,0,0,3,9,25,0,0,0,0,46,0,0,0,0,0,0,0,0,1,36,1,0,11,21,0,3,0,24,0,0,0,41,5,0,0,0,0,0,0,6,4,13,4,6,15
"2019-07-23",71,143,0,1,19,20,111,11,2,3,6,2,4,0,1,0,0,0,3,0,2,2,0,2,2,0,4,4,1535.96666666667,3910.91666666667,426,842.533333333333,7115.35375,2121.125,0,71,0,18,28,24,1,53,3,6,0,0,0,0,0,0,1,0,0,3,0,0,0,1,0,0,1,0,0,0,0,0,0,0,1,0,0,0,1,6,62,2,1,0,0,5,13,35,0,0,0,0,69,0,0,0,0,0,0,0,0,0,59,1,0,10,35,0,4,0,28,1,0,0,64,6,0,0,0,0,0,0,10,5,15,14,7,20
"2019-07-24",49,96,0,1,12,13,78,3,0,3,6,0,0,1,2,0,0,0,3,0,0,0,0,0,0,0,4,4,961.420833333333,2774.625,267.458333333333,512.866666666667,4932.60541666667,1345.45833333333,0,98,0,10,19,19,1,35,0,6,0,0,0,0,1,0,0,1,0,1,0,0,0,0,0,0,0,0,1,0,0,0,1,0,0,0,0,0,1,4,42,1,0,0,0,2,13,18,2,0,0,0,47,0,0,0,0,0,0,0,0,0,35,1,0,10,20,0,4,0,21,0,0,0,45,1,0,0,0,0,0,0,3,1,17,10,5,13
"2019-07-25",51,101,0,0,20,20,74,4,0,6,7,1,1,1,1,0,0,0,6,0,3,3,0,0,0,0,6,6,1125.6125,2951.625,204,668.1,5148.3225,1177.4347826087,0,153,0,17,17,17,0,36,3,7,0,0,0,0,0,0,0,0,0,0,0,0,0,1,0,1,1,0,0,0,0,0,0,0,0,0,1,0,1,3,46,2,1,0,0,4,6,16,2,0,0,0,50,0,0,0,0,0,0,0,0,0,38,3,0,8,27,0,2,0,19,0,3,0,50,0,0,0,0,0,0,0,8,2,16,8,7,10
"2019-07-26",44,84,0,1,12,13,64,5,0,0,2,3,3,2,1,0,0,0,4,0,3,3,0,4,4,0,2,2,1086.98333333333,2660.16666666667,276.833333333333,693,4460.09666666667,999.166666666667,0,176,0,11,16,16,1,35,4,2,0,0,0,0,0,0,0,0,0,0,0,0,0,0,0,0,1,0,0,0,0,0,1,0,0,0,0,0,1,2,41,1,0,0,0,1,6,17,1,0,0,0,42,0,0,0,0,0,0,0,0,0,35,0,1,7,19,0,1,1,21,0,0,0,42,0,0,0,0,0,0,0,3,4,14,8,4,11
"2019-07-27",46,85,0,0,15,15,65,4,0,3,4,0,3,1,2,0,0,1,2,0,2,2,0,4,4,0,3,3,1203.09166666667,2476.33333333333,254.916666666667,723.925,4655.46833333333,1012,46,230,0,11,12,23,0,30,4,4,0,0,0,0,1,0,0,0,0,1,0,0,0,0,0,2,1,0,0,0,0,0,1,1,0,0,0,0,0,5,39,1,0,0,0,5,9,16,0,0,0,0,46,0,0,0,0,0,0,0,0,0,27,2,0,16,23,0,0,0,21,0,1,0,45,0,0,0,0,0,0,0,4,8,16,6,5,7
"2019-07-28",41,83,1,0,20,21,76,0,0,0,3,0,1,0,0,0,0,1,2,1,2,3,0,1,1,0,2,2,1040.71666666667,2704.29166666667,240.875,757.475,4120.24375,835.375,41,246,1,13,15,12,0,30,5,3,0,0,0,0,0,0,0,1,0,0,0,0,0,0,0,1,0,0,0,0,0,0,0,0,0,0,0,0,0,2,38,0,0,0,0,7,3,15,0,0,0,0,40,0,0,0,0,0,0,0,0,0,23,2,0,15,20,0,1,0,17,0,0,0,39,1,0,0,0,0,0,0,2,5,17,8,1,8
"2019-07-29",52,98,0,1,22,23,73,9,0,1,3,0,1,1,3,0,0,1,6,0,6,6,0,1,1,0,3,3,1385.36666666667,3364.83333333333,312,972.183333333333,5217.095,1165.66666666667,0,0,0,17,19,15,1,35,7,3,0,0,0,0,0,0,1,0,0,0,0,0,0,0,0,1,0,0,0,0,0,0,1,1,0,0,0,0,0,3,45,1,0,0,0,1,9,22,1,0,0,0,51,0,0,0,0,0,0,0,0,0,39,1,0,10,28,0,2,0,21,0,0,0,48,1,0,0,0,0,0,0,4,3,10,9,9,17
"2019-07-30",44,85,0,1,12,13,64,7,1,0,5,1,2,0,2,0,0,0,3,0,2,2,0,0,0,0,5,5,1163.25,2869.16666666667,275,849.566666666667,4414.08,911.166666666667,0,44,0,12,21,10,1,32,2,5,0,0,0,0,0,0,0,0,0,0,0,0,0,0,0,0,0,0,1,0,0,0,1,1,1,1,0,0,0,2,39,3,0,0,0,3,6,11,1,0,0,0,43,0,0,0,0,0,0,0,0,0,35,1,0,8,22,0,2,1,19,0,0,0,41,2,0,0,1,0,0,0,5,1,10,8,4,16
"2019-07-31",45,88,0,0,22,22,66,9,1,0,5,0,2,1,0,0,0,0,4,0,3,3,0,1,1,0,5,5,1128.375,2763.75,211.875,745.6875,4526.68125,1068.26086956522,0,90,0,19,17,9,0,35,3,4,0,0,0,0,0,0,0,0,1,0,0,0,0,0,0,0,0,0,0,0,0,0,2,0,0,0,0,0,0,3,42,0,1,0,0,7,5,21,0,0,0,0,45,0,0,0,0,0,0,0,0,0,30,4,1,8,26,0,2,0,16,1,0,0,42,2,0,0,0,0,0,0,5,5,13,6,8,8
"2019-08-01",60,113,0,0,21,21,87,6,1,1,6,0,4,2,1,0,0,1,4,0,3,3,0,3,3,0,4,4,1378.5,2457.5,410,515.75,6063.3,1604.34782608696,0,180,0,19,21,20,0,39,5,5,0,0,0,0,0,0,0,1,0,0,0,0,0,0,0,0,2,0,3,1,0,0,2,0,0,0,0,0,0,9,49,0,0,0,0,2,10,24,1,1,0,0,56,0,0,0,0,0,0,0,0,0,52,0,0,7,28,0,2,1,26,0,0,0,57,0,0,0,0,0,0,0,2,7,17,11,7,16
"2019-08-02",51,97,0,0,16,16,70,11,0,4,6,0,4,0,0,0,0,0,2,0,1,1,0,2,2,0,6,6,1225.4875,2184.5,295.375,526.15,5151.31875,1248.39130434783,0,204,0,15,18,18,0,37,1,6,0,0,0,0,0,0,0,0,1,0,0,0,0,0,0,2,0,0,1,0,0,0,1,0,0,0,0,1,1,5,44,2,0,0,0,4,11,18,1,0,0,0,49,0,0,0,0,0,0,0,0,0,40,0,0,7,22,0,6,1,20,0,1,0,49,0,0,0,0,0,0,0,8,6,13,10,5,9
"2019-08-03",58,114,0,0,27,27,97,1,0,1,5,2,2,2,1,0,0,1,2,0,6,6,0,2,2,0,5,5,1373.15,3083.66666666667,326.25,779.858333333333,5828.855,1196.90909090909,58,290,0,24,22,12,0,36,6,5,0,0,0,0,1,1,1,0,0,1,0,0,0,0,0,0,2,0,1,0,0,0,1,0,1,0,0,1,0,6,49,2,1,0,0,6,9,19,0,0,0,0,57,0,0,0,0,0,0,0,0,0,41,3,1,12,24,0,2,0,29,0,0,0,53,4,0,0,0,0,0,0,7,5,19,11,3,13
"2019-08-04",38,79,0,0,8,8,63,1,0,2,2,0,1,1,3,0,0,0,6,0,0,0,0,0,0,0,1,1,740.208333333333,1765.41666666667,307.166666666667,280.091666666667,3823.16416666667,718.833333333333,38,228,0,4,20,14,0,32,1,2,0,0,0,0,0,0,2,0,0,0,0,0,0,0,0,0,0,0,0,0,0,0,1,0,0,0,0,0,0,3,35,0,1,0,0,5,7,16,0,0,0,0,36,0,0,0,0,0,0,0,0,0,26,0,0,10,19,0,0,1,17,0,0,0,35,1,0,0,0,0,0,0,4,0,11,8,6,9
"2019-08-05",39,76,0,1,11,12,59,5,1,0,5,0,2,1,0,0,0,0,3,0,0,0,0,1,1,0,4,4,846.7875,1826.5,201.5,371.8,3920.06875,911.625,0,0,0,10,13,15,1,24,0,5,0,0,0,0,0,0,1,0,1,0,1,0,0,0,0,3,0,0,0,0,0,1,0,0,0,0,0,0,1,7,29,1,0,0,0,3,12,12,0,0,0,0,39,0,0,0,0,0,0,0,0,0,29,0,1,9,20,0,1,0,17,0,1,0,39,0,0,0,0,0,0,0,4,2,12,6,6,9
"2019-08-06",59,118,0,0,16,16,89,8,1,0,9,0,2,2,2,0,0,0,5,0,0,0,0,1,1,0,7,7,1419.44166666667,3360.54166666667,344.166666666667,866.5625,5898.20541666667,1219.33333333333,0,59,0,15,27,17,0,42,0,9,0,0,0,0,0,1,2,0,0,1,0,0,0,0,0,1,1,0,0,0,0,0,2,0,0,0,0,0,0,7,52,0,0,0,0,4,11,23,2,0,0,0,59,0,0,0,0,0,0,0,0,0,48,1,0,9,32,0,4,0,23,0,0,0,54,5,0,0,0,0,0,0,10,9,11,14,6,9
"2019-08-07",40,80,0,0,13,13,65,9,0,1,1,0,1,2,1,0,0,0,0,0,1,1,0,1,1,0,0,0,915.333333333333,3140,153.333333333333,757.833333333333,3995.6,976.666666666667,0,80,0,11,12,17,0,32,1,1,0,0,0,0,1,0,0,1,0,1,0,0,0,0,0,0,0,0,0,0,0,0,0,0,0,0,0,0,1,2,35,1,0,0,0,1,7,18,0,0,0,0,34,0,0,0,1,0,0,0,0,5,34,1,0,4,19,0,4,0,17,0,0,0,18,20,2,0,0,0,0,0,5,5,11,6,5,8
"2019-08-08",50,91,0,0,20,20,67,3,0,2,5,3,0,1,3,0,0,1,6,0,0,0,0,0,0,0,5,5,1171.25,3643.75,254.166666666667,885.208333333333,4965.22916666667,1076.08695652174,0,150,0,16,16,18,0,33,1,5,0,0,0,0,0,2,1,0,0,0,0,0,0,0,0,0,1,0,1,0,0,0,3,0,1,0,0,0,2,6,41,3,1,0,0,7,7,14,0,1,0,0,40,0,0,0,0,0,0,0,0,7,36,0,0,12,25,0,3,1,19,0,0,0,38,5,4,0,0,0,0,0,3,7,12,10,9,9
"2019-08-09",47,93,0,0,10,10,64,7,0,7,6,0,2,2,2,0,0,0,3,0,2,2,0,1,1,0,3,3,936.083333333333,3378.125,262.416666666667,680.716666666667,4675.26625,1061.41666666667,0,188,0,10,17,20,0,34,2,5,0,0,0,0,0,2,0,0,0,0,0,0,0,0,0,0,1,0,0,0,0,0,2,0,0,0,0,0,1,3,43,1,0,0,0,6,6,16,0,0,0,0,37,0,0,0,0,0,0,0,0,10,36,0,0,10,29,0,3,0,14,0,1,0,31,10,6,0,0,0,0,0,2,5,15,9,8,8
"2019-08-10",36,77,0,0,13,13,61,2,0,1,4,0,4,1,1,0,0,0,3,0,1,1,0,2,2,0,4,4,617.55,2638.5,178.5,436.35,3595.215,835.5,36,180,0,11,13,12,0,26,1,4,0,0,0,0,1,0,0,0,0,0,0,0,0,0,0,0,1,0,1,0,0,0,0,0,0,0,0,0,1,2,32,1,0,0,0,2,8,9,0,1,0,0,28,0,0,0,0,1,0,0,0,6,24,0,0,11,15,0,0,1,20,0,0,0,23,7,4,0,0,0,0,0,2,3,10,2,7,12
"2019-08-11",30,65,0,0,13,13,57,1,0,1,1,3,1,1,0,0,0,0,0,0,0,0,0,1,1,0,0,0,629.5,1805,170,372.25,3008.975,657.5,30,180,0,10,8,12,0,26,0,1,0,0,0,0,0,0,0,0,0,0,0,0,0,0,0,0,0,0,0,0,0,0,0,0,2,0,0,0,0,0,27,2,2,0,0,0,7,9,0,0,0,0,29,0,0,0,1,0,0,0,0,0,20,1,1,8,10,0,1,1,17,0,0,0,29,1,0,0,0,0,0,0,3,2,10,5,3,7
"2019-08-12",52,98,0,1,9,10,76,9,0,1,3,0,0,0,2,0,0,1,6,0,4,4,0,0,0,0,1,1,1126.45,3733.16666666667,229.666666666667,839.8,5203.87833333333,1198.26086956522,0,0,0,9,18,24,1,38,4,3,0,0,0,0,0,0,2,0,0,0,0,0,0,0,0,1,1,0,0,0,0,0,2,0,0,0,0,0,0,6,45,0,1,0,1,4,10,17,0,0,0,0,46,0,0,0,0,0,0,0,0,5,35,1,1,14,26,0,2,0,23,0,0,0,39,10,2,0,0,0,0,0,2,5,9,14,9,13
"2019-08-13",49,98,0,0,20,20,76,8,1,2,2,1,1,1,2,0,0,0,4,0,4,4,0,0,0,0,2,2,1065.1375,2954.29166666667,359.333333333333,622.3,4898.73416666667,598.208333333333,0,49,0,16,18,15,0,40,4,1,0,0,0,0,0,0,0,0,0,0,0,0,0,1,0,1,0,0,0,1,0,0,0,0,0,0,0,0,1,3,45,1,1,0,0,4,8,19,0,0,0,0,47,0,0,0,0,1,0,0,0,0,38,1,0,8,28,0,2,1,17,0,1,0,46,1,0,0,0,0,0,0,7,6,18,6,4,8
"2019-08-14",64,124,0,0,22,22,96,11,1,2,4,0,3,1,1,0,0,0,5,0,0,0,0,2,2,0,4,4,1234.13333333333,3341.33333333333,480,576.266666666667,6430.56,349.090909090909,0,128,0,17,27,20,0,45,1,4,0,0,0,0,0,0,0,0,2,0,0,0,0,0,0,1,0,0,3,0,0,0,4,0,0,0,0,0,1,10,50,1,0,0,0,2,8,20,0,0,0,0,63,0,0,0,0,0,0,0,0,0,46,3,0,13,29,0,6,0,26,0,0,0,60,1,0,0,0,0,0,0,4,5,14,15,5,21
"2019-08-15",57,112,0,2,21,23,87,11,0,0,8,0,1,2,1,0,0,0,2,0,2,2,0,1,1,0,6,6,1106.9875,2878.5,325.375,482.125,5749.875,942.875,0,171,0,15,21,19,2,38,2,6,0,0,0,0,0,0,1,0,0,1,0,0,0,0,0,1,1,0,1,0,0,0,1,1,0,0,0,0,1,6,46,2,0,0,0,4,7,19,1,0,0,0,55,0,0,0,0,0,0,0,0,0,50,2,0,4,28,0,3,2,21,0,2,0,56,0,0,0,0,0,0,0,5,3,21,12,5,11
"2019-08-16",63,116,0,1,21,22,94,9,1,1,3,0,3,1,1,0,0,0,3,0,3,3,0,1,1,0,2,2,1299.1125,4396.875,288.75,924.525,6344.5725,850.5,0,252,0,13,27,22,1,47,3,3,0,0,0,0,1,1,0,1,0,1,0,0,0,0,0,3,0,0,0,0,0,0,2,0,0,0,0,0,0,7,55,0,0,0,0,1,13,21,0,0,0,0,54,0,0,0,0,0,0,0,0,6,47,2,0,13,34,0,3,0,25,0,0,0,57,2,2,0,0,0,0,0,4,6,14,8,11,20
"2019-08-17",43,85,0,1,15,16,70,7,0,1,1,0,1,2,1,0,0,0,2,0,2,2,0,1,1,0,1,1,954.0625,3379.08333333333,179.166666666667,775.970833333333,4323.25583333333,754.291666666667,43,215,0,9,20,13,1,38,2,1,0,0,0,0,0,0,0,2,0,0,0,0,0,0,0,0,0,0,0,0,0,0,0,0,0,0,0,0,0,2,41,0,0,0,0,2,4,21,1,0,0,0,38,0,0,0,0,0,0,0,0,4,22,2,0,17,20,0,1,0,18,1,0,0,30,8,3,0,0,0,0,0,5,4,13,3,10,8