"Date","NB_Accidents","NB_VEH_IMPLIQUES_ACCDN","NB_MORTS","NB_BLESSES_GRAVES","NB_BLESSES_LEGERS","NB_VICTIMES_TOTAL","nb_automobile_camion_leger","nb_camionLourd_tractRoutier","nb_outil_equipement","nb_tous_autobus_minibus","nb_bicyclette","nb_cyclomoteur","nb_motocyclette","nb_taxi","nb_urgence","nb_motoneige","nb_VHR","nb_autres_types","nb_veh_non_precise","NB_DECES_PIETON","NB_BLESSES_PIETON","NB_VICTIMES_PIETON","NB_DECES_MOTO","NB_BLESSES_MOTO","NB_VICTIMES_MOTO","NB_DECES_VELO","NB_BLESSES_VELO","NB_VICTIMES_VELO","Temp","Rel.Hum","Wind.Spd","Dew.Point.Temp","Stn_Press","Wind.Dir","weekdays","days","SeverityDeadly","SeverityLight Injury","SeverityMaterial High","SeverityMaterial Low","SeveritySevere Injury","as.factor(Accident_Type)31","as.factor(Accident_Type)32","as.factor(Accident_Type)33","as.factor(Accident_Type)34","as.factor(Accident_Type)35","as.factor(Accident_Type)36","as.factor(Accident_Type)37","as.factor(Accident_Type)38","as.factor(Accident_Type)39","as.factor(Accident_Type)40","as.factor(Accident_Type)41","as.factor(Accident_Type)42","as.factor(Accident_Type)43","as.factor(Accident_Type)44","as.factor(Accident_Type)45","as.factor(Accident_Type)46","as.factor(Accident_Type)47","as.factor(Accident_Type)48","as.factor(Accident_Type)49","as.factor(Accident_Type)50","as.factor(Accident_Type)51","as.factor(Accident_Type)52","as.factor(Accident_Type)53","as.factor(Accident_Type)54","as.factor(Accident_Type)55","as.factor(Accident_Type)59","as.factor(Accident_Type)71","as.factor(Accident_Type)72","as.factor(Accident_Type)73","as.factor(Accident_Type)74","as.factor(Accident_Type)75","as.factor(Accident_Type)99","Accident_CategoryFixed Object","Accident_CategoryMoving Object","Accident_CategoryNo Collision","Auth_Speed10","Auth_Speed100","Auth_Speed20","Auth_Speed30","Auth_Speed40","Auth_Speed50","Auth_Speed60","Auth_Speed70","Auth_Speed80","Auth_Speed90","Surface_CondDry","Surface_CondHard snow","Surface_CondIce","Surface_CondMud","Surface_CondOil","Surface_CondSand or gravel","Surface_CondSlush","Surface_CondSnow","Surface_CondWater accumulation","Surface_CondWet","IlluminationDay and clear","IlluminationDay and semi-dark","IlluminationNight and dark","IlluminationNight and lighted","EnvironmentCommercial","EnvironmentForest","EnvironmentIndustrial","EnvironmentPark","EnvironmentResidential","EnvironmentRural","EnvironmentSchool area","WeatherBlack Ice","WeatherClear Sky","WeatherCloudy","WeatherDrizzle","WeatherFoggy","WeatherHeavy Rain","WeatherSnow","WeatherSnowstorms","WeatherStrong Wind","cluster_id_0","cluster_id_1","cluster_id_2","cluster_id_3","cluster_id_4","cluster_id_5"
"2019-08-18",30,60,0,0,9,9,52,0,0,1,2,1,1,0,1,0,0,1,1,0,1,1,0,1,1,0,2,2,711.75,2233.75,122.5,563.125,3015.3125,553.75,30,180,0,7,14,9,0,25,0,2,0,0,0,0,0,1,1,0,1,0,0,0,0,0,0,0,0,0,0,0,0,0,0,0,0,0,0,0,0,2,28,0,0,0,0,2,8,11,0,0,0,0,28,0,0,0,0,0,0,0,0,0,19,1,1,6,11,0,3,2,13,0,0,0,28,0,0,0,0,0,0,0,2,3,10,5,6,4
"2019-08-19",29,55,0,0,7,7,42,4,1,0,2,1,0,0,1,0,0,0,4,0,0,0,0,0,0,0,2,2,709.4125,1920.04166666667,154.666666666667,490.825,2907.04458333333,638,0,0,0,6,12,11,0,21,0,2,0,0,0,0,0,0,0,0,0,0,0,0,0,0,0,0,0,0,0,0,0,0,4,0,0,0,0,0,0,4,23,0,0,0,0,0,7,11,0,0,0,0,26,0,0,0,0,0,0,0,0,0,19,0,0,9,18,0,3,0,7,0,0,0,25,2,0,0,0,0,0,0,3,4,10,6,2,4
"2019-08-20",62,128,0,0,21,21,102,11,0,2,6,1,1,2,2,0,0,1,0,0,2,2,0,1,1,0,3,3,1427.80833333333,3081.91666666667,333.25,714.808333333333,6247.5075,1449.25,0,62,0,19,24,19,0,43,3,6,0,0,0,0,0,0,1,0,0,0,0,0,0,0,0,1,1,0,0,0,0,0,2,0,0,0,0,0,2,5,52,2,0,0,0,6,5,22,1,0,0,1,61,0,0,0,0,0,0,0,0,0,51,1,1,8,32,0,3,1,22,0,2,0,61,0,0,0,0,0,0,0,10,5,13,10,7,17
"2019-08-21",51,100,0,2,23,25,73,4,1,3,9,0,1,3,1,0,0,1,4,0,1,1,0,1,1,0,6,6,1090.55,3948.25,242.25,868.0625,5108.84,827.086956521739,0,102,0,16,16,18,1,32,1,9,0,0,0,0,0,0,1,0,0,1,0,0,0,0,0,0,0,1,0,0,0,0,2,1,1,0,0,0,0,5,42,2,0,0,0,0,15,16,0,0,0,0,46,0,0,0,0,0,0,0,0,4,38,3,1,8,23,0,5,0,19,0,1,0,41,6,3,0,0,0,0,0,6,6,10,13,4,12
"2019-08-22",53,108,0,0,15,15,82,8,1,1,4,2,4,0,1,0,0,0,5,0,2,2,0,1,1,0,2,2,1193.1625,3462.66666666667,269.416666666667,808.691666666667,5299.35958333333,1262.78260869565,0,159,0,11,21,21,0,41,3,4,0,0,0,0,0,0,1,0,1,1,0,0,0,0,0,0,0,0,0,0,0,0,0,0,0,0,0,0,1,3,48,1,0,0,0,4,5,24,0,0,0,0,50,0,0,0,0,0,0,0,0,2,44,2,1,4,30,0,2,1,16,0,2,0,49,0,2,0,0,0,0,0,5,7,18,6,10,7
"2019-08-23",60,116,0,0,23,23,87,11,0,0,4,1,6,1,3,0,0,0,3,0,6,6,0,2,2,0,2,2,1110,3277.5,465,525,6043.8,1762.5,0,240,0,18,26,16,0,44,6,3,0,0,0,0,0,0,1,0,0,1,0,0,0,0,0,0,1,0,0,0,0,0,0,0,0,0,0,0,1,3,53,1,0,0,0,4,11,22,0,0,0,0,57,0,0,0,0,0,0,0,0,0,47,1,1,10,27,0,5,0,26,0,2,0,55,3,0,0,0,0,0,0,4,5,19,5,13,14
"2019-08-24",48,93,0,1,15,16,81,5,1,0,2,0,1,2,0,0,0,0,1,0,0,0,0,1,1,0,2,2,874.6,2962,224,508.8,4872.94,877.714285714286,48,240,0,8,21,18,1,36,0,2,0,0,0,0,0,0,1,0,0,3,0,0,0,0,0,1,0,0,1,0,0,0,1,0,1,0,0,0,0,7,38,1,0,0,0,4,9,16,0,0,0,0,47,0,0,0,0,0,0,0,0,0,31,2,0,13,20,0,3,1,22,0,2,0,45,1,0,0,0,0,0,0,3,4,15,7,7,12
"2019-08-25",38,79,0,0,8,8,67,3,0,0,3,1,0,0,1,0,0,0,4,0,1,1,0,0,0,0,1,1,736.883333333333,2316.41666666667,190,427.183333333333,3868.05166666667,726.95652173913,38,228,0,7,21,10,0,31,1,3,0,0,0,0,0,0,0,0,0,1,0,0,0,0,0,0,1,0,0,0,0,0,0,0,0,0,0,0,1,2,35,1,1,0,0,2,9,16,0,0,0,0,37,0,0,0,0,0,0,0,0,0,23,0,2,12,16,0,1,1,20,0,0,0,38,0,0,0,0,0,0,0,1,2,14,5,3,13
"2019-08-26",66,133,1,0,30,31,99,15,0,2,6,0,3,3,1,0,0,1,3,1,4,5,0,2,2,0,5,5,1351.075,3844.5,192.5,747.725,6693.775,1452,0,0,1,25,27,13,0,52,6,5,0,0,0,0,0,0,0,0,0,1,0,0,0,0,0,0,0,0,0,0,0,0,0,0,1,0,0,0,1,1,63,2,0,0,0,4,12,27,0,0,0,0,65,0,0,0,0,0,0,0,0,0,52,2,0,10,31,0,4,1,27,0,2,0,64,1,0,0,0,0,0,0,4,6,10,14,10,22
"2019-08-27",59,109,0,0,20,20,75,19,0,0,6,2,0,2,1,0,0,2,2,0,3,3,0,0,0,0,3,3,1228.675,3567.04166666667,304.833333333333,732.829166666667,5939.94791666667,1069.69565217391,0,59,0,16,23,20,0,33,4,6,0,0,0,0,0,0,0,1,2,3,0,1,0,0,0,1,1,0,0,0,0,0,1,0,1,0,1,0,0,10,43,2,0,0,0,8,10,18,1,1,0,0,58,0,0,0,0,0,0,0,0,0,49,1,1,7,32,0,6,1,17,0,1,0,58,0,0,0,0,0,0,0,4,4,17,10,11,13
"2019-08-28",70,136,0,0,24,24,110,10,0,0,7,0,1,2,4,0,0,0,2,0,2,2,0,0,0,0,5,5,1392.70833333333,5862.5,221.666666666667,1183.58333333333,7011.17083333333,1360.625,0,140,0,18,20,32,0,47,4,7,0,0,0,0,1,0,1,0,0,0,0,0,0,1,0,1,0,0,1,0,0,0,2,0,0,0,0,0,1,6,59,1,0,0,0,4,9,29,0,0,0,0,22,0,0,0,0,0,0,0,1,46,53,8,0,8,36,0,3,0,30,0,1,0,18,9,41,0,2,0,0,0,9,7,18,12,7,17
"2019-08-29",64,118,0,0,20,20,81,12,2,4,5,2,1,2,1,0,0,2,6,0,5,5,0,1,1,0,4,4,1309.86666666667,4626.66666666667,277.333333333333,954.4,6408.29333333333,1436,0,192,0,18,15,31,0,43,5,5,0,0,0,0,1,0,2,1,2,1,0,0,0,0,0,0,1,0,0,0,1,0,1,0,0,0,0,0,1,9,54,1,0,0,1,6,14,23,0,0,0,0,60,0,0,0,0,0,0,0,0,3,55,3,0,4,27,0,0,1,32,0,2,0,55,4,2,0,0,0,0,0,8,3,17,15,6,15
"2019-08-30",67,130,0,1,26,27,97,8,0,5,4,2,2,2,1,0,0,0,9,0,4,4,0,0,0,0,3,3,1306.77916666667,4137.25,298.708333333333,766.591666666667,6718.78791666667,1250.66666666667,0,268,0,18,24,24,1,50,5,4,0,0,0,0,0,0,0,0,0,0,0,0,0,0,0,0,1,0,1,0,0,0,2,0,1,0,0,0,1,4,59,2,0,0,0,7,13,21,1,0,0,1,55,0,0,0,0,0,0,0,0,11,55,4,0,7,32,0,2,0,29,0,3,0,49,6,9,0,1,0,0,0,9,8,17,15,8,10
"2019-08-31",44,81,0,0,12,12,69,3,1,0,1,0,3,3,0,0,0,0,1,0,2,2,0,2,2,0,1,1,778.433333333333,2586.83333333333,196.166666666667,410.85,4460.17,1072,44,220,0,12,17,15,0,31,3,0,0,0,0,0,0,0,1,1,0,1,0,0,0,0,0,3,0,0,0,0,0,0,1,0,0,0,0,1,2,7,34,3,0,0,0,3,4,16,0,0,0,0,43,0,0,0,0,0,0,0,0,0,30,1,1,12,22,0,1,0,19,0,0,0,43,0,1,0,0,0,0,0,0,6,12,9,9,8
"2019-09-01",41,83,0,0,14,14,64,3,0,1,2,0,4,0,1,0,0,1,7,0,1,1,0,1,1,0,1,1,729.2875,2516.375,191.333333333333,408.4625,4167.445,794.375,41,246,0,9,15,17,0,30,1,2,0,0,0,0,1,1,1,0,1,1,0,0,0,0,0,0,0,0,0,0,0,0,0,0,0,0,0,0,0,3,35,0,0,0,0,6,2,16,1,0,0,0,38,0,0,0,0,0,0,0,0,1,22,1,0,16,19,0,0,1,18,0,0,0,34,2,1,0,0,0,0,0,5,5,12,5,6,8
"2019-09-02",21,38,1,0,7,8,33,2,0,1,0,0,0,1,0,0,0,0,1,0,0,0,0,0,0,0,0,0,372.4875,1906.625,82.25,339.675,2111.75125,415,0,0,1,5,7,8,0,14,0,0,0,0,0,0,0,0,0,1,1,1,0,0,0,0,0,0,2,0,0,0,0,0,0,0,0,0,0,0,1,5,14,1,0,0,0,1,5,9,0,0,0,0,9,0,0,0,0,0,0,0,0,11,11,2,0,7,4,0,5,0,10,0,0,0,9,3,6,0,2,0,0,0,2,0,3,5,5,6
"2019-09-03",63,119,1,0,26,27,84,11,1,7,4,2,2,2,3,0,0,0,3,1,6,7,0,1,1,0,4,4,1026.375,3774.75,367.5,517.3875,6352.78875,610.826086956522,0,63,1,23,20,19,0,46,5,3,0,0,0,0,0,0,0,0,1,3,0,0,0,0,0,1,0,0,0,0,0,0,0,0,0,0,0,0,3,5,54,3,0,0,0,5,10,25,0,0,0,0,56,0,0,0,0,0,0,0,0,3,52,0,0,10,30,0,2,0,26,1,2,0,54,4,2,0,0,0,0,0,6,8,13,13,7,16
"2019-09-04",63,119,0,0,24,24,91,15,0,1,4,3,1,0,1,0,0,0,3,0,3,3,0,1,1,0,3,3,1153.95,4803.75,367.5,870.975,6299.265,1280.04545454545,0,126,0,19,25,19,0,44,2,3,0,0,0,0,3,0,0,0,0,0,1,0,0,0,0,0,1,0,3,0,0,0,3,0,1,0,0,0,1,8,52,2,1,0,0,5,4,22,2,0,0,0,43,0,0,0,0,0,0,0,0,15,45,3,1,11,29,0,5,0,25,0,0,0,36,10,12,0,1,0,0,0,3,5,20,11,6,18
"2019-09-05",55,109,0,0,11,11,89,10,0,4,2,0,1,0,1,0,0,0,2,0,3,3,0,0,0,0,1,1,902.458333333333,3391.66666666667,293.333333333333,481.479166666667,5553.99166666667,1468.95833333333,0,165,0,11,21,23,0,42,4,2,0,1,0,0,0,0,0,0,1,0,0,0,0,0,0,0,0,0,0,0,0,0,1,0,0,0,0,0,1,2,49,1,0,1,0,5,9,26,1,0,0,0,53,0,0,0,0,0,0,0,0,0,48,0,0,6,26,0,3,0,23,1,1,0,53,0,0,0,0,0,0,0,6,4,12,7,12,14
"2019-09-06",64,129,0,3,16,19,89,9,0,5,6,2,3,4,6,0,0,0,5,0,4,4,0,1,1,0,4,4,1070.66666666667,4424,322.666666666667,688.8,6444.8,697.904761904762,0,256,0,14,22,26,2,47,2,4,0,0,0,0,0,0,0,0,1,1,0,0,0,0,0,2,1,0,0,0,1,0,0,0,0,0,0,0,0,6,53,0,0,0,0,5,8,18,0,0,0,0,62,0,0,0,0,0,0,0,0,0,44,4,0,15,31,0,2,2,22,0,3,0,55,8,0,0,0,0,0,0,6,1,22,13,10,12
"2019-09-07",46,89,0,0,12,12,68,2,2,2,3,1,2,2,1,0,0,1,5,0,3,3,0,2,2,0,2,2,713,3584.16666666667,185.916666666667,524.783333333333,4601.57166666667,694.842105263158,46,230,0,12,16,18,0,34,3,2,0,0,0,0,0,0,0,0,1,0,0,0,0,0,0,1,1,0,1,0,0,0,1,0,1,0,0,0,1,5,39,2,1,0,0,0,8,16,0,0,0,0,27,0,0,0,1,0,0,0,0,17,30,7,0,7,23,0,2,0,20,0,0,0,25,9,9,0,2,0,0,0,7,1,13,6,4,15
"2019-09-08",35,63,0,0,17,17,52,3,0,1,3,0,1,0,1,0,0,0,2,0,1,1,0,0,0,0,3,3,496.416666666667,2654.16666666667,164.791666666667,340.229166666667,3524.85,858.333333333333,35,210,0,13,13,9,0,22,1,3,0,0,0,0,0,0,0,1,1,0,0,1,0,0,0,0,0,0,0,0,0,0,1,0,0,0,0,0,1,4,26,1,0,0,1,2,9,12,1,0,0,0,32,0,0,0,0,0,0,0,0,3,19,2,0,14,19,0,3,0,13,0,0,0,24,8,2,0,0,0,0,0,3,2,13,5,3,9
"2019-09-09",48,95,0,2,11,13,73,9,0,1,6,0,0,1,0,0,0,0,5,0,2,2,0,0,0,0,3,3,624.2,3300,192,346.6,4882.02,1471.2,0,0,0,11,25,10,2,33,2,6,0,0,0,0,0,0,0,1,0,0,0,0,0,0,0,0,0,0,0,0,0,0,0,0,1,0,0,0,0,1,41,1,0,0,0,4,7,17,1,0,0,0,45,0,0,0,0,0,0,0,0,1,36,2,1,7,21,0,2,0,21,0,2,0,42,4,0,0,0,0,0,0,5,0,17,6,8,12
"2019-09-10",61,122,0,0,27,27,97,10,1,6,2,0,1,1,1,0,0,0,3,0,6,6,0,1,1,0,2,2,889.329166666667,4839.33333333333,122,658.8,6193.025,1267.92857142857,0,61,0,25,20,16,0,46,6,1,0,0,0,0,1,0,0,1,1,0,0,0,0,0,0,0,1,0,0,0,0,0,0,0,1,0,0,0,1,3,54,2,0,0,0,5,12,18,0,0,0,0,41,0,0,0,0,1,0,0,0,18,54,3,0,4,26,0,4,0,30,0,1,0,37,8,15,0,0,0,0,0,9,6,9,10,6,21
"2019-09-11",58,115,0,0,14,14,86,11,1,1,2,0,2,1,6,0,0,0,5,0,1,1,0,2,2,0,1,1,1101.275,4577.16666666667,316.583333333333,868.066666666667,5844.515,836.857142857143,0,116,0,12,14,32,0,47,2,2,0,0,0,0,0,0,0,0,0,1,0,0,0,0,0,1,0,0,1,0,0,0,3,0,0,0,0,0,0,6,51,0,2,0,0,9,15,15,1,0,0,1,45,0,0,0,0,0,0,0,0,11,44,3,0,10,24,0,4,0,27,0,0,0,40,15,1,0,0,0,0,0,9,2,18,10,7,12
"2019-09-12",65,129,0,0,21,21,91,10,0,3,9,0,3,2,5,0,0,0,6,0,3,3,0,0,0,0,6,6,995.041666666667,3864.79166666667,465.833333333333,448.770833333333,6602.375,168.409090909091,0,195,0,18,24,23,0,40,4,9,0,0,0,0,0,0,1,0,1,0,0,0,0,0,0,1,0,0,0,0,0,0,0,0,0,0,0,0,2,3,53,2,1,0,0,6,9,27,0,0,0,0,63,0,0,0,0,0,0,0,0,0,53,1,0,9,30,0,1,0,28,0,4,0,63,0,0,0,0,0,0,0,9,3,12,9,12,20
"2019-09-13",68,133,0,3,28,31,104,13,0,1,2,0,3,4,1,0,0,2,3,0,10,10,0,3,3,0,1,1,1042.66666666667,3927,365.5,454.466666666667,6935.83,1307.45454545455,0,272,0,23,20,23,2,48,7,1,0,0,0,0,0,0,1,0,1,0,0,0,0,0,0,1,0,0,0,0,0,0,1,0,1,0,0,0,3,4,56,4,0,0,0,7,9,29,0,0,0,0,68,0,0,0,0,0,0,0,0,0,58,1,1,7,24,0,6,1,30,3,3,0,68,0,0,0,0,0,0,0,8,6,15,11,11,17
"2019-09-14",48,95,0,0,21,21,75,3,1,2,4,1,2,1,4,0,0,0,2,0,3,3,0,2,2,0,4,4,840.4,3436,364,581.6,4840.82,944,48,240,0,18,14,16,0,34,3,4,0,0,0,0,0,0,0,0,0,0,1,0,0,0,0,1,1,0,0,0,0,0,1,0,0,0,0,0,0,4,41,0,1,0,0,1,4,22,0,0,0,0,37,0,0,0,0,0,0,0,0,10,32,1,0,13,22,0,0,0,25,0,0,0,29,9,7,0,0,0,0,0,3,4,14,4,7,16
"2019-09-15",39,80,0,0,9,9,63,1,1,0,5,1,1,1,3,0,0,1,3,0,1,1,0,0,0,0,2,2,600.925,2536.625,84.5,344.175,3936.15625,642.2,39,234,0,7,19,13,0,28,1,4,0,0,0,0,0,0,0,1,0,0,0,0,0,0,0,0,0,0,0,1,0,0,1,0,0,0,0,0,0,3,33,0,0,0,0,2,11,13,0,0,0,0,35,0,0,0,0,0,0,0,0,0,23,1,2,11,13,0,1,2,18,0,1,0,34,3,0,0,0,0,0,0,3,2,12,4,7,11
"2019-09-16",59,114,0,0,19,19,85,6,1,1,5,0,4,4,2,0,0,0,6,0,3,3,0,2,2,0,4,4,934.658333333333,3387.58333333333,331.875,415.458333333333,5957.32833333333,1772.95,0,0,0,17,24,18,0,46,5,4,0,0,0,0,0,0,0,0,0,0,0,0,0,0,0,0,0,0,0,0,0,0,2,0,0,0,0,0,0,2,55,0,1,0,0,4,12,19,2,0,0,0,56,0,0,0,0,0,0,0,0,0,46,0,0,9,26,0,3,1,21,0,6,0,55,1,0,0,0,0,0,0,5,4,21,9,11,9
"2019-09-17",67,136,0,0,27,27,99,10,1,6,7,1,2,1,5,0,0,0,4,0,5,5,0,1,1,0,6,6,999.695833333333,4114.91666666667,242.875,497.195833333333,6791.65041666667,795.066666666667,0,67,0,25,19,23,0,47,5,7,0,0,0,0,0,0,0,0,1,0,1,0,1,1,0,0,0,0,0,0,0,0,1,0,0,0,0,0,2,5,59,2,0,0,0,10,9,24,1,0,0,0,65,0,0,0,0,0,0,0,0,0,55,0,2,9,30,0,2,0,30,0,4,0,64,0,0,0,0,0,0,0,8,4,20,12,7,16
"2019-09-18",76,144,0,5,21,26,108,12,1,3,5,2,2,1,2,0,0,0,8,0,7,7,0,2,2,0,5,5,1052.91666666667,5038.16666666667,250.166666666667,544.033333333333,7736.23,1102,0,152,0,18,36,18,4,55,7,4,0,0,0,0,0,0,2,0,0,0,0,0,0,0,1,1,0,0,1,0,0,0,3,0,0,0,0,0,0,8,66,0,1,0,0,4,15,23,0,0,0,0,75,0,0,0,0,0,0,0,0,0,55,0,1,18,36,0,2,1,33,2,2,0,72,3,0,0,0,0,0,0,4,6,21,13,14,18
"2019-09-19",75,159,0,1,30,31,124,13,0,2,9,0,0,0,5,0,0,0,6,0,4,4,0,0,0,0,7,7,1133.75,4356.25,250,472.1875,7624.59375,1598.86363636364,0,225,0,23,24,27,1,54,5,7,0,0,0,0,0,0,0,0,1,0,0,0,0,0,0,0,0,0,0,0,0,0,2,0,0,0,0,0,0,3,66,0,0,0,0,7,5,28,1,0,0,0,71,0,0,0,0,0,0,0,0,1,59,1,0,11,38,0,4,0,26,1,3,0,70,1,0,0,0,0,0,0,7,4,18,21,11,14
"2019-09-20",56,103,0,0,13,13,74,8,0,2,6,0,4,1,3,0,0,0,5,0,1,1,0,3,3,0,5,5,1078.23333333333,3607.33333333333,268.333333333333,682.266666666667,5669.04333333333,1159.2,0,224,0,12,23,21,0,38,2,6,0,1,0,0,0,0,0,0,0,0,0,0,0,1,0,2,2,0,0,0,0,0,1,0,1,0,0,0,1,6,47,2,1,0,0,5,13,19,0,0,0,0,55,0,0,0,0,0,0,0,0,0,44,2,1,8,30,0,3,0,20,0,0,0,51,3,0,0,0,0,0,0,5,3,21,9,9,9
"2019-09-21",57,116,0,0,13,13,99,5,1,2,1,1,1,0,1,0,0,0,5,0,1,1,0,0,0,0,1,1,1188.45,3890.25,206.625,826.025,5770.2525,1282.5,57,285,0,10,28,19,0,48,1,1,0,0,0,0,0,1,0,1,0,0,0,0,0,0,0,1,0,0,1,0,0,0,2,0,0,0,0,0,0,5,51,0,0,0,0,4,9,18,1,0,0,0,54,0,0,0,0,0,0,0,0,0,42,3,0,10,26,0,1,0,25,0,1,0,53,1,0,0,0,0,0,0,6,7,14,8,8,14
"2019-09-22",43,86,0,0,12,12,73,1,0,0,6,1,0,1,1,0,0,0,3,0,1,1,0,0,0,0,5,5,972.158333333333,2963.41666666667,279.5,708.783333333333,4321.32083333333,831.95652173913,43,258,0,11,17,15,0,31,1,6,0,0,0,0,0,0,0,0,0,0,0,0,0,0,0,0,2,0,0,0,0,0,1,0,0,0,0,0,0,3,38,0,0,0,0,5,9,14,0,1,0,0,42,0,0,0,0,0,0,0,0,0,27,0,0,15,16,0,1,0,23,0,2,0,35,6,0,0,0,0,0,0,3,5,12,8,6,9
"2019-09-23",56,105,0,0,16,16,81,10,0,3,0,1,1,1,2,0,0,0,6,0,3,3,0,0,0,0,0,0,1225.93333333333,4519.66666666667,361.666666666667,1020.6,5574.35666666667,1103.66666666667,0,0,0,14,28,14,0,44,3,0,0,0,0,0,0,0,1,1,0,0,0,0,0,0,0,2,1,0,0,0,0,0,0,0,0,0,0,0,0,5,47,0,1,0,0,2,8,22,0,0,0,0,26,0,0,0,0,0,0,0,0,29,37,4,0,14,34,0,2,0,17,1,1,0,19,15,20,1,0,0,0,0,4,6,11,8,10,17
"2019-09-24",69,132,0,0,14,14,98,19,1,3,1,0,2,0,2,0,0,0,6,0,3,3,0,2,2,0,0,0,1026.375,5272.75,396.75,738.3,6887.60875,1681.875,0,69,0,12,23,34,0,49,3,1,0,0,0,0,0,0,1,0,2,0,0,0,0,0,0,1,0,1,3,0,0,0,2,0,0,0,0,0,3,10,53,3,1,0,0,5,11,28,0,0,0,0,64,0,0,0,0,0,0,0,0,4,55,2,0,11,34,0,4,0,28,0,1,0,45,20,1,0,0,1,0,0,8,7,14,7,9,24
"2019-09-25",60,115,0,0,20,20,83,9,0,3,7,1,2,2,1,0,0,0,7,0,1,1,0,1,1,0,5,5,890.5,4702.5,245,653.25,6002.675,985.714285714286,0,120,0,17,24,19,0,40,1,6,0,0,0,0,0,0,0,0,1,2,0,0,0,0,0,0,0,0,0,0,0,0,4,0,0,0,0,0,1,7,47,1,0,0,0,4,11,18,1,0,0,0,49,0,0,0,0,0,0,0,0,5,42,1,0,12,30,0,3,0,25,1,0,0,41,10,2,0,0,0,0,0,5,4,18,12,7,14
"2019-09-26",64,134,0,0,13,13,102,11,0,1,5,1,0,3,3,0,0,1,7,0,2,2,0,0,0,0,2,2,1015.2,5384,330.666666666667,840.266666666667,6379.6,1381.33333333333,0,192,0,12,30,22,0,49,2,5,0,0,0,0,1,0,0,0,1,0,0,0,0,0,0,0,0,0,0,0,0,0,2,0,0,0,0,0,0,3,57,0,0,0,0,2,11,24,0,1,0,0,29,0,0,0,0,0,0,0,0,31,46,1,2,13,35,0,5,1,19,0,1,0,27,11,19,0,3,0,0,0,6,3,12,11,6,26
"2019-09-27",61,118,0,0,23,23,83,13,0,2,6,0,2,3,1,0,0,0,8,0,3,3,0,0,0,0,5,5,908.9,4470.79166666667,322.791666666667,601.358333333333,6142.92875,1422.40909090909,0,244,0,18,27,16,0,41,3,5,0,0,0,0,0,0,1,2,0,0,0,1,0,0,0,1,1,0,0,0,0,0,2,0,0,0,0,0,0,8,49,0,0,0,0,7,5,21,1,0,0,0,57,0,0,0,0,0,0,0,0,1,41,1,0,17,32,0,8,0,17,0,2,0,52,6,1,0,0,0,0,0,10,8,10,8,9,16
"2019-09-28",45,87,0,0,14,14,75,2,0,1,0,1,1,1,0,0,0,0,6,0,2,2,0,1,1,0,0,0,738.9375,3935.625,270,643.875,4526.8125,1016.25,45,225,0,12,18,15,0,34,2,0,0,0,0,0,0,0,1,0,0,1,0,0,0,0,0,1,1,0,0,0,0,0,0,0,0,0,0,0,1,4,36,1,0,0,1,3,7,19,0,0,0,0,15,0,0,0,0,0,0,0,1,29,31,4,0,10,18,0,1,1,24,0,0,0,20,7,18,0,0,0,0,0,2,3,7,9,12,12
"2019-09-29",51,106,0,1,16,17,90,3,0,0,1,0,5,1,1,0,0,0,5,0,2,2,0,4,4,0,1,1,564.1875,3164.125,357,199.75,5199.535,1022.125,51,306,0,12,21,17,1,39,2,1,0,0,0,0,0,0,1,1,2,0,0,0,0,0,0,0,0,0,0,0,0,0,1,0,1,0,0,0,1,5,42,2,0,0,0,3,6,17,0,0,0,1,48,0,0,0,0,0,0,0,0,1,28,2,0,19,22,0,2,0,24,0,0,0,47,2,0,0,0,0,0,0,3,5,11,10,8,14
"2019-09-30",47,86,0,2,12,14,70,5,0,2,4,0,1,1,0,0,0,0,3,0,2,2,0,0,0,0,2,2,452.766666666667,3117.66666666667,264.375,164.108333333333,4782.25,226.454545454545,0,0,0,10,14,21,2,32,2,3,0,0,0,0,0,0,2,1,2,0,0,1,0,0,0,0,0,0,0,0,0,0,0,0,0,0,0,1,2,6,37,3,1,0,0,6,7,15,1,0,0,0,43,0,0,0,0,0,0,0,0,4,35,1,1,10,20,0,1,0,25,0,1,0,41,2,3,0,0,0,0,0,6,0,16,8,5,12
"2019-10-01",69,131,0,0,20,20,106,9,1,3,2,1,1,2,0,0,0,0,6,0,3,3,0,0,0,0,1,1,885.2125,6661.375,313.375,847.55,6920.84375,1041,0,69,0,16,30,23,0,44,6,2,0,0,0,0,2,1,1,1,3,1,0,0,0,0,0,0,1,0,0,0,0,0,2,0,0,1,0,0,0,9,55,1,0,0,0,5,14,28,0,1,0,0,20,0,0,0,0,0,0,0,5,42,36,16,0,16,32,1,6,1,24,2,0,0,17,12,25,1,12,0,0,0,8,3,14,16,9,19
"2019-10-02",52,100,0,0,11,11,83,6,0,2,5,1,0,0,2,0,0,0,1,0,1,1,0,0,0,0,3,3,603.633333333333,3598.83333333333,372.666666666667,316.116666666667,5229.85666666667,496.363636363636,0,104,0,9,25,18,0,39,1,5,0,0,0,0,1,0,2,0,1,0,0,0,0,0,0,1,0,0,0,0,0,0,1,0,0,0,0,0,0,5,46,0,0,0,0,7,7,20,0,0,0,0,48,0,0,0,0,0,0,0,0,3,32,7,0,13,23,0,2,0,23,0,3,0,40,11,0,1,0,0,0,0,3,3,16,14,8,8