"Date","NB_Accidents","NB_VEH_IMPLIQUES_ACCDN","NB_MORTS","NB_BLESSES_GRAVES","NB_BLESSES_LEGERS","NB_VICTIMES_TOTAL","nb_automobile_camion_leger","nb_camionLourd_tractRoutier","nb_outil_equipement","nb_tous_autobus_minibus","nb_bicyclette","nb_cyclomoteur","nb_motocyclette","nb_taxi","nb_urgence","nb_motoneige","nb_VHR","nb_autres_types","nb_veh_non_precise","NB_DECES_PIETON","NB_BLESSES_PIETON","NB_VICTIMES_PIETON","NB_DECES_MOTO","NB_BLESSES_MOTO","NB_VICTIMES_MOTO","NB_DECES_VELO","NB_BLESSES_VELO","NB_VICTIMES_VELO","Temp","Rel.Hum","Wind.Spd","Dew.Point.Temp","Stn_Press","Wind.Dir","weekdays","days","SeverityDeadly","SeverityLight Injury","SeverityMaterial High","SeverityMaterial Low","SeveritySevere Injury","as.factor(Accident_Type)31","as.factor(Accident_Type)32","as.factor(Accident_Type)33","as.factor(Accident_Type)34","as.factor(Accident_Type)35","as.factor(Accident_Type)36","as.factor(Accident_Type)37","as.factor(Accident_Type)38","as.factor(Accident_Type)39","as.factor(Accident_Type)40","as.factor(Accident_Type)41","as.factor(Accident_Type)42","as.factor(Accident_Type)43","as.factor(Accident_Type)44","as.factor(Accident_Type)45","as.factor(Accident_Type)46","as.factor(Accident_Type)47","as.factor(Accident_Type)48","as.factor(Accident_Type)49","as.factor(Accident_Type)50","as.factor(Accident_Type)51","as.factor(Accident_Type)52","as.factor(Accident_Type)53","as.factor(Accident_Type)54","as.factor(Accident_Type)55","as.factor(Accident_Type)59","as.factor(Accident_Type)71","as.factor(Accident_Type)72","as.factor(Accident_Type)73","as.factor(Accident_Type)74","as.factor(Accident_Type)75","as.factor(Accident_Type)99","Accident_CategoryFixed Object","Accident_CategoryMoving Object","Accident_CategoryNo Collision","Auth_Speed10","Auth_Speed100","Auth_Speed20","Auth_Speed30","Auth_Speed40","Auth_Speed50","Auth_Speed60","Auth_Speed70","Auth_Speed80","Auth_Speed90","Surface_CondDry","Surface_CondHard snow","Surface_CondIce","Surface_CondMud","Surface_CondOil","Surface_CondSand or gravel","Surface_CondSlush","Surface_CondSnow","Surface_CondWater accumulation","Surface_CondWet","IlluminationDay and clear","IlluminationDay and semi-dark","IlluminationNight and dark","IlluminationNight and lighted","EnvironmentCommercial","EnvironmentForest","EnvironmentIndustrial","EnvironmentPark","EnvironmentResidential","EnvironmentRural","EnvironmentSchool area","WeatherBlack Ice","WeatherClear Sky","WeatherCloudy","WeatherDrizzle","WeatherFoggy","WeatherHeavy Rain","WeatherSnow","WeatherSnowstorms","WeatherStrong Wind","cluster_id_0","cluster_id_1","cluster_id_2","cluster_id_3","cluster_id_4","cluster_id_5"
"2019-10-03",63,120,0,1,23,24,88,8,0,5,8,2,2,1,0,0,0,0,6,0,6,6,0,1,1,0,8,8,431.55,4247.25,351.75,64.3125,6373.00125,453,0,189,0,22,18,22,1,40,6,7,0,0,0,0,0,0,0,0,1,0,0,0,0,0,0,0,0,1,0,1,0,0,2,0,1,0,0,0,1,5,53,2,1,0,0,9,8,20,0,1,0,0,53,0,0,0,0,0,0,0,0,5,45,4,1,9,25,0,5,0,22,0,6,0,40,15,4,0,0,0,0,0,4,6,21,12,5,15
"2019-10-04",64,126,0,0,23,23,101,12,1,2,1,0,1,2,3,0,0,0,3,0,4,4,0,1,1,0,1,1,469.866666666667,4346.66666666667,296,89.3333333333333,6485.57333333333,707.2,0,256,0,18,30,16,0,52,3,1,0,0,0,0,0,1,1,1,0,0,0,0,0,0,0,0,0,0,0,0,0,0,1,0,0,0,0,1,1,3,57,2,0,0,0,4,11,32,0,0,0,0,51,0,0,0,0,0,0,0,0,11,43,2,0,18,35,0,6,0,18,0,4,0,50,6,6,0,0,0,0,0,5,6,9,14,10,20
"2019-10-05",56,120,0,0,8,8,102,5,0,1,3,0,1,0,1,0,0,1,6,0,2,2,0,0,0,0,2,2,474.6,3453.33333333333,142.333333333333,78.6333333333333,5714.68333333333,1348.30769230769,56,280,0,8,28,20,0,42,3,3,0,0,0,0,0,0,2,0,1,1,0,0,0,0,0,0,0,0,0,0,0,0,1,0,0,0,0,0,0,5,48,0,0,0,0,4,7,29,0,0,0,0,52,0,0,0,0,0,0,0,0,1,28,3,1,23,30,0,2,1,21,0,1,0,51,3,0,0,0,0,0,0,9,5,11,6,4,21
"2019-10-06",32,61,0,0,11,11,50,2,0,1,2,0,1,2,1,0,0,0,2,0,3,3,0,0,0,0,1,1,373.6,2426.66666666667,142.666666666667,239.466666666667,3233.30666666667,616.888888888889,32,192,0,8,11,13,0,21,5,2,0,0,0,0,0,0,1,0,0,0,0,0,0,0,0,0,0,0,0,0,0,0,1,0,0,0,0,0,2,2,28,2,0,0,0,2,8,11,0,0,0,0,29,0,0,0,0,0,0,0,0,3,17,1,0,14,13,0,1,0,17,1,0,0,24,6,1,0,0,0,0,0,2,1,10,8,2,9
"2019-10-07",43,91,0,1,13,14,73,6,0,3,0,0,1,2,0,0,0,0,6,0,4,4,0,1,1,0,0,0,591.25,3825.20833333333,207.833333333333,513.85,4335.99458333333,802.666666666667,0,0,0,12,18,12,1,36,4,0,0,0,0,0,0,0,0,0,0,1,0,0,0,0,0,0,0,0,0,0,0,0,0,0,0,0,0,0,0,1,40,0,0,0,0,4,6,21,0,1,0,0,24,0,0,0,0,0,0,0,0,17,28,4,0,10,20,0,0,0,20,0,1,0,19,11,12,0,0,0,0,0,3,0,8,8,9,15
"2019-10-08",53,110,0,1,13,14,71,11,0,4,6,0,4,0,5,0,0,0,9,0,1,1,0,1,1,0,5,5,652.783333333333,3445,198.75,300.1125,5387.11875,1433.65,0,53,0,12,19,21,1,41,3,6,0,0,0,0,0,0,0,0,1,1,0,0,0,0,0,0,1,0,0,0,0,0,0,0,0,0,0,0,0,3,50,0,2,0,0,0,10,21,0,0,0,0,49,0,0,0,0,0,0,0,0,2,41,1,1,10,22,0,1,1,24,0,4,0,48,1,2,0,0,0,0,0,4,4,13,8,8,16
"2019-10-09",67,128,0,0,18,18,95,13,0,3,7,0,2,0,4,0,0,0,4,0,4,4,0,2,2,0,5,5,749.283333333333,4740.25,379.666666666667,384.4125,6838.91333333333,1129.86363636364,0,134,0,17,28,22,0,48,5,7,0,0,0,0,0,0,1,0,0,0,0,0,0,0,0,0,0,0,0,0,0,0,1,0,0,0,0,0,1,2,60,1,0,0,0,8,6,18,2,0,0,0,66,0,0,0,0,0,0,0,0,0,57,0,0,9,33,0,4,0,28,0,2,0,61,5,0,0,0,0,0,0,5,5,20,8,8,21
"2019-10-10",58,107,0,1,17,18,83,8,0,4,1,0,1,2,3,0,0,0,5,0,8,8,0,0,0,0,1,1,708.083333333333,3709.58333333333,410.833333333333,298.941666666667,5917.20833333333,707.6,0,174,0,14,26,17,1,43,6,1,0,0,0,0,0,0,1,1,1,0,0,0,0,0,0,0,2,0,1,0,0,0,0,0,0,0,0,0,0,6,50,0,0,0,0,5,10,20,0,1,0,0,58,0,0,0,0,0,0,0,0,0,36,6,0,13,32,0,2,0,20,0,3,0,57,1,0,0,0,0,0,0,4,4,14,14,10,12
"2019-10-11",95,181,0,1,31,32,136,14,1,4,11,1,2,2,1,0,0,0,9,0,7,7,0,2,2,0,10,10,1192.64583333333,5490.20833333333,787.708333333333,369.3125,9658.80833333333,322.173913043478,0,380,0,29,37,28,1,62,9,12,0,0,0,0,1,0,2,0,0,0,0,0,0,0,0,1,0,0,0,0,0,0,0,0,2,0,0,0,0,3,84,2,0,0,0,7,13,37,2,0,0,0,90,0,0,1,0,0,0,0,0,1,61,11,0,22,42,0,7,0,37,0,4,0,88,5,0,0,0,0,0,0,12,6,22,14,15,26
"2019-10-12",52,112,0,0,11,11,97,2,0,0,2,0,0,2,1,0,0,0,8,0,1,1,0,0,0,0,0,0,651.516666666667,3549,266.5,338.433333333333,5232.97666666667,742.181818181818,52,260,0,8,30,14,0,45,0,2,0,0,0,0,0,0,0,0,1,0,0,0,0,0,0,0,3,0,1,0,0,0,0,0,0,0,0,0,0,5,47,0,0,0,0,5,4,13,0,0,0,0,35,0,0,0,0,0,0,0,0,17,22,4,0,25,25,0,6,2,18,0,1,0,31,8,12,0,0,0,0,0,3,0,17,14,8,10
"2019-10-13",35,67,0,0,10,10,55,3,0,1,1,0,1,1,1,0,0,1,3,0,2,2,0,1,1,0,1,1,399.4375,2237.08333333333,128.333333333333,150.354166666667,3525.21458333333,674.722222222222,35,210,0,10,20,5,0,27,1,1,0,0,0,0,0,0,1,0,0,0,1,0,0,0,0,0,2,0,0,0,0,0,0,0,0,0,0,0,0,4,29,0,0,0,0,2,7,15,0,0,0,0,30,0,0,0,0,0,0,0,0,4,19,3,0,10,16,0,1,1,15,0,1,0,33,1,0,0,0,0,0,0,6,4,6,5,7,7
"2019-10-14",30,55,0,0,9,9,49,2,0,0,0,0,0,1,0,0,0,1,2,0,2,2,0,0,0,0,0,0,326.625,1945,128.75,135.25,3011.75,642.272727272727,0,0,0,7,14,9,0,18,3,0,0,0,0,0,0,0,0,0,0,1,0,1,0,0,0,1,1,0,1,0,0,0,1,0,0,0,0,0,1,6,21,1,1,0,0,2,4,9,0,0,0,0,25,0,0,0,0,0,0,0,0,3,14,1,0,13,12,0,3,0,12,0,0,0,21,7,1,0,0,0,0,0,7,1,7,3,5,7
"2019-10-15",64,128,0,0,14,14,92,14,0,1,6,0,2,1,5,0,0,0,7,0,1,1,0,0,0,0,4,4,585.333333333333,3954.66666666667,232,123.733333333333,6456.8,1424.69565217391,0,64,0,12,24,28,0,49,2,5,0,0,0,0,0,0,1,1,1,0,0,0,0,0,0,0,0,0,0,0,0,0,1,0,1,0,0,0,0,4,56,1,1,0,1,3,10,26,1,0,0,0,63,0,0,1,0,0,0,0,0,0,53,2,0,9,31,0,3,0,28,1,0,0,59,3,0,0,0,1,0,0,7,3,19,10,11,14
"2019-10-16",65,124,0,0,33,33,106,5,1,2,3,1,0,2,1,0,0,0,3,0,8,8,0,0,0,0,3,3,754.282608695652,4030,302.391304347826,283.739130434783,6498.07826086957,1062.75,0,130,0,25,24,16,0,42,6,3,0,0,0,0,0,0,0,0,0,0,0,1,0,0,0,1,2,0,0,1,0,0,2,0,0,0,0,0,2,7,51,2,0,0,0,8,6,20,1,0,0,0,46,0,0,0,0,0,0,0,0,18,36,4,1,23,38,0,2,0,22,0,2,0,26,18,17,0,1,0,0,1,10,6,18,8,9,14
"2019-10-17",83,154,0,2,28,30,126,19,0,2,2,0,0,1,1,0,0,1,2,0,11,11,0,0,0,0,2,2,623.5375,7601.41666666667,999.458333333333,515.983333333333,8164.64083333333,771.208333333333,0,249,0,24,28,29,2,61,14,2,0,0,0,0,0,0,0,0,0,1,0,0,0,0,0,0,0,0,0,0,0,0,1,0,0,0,0,0,1,2,77,1,0,0,0,10,11,32,0,0,0,0,7,0,0,0,0,0,0,0,2,73,42,19,1,18,41,0,5,0,30,0,5,0,11,4,47,0,20,0,0,0,13,5,25,9,15,16
"2019-10-18",55,104,0,1,12,13,87,9,0,0,2,0,0,1,1,0,0,0,4,0,4,4,0,0,0,0,1,1,437.479166666667,4033.33333333333,162.708333333333,188.833333333333,5493.8125,1118.33333333333,0,220,0,11,29,14,1,39,4,2,0,0,0,0,0,0,2,0,1,1,0,0,0,1,0,0,0,0,1,0,0,0,0,0,0,0,0,0,2,6,45,2,1,0,0,4,2,29,0,0,0,0,48,0,0,0,0,0,0,0,0,3,34,1,0,16,31,0,4,0,15,0,2,0,30,20,1,0,0,0,0,0,2,5,15,8,7,18
"2019-10-19",44,101,0,0,13,13,89,2,0,2,1,0,0,2,1,0,0,0,4,0,2,2,0,0,0,0,1,1,286.916666666667,2823.33333333333,253,1.28333333333333,4435.12666666667,1233.83333333333,44,220,0,12,20,12,0,40,2,1,0,0,0,0,0,0,0,0,0,0,0,0,0,0,0,0,0,0,0,0,0,0,0,0,0,0,0,0,1,0,43,1,1,0,0,4,9,14,0,0,0,0,44,0,0,0,0,0,0,0,0,0,30,2,1,11,20,0,3,0,21,0,0,0,43,1,0,0,0,0,0,0,4,1,11,9,5,14
"2019-10-20",35,72,0,0,6,6,63,1,0,1,0,0,0,1,1,0,0,1,4,0,1,1,0,0,0,0,0,0,249.958333333333,2702.29166666667,103.541666666667,114.1875,3526.03125,536.136363636364,35,210,0,4,12,19,0,32,1,0,0,0,0,0,0,0,0,0,0,0,0,0,0,0,0,0,0,0,0,0,0,0,0,0,0,0,0,0,0,0,33,0,0,0,0,1,11,10,0,0,0,0,34,0,0,0,0,0,0,0,0,0,19,3,0,12,18,0,1,0,16,0,0,0,31,4,0,0,0,0,0,0,1,3,16,4,1,10
"2019-10-21",47,94,0,0,11,11,76,7,0,1,0,1,0,0,4,0,0,1,4,0,2,2,0,0,0,0,0,0,474.504166666667,3344.83333333333,121.416666666667,221.4875,4752.93375,827.722222222222,0,0,0,10,20,17,0,35,3,1,0,0,0,0,0,0,0,1,2,2,0,0,0,0,0,0,0,0,0,0,0,0,0,0,0,0,0,0,0,5,39,0,0,0,0,3,8,16,0,0,0,1,44,0,0,0,0,0,0,0,0,2,34,3,1,8,23,0,3,1,17,0,0,0,44,2,0,0,0,0,0,0,5,6,13,3,7,13
"2019-10-22",62,125,0,0,16,16,94,10,1,4,2,1,0,6,4,0,0,0,3,0,5,5,0,0,0,0,1,1,760.791666666667,4407.16666666667,310,436.066666666667,6232.29166666667,1083.52380952381,0,62,0,16,25,21,0,46,7,1,0,0,0,0,1,1,0,0,0,1,0,0,0,0,0,1,0,1,0,0,0,0,1,0,1,0,0,0,0,4,56,1,1,0,0,3,10,26,1,0,0,0,34,0,0,0,0,0,0,0,1,27,32,8,0,22,25,0,3,0,31,0,0,0,32,7,22,0,1,0,0,0,4,7,22,7,8,14
"2019-10-23",61,122,0,0,16,16,105,9,0,0,3,1,1,0,0,0,0,0,3,0,5,5,0,1,1,0,1,1,753.858333333333,4348.79166666667,345.666666666667,417.595833333333,6110.64958333333,1237.79166666667,0,122,0,15,19,27,0,45,6,3,0,0,0,0,0,0,0,0,0,1,0,0,0,0,0,1,0,0,0,0,0,0,1,0,0,0,0,0,1,3,54,1,2,0,0,7,14,17,1,0,0,0,49,0,0,0,0,0,0,0,0,10,49,2,0,10,25,0,3,2,26,0,4,0,47,7,5,0,0,0,0,0,8,3,9,8,9,24
"2019-10-24",69,135,0,0,20,20,108,6,1,3,6,0,0,1,2,0,0,0,8,0,3,3,0,0,0,0,4,4,739.45,4677.625,359.375,342.4125,6969.71875,1313.875,0,207,0,15,25,29,0,47,5,5,0,1,0,0,1,0,0,0,1,0,0,0,0,0,0,0,0,0,0,0,0,0,0,0,1,0,0,1,1,1,59,3,0,0,0,5,11,22,1,0,0,0,58,0,0,0,1,0,0,0,0,7,47,5,0,14,42,0,2,0,23,0,0,0,39,23,3,0,0,0,0,0,7,8,19,9,10,16
"2019-10-25",55,105,1,1,13,15,88,11,0,1,1,0,0,0,2,0,0,1,1,1,4,5,0,0,0,0,1,1,410.666666666667,4315.20833333333,142.083333333333,214.041666666667,5584.67708333333,1227.36842105263,0,220,1,11,25,17,1,42,7,1,0,0,0,0,0,0,0,0,1,0,0,0,0,0,0,0,0,0,1,0,0,0,0,0,0,0,0,0,0,2,50,0,0,0,0,5,8,15,0,0,0,0,50,0,0,0,0,0,0,0,0,1,30,1,0,20,24,0,4,1,22,0,0,0,43,8,0,0,0,0,0,0,7,3,11,8,5,21
"2019-10-26",47,94,0,1,15,16,75,3,0,2,1,1,1,3,3,0,0,1,4,0,3,3,0,1,1,0,1,1,379.133333333333,2647.66666666667,172.333333333333,-34.075,4770.42166666667,791.95,47,235,0,10,23,13,1,30,5,1,0,1,0,1,0,0,0,0,0,1,0,0,0,0,0,0,0,0,0,0,1,0,1,0,0,0,0,0,0,3,38,0,0,0,0,3,13,12,0,1,0,0,44,0,0,0,0,0,0,0,0,1,23,3,1,18,19,0,2,2,22,0,0,0,43,2,0,0,0,0,0,0,5,8,12,6,5,11
"2019-10-27",46,88,0,0,24,24,81,2,0,0,0,0,0,2,2,0,0,0,1,0,1,1,0,0,0,0,0,0,345.383333333333,3825.66666666667,256.833333333333,207.958333333333,4622.96166666667,780.083333333333,46,276,0,15,19,12,0,36,5,0,0,0,0,0,0,0,1,0,1,0,0,0,0,0,0,0,1,0,1,0,0,0,0,0,0,0,0,1,0,4,41,1,0,0,0,3,9,18,1,0,0,0,11,0,0,0,0,0,0,0,1,34,16,6,0,23,24,0,4,0,18,0,0,0,12,4,23,0,5,0,0,0,3,2,11,14,7,9
"2019-10-28",66,117,0,1,24,25,88,12,1,0,5,2,1,2,3,0,0,0,3,0,8,8,0,0,0,0,3,3,697.675,5940,156.75,589.6,6668.5575,1163.25,0,0,0,21,22,22,1,42,8,4,0,0,0,0,0,0,0,0,2,0,0,0,0,0,0,1,3,0,0,0,0,0,1,0,0,0,0,0,3,7,54,3,0,0,0,8,13,17,0,0,0,0,39,0,0,0,0,0,0,0,0,26,39,8,0,17,26,0,6,0,30,0,3,0,27,26,10,1,0,0,0,0,7,2,18,10,14,15
"2019-10-29",59,117,0,0,15,15,97,10,1,0,3,0,0,0,1,0,0,0,5,0,3,3,0,0,0,0,2,2,750.775,4646.25,408.083333333333,532.475,5973.455,1148.04166666667,0,59,0,13,24,22,0,47,5,1,0,0,0,0,1,0,0,1,0,0,0,0,0,0,0,0,1,0,1,0,0,0,0,0,0,0,0,0,0,3,54,0,0,0,0,5,9,27,1,0,0,0,51,0,0,0,0,0,0,0,0,6,41,7,0,9,34,0,0,1,21,0,0,0,42,12,0,4,0,0,0,0,6,3,15,10,7,18
"2019-10-30",60,111,0,0,28,28,84,10,1,3,3,0,0,0,2,0,0,0,8,0,6,6,0,0,0,0,0,0,787.5,4777.5,267.5,580.25,6078.8,933.333333333333,0,120,0,18,22,20,0,39,6,2,0,2,0,0,0,0,0,0,1,0,0,0,0,0,0,0,1,0,0,0,0,0,3,0,0,0,0,0,3,5,49,3,0,0,0,1,5,31,0,0,0,0,54,0,0,0,0,0,0,0,0,4,39,7,0,10,28,0,8,0,22,0,1,0,38,17,1,0,0,0,0,0,6,10,14,10,10,10
"2019-10-31",75,130,1,0,31,32,105,7,2,3,3,0,0,2,1,0,0,1,6,1,15,16,0,0,0,0,3,3,876.875,7209.375,406.25,832.1875,7468.5,335.526315789474,0,225,1,27,23,24,0,42,15,3,1,0,0,0,1,0,1,0,1,1,0,0,0,0,0,0,1,1,1,0,0,0,2,0,0,0,0,0,0,8,62,0,1,0,0,9,7,28,1,0,0,0,6,0,0,0,0,0,0,0,2,64,32,10,1,30,35,0,3,1,34,0,1,0,7,11,40,0,16,0,0,0,8,6,20,13,11,17
"2019-11-01",64,116,1,0,13,14,93,7,0,3,0,0,0,4,4,0,0,0,5,1,4,5,0,0,0,0,0,0,342.133333333333,4312,448,-23.7333333333333,6384.61333333333,1276.95238095238,0,256,1,11,29,23,0,50,5,0,0,0,0,0,2,1,0,0,0,1,0,0,0,0,0,1,0,0,0,0,0,0,1,0,0,0,0,0,0,3,58,0,0,0,0,8,12,22,1,0,0,0,40,0,0,0,0,0,0,0,0,20,31,8,0,22,27,0,1,1,30,0,1,0,24,10,9,0,1,1,0,17,10,3,13,13,7,18
"2019-11-02",61,121,0,4,21,25,102,4,0,1,2,0,0,3,2,0,0,0,7,0,10,10,0,0,0,0,2,2,220.108333333333,3820.125,213.5,-176.1375,6166.59166666667,1142.36363636364,61,305,0,15,26,18,2,47,3,2,0,0,0,0,0,0,0,0,2,1,0,0,0,0,0,1,0,0,3,0,0,0,1,0,0,0,0,0,1,8,52,1,0,0,0,3,12,22,2,0,0,0,56,0,0,0,0,0,0,0,0,4,32,3,2,23,28,0,2,0,29,0,1,0,53,4,2,0,0,0,0,1,5,3,11,14,4,24
"2019-11-03",40,80,0,0,19,19,69,1,1,1,0,1,1,2,2,0,0,0,2,0,2,2,0,1,1,0,0,0,203.333333333333,3006.66666666667,180,39.1666666666667,4024.18333333333,897.391304347826,40,240,0,10,21,9,0,32,2,0,0,0,0,0,0,0,1,0,1,0,0,0,0,0,0,0,0,0,1,0,0,0,1,0,0,0,0,0,0,4,34,0,0,0,0,3,5,16,2,0,0,1,27,0,0,0,0,0,0,0,0,13,18,6,0,16,13,0,2,1,24,0,0,0,23,11,6,0,0,0,0,0,2,4,6,10,8,10
"2019-11-04",45,87,0,0,13,13,70,4,0,5,2,0,0,0,2,0,0,0,4,0,1,1,0,0,0,0,2,2,241.6875,2900.625,305.625,-44.625,4557.20625,922.5,0,0,0,10,24,11,0,35,2,2,0,0,0,0,0,1,0,0,0,0,0,1,0,0,0,0,0,0,0,0,0,0,1,0,1,0,0,0,2,2,40,3,0,0,0,5,8,11,0,0,0,0,38,0,0,0,0,0,0,0,0,6,28,1,0,16,16,0,4,0,22,0,2,0,28,13,3,0,0,0,0,0,1,3,10,9,10,12
"2019-11-05",63,122,0,0,23,23,94,11,0,3,7,0,0,2,0,0,0,0,5,0,6,6,0,0,0,0,7,7,483,4761.75,425.25,217.6125,6351.63375,1246.875,0,63,0,22,28,13,0,46,6,8,0,0,0,0,0,0,0,1,0,0,0,0,0,0,0,0,0,0,1,0,0,0,0,0,0,0,0,0,0,2,60,0,0,0,1,4,10,28,0,0,0,0,15,0,0,0,0,0,0,0,1,44,31,9,0,19,30,0,2,0,27,0,1,0,16,12,29,1,1,0,0,0,8,5,22,8,3,17
"2019-11-06",55,100,1,1,20,22,74,8,0,0,3,0,0,1,7,0,0,0,7,0,5,5,0,0,0,0,3,3,198.229166666667,3215.20833333333,272.708333333333,-223.895833333333,5574.86875,1055,0,110,1,15,18,20,1,36,7,3,0,0,0,0,0,0,1,0,1,1,0,0,0,0,0,2,0,0,0,1,0,0,0,0,0,0,0,0,0,6,46,0,0,0,0,3,4,25,1,0,0,0,43,0,0,0,0,0,0,0,0,10,35,3,1,15,29,0,1,0,18,1,3,0,43,4,2,0,0,2,0,1,8,8,17,4,8,10
"2019-11-07",70,129,0,0,20,20,99,12,2,2,3,0,1,0,2,0,0,1,7,0,9,9,0,1,1,0,2,2,11.0833333333333,6110.41666666667,230.416666666667,-122.791666666667,7076.06666666667,1754.375,0,210,0,18,30,22,0,48,10,3,0,0,0,0,1,0,1,0,0,1,1,0,0,0,0,2,1,0,0,0,0,0,1,0,0,0,0,0,0,7,62,0,1,0,1,2,12,26,0,2,0,0,10,0,2,0,0,0,2,1,0,49,35,12,1,18,32,0,5,1,29,0,1,1,18,14,13,0,0,17,0,0,6,9,14,15,9,17
"2019-11-08",54,99,0,0,17,17,80,4,0,3,4,0,0,1,1,0,0,0,6,0,4,4,0,0,0,0,3,3,-136.8,3546,353.25,-440.1,5461.38,1057.5,0,216,0,16,25,13,0,38,5,3,0,0,0,0,0,0,1,1,1,0,0,0,0,0,0,0,0,0,1,0,0,0,2,0,0,0,0,0,0,6,46,0,0,0,0,3,5,21,1,0,0,0,35,0,4,0,0,0,0,1,0,10,26,3,0,23,33,0,2,0,16,0,1,0,28,20,0,0,0,3,0,0,7,2,16,8,8,13
"2019-11-09",43,86,0,0,16,16,76,6,0,0,0,0,0,2,0,0,0,0,2,0,1,1,0,0,0,0,0,0,-48.375,2864.875,295.625,-286.845833333333,4346.61916666667,940.625,43,215,0,9,16,18,0,33,2,0,0,0,0,0,1,0,0,0,1,0,0,0,0,0,0,1,1,0,0,0,0,0,1,0,0,0,0,0,0,4,36,0,0,0,0,3,5,14,1,0,0,0,36,0,2,0,0,0,0,1,1,2,20,4,0,19,20,0,3,0,18,0,1,0,35,6,0,0,0,2,0,0,3,4,9,8,5,14
"2019-11-10",29,54,0,0,8,8,47,1,1,0,0,0,0,2,2,0,0,1,0,0,1,1,0,0,0,0,0,0,86.1541666666667,1701.33333333333,200.583333333333,-126.754166666667,2909.07458333333,652.5,29,174,0,5,12,12,0,22,1,0,0,1,0,0,0,0,1,0,0,1,0,0,0,0,0,1,0,0,0,0,0,0,2,0,0,0,0,0,0,5,24,0,2,0,0,2,3,8,1,0,0,0,25,0,0,0,0,1,0,1,0,1,13,4,0,11,14,0,2,0,12,0,1,0,19,9,0,0,0,0,0,0,2,2,13,6,4,2
"2019-11-11",101,208,0,2,27,29,171,12,3,5,0,0,0,3,3,0,0,1,10,0,3,3,0,0,0,0,0,0,-504.158333333333,7516.08333333333,913.208333333333,-914.470833333333,10240.6845833333,412.416666666667,0,0,0,15,52,32,2,79,3,0,0,0,0,0,0,0,1,2,3,1,0,0,1,0,0,2,1,1,3,0,0,0,2,0,0,0,0,0,0,17,82,0,0,0,0,8,21,38,0,1,0,0,13,2,14,0,0,0,6,47,0,14,39,11,0,46,39,1,4,1,48,0,2,0,26,11,0,0,0,53,5,0,6,9,25,25,15,21
"2019-11-12",66,126,0,1,12,13,91,11,6,4,0,0,0,3,2,0,0,1,8,0,4,4,0,0,0,0,0,0,-474.1,5115,627,-696.85,6630.0025,1226.5,0,66,0,11,34,20,1,48,4,0,0,0,0,0,0,0,1,3,0,1,0,0,0,1,0,2,1,0,0,0,0,0,2,0,0,0,0,0,1,11,52,1,0,0,0,6,10,20,1,0,0,0,2,2,5,0,0,0,1,52,0,2,30,11,1,22,30,0,5,1,24,1,1,0,16,6,0,0,0,38,4,0,11,7,11,14,8,15
"2019-11-13",70,127,1,0,20,21,101,13,1,1,2,0,0,2,2,0,0,0,5,1,6,7,0,0,0,0,0,0,-695.916666666667,4509.16666666667,481.25,-1080.625,7106.07916666667,1650.83333333333,0,140,1,18,28,23,0,51,8,3,0,0,0,0,1,0,0,0,1,0,0,0,0,0,0,1,0,0,2,0,0,0,0,0,0,0,0,1,0,4,63,1,0,0,0,3,13,31,1,0,0,0,9,9,7,0,0,0,2,21,0,18,35,9,0,22,34,0,2,0,31,0,2,0,56,8,0,0,0,2,0,0,13,5,11,14,12,15
"2019-11-14",58,119,0,0,12,12,94,9,2,1,0,0,0,2,2,0,0,0,9,0,1,1,0,0,0,0,0,0,-258.1,4258.16666666667,384.25,-493.241666666667,5890.48,1068.16666666667,0,174,0,11,26,21,0,45,1,0,0,0,0,0,0,2,0,0,0,0,0,0,0,0,0,1,0,0,1,0,0,0,3,0,0,0,0,0,1,5,48,1,0,0,0,4,8,21,1,0,0,0,5,2,1,0,0,0,4,18,0,23,28,4,0,21,35,0,2,0,17,1,0,0,24,22,0,0,0,8,0,0,5,5,8,8,13,19
"2019-11-15",71,133,1,0,24,25,101,14,4,4,1,0,0,2,2,0,0,0,5,1,6,7,0,0,0,0,0,0,-36.0916666666667,5055.79166666667,627.166666666667,-370.383333333333,7164.72833333333,1195.16666666667,0,284,1,18,31,21,0,53,9,0,0,0,0,0,2,2,0,0,0,0,0,0,0,0,0,1,0,0,1,0,0,0,1,0,0,0,0,0,0,3,66,0,0,0,0,5,16,27,0,0,0,0,11,3,6,0,0,0,6,11,1,30,34,4,2,31,32,0,5,0,28,0,5,0,35,22,1,1,0,11,0,1,9,3,23,15,7,14