"Date","NB_Accidents","NB_VEH_IMPLIQUES_ACCDN","NB_MORTS","NB_BLESSES_GRAVES","NB_BLESSES_LEGERS","NB_VICTIMES_TOTAL","nb_automobile_camion_leger","nb_camionLourd_tractRoutier","nb_outil_equipement","nb_tous_autobus_minibus","nb_bicyclette","nb_cyclomoteur","nb_motocyclette","nb_taxi","nb_urgence","nb_motoneige","nb_VHR","nb_autres_types","nb_veh_non_precise","NB_DECES_PIETON","NB_BLESSES_PIETON","NB_VICTIMES_PIETON","NB_DECES_MOTO","NB_BLESSES_MOTO","NB_VICTIMES_MOTO","NB_DECES_VELO","NB_BLESSES_VELO","NB_VICTIMES_VELO","Temp","Rel.Hum","Wind.Spd","Dew.Point.Temp","Stn_Press","Wind.Dir","weekdays","days","SeverityDeadly","SeverityLight Injury","SeverityMaterial High","SeverityMaterial Low","SeveritySevere Injury","as.factor(Accident_Type)31","as.factor(Accident_Type)32","as.factor(Accident_Type)33","as.factor(Accident_Type)34","as.factor(Accident_Type)35","as.factor(Accident_Type)36","as.factor(Accident_Type)37","as.factor(Accident_Type)38","as.factor(Accident_Type)39","as.factor(Accident_Type)40","as.factor(Accident_Type)41","as.factor(Accident_Type)42","as.factor(Accident_Type)43","as.factor(Accident_Type)44","as.factor(Accident_Type)45","as.factor(Accident_Type)46","as.factor(Accident_Type)47","as.factor(Accident_Type)48","as.factor(Accident_Type)49","as.factor(Accident_Type)50","as.factor(Accident_Type)51","as.factor(Accident_Type)52","as.factor(Accident_Type)53","as.factor(Accident_Type)54","as.factor(Accident_Type)55","as.factor(Accident_Type)59","as.factor(Accident_Type)71","as.factor(Accident_Type)72","as.factor(Accident_Type)73","as.factor(Accident_Type)74","as.factor(Accident_Type)75","as.factor(Accident_Type)99","Accident_CategoryFixed Object","Accident_CategoryMoving Object","Accident_CategoryNo Collision","Auth_Speed10","Auth_Speed100","Auth_Speed20","Auth_Speed30","Auth_Speed40","Auth_Speed50","Auth_Speed60","Auth_Speed70","Auth_Speed80","Auth_Speed90","Surface_CondDry","Surface_CondHard snow","Surface_CondIce","Surface_CondMud","Surface_CondOil","Surface_CondSand or gravel","Surface_CondSlush","Surface_CondSnow","Surface_CondWater accumulation","Surface_CondWet","IlluminationDay and clear","IlluminationDay and semi-dark","IlluminationNight and dark","IlluminationNight and lighted","EnvironmentCommercial","EnvironmentForest","EnvironmentIndustrial","EnvironmentPark","EnvironmentResidential","EnvironmentRural","EnvironmentSchool area","WeatherBlack Ice","WeatherClear Sky","WeatherCloudy","WeatherDrizzle","WeatherFoggy","WeatherHeavy Rain","WeatherSnow","WeatherSnowstorms","WeatherStrong Wind","cluster_id_0","cluster_id_1","cluster_id_2","cluster_id_3","cluster_id_4","cluster_id_5"
"2019-11-16",52,100,0,0,3,3,80,8,1,3,0,0,0,3,1,0,0,1,3,0,1,1,0,0,0,0,0,0,-448.5,3059.33333333333,264.333333333333,-798.85,5335.17833333333,1388.83333333333,52,260,0,3,22,27,0,40,3,0,0,0,0,0,1,0,2,0,0,0,0,0,0,0,0,0,0,0,2,0,0,0,3,0,0,0,0,0,0,7,44,0,0,0,0,2,8,16,0,0,0,0,32,1,2,0,0,0,0,7,0,9,22,7,1,20,32,0,0,0,15,0,1,0,43,7,0,0,0,0,0,0,7,4,15,9,7,10
"2019-11-17",46,93,0,0,10,10,73,1,1,1,0,0,0,4,2,0,0,0,11,0,0,0,0,0,0,0,0,0,-315.866666666667,2974.66666666667,247.25,-578.066666666667,4691.98083333333,588.416666666667,46,276,0,8,22,16,0,39,0,0,0,0,0,0,0,0,0,1,0,0,0,0,0,0,0,1,0,0,1,0,0,0,1,0,0,0,0,0,0,4,39,0,0,0,0,3,9,14,1,0,0,0,33,2,2,0,0,0,0,3,0,3,25,0,0,18,15,0,4,1,23,0,0,0,37,4,0,0,0,0,0,0,4,2,11,12,5,12
"2019-11-18",47,85,0,0,16,16,72,4,0,0,1,0,0,0,3,0,0,1,4,0,4,4,0,0,0,0,1,1,-199.75,3172.5,383.833333333333,-446.695833333333,4729.41416666667,601.208333333333,0,0,0,13,19,15,0,34,4,1,0,1,0,0,0,0,1,2,0,0,0,0,0,0,0,1,0,0,1,0,0,0,1,0,0,0,0,0,0,6,40,0,0,0,0,2,7,20,0,0,0,0,30,0,2,0,0,0,0,2,0,10,32,5,0,8,25,0,3,0,18,0,0,0,36,8,0,0,0,0,0,0,2,2,10,9,11,13
"2019-11-19",84,166,1,0,20,21,141,11,1,3,0,0,0,2,3,0,0,1,4,1,6,7,0,0,0,0,0,0,-52.85,7210,539,-230.3,8408.085,997.5,0,84,1,18,38,27,0,62,7,0,0,0,0,0,0,0,1,1,6,1,1,0,0,0,0,0,0,0,1,0,0,0,2,0,0,0,0,0,0,13,69,0,0,0,0,6,20,30,0,0,0,0,6,3,37,0,0,0,3,1,0,34,65,7,0,11,33,0,7,0,39,0,5,16,23,12,28,0,0,5,0,0,9,5,11,12,9,38
"2019-11-20",47,86,0,1,15,16,72,8,1,2,0,0,0,0,2,0,0,0,1,0,8,8,0,0,0,0,0,0,34.8583333333333,4014.58333333333,231.083333333333,-68.5416666666667,4736.895,1486.375,0,94,0,14,21,11,1,34,8,0,0,0,0,0,1,0,1,0,0,1,0,0,0,0,0,0,0,0,0,0,0,0,1,0,0,0,0,0,1,3,43,1,0,0,0,5,9,17,0,0,0,0,7,0,1,0,0,0,1,3,0,35,25,3,0,19,20,0,3,0,23,0,1,0,18,14,6,0,0,9,0,0,4,5,10,12,5,11
"2019-11-21",45,92,0,0,8,8,76,8,1,2,0,0,0,1,0,0,0,0,4,0,4,4,0,0,0,0,0,0,55.125,3275.625,255,-142.3125,4543.25625,1044.375,0,135,0,8,22,15,0,35,4,0,0,0,0,0,0,0,2,0,0,0,0,0,0,0,0,0,0,0,0,0,0,0,1,0,0,0,0,0,1,3,39,1,0,0,0,5,6,16,0,0,0,0,26,1,0,0,0,0,1,0,0,14,29,8,0,7,20,0,1,1,19,1,3,0,37,6,0,0,0,0,0,0,5,3,7,12,4,14
"2019-11-22",51,97,0,1,15,16,86,5,0,2,0,0,0,3,0,0,0,0,1,0,5,5,0,0,0,0,0,0,107.3125,3899.375,369.75,-93.075,5069.1025,1007.25,0,204,0,12,22,16,1,41,5,0,0,0,0,0,0,0,0,0,1,0,0,0,0,0,0,1,0,0,1,0,0,0,0,0,0,0,0,0,0,3,46,0,0,0,0,3,8,24,1,1,0,0,28,1,0,0,0,0,0,0,0,21,23,6,1,21,36,0,3,0,12,0,0,0,23,17,8,0,0,1,0,2,4,7,12,13,4,11
"2019-11-23",46,89,0,1,9,10,80,1,0,1,0,0,0,1,3,0,0,0,3,0,4,4,0,0,0,0,0,0,-68.425,3066.66666666667,268.333333333333,-318.741666666667,4607.62833333333,868.25,46,230,0,8,19,18,1,33,4,0,0,0,0,0,0,0,1,0,0,0,1,0,0,0,0,0,1,0,0,0,0,0,1,0,0,0,0,0,1,4,37,1,1,0,0,4,5,17,0,0,0,0,39,0,1,0,0,0,0,0,0,2,22,4,1,18,23,0,4,0,19,0,0,0,35,6,1,0,0,0,0,0,2,5,11,11,8,9
"2019-11-24",40,83,0,0,8,8,73,0,0,0,0,0,0,2,4,0,0,0,4,0,1,1,0,0,0,0,0,0,24.1666666666667,2950,268.333333333333,-143,3965.4,535,40,240,0,6,16,18,0,32,1,0,0,2,0,0,0,0,1,2,0,0,0,0,0,0,0,0,0,0,0,0,0,0,1,0,0,0,0,0,0,4,35,0,0,0,0,1,7,13,1,0,0,0,33,1,1,0,0,0,0,0,0,1,13,4,1,18,21,0,2,0,14,0,1,0,27,9,0,0,0,0,0,1,3,1,12,7,7,10
"2019-11-25",47,96,0,1,10,11,75,13,0,3,1,0,0,0,2,0,0,0,2,0,3,3,0,0,0,0,1,1,155.6875,3550.45833333333,211.5,-30.1583333333333,4679.86833333333,1004.625,0,0,0,9,22,15,1,39,3,1,0,0,0,0,0,0,1,1,0,0,0,0,0,0,0,0,0,0,0,0,0,0,0,0,0,0,0,0,1,2,43,1,0,0,0,2,5,23,1,0,0,0,43,0,0,0,0,0,0,0,0,3,24,9,0,13,25,0,4,0,14,0,0,0,34,11,0,0,0,0,0,0,6,4,13,5,11,8
"2019-11-26",48,93,0,0,8,8,77,7,0,0,0,0,0,3,1,0,0,0,5,0,2,2,0,0,0,0,0,0,290.8,3612,220,95.4,4812.42,998,0,48,0,6,23,19,0,42,3,0,0,0,0,0,0,0,0,0,1,0,0,0,0,0,0,0,0,0,0,0,0,0,0,0,0,0,0,0,1,1,45,1,0,0,0,2,6,25,0,0,0,0,42,0,0,0,0,0,0,0,0,5,33,2,0,12,22,0,1,0,23,0,0,0,31,16,0,0,0,0,0,0,4,4,9,8,6,17
"2019-11-27",77,133,1,0,21,22,110,10,0,0,1,0,0,2,4,0,0,0,6,1,13,14,0,0,0,0,0,0,225.545833333333,6676.54166666667,606.375,68.3375,7710.87625,968.916666666667,0,154,1,20,29,27,0,47,18,1,0,0,0,1,1,0,2,1,0,1,0,0,0,0,0,1,0,0,0,0,0,0,1,0,0,0,0,0,2,6,68,2,0,0,0,6,17,29,0,0,0,0,16,0,0,0,0,0,0,0,1,58,20,10,0,45,38,0,2,0,32,0,2,0,11,11,42,0,11,0,0,0,7,8,18,14,12,18
"2019-11-28",53,101,0,0,15,15,85,8,1,0,0,0,0,1,4,0,0,0,2,0,6,6,0,0,0,0,0,0,-28.4875,4246.625,483.625,-194.775,5331.33625,523.375,0,159,0,13,21,19,0,40,5,0,0,0,0,0,0,0,0,1,1,1,0,0,0,0,0,1,0,0,0,0,0,0,1,0,0,0,0,0,0,5,45,0,2,0,0,2,6,24,0,0,0,0,26,0,3,0,0,1,2,5,0,12,24,6,0,18,28,0,2,0,17,0,1,0,30,10,0,0,0,9,0,0,6,2,15,7,5,18
"2019-11-29",62,116,0,0,14,14,91,8,1,1,2,0,0,4,1,0,0,1,7,0,7,7,0,0,0,0,2,2,-198.916666666667,4386.5,449.5,-485.15,6303.17833333333,1072.08333333333,0,248,0,13,26,23,0,45,7,2,1,0,0,0,0,0,1,0,0,0,0,0,0,0,0,0,0,0,4,0,0,0,1,0,0,0,0,0,1,6,55,1,0,1,0,6,10,20,0,0,0,0,56,0,1,0,0,0,1,0,0,3,32,7,0,22,34,0,4,0,20,1,2,0,60,1,0,0,0,0,0,0,7,6,16,12,7,14
"2019-11-30",52,102,1,1,13,15,87,4,1,0,0,0,0,3,2,0,0,0,5,1,7,8,0,0,0,0,0,0,-411.233333333333,3293.33333333333,413.833333333333,-712.4,5264.89166666667,877.5,52,260,1,12,18,20,1,38,9,0,0,0,0,0,0,0,0,0,0,0,0,0,0,0,0,2,1,0,1,0,0,0,1,0,0,0,0,0,0,5,47,0,0,0,1,4,11,16,0,0,0,0,45,0,1,0,0,0,0,2,0,1,36,2,1,10,22,0,0,1,20,0,1,0,49,0,0,0,0,0,0,0,9,0,14,8,5,16
"2019-12-01",35,69,0,0,11,11,67,0,0,0,0,0,0,0,1,0,0,0,1,0,4,4,0,0,0,0,0,0,-308.4375,2524.375,297.5,-452.520833333333,3525.76875,285.833333333333,35,210,0,8,18,9,0,24,3,0,0,1,0,0,0,0,2,1,0,0,0,0,0,0,0,1,0,0,2,0,0,0,0,0,0,0,0,0,0,6,28,0,0,0,0,4,4,12,0,1,0,0,30,1,0,0,0,0,0,0,0,3,18,1,1,15,12,0,3,0,18,0,1,0,28,6,0,0,0,0,0,0,6,2,7,5,4,11
"2019-12-02",53,97,0,0,19,19,74,11,1,3,0,0,0,3,2,0,0,0,3,0,7,7,0,0,0,0,0,0,-261.245833333333,3361.08333333333,708.875,-574.3875,5312.01333333333,101.583333333333,0,0,0,15,20,18,0,38,8,0,0,0,0,0,0,0,0,0,1,0,0,0,0,0,0,0,0,0,0,0,0,0,3,0,0,0,0,0,2,4,46,2,1,0,0,3,7,21,1,0,0,0,47,0,0,0,0,0,0,0,0,1,32,5,0,14,31,0,2,0,16,1,3,0,47,2,0,0,0,0,0,0,5,5,11,13,3,16
"2019-12-03",58,107,0,2,12,14,88,7,1,1,3,0,0,1,1,0,0,0,5,0,4,4,0,0,0,0,2,2,-155.391666666667,3277,546.166666666667,-597.158333333333,5767.375,850.666666666667,0,58,0,12,28,16,2,40,3,4,0,0,0,0,0,0,1,2,0,1,0,0,0,0,0,2,2,0,0,0,0,0,0,0,0,0,0,0,0,8,47,0,0,0,0,4,10,19,1,0,0,0,53,1,0,0,0,1,0,0,0,0,39,5,0,10,27,0,3,0,25,0,1,0,50,6,0,0,0,0,0,0,4,5,15,8,12,14
"2019-12-04",73,144,0,0,13,13,118,7,1,5,0,0,0,1,1,0,1,0,10,0,5,5,0,0,0,0,0,0,-100.070833333333,6062.04166666667,361.958333333333,-290.175,7207.80708333333,1639.45833333333,0,146,0,12,36,25,0,54,5,0,0,0,0,0,0,0,0,1,1,0,0,0,0,0,0,1,2,1,2,0,0,0,0,0,0,0,0,0,1,8,59,1,0,0,1,6,13,24,1,0,0,0,12,4,9,0,0,0,3,23,0,19,33,11,0,27,28,0,8,0,32,1,2,0,22,11,0,1,0,36,0,0,6,1,14,19,11,22
"2019-12-05",61,118,0,0,19,19,88,15,3,1,0,0,0,1,2,0,0,0,8,0,8,8,0,0,0,0,0,0,-129.116666666667,5151.95833333333,322.791666666667,-270.941666666667,6068.86458333333,1316.58333333333,0,183,0,14,25,22,0,46,5,0,0,0,0,0,1,0,2,1,0,0,0,0,0,0,0,0,0,0,0,0,0,0,0,0,0,0,0,0,0,3,52,0,0,0,0,5,12,24,1,0,0,0,12,1,3,0,0,0,6,16,0,22,34,9,0,16,31,0,5,0,23,0,1,0,28,14,1,0,0,16,0,0,6,3,14,15,8,15
"2019-12-06",46,85,0,1,15,16,70,6,1,1,1,0,0,1,1,0,0,0,4,0,5,5,0,0,0,0,1,1,-219.841666666667,3453.83333333333,207,-392.341666666667,4632.64083333333,1196,0,184,0,13,18,14,1,33,5,1,0,0,0,0,0,0,0,0,2,0,0,0,0,0,0,1,0,0,1,0,0,0,0,0,0,0,0,0,0,4,39,0,0,0,0,5,4,19,0,0,0,0,16,0,0,0,0,0,2,4,0,22,31,1,1,11,20,0,1,1,19,0,2,0,33,6,0,0,0,5,0,0,6,2,16,9,7,6
"2019-12-07",48,89,0,0,24,24,74,2,0,3,1,0,0,3,0,0,0,0,6,0,7,7,0,0,0,0,1,1,-330,3366,254,-549.2,4882.84,1276,48,240,0,18,13,17,0,40,5,0,0,0,0,0,0,0,1,0,0,0,0,0,0,0,0,0,0,0,0,1,0,0,0,0,0,0,0,0,1,2,45,1,0,0,0,3,8,16,0,0,0,0,24,2,4,0,0,0,1,1,0,12,21,3,1,19,27,0,1,1,17,0,0,0,40,3,0,0,0,1,0,0,2,2,18,13,5,8
"2019-12-08",38,78,0,0,9,9,70,2,1,0,0,0,0,3,0,0,0,1,1,0,1,1,0,0,0,0,0,0,-155.958333333333,2650.5,304,-337.408333333333,3856.60416666667,741,38,228,0,8,18,12,0,31,2,0,0,0,0,0,0,0,0,0,0,0,1,0,0,0,0,0,0,0,1,0,0,0,1,0,0,0,0,0,0,3,33,0,0,0,0,2,8,12,0,0,0,0,20,2,2,0,0,0,1,3,0,7,17,1,0,20,19,0,0,0,18,0,0,0,29,5,1,0,0,1,0,0,2,2,9,6,5,14
"2019-12-09",71,118,0,1,24,25,101,9,0,0,0,0,0,4,1,0,0,0,3,0,14,14,0,0,0,0,0,0,242.2875,6103.04166666667,473.333333333333,89.6375,7104.52625,1420,0,0,0,23,23,24,1,43,18,0,0,0,0,0,2,0,1,1,0,0,0,0,0,0,0,1,1,0,0,0,0,0,1,0,0,0,0,0,0,5,63,0,1,0,0,4,12,28,0,1,0,1,12,0,2,0,0,0,1,4,0,49,27,10,1,30,40,0,0,0,23,1,5,0,14,12,37,0,1,4,0,0,7,8,12,19,10,15
"2019-12-10",47,87,0,0,7,7,68,10,0,3,0,0,0,1,2,0,0,0,3,0,3,3,0,0,0,0,0,0,185.845833333333,3444.70833333333,334.875,-28.2,4678.28208333333,869.5,0,47,0,7,13,27,0,37,6,0,0,0,0,1,1,0,0,0,0,1,0,0,0,0,0,0,0,0,0,0,0,0,1,0,0,0,0,0,0,2,45,0,1,0,0,2,4,14,0,0,0,0,33,0,0,0,0,0,0,2,0,9,25,5,3,12,18,0,3,1,18,0,2,0,26,15,2,0,0,0,0,2,3,4,10,17,3,10
"2019-12-11",71,150,0,0,14,14,125,8,2,0,0,0,0,1,1,0,0,0,13,0,2,2,0,0,0,0,0,0,-469.783333333333,4478.91666666667,488.125,-893.416666666667,7192.59583333333,1585.66666666667,0,142,0,13,36,22,0,56,3,0,0,0,0,0,2,0,0,0,0,0,0,0,0,0,0,2,0,0,0,0,0,0,1,0,0,0,0,0,0,3,61,0,0,0,0,3,12,28,0,0,0,0,25,3,8,0,0,0,1,24,1,7,26,11,1,30,32,0,8,1,25,1,2,0,30,4,0,0,0,23,9,1,8,9,14,14,8,18
"2019-12-12",52,99,0,0,10,10,74,9,1,3,0,0,0,4,3,0,0,0,5,0,2,2,0,0,0,0,0,0,-354.033333333333,2842.66666666667,316.333333333333,-750.966666666667,5332.18833333333,1146.16666666667,0,156,0,9,22,21,0,41,5,0,0,0,0,0,1,0,0,0,0,1,0,0,0,0,0,1,0,0,0,0,0,0,0,0,0,0,0,0,0,2,47,0,0,0,0,4,7,23,0,0,0,0,27,4,3,0,0,0,0,5,0,13,30,3,0,19,29,0,3,0,18,1,0,0,44,6,1,0,0,1,0,0,4,5,14,10,6,13
"2019-12-13",75,148,0,1,26,27,123,7,1,4,2,0,0,3,4,0,0,0,4,0,10,10,0,0,0,0,1,1,50,5134.375,484.375,-349.0625,7618.875,1421.875,0,300,0,24,31,19,1,55,10,2,0,0,0,0,0,0,1,0,0,0,0,0,0,0,0,0,0,0,2,0,0,0,1,0,0,0,0,0,1,4,67,1,0,0,0,4,9,37,2,0,0,0,40,0,1,0,0,0,1,1,0,31,32,7,0,35,33,0,8,0,31,1,1,0,49,14,9,0,1,0,0,0,8,5,12,16,10,24
"2019-12-14",44,78,0,0,16,16,66,2,0,0,2,0,0,2,2,0,0,0,4,0,10,10,0,0,0,0,2,2,96.4333333333333,4302.83333333333,463.833333333333,82.6833333333333,4351.765,469.333333333333,44,220,0,15,16,13,0,28,9,1,0,0,0,0,0,0,0,0,1,0,0,0,0,0,0,1,0,0,0,0,0,0,2,0,0,0,0,0,0,4,38,0,2,0,0,3,5,15,0,0,0,0,4,0,0,0,0,0,0,0,0,37,8,4,0,29,25,0,2,0,13,0,2,1,6,8,19,1,5,0,0,0,1,3,16,6,6,12
"2019-12-15",33,65,0,1,13,14,59,1,0,0,0,0,0,1,0,0,0,1,3,0,2,2,0,0,0,0,0,0,-105.1875,2465.375,295.625,-235.125,3268.30625,720.5,33,198,0,9,17,6,1,27,2,0,0,0,0,0,0,0,0,1,1,1,0,0,0,0,0,0,1,0,0,0,0,0,0,0,0,0,0,0,0,4,29,0,0,0,0,1,4,15,1,0,0,0,19,0,3,0,0,0,0,1,0,9,15,2,0,15,15,0,5,0,12,0,1,0,20,5,4,0,0,2,0,2,0,4,7,3,8,11
"2019-12-16",35,66,0,0,12,12,53,4,0,1,0,0,0,2,2,0,0,0,4,0,6,6,0,0,0,0,0,0,-268.1875,2178.75,204.166666666667,-478.916666666667,3546.68125,761.25,0,0,0,10,12,13,0,23,6,0,0,0,0,0,0,0,0,0,0,0,0,0,0,0,0,0,0,0,1,0,0,0,1,0,0,0,0,0,1,2,29,1,0,0,0,3,3,15,0,0,0,0,31,0,1,0,0,0,0,0,0,2,22,4,0,9,20,0,0,0,13,0,2,0,32,2,0,0,0,1,0,0,3,5,11,5,1,10
"2019-12-17",46,88,0,0,11,11,72,4,0,3,0,0,0,0,2,0,0,0,7,0,4,4,0,0,0,0,0,0,-127.458333333333,3509.41666666667,276,-296.891666666667,4620.14416666667,697.666666666667,0,46,0,9,20,17,0,33,6,1,0,0,0,0,0,0,1,1,1,0,0,0,0,0,0,0,0,0,0,0,0,0,0,0,0,0,0,1,1,3,40,2,0,0,0,3,9,23,0,0,0,0,16,2,2,0,0,0,1,17,0,7,16,7,0,23,24,0,5,0,15,0,2,0,18,4,0,0,0,22,0,0,9,4,7,10,5,11
"2019-12-18",69,127,0,0,24,24,104,10,4,1,1,0,0,1,1,0,0,0,5,0,6,6,0,0,0,0,1,1,-377.2,5770.125,327.75,-538.775,6888.06875,1630.125,0,138,0,20,30,19,0,44,8,1,0,0,0,0,0,1,2,0,2,0,0,0,0,0,0,1,1,0,1,0,0,1,4,0,0,0,0,0,0,12,54,0,0,0,0,7,6,33,0,0,0,0,5,2,1,0,0,0,4,39,0,14,33,12,0,22,33,0,3,0,26,3,1,0,16,13,0,0,0,33,2,0,9,7,14,15,10,14
"2019-12-19",58,105,0,1,15,16,85,8,0,2,0,0,0,1,4,0,0,0,5,0,6,6,0,0,0,0,0,0,-1003.64166666667,3931.91666666667,435,-1267.54166666667,5882.91583333333,1358.16666666667,0,174,0,13,23,21,1,39,8,0,0,0,0,0,1,0,1,0,1,0,0,0,0,0,0,1,2,0,1,0,0,0,1,0,0,0,0,0,1,7,48,1,0,0,0,4,4,22,1,0,0,0,18,6,4,0,0,0,6,11,0,12,33,2,0,23,31,0,3,0,19,1,2,0,50,5,0,0,0,1,0,0,4,5,17,8,11,13
"2019-12-20",45,87,1,1,12,14,71,7,1,1,0,0,0,0,0,0,0,2,5,1,2,3,0,0,0,0,0,0,-615.1875,3018.75,305.625,-832.5,4622.1,1123.125,0,180,1,9,21,13,1,34,4,0,0,0,0,0,0,0,0,1,0,0,0,0,0,0,0,0,0,0,2,0,0,0,1,0,0,0,0,0,1,4,38,1,1,0,0,1,7,15,0,1,0,0,17,1,4,0,0,0,0,3,0,16,30,2,0,12,26,0,4,0,11,0,1,0,35,6,0,0,0,0,0,0,8,3,8,7,5,14
"2019-12-21",48,102,0,0,17,17,88,3,0,0,0,0,0,5,2,0,0,0,4,0,2,2,0,0,0,0,0,0,-534.6,3708,240,-688.6,4919.74,674,48,240,0,14,21,13,0,40,3,0,0,0,0,0,0,0,0,1,0,0,0,1,0,1,0,1,0,0,1,0,0,0,0,0,0,0,0,0,0,5,43,0,0,0,1,8,8,17,1,0,0,0,18,3,3,0,0,0,2,4,0,16,19,1,1,27,30,0,2,0,16,0,0,0,41,5,0,0,0,0,0,0,2,3,12,10,8,13
"2019-12-22",37,72,0,1,14,15,64,1,0,2,0,0,0,0,0,0,0,1,4,0,4,4,0,0,0,0,0,0,-68.9125,2849,178.833333333333,-200.416666666667,3741.79458333333,571.958333333333,37,222,0,9,16,11,1,30,4,0,0,0,0,0,0,0,1,1,0,0,0,0,0,0,0,0,0,0,0,0,0,0,1,0,0,0,0,0,0,3,34,0,0,0,0,1,7,9,0,0,0,0,13,2,1,0,0,0,0,2,0,18,16,1,0,20,19,0,3,0,15,0,0,0,27,9,0,0,0,0,0,0,5,4,6,3,4,15
"2019-12-23",46,93,0,1,16,17,81,6,0,0,0,0,0,3,0,0,0,1,2,0,4,4,0,0,0,0,0,0,165.6,3402.08333333333,339.25,-37.95,4615.1225,908.5,0,0,0,14,19,12,1,35,5,0,0,0,0,0,0,0,0,0,1,0,0,0,0,0,0,1,0,0,0,0,0,0,0,0,0,0,0,0,0,2,40,0,0,0,0,2,4,19,1,0,0,0,21,0,0,0,0,0,1,2,0,18,27,4,0,14,20,0,5,0,20,0,0,0,35,8,0,0,0,0,0,0,6,2,6,6,8,18
"2019-12-24",37,74,0,0,15,15,59,5,1,0,1,0,0,0,2,0,0,0,6,0,7,7,0,0,0,0,1,1,-70.1458333333333,2247.75,246.666666666667,-315.425,3752.29333333333,726.125,0,37,0,13,15,9,0,25,7,1,0,0,0,0,0,0,1,0,0,0,0,0,0,0,0,0,0,1,0,0,0,0,1,0,0,0,0,0,0,3,33,0,1,0,1,1,5,11,0,0,0,0,31,0,1,0,0,0,0,0,0,3,23,1,0,10,19,0,1,0,13,0,1,0,34,0,1,0,0,0,0,0,4,2,9,6,9,7
"2019-12-25",14,29,0,0,3,3,26,0,0,0,0,0,0,2,0,0,0,0,1,0,2,2,0,0,0,0,0,0,-66.6166666666667,967.75,122.5,-134.05,1420.28833333333,61.25,0,28,0,3,10,1,0,10,1,0,0,1,0,0,0,0,0,0,0,0,1,0,0,0,0,0,1,0,0,0,0,0,0,0,0,0,0,0,0,2,12,0,0,0,0,1,2,4,0,1,0,0,13,0,0,0,0,0,0,0,0,1,2,2,0,10,2,0,1,0,10,0,1,0,12,2,0,0,0,0,0,0,1,0,3,3,3,4
"2019-12-26",33,67,0,0,3,3,60,2,1,1,0,0,0,1,0,0,0,0,2,0,0,0,0,0,0,0,0,0,-218.35,2406.25,361.625,-352.9625,3361.97125,67.375,0,99,0,3,24,6,0,25,0,0,0,0,0,0,0,1,0,1,1,0,0,0,0,1,0,0,1,0,0,0,0,0,2,0,0,0,0,0,0,6,26,0,0,0,0,3,3,6,0,0,0,0,21,1,5,1,0,0,0,0,0,4,15,3,0,14,14,0,2,0,16,0,0,2,16,11,1,0,0,2,0,0,2,1,5,5,8,12
"2019-12-27",98,199,0,0,13,13,162,16,4,1,0,0,0,2,2,0,0,0,12,0,3,3,0,0,0,0,0,0,-8.98333333333334,8877.16666666666,494.083333333333,-145.775,9874.15333333333,1154.69565217391,0,392,0,11,51,36,0,71,2,0,0,0,0,0,0,1,2,1,2,1,0,0,0,0,0,4,1,1,4,0,0,0,3,0,0,0,0,1,0,19,74,1,1,1,0,13,17,19,0,0,0,0,3,0,83,0,0,0,3,1,0,6,66,12,1,17,28,0,5,0,63,0,1,42,11,7,31,0,0,4,0,0,20,10,18,11,17,22
"2019-12-28",32,56,0,0,14,14,51,2,0,1,0,0,0,1,0,0,0,0,1,0,5,5,0,0,0,0,0,0,77.6,2384,218.666666666667,-55.6,3234.41333333333,629.333333333333,32,160,0,10,17,5,0,25,4,0,0,0,0,0,0,0,1,0,0,0,0,0,0,0,0,0,0,0,1,1,0,0,0,0,0,0,0,0,0,3,29,0,0,0,0,0,4,18,1,0,0,0,11,1,5,0,0,0,0,0,0,14,17,4,1,10,13,0,2,0,15,0,0,0,28,4,0,0,0,0,0,0,3,6,5,7,6,5
"2019-12-29",27,47,0,1,9,10,41,2,0,1,1,0,0,1,1,0,0,0,0,0,3,3,0,0,0,0,1,1,-19.35,1836,184.5,-159.4125,2738.10375,371.25,27,162,0,7,12,7,1,19,3,1,0,0,0,0,0,0,0,1,0,0,1,0,0,0,0,1,0,0,1,0,0,0,0,0,0,0,0,0,0,4,23,0,0,0,0,2,3,9,0,0,0,0,16,0,3,0,0,0,0,0,0,7,9,2,0,16,17,1,2,0,7,0,0,0,20,6,0,0,0,1,0,0,4,2,10,3,1,7
"2019-12-30",34,65,0,0,8,8,51,3,2,0,1,0,0,2,0,0,0,0,6,0,0,0,0,0,0,0,0,0,-86.1333333333333,2778.08333333333,303.166666666667,-182.608333333333,3419.96083333333,223.833333333333,0,0,0,7,20,7,0,26,0,1,0,0,0,0,1,0,0,0,0,1,0,1,1,0,0,1,0,0,1,0,0,0,0,0,0,0,0,0,0,5,28,0,0,0,0,2,3,14,0,0,0,0,0,1,4,0,0,0,0,24,0,5,16,4,0,14,11,0,2,0,21,0,0,1,4,0,0,0,0,26,2,0,4,1,5,7,7,10