"Date","NB_Accidents","NB_VEH_IMPLIQUES_ACCDN","NB_MORTS","NB_BLESSES_GRAVES","NB_BLESSES_LEGERS","NB_VICTIMES_TOTAL","nb_automobile_camion_leger","nb_camionLourd_tractRoutier","nb_outil_equipement","nb_tous_autobus_minibus","nb_bicyclette","nb_cyclomoteur","nb_motocyclette","nb_taxi","nb_urgence","nb_motoneige","nb_VHR","nb_autres_types","nb_veh_non_precise","NB_DECES_PIETON","NB_BLESSES_PIETON","NB_VICTIMES_PIETON","NB_DECES_MOTO","NB_BLESSES_MOTO","NB_VICTIMES_MOTO","NB_DECES_VELO","NB_BLESSES_VELO","NB_VICTIMES_VELO","Temp","Rel.Hum","Wind.Spd","Dew.Point.Temp","Stn_Press","Wind.Dir","weekdays","days","SeverityDeadly","SeverityLight Injury","SeverityMaterial High","SeverityMaterial Low","SeveritySevere Injury","as.factor(Accident_Type)31","as.factor(Accident_Type)32","as.factor(Accident_Type)33","as.factor(Accident_Type)34","as.factor(Accident_Type)35","as.factor(Accident_Type)36","as.factor(Accident_Type)37","as.factor(Accident_Type)38","as.factor(Accident_Type)39","as.factor(Accident_Type)40","as.factor(Accident_Type)41","as.factor(Accident_Type)42","as.factor(Accident_Type)43","as.factor(Accident_Type)44","as.factor(Accident_Type)45","as.factor(Accident_Type)46","as.factor(Accident_Type)47","as.factor(Accident_Type)48","as.factor(Accident_Type)49","as.factor(Accident_Type)50","as.factor(Accident_Type)51","as.factor(Accident_Type)52","as.factor(Accident_Type)53","as.factor(Accident_Type)54","as.factor(Accident_Type)55","as.factor(Accident_Type)59","as.factor(Accident_Type)71","as.factor(Accident_Type)72","as.factor(Accident_Type)73","as.factor(Accident_Type)74","as.factor(Accident_Type)75","as.factor(Accident_Type)99","Accident_CategoryFixed Object","Accident_CategoryMoving Object","Accident_CategoryNo Collision","Auth_Speed10","Auth_Speed100","Auth_Speed20","Auth_Speed30","Auth_Speed40","Auth_Speed50","Auth_Speed60","Auth_Speed70","Auth_Speed80","Auth_Speed90","Surface_CondDry","Surface_CondHard snow","Surface_CondIce","Surface_CondMud","Surface_CondOil","Surface_CondSand or gravel","Surface_CondSlush","Surface_CondSnow","Surface_CondWater accumulation","Surface_CondWet","IlluminationDay and clear","IlluminationDay and semi-dark","IlluminationNight and dark","IlluminationNight and lighted","EnvironmentCommercial","EnvironmentForest","EnvironmentIndustrial","EnvironmentPark","EnvironmentResidential","EnvironmentRural","EnvironmentSchool area","WeatherBlack Ice","WeatherClear Sky","WeatherCloudy","WeatherDrizzle","WeatherFoggy","WeatherHeavy Rain","WeatherSnow","WeatherSnowstorms","WeatherStrong Wind","cluster_id_0","cluster_id_1","cluster_id_2","cluster_id_3","cluster_id_4","cluster_id_5"
"2019-12-31",45,90,0,0,12,12,71,3,2,3,1,0,0,1,4,0,0,1,4,0,2,2,0,0,0,0,1,1,-16.5,4271.25,219.375,-48.5625,4474.78125,444.375,0,45,0,10,22,13,0,36,2,0,0,0,0,0,0,0,0,0,1,1,0,0,0,0,0,0,1,0,1,0,0,0,1,0,0,0,0,0,1,5,38,1,0,0,0,4,5,18,1,0,0,0,1,0,0,0,0,0,8,30,0,5,20,7,0,18,18,0,1,0,25,0,0,0,8,5,1,0,0,30,0,0,3,3,8,12,4,15
"2020-01-01",32,61,0,0,8,8,56,0,0,1,0,0,0,0,1,0,0,0,3,0,1,1,0,0,0,0,0,0,7.33333333333333,2801.33333333333,200,-51.8666666666667,3170.57333333333,629.333333333333,0,64,0,6,11,15,0,23,1,0,0,0,0,0,0,0,2,0,1,1,0,0,0,0,0,0,1,0,0,0,0,0,1,0,0,0,0,1,0,6,24,1,0,0,0,4,4,13,0,0,0,0,0,1,1,0,0,0,6,15,0,8,9,3,0,18,14,0,1,0,15,0,0,0,14,2,0,0,0,13,1,0,3,1,9,6,4,9
"2020-01-02",25,49,0,0,3,3,39,0,3,0,0,0,0,0,1,0,0,0,6,0,1,1,0,0,0,0,0,0,22.9166666666667,1960.41666666667,137.5,-60.5208333333333,2492.3125,486.458333333333,0,75,0,3,11,11,0,19,1,0,0,0,0,0,0,0,0,0,0,0,0,0,0,0,0,0,1,0,0,0,0,0,0,0,0,0,0,0,0,1,20,0,0,0,0,1,7,8,0,0,0,0,2,1,0,0,0,0,0,11,0,9,11,2,0,9,7,0,1,0,13,0,0,0,18,3,0,0,0,1,1,0,3,2,7,3,6,4
"2020-01-03",37,71,0,2,14,16,55,8,2,3,1,0,0,0,1,0,0,0,1,0,3,3,0,0,0,0,0,0,177.754166666667,2761.125,195.791666666667,24.3583333333333,3686.61833333333,689.125,0,148,0,6,13,16,2,30,3,1,0,0,0,0,0,0,0,0,0,0,0,0,0,0,0,0,0,1,2,0,0,0,0,0,0,0,0,0,0,3,34,0,0,0,0,1,1,14,2,0,0,0,5,1,0,0,0,0,2,6,0,21,17,3,0,15,20,0,2,1,14,0,0,0,20,13,0,0,0,0,0,0,3,1,5,3,8,17
"2020-01-04",33,62,2,0,12,14,51,1,2,1,0,0,0,1,1,0,0,1,4,2,2,4,0,0,0,0,0,0,15.675,2574,218.625,-99.275,3292.355,349.25,33,165,2,7,14,10,0,24,4,0,0,0,0,0,0,0,0,0,0,1,0,0,0,0,0,0,1,0,0,0,1,0,0,0,0,0,0,0,0,3,28,0,0,0,0,5,6,9,0,0,0,0,6,0,2,0,0,0,2,6,0,13,12,3,0,15,11,0,0,0,20,0,0,1,18,4,0,0,0,6,0,0,2,2,5,8,4,12
"2020-01-05",28,62,0,0,9,9,54,1,0,0,1,0,0,1,0,0,0,0,5,0,1,1,0,0,0,0,0,0,-148.166666666667,1925,208.833333333333,-284.666666666667,2801.72666666667,670.833333333333,28,168,0,8,11,9,0,23,1,0,0,0,0,0,0,0,0,0,0,0,0,0,0,0,0,0,0,0,0,0,0,0,0,0,0,0,0,0,1,0,24,1,0,0,0,1,4,9,0,0,0,0,10,1,1,0,0,0,0,4,0,10,18,1,0,7,14,0,0,0,12,0,0,0,22,3,0,0,0,0,0,0,4,1,5,6,6,6
"2020-01-06",52,109,0,0,14,14,87,7,1,2,0,0,0,2,2,0,0,0,8,0,3,3,0,0,0,0,0,0,-452.833333333333,4359.33333333333,303.333333333333,-570.916666666667,5207.45333333333,663,0,0,0,11,21,20,0,43,3,0,0,0,0,0,1,0,1,0,2,0,0,0,0,0,0,0,0,0,0,0,0,0,0,0,0,0,0,0,0,3,47,0,0,0,0,5,7,14,0,0,0,0,3,2,4,0,0,0,4,26,0,9,32,2,0,15,25,0,0,0,23,0,1,0,18,8,0,0,0,22,0,0,4,6,10,10,6,16
"2020-01-07",48,96,0,1,12,13,76,6,2,1,0,0,0,2,1,0,0,0,8,0,5,5,0,0,0,0,0,0,-180,3356,254,-412.8,4819.64,980,0,48,0,9,21,17,1,35,6,0,0,0,0,0,0,1,1,0,0,0,0,0,0,0,0,1,0,0,1,0,0,0,1,0,0,0,0,0,0,4,42,0,0,0,0,4,8,15,2,0,0,0,6,0,1,0,0,0,4,17,0,18,24,4,1,19,13,0,2,1,31,0,1,0,33,9,0,0,0,3,0,0,2,3,11,9,9,14
"2020-01-08",64,126,0,2,21,23,106,5,2,3,0,0,0,1,2,0,0,1,6,0,8,8,0,0,0,0,0,0,-188,5168,357.333333333333,-377.066666666667,6411.84,1458.66666666667,0,128,0,17,26,19,2,52,10,0,0,0,0,0,0,0,2,0,0,0,0,0,0,0,0,0,0,0,0,0,0,0,0,0,0,0,0,0,0,2,62,0,1,0,0,7,10,21,0,0,0,0,8,1,1,0,0,0,6,24,0,22,45,5,0,12,28,0,1,2,30,0,3,0,32,11,0,0,0,18,1,0,8,5,11,11,12,17
"2020-01-09",49,91,0,0,10,10,72,7,0,4,2,0,0,1,2,0,0,1,2,0,2,2,0,0,0,0,1,1,-619.033333333333,3084.95833333333,267.458333333333,-893.025,5035.01541666667,924.875,0,147,0,8,25,16,0,35,2,2,0,1,0,0,0,1,1,2,0,0,0,0,0,0,0,0,1,0,1,0,0,0,0,0,0,0,0,0,2,5,41,2,0,0,0,3,2,21,3,0,0,0,19,2,2,0,0,0,1,8,0,14,32,6,0,10,23,0,1,0,22,0,0,0,39,8,0,0,0,0,0,0,4,7,4,10,12,12
"2020-01-10",36,70,0,0,13,13,55,7,1,2,0,0,0,1,0,0,0,1,3,0,1,1,0,0,0,0,0,0,-53.55,2712,222,-190.95,3654.675,698.086956521739,0,144,0,10,14,12,0,28,3,0,0,0,0,0,0,0,0,1,0,0,0,0,0,0,0,0,1,0,0,0,0,0,1,0,1,0,0,0,1,3,31,2,0,0,0,0,5,16,1,0,0,0,9,0,0,0,0,0,1,2,0,21,17,5,1,12,17,0,6,0,11,0,0,0,18,14,1,0,0,0,1,0,3,2,7,8,4,12
"2020-01-11",42,75,0,0,12,12,65,3,2,0,0,0,0,0,1,0,0,0,4,0,4,4,0,0,0,0,0,0,136.675,4002.25,371,108.15,4226.3375,614.25,42,210,0,11,17,14,0,29,6,0,0,0,0,0,0,0,0,0,1,0,1,0,0,0,0,1,2,0,0,0,0,0,1,0,0,0,0,0,0,6,35,0,1,0,0,4,5,19,1,1,0,0,2,0,3,0,0,0,2,3,3,27,12,5,2,20,26,0,0,0,14,0,0,1,3,0,26,1,6,2,1,0,7,1,13,7,4,10
"2020-01-12",44,81,0,0,8,8,66,0,6,1,0,0,0,2,0,0,0,0,6,0,1,1,0,0,0,0,0,0,-294.616666666667,3795,355.666666666667,-380.05,4444.86166666667,403.333333333333,44,264,0,6,23,15,0,31,1,0,0,0,0,1,0,0,2,0,3,0,0,0,1,0,0,0,0,0,1,0,0,0,0,0,0,0,0,1,0,7,33,1,0,0,0,7,3,17,0,0,0,0,1,2,5,0,0,0,5,25,0,3,21,0,0,22,21,0,2,1,20,0,0,2,10,6,0,0,0,23,0,0,4,5,11,9,5,10
"2020-01-13",63,119,0,2,16,18,91,11,2,4,0,0,0,3,4,0,0,0,4,0,6,6,0,0,0,0,0,0,-563.5875,5431.125,362.25,-682.5,6436.29,467.25,0,0,0,13,31,17,2,43,5,0,0,1,0,0,0,0,3,2,1,0,0,0,0,0,1,1,0,0,1,0,0,0,0,0,0,0,0,1,2,9,49,3,0,0,0,7,12,20,0,0,0,0,1,1,9,0,0,0,12,21,0,17,31,9,0,19,30,0,3,1,28,0,0,0,25,26,0,0,0,9,0,0,10,3,14,7,17,12
"2020-01-14",55,104,0,1,20,21,83,11,0,3,0,0,0,2,1,0,0,0,4,0,4,4,0,0,0,0,0,0,-381.104166666667,4617.70833333333,373.541666666667,-505.541666666667,5589.81041666667,749.375,0,55,0,11,25,18,1,43,5,0,0,0,0,0,0,0,1,1,1,0,1,1,0,0,1,0,0,0,0,0,0,0,1,0,0,0,0,0,0,7,48,0,0,0,0,3,6,23,2,0,0,0,1,5,4,0,0,0,6,19,0,19,34,10,0,10,31,0,1,2,19,0,2,1,31,21,0,0,0,1,0,0,7,1,10,9,13,15
"2020-01-15",47,89,0,0,11,11,65,5,4,2,0,0,0,2,5,0,0,0,6,0,4,4,0,0,0,0,0,0,-114.170833333333,3983.25,201.708333333333,-219.529166666667,4744.18,896.916666666666,0,94,0,10,23,14,0,33,6,0,0,0,0,0,0,0,0,0,0,0,1,0,0,0,0,1,0,0,1,0,0,0,2,0,0,0,0,0,1,5,39,1,0,0,0,6,3,15,1,0,0,0,3,2,0,0,0,0,3,22,0,15,21,3,0,20,18,0,4,2,22,0,0,0,22,18,0,0,0,4,0,0,5,4,15,4,8,11
"2020-01-16",76,146,0,1,18,19,119,10,8,3,0,0,0,1,4,0,0,0,1,0,7,7,0,0,0,0,0,0,-269.166666666667,6108.5,725.166666666667,-497.166666666667,7655.32166666667,1117.83333333333,0,228,0,17,37,21,1,57,6,0,0,0,0,0,0,0,0,2,0,2,0,1,0,1,1,0,0,0,1,0,0,0,2,0,0,0,0,0,1,10,63,1,0,0,0,7,16,36,0,0,0,0,4,4,13,0,0,0,13,33,0,8,41,9,0,26,34,0,1,0,40,0,1,0,24,18,0,0,0,31,1,0,8,2,23,9,14,20
"2020-01-17",104,214,0,0,32,32,187,6,2,4,2,0,0,4,4,0,0,0,5,0,9,9,0,0,0,0,0,0,-1736.8,6157.66666666667,784.333333333333,-2376.4,10709.8766666667,2244.66666666667,0,416,0,28,43,33,0,82,8,2,0,0,0,0,0,0,1,1,1,1,0,0,0,0,0,1,0,0,0,0,0,0,0,0,0,0,0,0,1,5,92,1,0,0,0,10,17,44,0,1,0,0,19,6,33,0,0,1,4,17,0,21,80,5,0,18,53,0,5,0,41,0,2,1,86,9,0,0,0,4,0,0,7,6,38,18,8,27
"2020-01-18",41,88,0,0,6,6,79,2,0,1,0,0,0,0,3,0,0,0,3,0,1,1,0,0,0,0,0,0,-641.65,3069.875,300.666666666667,-784.125,4174.63708333333,519.333333333333,41,205,0,5,20,16,0,30,1,0,0,0,0,0,0,0,0,0,1,0,1,0,0,0,0,2,0,0,3,0,0,0,0,0,0,0,0,0,0,7,31,0,1,0,0,3,4,16,0,0,0,0,2,2,13,0,0,0,0,22,0,2,14,5,0,22,23,0,1,0,13,0,3,0,18,4,0,0,0,11,7,0,4,2,12,9,5,9
"2020-01-19",69,133,0,0,9,9,115,2,8,0,0,0,0,3,0,0,0,0,5,0,0,0,0,0,0,0,0,0,-756.7,5566,713,-943.2875,6893.12875,635.375,69,414,0,7,37,25,0,46,0,0,0,0,0,0,2,0,4,4,1,0,0,0,0,0,0,0,2,0,2,0,0,0,2,1,1,0,0,0,0,15,48,2,0,0,0,6,13,25,0,0,0,0,3,8,0,0,0,0,2,53,0,3,37,1,0,31,27,0,6,1,34,0,0,0,26,12,0,0,0,22,8,0,5,6,15,11,20,12
"2020-01-20",74,140,0,0,16,16,116,10,3,1,0,0,0,0,2,0,0,3,5,0,5,5,0,0,0,0,0,0,-972.791666666667,4677.41666666667,508.75,-1385.03333333333,7517.87583333333,1846.91666666667,0,0,0,11,34,29,0,52,5,0,0,0,0,0,0,0,2,1,2,2,0,0,0,0,0,2,0,0,2,0,0,0,2,0,0,0,0,0,0,13,57,0,0,0,0,4,22,22,0,0,0,0,7,5,3,0,0,0,6,39,0,10,44,5,1,22,30,0,0,0,35,0,7,0,63,5,0,0,0,3,0,0,4,10,20,16,7,17
"2020-01-21",61,119,1,0,15,16,100,10,2,2,0,0,0,0,0,0,0,1,4,0,5,5,0,0,0,0,0,0,-680.15,4203.91666666667,462.583333333333,-961.5125,6219.61083333333,1375.04166666667,0,61,1,12,26,22,0,49,4,0,0,0,0,0,0,1,3,0,0,0,0,0,0,1,0,0,0,0,1,0,0,0,1,0,0,0,0,0,0,6,54,0,0,0,0,6,9,24,1,0,0,0,7,2,3,0,0,1,6,20,0,16,31,5,0,22,24,0,0,0,31,0,2,0,41,12,1,0,0,2,0,0,6,4,13,6,7,25
"2020-01-22",44,79,0,0,12,12,61,4,3,2,0,0,0,2,1,0,0,2,4,0,4,4,0,0,0,0,0,0,-81.2166666666666,3199.16666666667,366.666666666667,-269.133333333333,4470.25333333333,878.166666666667,0,88,0,10,12,22,0,30,4,0,0,0,0,0,1,1,1,0,1,0,0,0,0,0,0,0,0,0,1,0,0,0,2,0,0,0,0,0,1,5,36,1,0,0,0,3,8,11,0,0,0,0,4,2,0,0,0,0,2,10,0,23,24,4,0,13,18,0,3,0,17,0,2,0,37,4,0,0,0,0,0,0,6,3,5,10,8,12
"2020-01-23",30,60,0,0,9,9,50,3,2,1,0,0,0,0,2,0,0,0,2,0,3,3,0,0,0,0,0,0,-8.75,1815,207.5,-213.75,3050.825,577.5,0,90,0,8,13,9,0,25,3,0,0,1,0,0,0,0,0,0,0,0,0,0,0,0,0,0,0,0,0,0,0,0,0,0,0,0,0,0,0,0,29,0,0,0,0,3,4,11,1,0,0,0,6,0,0,0,0,0,0,3,0,21,17,4,0,8,16,0,3,0,10,0,1,0,20,9,0,0,0,0,0,0,3,1,9,7,6,4
"2020-01-24",53,106,0,0,9,9,85,6,0,3,0,0,0,2,3,0,0,1,6,0,4,4,0,0,0,0,0,0,-55.4291666666667,3869,465.958333333333,-280.2375,5403.90208333333,412.958333333333,0,212,0,8,26,19,0,39,5,0,0,0,0,0,0,1,1,0,3,0,0,0,0,0,0,0,0,0,0,0,0,0,0,0,0,0,0,0,0,4,45,0,0,0,0,1,5,21,0,0,0,0,24,1,0,0,1,0,1,4,0,18,30,4,0,16,24,0,2,0,25,0,0,0,43,6,0,0,0,0,0,0,5,0,14,14,9,11
"2020-01-25",63,120,0,0,12,12,108,3,1,0,0,0,0,0,1,0,0,2,5,0,1,1,0,0,0,0,0,0,-115.7625,5362.875,525,-256.2,6365.205,666.75,63,315,0,10,35,18,0,48,1,0,0,0,0,0,0,0,1,0,0,0,0,0,0,0,0,1,0,0,1,0,0,0,4,1,1,0,0,0,0,7,49,2,0,0,0,0,10,29,0,0,0,0,10,0,0,0,0,0,8,31,0,10,19,8,0,33,33,0,3,0,21,1,0,0,15,12,0,0,0,28,3,0,8,2,16,8,7,22
"2020-01-26",30,56,0,0,8,8,48,1,1,0,0,0,0,3,1,0,0,0,2,0,2,2,0,0,0,0,0,0,34.75,2837.5,205,11.125,2981.7125,521.739130434783,30,180,0,7,14,9,0,21,2,0,0,0,0,0,0,0,3,0,0,0,0,0,0,0,0,0,2,0,0,0,0,0,0,0,0,0,0,0,0,5,23,0,1,0,0,3,4,11,0,0,0,0,1,0,1,0,0,0,6,13,0,7,11,3,0,13,11,0,1,0,14,0,1,0,6,11,3,0,0,9,0,0,6,3,7,3,3,8
"2020-01-27",57,111,0,0,9,9,87,8,2,3,0,0,0,5,0,0,0,0,6,0,3,3,0,0,0,0,0,0,77.6625,5077.75,285,-15.4375,5659.03125,1417.875,0,0,0,9,19,29,0,46,3,0,0,0,0,0,0,0,0,0,0,0,0,0,0,0,0,1,0,0,1,0,0,0,1,0,1,0,0,0,0,3,49,1,0,0,0,2,6,22,0,1,0,0,9,1,8,0,0,0,3,6,0,27,38,4,0,11,25,0,1,0,23,0,4,0,27,19,6,0,0,0,0,1,6,3,12,12,9,15
"2020-01-28",48,88,0,0,11,11,69,6,1,3,0,0,0,1,2,0,0,1,5,0,5,5,0,0,0,0,0,0,-68.8,3468,332,-278.2,4805.9,1262,0,48,0,10,16,22,0,37,5,0,0,0,0,0,0,0,0,0,1,0,0,0,0,0,0,1,0,0,2,0,0,0,1,0,0,0,0,0,0,5,42,0,0,0,0,6,7,15,0,0,1,0,8,0,6,0,0,0,1,5,0,25,28,2,1,10,18,0,4,0,19,0,3,0,28,13,0,0,0,1,0,0,6,5,12,10,9,6
"2020-01-29",53,99,0,0,16,16,84,5,0,3,0,0,0,0,4,0,0,0,3,0,2,2,0,0,0,0,0,0,-426.870833333333,3164.54166666667,373.208333333333,-775.7875,5367.42041666667,1199.125,0,106,0,13,26,14,0,43,2,0,0,0,0,0,0,1,0,0,1,0,0,0,0,0,0,1,1,0,0,0,0,0,2,0,0,0,0,0,2,5,46,2,0,0,0,3,8,24,0,0,0,0,43,1,3,0,0,0,0,2,0,2,32,1,1,17,30,0,4,0,17,0,1,0,48,2,0,0,0,0,0,0,4,3,10,12,9,15
"2020-01-30",46,90,0,0,9,9,77,4,0,2,1,0,0,0,0,0,0,0,6,0,3,3,0,0,0,0,1,1,-407.1,2901.83333333333,233.833333333333,-677.158333333333,4685.06166666667,946.833333333333,0,138,0,8,24,14,0,40,3,1,0,0,0,0,0,0,0,0,1,0,0,0,0,0,0,1,0,0,0,0,0,0,0,0,0,0,0,0,0,2,44,0,0,0,0,3,8,18,0,0,0,0,39,0,3,0,0,0,0,0,0,4,35,0,0,11,25,0,4,0,15,0,1,0,44,2,0,0,0,0,0,0,3,8,10,7,8,10
"2020-01-31",49,91,1,0,9,10,72,11,1,2,0,0,0,1,1,0,0,0,3,1,4,5,0,0,0,0,0,0,-335.854166666667,3479,191.916666666667,-553.291666666667,4976.70541666667,994.291666666667,0,196,1,8,22,18,0,38,5,0,0,0,0,0,0,1,0,0,1,0,0,0,0,0,1,1,0,0,0,0,0,0,0,0,0,0,0,0,1,3,44,1,0,0,0,7,8,15,0,0,0,0,36,2,0,0,0,0,0,1,0,8,28,3,0,16,20,0,3,0,21,0,1,0,42,4,0,0,0,0,0,0,8,2,12,3,10,14
"2020-02-01",51,95,0,0,10,10,83,4,0,0,0,0,0,2,4,0,0,0,2,0,2,2,0,0,0,0,0,0,-202.9375,4003.5,165.75,-371.025,5126.435,922.25,51,255,0,7,25,19,0,42,3,0,0,1,0,0,0,1,0,0,0,1,0,0,0,0,0,1,1,0,1,0,0,0,0,0,0,0,0,0,0,4,47,0,2,0,0,3,8,19,1,0,0,0,21,0,3,0,0,0,0,8,0,17,28,1,0,22,28,0,4,0,18,0,0,0,39,6,0,0,0,4,0,0,4,5,13,6,8,15
"2020-02-02",44,82,0,3,16,19,71,0,0,1,0,0,0,3,4,0,0,0,3,0,6,6,0,0,0,0,0,0,-166.65,3732.66666666667,146.666666666667,-263.633333333333,4363.15,1036.86956521739,44,264,0,11,22,8,3,34,5,0,0,0,0,0,0,0,0,0,1,0,0,0,0,0,1,1,1,0,0,0,0,0,0,0,0,0,0,0,0,4,39,0,0,0,0,1,7,15,1,0,0,0,15,1,3,0,0,0,0,3,0,20,13,3,0,26,18,0,3,1,20,1,0,0,27,13,1,1,0,1,0,0,7,5,18,9,3,2
"2020-02-03",31,59,0,0,5,5,50,3,0,2,0,0,0,0,1,0,0,0,3,0,0,0,0,0,0,0,0,0,6.32916666666666,2452.875,166.625,-94.9375,3088.93041666667,654.875,0,0,0,4,15,12,0,27,1,0,0,0,0,0,0,0,0,0,0,0,0,0,0,0,0,1,0,0,0,0,0,0,1,0,0,0,0,0,0,2,28,0,2,0,0,0,5,10,0,0,0,0,11,4,1,0,0,0,0,1,0,13,22,2,0,6,16,0,1,0,11,0,1,0,24,5,0,0,0,0,0,0,4,3,2,5,7,10
"2020-02-04",30,67,0,0,6,6,54,4,0,1,0,0,0,1,2,0,0,0,5,0,0,0,0,0,0,0,0,0,20.25,2028.75,115,-140.125,3001.5,481.25,0,30,0,5,14,11,0,25,0,0,0,0,0,0,0,0,0,1,0,0,0,0,0,0,1,0,0,0,0,0,0,0,3,0,0,0,0,0,0,5,25,0,1,0,0,2,5,8,0,0,0,0,20,2,0,0,0,0,0,3,0,4,21,2,0,7,17,0,1,0,11,0,1,0,25,5,0,0,0,0,0,0,3,2,10,5,4,6
"2020-02-05",36,69,0,0,13,13,58,4,0,1,0,0,0,2,1,0,0,0,3,0,4,4,0,0,0,0,0,0,-215.55,2053.5,241.5,-475.95,3633.405,729,0,72,0,11,12,13,0,25,5,0,0,0,0,0,0,0,1,0,0,0,0,0,0,0,0,0,0,0,1,0,0,0,0,0,0,0,0,0,0,2,30,0,0,0,0,2,7,11,1,0,0,0,26,0,3,0,0,0,1,2,0,3,23,3,1,7,24,0,0,0,11,0,0,0,31,4,0,0,0,0,0,0,1,4,9,5,3,14
"2020-02-06",69,129,0,0,17,17,99,14,1,2,1,0,0,3,4,0,0,1,4,0,5,5,0,0,0,0,0,0,-508.3,5669.5,672.75,-691.725,6894.4225,425.5,0,207,0,13,31,25,0,49,6,1,0,0,0,0,1,0,1,1,0,2,0,0,0,0,0,1,0,0,2,0,0,0,2,1,0,0,0,0,0,9,57,1,0,0,0,6,15,30,0,0,0,0,4,1,1,0,0,0,4,46,0,11,39,7,0,22,37,0,5,0,24,0,3,0,11,9,0,0,0,42,6,0,8,4,12,12,12,21
"2020-02-07",71,141,0,0,5,5,100,14,10,2,0,0,0,1,5,0,0,2,7,0,1,1,0,0,0,0,0,0,-458.8375,6543.83333333333,952.583333333333,-534.275,6982.58375,849.041666666667,0,284,0,4,40,27,0,59,2,0,0,0,0,0,1,0,0,0,1,0,0,0,0,0,0,0,1,0,1,0,0,0,3,0,0,0,0,0,0,6,62,0,0,0,0,3,12,20,0,0,0,0,1,0,3,0,0,0,1,65,0,1,35,11,2,23,30,0,3,0,35,1,1,0,4,0,0,0,0,45,21,0,5,6,19,16,9,16
"2020-02-08",75,147,0,0,10,10,118,5,6,1,1,0,0,2,6,0,0,0,8,0,2,2,0,0,0,0,0,0,-1113.75,4637.5,421.875,-1546.25,7571.0625,1925,75,375,0,8,37,30,0,61,2,1,0,0,0,0,0,0,0,2,1,0,0,0,0,0,1,1,1,0,0,0,0,0,3,0,0,0,0,0,0,9,64,0,1,0,0,6,21,20,0,1,0,1,2,9,3,0,0,0,0,56,0,4,45,2,0,26,29,0,5,1,37,0,0,0,67,4,0,0,0,3,0,0,5,6,15,21,15,13
"2020-02-09",58,121,0,0,14,14,100,2,4,0,0,0,0,1,8,0,0,2,4,0,2,2,0,0,0,0,0,0,-699.383333333333,4031,268.25,-963.283333333333,5926.27083333333,1034.33333333333,58,348,0,11,28,19,0,48,2,0,0,0,0,0,0,0,1,1,0,0,0,0,0,1,0,1,0,0,0,0,0,0,0,0,1,0,0,0,1,4,50,2,0,0,0,5,11,16,0,0,0,0,1,7,0,0,0,0,3,40,0,6,24,3,0,27,22,0,1,0,34,0,0,0,37,12,0,0,0,5,0,0,8,5,13,3,12,17
"2020-02-10",104,199,0,0,20,20,139,18,13,6,0,0,0,2,11,0,0,1,9,0,5,5,0,0,0,0,0,0,-507.433333333333,8996,598,-708.933333333333,10485.15,1620.66666666667,0,0,0,16,45,43,0,83,4,0,0,0,0,0,0,0,0,0,0,1,0,0,0,0,2,2,0,1,1,0,0,0,4,0,0,0,0,0,3,11,87,3,2,0,1,3,13,40,0,1,0,0,1,4,2,0,0,0,2,81,0,12,75,5,0,23,46,0,5,1,48,0,1,0,45,9,0,0,0,41,7,0,13,5,28,19,21,18
"2020-02-11",84,161,0,0,7,7,111,19,9,7,0,0,0,1,5,0,0,1,8,0,1,1,0,0,0,0,0,0,-235.2,7140,290.5,-423.5,8438.36,1292.86956521739,0,84,0,6,37,41,0,76,1,0,0,0,0,1,0,0,0,0,1,0,0,0,0,0,0,2,0,1,1,0,0,0,0,0,0,0,0,0,0,5,78,0,0,0,0,7,17,24,0,0,0,0,5,3,0,0,0,0,7,50,0,16,56,3,2,20,32,0,3,0,44,1,3,0,49,27,0,0,0,5,1,0,12,4,23,21,6,18
"2020-02-12",66,131,1,3,16,20,96,16,2,3,0,0,0,1,4,0,0,0,9,1,3,4,0,0,0,0,0,0,-32.175,4325.75,473,-414.7,6634.045,1355.75,0,132,1,11,28,24,2,55,5,0,0,0,0,0,1,0,0,0,1,0,0,0,0,0,0,0,0,0,0,0,0,0,0,0,1,0,0,0,0,1,61,1,1,0,0,4,8,19,0,1,0,0,13,2,1,0,0,0,7,23,0,17,42,4,0,17,26,0,5,0,31,0,3,0,56,4,1,0,0,0,0,0,9,3,14,14,11,15
"2020-02-13",76,153,0,1,13,14,118,17,1,3,0,0,0,1,3,0,0,1,9,0,2,2,0,0,0,0,0,0,-376.2,5962.83333333333,566.833333333333,-625.1,7593.12833333333,1026,0,228,0,11,36,28,1,69,3,0,0,0,0,0,0,0,0,0,0,0,0,0,0,0,0,0,0,0,0,0,0,0,1,0,0,0,0,1,0,1,72,1,0,0,0,8,15,23,1,0,0,0,2,1,2,0,0,0,7,39,0,22,41,9,0,22,38,0,5,0,29,0,1,0,30,8,1,0,0,29,1,0,6,4,23,12,10,21
"2020-02-14",80,149,0,0,23,23,117,10,4,3,0,0,0,3,3,0,0,0,9,0,3,3,0,0,0,0,0,0,-1441.33333333333,4293.33333333333,706.666666666667,-2013.33333333333,8160,1300,0,320,0,16,33,31,0,62,4,0,0,0,0,0,1,0,0,0,1,2,1,0,0,0,1,1,0,0,1,0,0,0,1,0,0,0,0,0,2,8,67,2,2,0,1,7,15,26,1,0,0,0,10,6,4,1,0,0,5,31,0,19,53,3,0,20,31,0,1,0,44,0,3,0,69,5,0,0,0,0,0,0,14,7,18,15,9,17