"Date","NB_Accidents","NB_VEH_IMPLIQUES_ACCDN","NB_MORTS","NB_BLESSES_GRAVES","NB_BLESSES_LEGERS","NB_VICTIMES_TOTAL","nb_automobile_camion_leger","nb_camionLourd_tractRoutier","nb_outil_equipement","nb_tous_autobus_minibus","nb_bicyclette","nb_cyclomoteur","nb_motocyclette","nb_taxi","nb_urgence","nb_motoneige","nb_VHR","nb_autres_types","nb_veh_non_precise","NB_DECES_PIETON","NB_BLESSES_PIETON","NB_VICTIMES_PIETON","NB_DECES_MOTO","NB_BLESSES_MOTO","NB_VICTIMES_MOTO","NB_DECES_VELO","NB_BLESSES_VELO","NB_VICTIMES_VELO","Temp","Rel.Hum","Wind.Spd","Dew.Point.Temp","Stn_Press","Wind.Dir","weekdays","days","SeverityDeadly","SeverityLight Injury","SeverityMaterial High","SeverityMaterial Low","SeveritySevere Injury","as.factor(Accident_Type)31","as.factor(Accident_Type)32","as.factor(Accident_Type)33","as.factor(Accident_Type)34","as.factor(Accident_Type)35","as.factor(Accident_Type)36","as.factor(Accident_Type)37","as.factor(Accident_Type)38","as.factor(Accident_Type)39","as.factor(Accident_Type)40","as.factor(Accident_Type)41","as.factor(Accident_Type)42","as.factor(Accident_Type)43","as.factor(Accident_Type)44","as.factor(Accident_Type)45","as.factor(Accident_Type)46","as.factor(Accident_Type)47","as.factor(Accident_Type)48","as.factor(Accident_Type)49","as.factor(Accident_Type)50","as.factor(Accident_Type)51","as.factor(Accident_Type)52","as.factor(Accident_Type)53","as.factor(Accident_Type)54","as.factor(Accident_Type)55","as.factor(Accident_Type)59","as.factor(Accident_Type)71","as.factor(Accident_Type)72","as.factor(Accident_Type)73","as.factor(Accident_Type)74","as.factor(Accident_Type)75","as.factor(Accident_Type)99","Accident_CategoryFixed Object","Accident_CategoryMoving Object","Accident_CategoryNo Collision","Auth_Speed10","Auth_Speed100","Auth_Speed20","Auth_Speed30","Auth_Speed40","Auth_Speed50","Auth_Speed60","Auth_Speed70","Auth_Speed80","Auth_Speed90","Surface_CondDry","Surface_CondHard snow","Surface_CondIce","Surface_CondMud","Surface_CondOil","Surface_CondSand or gravel","Surface_CondSlush","Surface_CondSnow","Surface_CondWater accumulation","Surface_CondWet","IlluminationDay and clear","IlluminationDay and semi-dark","IlluminationNight and dark","IlluminationNight and lighted","EnvironmentCommercial","EnvironmentForest","EnvironmentIndustrial","EnvironmentPark","EnvironmentResidential","EnvironmentRural","EnvironmentSchool area","WeatherBlack Ice","WeatherClear Sky","WeatherCloudy","WeatherDrizzle","WeatherFoggy","WeatherHeavy Rain","WeatherSnow","WeatherSnowstorms","WeatherStrong Wind","cluster_id_0","cluster_id_1","cluster_id_2","cluster_id_3","cluster_id_4","cluster_id_5"
"2020-02-15",39,72,0,0,10,10,59,3,2,3,0,0,0,0,2,0,0,1,2,0,1,1,0,0,0,0,0,0,-433.7125,2426.125,295.75,-661.2125,3974.0675,754,39,195,0,7,20,12,0,30,1,0,0,0,0,0,0,0,3,0,0,0,0,0,0,0,0,2,1,0,0,0,0,0,0,0,0,0,0,0,1,6,31,1,0,0,0,2,9,16,0,0,0,0,15,2,1,0,0,0,1,8,0,12,20,1,1,16,19,0,3,0,16,0,1,0,34,3,0,0,0,0,0,0,3,2,8,9,4,13
"2020-02-16",44,84,0,0,12,12,72,2,1,1,0,0,0,1,1,0,0,0,6,0,6,6,0,0,0,0,0,0,-28.2333333333333,3144.16666666667,337.333333333333,-231.916666666667,4423.72333333333,856.166666666667,44,264,0,9,18,17,0,35,6,0,0,0,0,0,0,0,0,0,2,0,0,0,0,0,0,0,0,0,0,0,0,0,0,0,0,0,0,0,0,2,41,0,1,0,0,5,8,15,0,0,0,0,6,0,0,0,0,0,0,19,0,18,20,2,0,20,16,0,2,0,25,0,0,0,23,14,0,0,0,4,0,0,3,2,10,11,6,12
"2020-02-17",48,91,0,0,12,12,76,8,0,1,0,0,0,1,2,0,0,1,2,0,4,4,0,0,0,0,0,0,-337.8,2618,330,-710.2,4880.64,1218,0,0,0,10,19,19,0,38,5,0,0,0,0,0,0,0,0,0,0,0,0,0,0,0,2,1,0,0,0,0,0,0,1,0,1,0,0,0,0,4,43,1,0,0,1,3,6,16,0,1,0,0,29,4,0,0,0,0,1,2,0,9,34,3,0,10,27,0,2,1,15,0,1,0,40,2,0,1,0,0,0,0,6,5,7,6,8,16
"2020-02-18",72,141,1,1,21,23,108,12,9,1,2,0,0,3,1,0,0,1,4,0,5,5,0,0,0,0,1,1,-382.8,5514,561,-639.9,7272.81,999,0,72,1,21,32,18,0,57,6,2,1,0,0,0,0,0,0,0,2,0,0,0,0,0,0,1,0,0,0,0,0,0,1,0,0,0,0,0,1,4,66,1,0,0,0,3,17,27,0,1,0,0,2,3,1,0,0,0,4,52,0,7,51,0,0,20,38,0,5,0,28,0,1,0,10,9,7,0,1,38,4,0,5,6,20,15,8,18
"2020-02-19",58,120,0,0,14,14,92,14,4,5,0,0,0,2,0,0,0,0,3,0,1,1,0,0,0,0,0,0,-244.808333333333,3349.5,379.416666666667,-674.008333333333,5863.1475,1191.41666666667,0,116,0,12,28,18,0,49,2,0,0,0,0,0,0,0,1,1,1,2,0,0,0,0,0,0,0,0,0,0,0,0,0,0,0,0,0,0,1,5,51,1,0,0,0,9,9,19,2,0,0,0,14,0,1,0,0,0,5,23,0,15,45,2,0,11,26,0,5,0,23,0,3,0,43,5,0,0,0,8,2,0,5,10,13,7,5,18
"2020-02-20",65,125,0,0,18,18,100,8,0,2,0,0,0,4,3,0,0,0,8,0,4,4,0,0,0,0,0,0,-827.125,3363.75,308.75,-1346.04166666667,6640.67083333333,1524.79166666667,0,195,0,15,26,24,0,53,4,0,0,0,0,0,1,0,0,0,1,0,0,1,0,0,0,0,0,0,0,0,0,0,1,0,0,0,0,0,2,3,58,2,1,0,0,5,9,27,1,0,0,0,42,3,0,0,0,0,0,4,0,13,38,3,0,23,33,0,6,0,23,0,2,0,58,5,0,0,0,0,0,0,8,8,15,9,8,17
"2020-02-21",50,100,0,0,18,18,79,8,2,1,0,0,0,2,4,0,0,0,4,0,2,2,0,0,0,0,0,0,-390,3054.16666666667,466.666666666667,-707.083333333333,5083.89583333333,1060.41666666667,0,200,0,13,18,19,0,44,1,0,0,0,0,0,0,0,1,1,0,0,0,0,0,0,1,0,0,0,0,0,0,0,1,0,0,0,0,0,0,4,45,0,0,0,0,2,7,21,0,0,0,0,22,4,5,0,0,0,0,6,0,10,34,1,0,12,21,0,7,0,19,1,1,0,43,3,0,0,0,0,0,0,7,4,13,8,7,11
"2020-02-22",44,79,1,0,12,13,63,2,0,2,1,0,0,2,5,0,0,0,4,1,2,3,0,0,0,0,1,1,-8.43333333333333,2735.33333333333,397.833333333333,-293.7,4436.61166666667,900.166666666667,44,220,1,9,18,16,0,30,3,1,0,0,0,0,0,0,3,1,1,0,0,0,0,0,0,2,0,0,0,0,0,0,1,0,0,0,0,1,0,8,34,1,0,0,0,1,11,17,0,0,0,0,24,3,1,0,0,0,0,1,0,14,25,4,0,13,18,0,0,0,24,1,0,0,40,2,0,0,0,0,0,0,2,2,10,9,5,16
"2020-02-23",49,98,0,2,8,10,92,1,0,0,0,0,0,1,0,0,0,0,4,0,1,1,0,0,0,0,0,0,109.229166666667,3250.33333333333,349.125,-177.0125,4934.68791666667,922.833333333333,49,294,0,5,26,16,2,40,1,0,0,0,0,0,0,0,2,1,0,2,0,0,0,0,1,0,0,0,2,0,0,0,0,0,0,0,0,0,0,8,41,0,0,0,0,4,9,16,0,0,0,0,21,2,0,0,0,0,2,2,0,20,23,0,0,25,28,0,1,0,19,0,0,0,44,3,0,0,0,0,0,0,3,3,13,7,9,14
"2020-02-24",41,73,0,0,11,11,60,3,1,1,0,0,0,2,2,0,0,1,3,0,2,2,0,0,0,0,0,0,238.654166666667,2155.91666666667,281.875,-131.7125,4111.80458333333,871.25,0,0,0,10,18,13,0,30,2,0,0,0,0,0,1,0,0,2,1,1,0,0,0,0,0,2,1,0,0,0,0,0,0,0,0,0,0,0,1,7,33,1,0,0,1,2,1,17,1,0,0,1,28,0,0,0,0,0,1,1,0,9,26,4,0,9,25,0,2,0,9,0,1,0,35,2,0,0,0,0,0,0,5,6,11,1,10,8
"2020-02-25",48,92,0,1,16,17,77,8,0,0,1,0,0,1,3,0,0,0,2,0,0,0,0,0,0,0,1,1,150.6,3026,406,-159,4827.88,274,0,48,0,9,22,16,1,35,0,1,0,2,0,0,0,0,2,0,1,0,0,0,0,0,1,1,1,0,0,0,0,0,1,0,1,0,0,0,0,7,38,1,0,0,1,2,8,16,2,0,0,0,33,1,2,0,0,0,0,1,0,9,27,5,0,13,20,0,5,0,18,0,2,0,36,10,0,0,0,0,0,0,4,3,9,12,9,11
"2020-02-26",32,62,0,0,8,8,53,2,0,0,0,0,0,0,4,0,0,0,3,0,3,3,0,0,0,0,0,0,-31.2,2293.33333333333,254.666666666667,-179.066666666667,3222.78666666667,82.9090909090909,0,64,0,8,14,10,0,24,3,0,0,0,0,0,0,0,0,0,1,0,0,1,2,0,0,0,0,0,0,0,0,0,0,0,0,0,0,0,1,4,27,1,0,0,0,5,5,9,0,0,0,1,15,0,0,0,0,0,3,4,0,10,17,3,0,12,10,0,2,1,18,0,1,0,12,7,3,0,0,10,0,0,3,3,4,4,10,8
"2020-02-27",82,161,1,0,16,17,134,9,5,3,0,0,0,0,2,0,0,0,8,1,1,2,0,0,0,0,0,0,-121.633333333333,7175,720.916666666667,-272.308333333333,8085.02916666667,1018.16666666667,0,246,1,14,34,33,0,65,1,0,0,0,0,0,0,0,3,2,2,0,0,0,0,0,0,1,1,0,0,0,0,0,3,1,0,0,0,0,2,12,66,3,0,0,0,2,15,32,2,0,0,0,2,4,10,0,0,0,16,39,0,6,47,7,0,24,45,0,6,0,23,0,4,0,14,3,3,0,1,41,14,0,7,9,11,12,16,27
"2020-02-28",107,218,0,0,35,35,172,20,2,6,0,0,0,2,7,0,0,0,9,0,3,3,0,0,0,0,0,0,-906.825,7079.83333333333,722.25,-1464.11666666667,10617.8329166667,2683.91666666667,0,428,0,26,47,34,0,86,4,0,0,0,0,0,0,0,2,0,3,1,0,0,0,0,2,1,0,0,0,0,0,0,1,0,0,0,0,1,2,10,90,3,0,0,0,10,15,36,2,0,0,0,10,10,45,0,0,0,6,11,0,19,77,8,0,18,52,0,7,0,40,0,3,0,66,29,0,0,0,3,2,3,21,5,18,18,13,32
"2020-02-29",45,94,0,0,6,6,86,1,3,0,0,0,0,1,1,0,0,0,2,0,1,1,0,0,0,0,0,0,-464.25,3189.375,249.375,-658.125,4503.825,1111.875,45,225,0,6,20,19,0,35,1,0,0,0,0,0,0,0,0,0,1,2,0,0,0,0,0,2,1,0,0,0,0,0,1,0,0,0,0,0,1,7,36,1,0,0,0,2,13,12,0,1,0,0,11,3,7,0,0,0,1,7,0,15,24,1,0,19,15,0,2,0,26,0,1,0,41,0,0,0,0,0,0,0,5,2,11,5,8,14
"2020-03-01",41,82,0,2,14,16,75,0,0,0,1,0,0,1,2,0,0,0,3,0,2,2,0,0,0,0,0,0,-354.991666666667,2647.91666666667,276.75,-586.641666666667,4137.53208333333,1028.41666666667,41,246,0,10,23,7,1,33,2,1,0,0,0,0,0,0,1,1,0,0,0,0,0,0,0,1,0,0,0,0,0,0,1,0,0,0,0,0,0,4,36,0,0,0,0,8,8,14,1,0,0,0,15,5,6,0,0,0,1,3,0,11,21,2,0,18,19,0,1,0,20,0,1,0,39,1,0,1,0,0,0,0,2,0,12,6,7,14
"2020-03-02",34,65,0,0,12,12,50,8,4,0,0,0,0,1,1,0,0,0,1,0,3,3,0,0,0,0,0,0,-16.4333333333333,2752.58333333333,225.25,-118.008333333333,3396.92583333333,651.666666666667,0,0,0,10,12,12,0,29,1,0,0,0,0,0,0,0,0,1,0,0,0,0,0,0,1,1,0,0,0,0,0,0,0,0,0,0,0,0,0,3,30,0,0,0,0,4,6,12,0,0,0,0,5,1,4,0,0,0,0,4,1,18,17,4,0,13,14,0,3,0,15,0,1,0,10,6,15,0,0,1,0,0,1,1,6,6,8,12
"2020-03-03",43,80,0,0,12,12,57,7,2,2,3,1,0,0,0,0,0,0,8,0,6,6,0,0,0,0,1,1,140.466666666667,3518.83333333333,274.125,7.525,4268.46666666667,707.708333333333,0,43,0,12,16,15,0,28,7,3,0,0,0,0,0,0,0,0,0,0,0,0,0,0,0,1,0,1,0,0,0,0,0,0,0,0,0,0,0,2,38,0,0,0,0,1,8,14,0,0,0,0,12,0,3,0,0,0,0,0,0,26,24,2,0,15,21,0,4,1,12,0,2,0,23,7,8,0,1,0,0,0,7,1,7,10,5,13
"2020-03-04",47,92,0,0,9,9,74,7,0,1,1,0,0,1,5,0,0,0,3,0,2,2,0,0,0,0,0,0,122.2,3525,329,-71.675,4650.55208333333,961.541666666666,0,94,0,8,17,22,0,36,1,1,0,0,0,0,0,0,1,0,4,1,0,0,0,0,0,0,0,0,0,0,0,0,1,0,0,0,0,0,1,7,38,1,0,0,0,4,8,13,0,0,0,0,30,0,3,0,0,1,0,0,0,13,33,4,0,10,29,0,3,0,13,0,1,0,31,10,3,0,0,0,0,0,1,5,10,6,7,18
"2020-03-05",40,77,0,0,9,9,69,4,0,1,0,0,0,1,0,0,0,0,2,0,3,3,0,0,0,0,0,0,51,2886.66666666667,203.333333333333,-128.5,4028.83333333333,908.333333333333,0,120,0,8,19,13,0,29,4,0,0,0,0,0,0,0,0,0,0,0,0,0,0,0,0,2,1,0,0,0,0,0,1,0,1,0,0,1,0,4,33,2,0,0,0,4,5,18,0,0,0,0,26,0,3,0,0,0,0,0,0,10,28,2,0,8,20,0,5,0,15,0,0,0,33,6,0,0,0,0,0,0,6,4,5,4,8,13
"2020-03-06",42,86,0,0,4,4,73,5,0,2,0,0,0,2,0,0,0,2,2,0,1,1,0,0,0,0,0,0,-38.675,3111.5,442.75,-219.625,4244.3625,313.25,0,168,0,4,17,21,0,35,2,0,0,0,0,0,0,0,0,1,0,0,0,0,0,0,0,0,0,0,1,0,0,0,1,0,0,0,0,0,0,3,37,0,0,0,0,2,7,15,0,0,0,0,26,0,2,0,0,0,2,0,0,7,23,1,0,15,20,0,2,0,18,0,0,0,28,5,0,0,0,3,0,0,4,4,10,5,11,8
"2020-03-07",33,58,0,2,19,21,52,0,1,1,0,0,0,2,0,0,0,0,2,0,5,5,0,0,0,0,0,0,-139.0125,1428.625,306.625,-503.25,3358.3,462,33,165,0,9,13,9,2,24,5,0,0,0,0,0,0,0,0,0,0,0,0,0,0,1,1,0,0,1,1,0,0,0,0,0,0,0,0,0,0,4,29,0,0,0,0,4,6,9,0,0,0,0,31,0,0,0,0,0,0,0,0,1,17,3,0,12,16,0,2,0,14,0,0,0,31,1,0,0,0,0,0,0,3,1,9,9,2,9
"2020-03-08",23,45,0,0,6,6,38,1,0,0,1,0,0,0,1,0,0,0,4,0,0,0,0,0,0,0,1,1,50.5041666666667,1343.58333333333,165.791666666667,-120.4625,2334.49041666667,487.791666666667,23,138,0,4,10,9,0,20,0,1,0,0,0,0,0,0,0,0,1,0,0,0,0,0,0,0,0,0,0,0,0,0,1,0,0,0,0,0,0,2,21,0,2,0,0,0,7,6,0,0,0,0,19,1,0,0,0,0,0,0,0,3,10,2,2,9,13,0,1,0,7,0,0,0,21,2,0,0,0,0,0,0,2,2,9,3,3,4
"2020-03-09",27,52,0,0,6,6,45,2,0,0,0,0,0,0,1,0,0,0,4,0,2,2,0,0,0,0,0,0,127.2375,1566,247.5,-95.85,2729.28375,302.625,0,0,0,5,11,11,0,25,2,0,0,0,0,0,0,0,0,0,0,0,0,0,0,0,0,0,0,0,0,0,0,0,0,0,0,0,0,0,0,0,27,0,0,0,0,2,4,10,0,0,0,0,22,0,0,0,0,0,1,0,0,2,20,1,0,4,12,0,2,1,9,0,1,0,20,4,0,0,0,0,0,0,3,4,6,3,4,7
"2020-03-10",42,87,0,0,5,5,71,6,1,2,0,0,0,0,3,0,0,0,4,0,3,3,0,0,0,0,0,0,126.7,3844.75,192.5,74.375,4213.615,693.913043478261,0,42,0,5,23,14,0,33,3,0,0,0,0,0,0,0,0,1,0,0,0,0,0,0,0,2,0,0,0,0,0,0,1,0,0,0,0,0,0,4,36,0,0,0,0,4,8,9,1,0,0,0,10,0,3,0,0,0,0,0,0,28,31,3,0,7,24,0,3,0,10,0,2,0,10,4,26,0,0,0,0,0,4,4,16,5,3,10
"2020-03-11",47,87,0,0,13,13,72,3,0,1,0,0,0,2,4,0,0,0,5,0,1,1,0,0,0,0,0,0,-130.425,2633.95833333333,323.125,-492.325,4760.29708333333,1161.29166666667,0,94,0,11,16,20,0,37,1,0,0,0,0,0,0,0,1,1,0,0,0,0,0,0,0,2,1,0,0,0,0,0,1,0,0,0,0,0,3,6,38,3,1,0,0,3,3,21,0,0,0,0,43,0,2,0,0,0,0,1,0,1,40,2,0,4,20,0,5,1,18,0,3,0,46,1,0,0,0,0,0,0,5,5,9,9,6,13
"2020-03-12",40,77,2,0,11,13,67,5,1,2,0,0,0,0,1,0,0,0,1,2,5,7,0,0,0,0,0,0,-53.6666666666667,2545,331.666666666667,-297.333333333333,4048.51666666667,186.666666666667,0,120,2,10,17,11,0,28,7,0,0,0,0,0,1,0,0,0,0,0,0,0,0,0,0,1,1,0,0,0,0,0,0,0,0,0,0,0,1,2,36,1,0,0,0,2,5,17,0,0,0,0,34,0,1,0,0,0,0,0,0,5,31,1,1,6,19,0,6,0,14,0,0,0,33,4,2,0,0,0,0,0,4,2,9,11,1,13
"2020-03-13",41,73,0,0,11,11,62,4,0,0,0,0,0,0,2,0,0,0,5,0,7,7,0,0,0,0,0,0,183.645833333333,2948.58333333333,398.041666666667,-18.2791666666667,4088.45166666667,854.166666666667,0,164,0,9,18,14,0,30,7,0,0,0,0,0,0,0,1,0,0,1,0,0,0,0,0,1,0,0,0,0,0,0,0,0,0,0,0,0,0,3,37,0,0,0,0,3,4,12,0,0,0,0,23,0,0,0,0,0,0,0,0,15,27,3,0,8,29,0,1,0,8,0,0,0,24,4,9,0,0,0,0,1,5,6,12,6,5,7
"2020-03-14",22,46,0,1,4,5,42,1,0,0,1,0,0,1,1,0,0,0,0,0,1,1,0,0,0,0,0,0,59.2166666666667,1027.58333333333,196.166666666667,-173.983333333333,2226.675,431.75,22,110,0,3,13,5,1,15,1,1,0,0,0,0,0,1,1,0,0,0,0,0,0,0,0,2,0,0,1,0,0,0,0,0,0,0,0,0,0,4,18,0,0,0,0,0,5,11,0,0,0,0,18,0,2,0,0,0,0,1,0,0,9,0,0,12,14,0,0,0,7,0,0,0,20,1,0,0,0,0,0,0,2,2,8,3,4,3
"2020-03-15",20,34,0,0,3,3,27,1,0,0,0,0,1,2,1,0,0,0,2,0,1,1,0,1,1,0,0,0,-95.9166666666667,979.166666666667,177.5,-283.416666666667,2053.69166666667,227.5,20,120,0,3,7,10,0,12,2,0,0,0,0,0,0,0,0,0,0,0,0,0,0,0,0,1,0,0,1,0,0,0,2,0,0,0,0,0,1,4,14,1,0,0,0,1,4,2,0,0,0,0,18,0,0,0,0,0,0,0,0,0,7,1,0,10,8,0,0,1,10,0,0,0,18,0,0,0,0,0,0,0,4,0,6,5,1,4
"2020-03-16",15,31,0,0,3,3,24,3,0,1,1,0,0,0,2,0,0,0,0,0,0,0,0,0,0,0,1,1,-77.9375,746.25,103.125,-212.75,1537.3375,66.25,0,0,0,3,7,5,0,12,0,1,0,0,0,0,0,1,0,0,0,1,0,0,0,0,0,0,0,0,0,0,0,0,0,0,0,0,0,0,0,1,14,0,0,0,0,1,4,5,2,0,0,0,15,0,0,0,0,0,0,0,0,0,9,0,0,6,6,0,2,1,5,0,1,0,13,1,0,0,0,0,0,0,2,0,4,3,3,3
"2020-03-17",26,49,0,0,6,6,43,3,0,1,0,0,0,0,0,0,0,0,2,0,1,1,0,0,0,0,0,0,58.175,2013.91666666667,206.916666666667,-40.1916666666667,2619.38083333333,495.083333333333,0,26,0,4,12,10,0,20,1,0,0,0,0,1,0,0,0,0,0,1,0,0,0,0,0,0,0,0,0,0,0,0,2,0,0,0,0,0,0,3,22,0,1,0,0,2,6,7,0,0,0,0,16,0,0,0,0,0,1,0,0,8,17,3,0,6,15,0,3,2,6,0,0,0,15,7,1,0,0,3,0,0,1,5,2,5,5,8
"2020-03-18",17,31,0,0,3,3,23,2,0,1,0,0,1,2,0,0,0,0,2,0,0,0,0,0,0,0,0,0,7.29583333333333,792.625,98.4583333333333,-171.204166666667,1734.94916666667,258.541666666667,0,34,0,2,9,6,0,14,0,0,0,0,0,0,0,0,0,0,0,0,0,0,0,1,0,0,1,0,0,0,0,0,0,1,0,0,0,0,0,2,14,1,0,0,0,2,1,7,1,0,0,0,14,0,3,0,0,0,0,0,0,0,8,1,0,7,7,0,2,0,7,0,1,0,17,0,0,0,0,0,0,0,0,0,4,5,2,6
"2020-03-19",15,28,0,0,5,5,20,4,0,0,0,0,0,1,2,0,0,0,1,0,0,0,0,0,0,0,0,0,44.5,931.25,111.25,-54.625,1524.20625,91.875,0,45,0,3,10,2,0,11,0,0,0,0,0,0,0,0,0,0,0,1,0,0,0,0,0,0,1,0,1,0,0,0,0,0,0,0,0,0,0,3,11,0,0,0,0,3,3,5,1,0,0,0,15,0,0,0,0,0,0,0,0,0,10,0,0,5,12,0,0,0,2,0,0,0,15,0,0,0,0,0,0,0,1,0,4,4,2,4
"2020-03-20",18,31,0,0,8,8,26,4,0,0,0,0,0,0,1,0,0,0,0,0,1,1,0,0,0,0,0,0,120.975,1488,167.25,68.625,1793.37,315.75,0,72,0,6,8,4,0,11,1,0,0,0,0,0,1,1,0,0,2,0,0,0,0,1,0,0,0,0,1,0,0,0,0,0,0,0,0,0,0,4,14,0,0,0,0,1,9,4,0,0,0,0,6,0,0,0,0,0,0,0,0,11,11,2,0,5,5,0,1,1,11,0,0,0,6,4,6,0,0,0,0,1,0,2,6,1,3,6
"2020-03-21",12,22,0,0,2,2,19,2,0,0,0,0,0,0,1,0,0,0,0,0,0,0,0,0,0,0,0,0,-53.2,516.5,111,-184.35,1225.63,277.5,12,60,0,2,7,3,0,9,0,0,0,0,0,0,0,0,0,0,1,0,0,0,0,0,0,0,0,0,1,0,0,0,1,0,0,0,0,0,0,3,9,0,0,0,0,3,2,3,0,0,0,0,11,0,0,0,0,0,0,0,0,0,6,1,1,3,2,0,0,0,9,0,0,0,10,1,0,0,0,0,0,0,1,0,5,2,2,2
"2020-03-22",8,15,0,0,2,2,11,0,0,0,0,0,1,0,0,0,0,1,2,0,0,0,0,1,1,0,0,0,-40.4333333333333,333,55.6666666666667,-131.266666666667,825.003333333333,104,8,48,0,2,3,3,0,5,0,0,0,0,0,0,0,0,0,0,0,0,0,0,0,0,0,0,0,0,1,0,0,0,0,0,0,0,0,0,1,1,5,1,0,0,0,1,2,3,0,0,0,0,8,0,0,0,0,0,0,0,0,0,5,1,0,2,2,0,0,0,5,1,0,0,7,1,0,0,0,0,0,0,0,2,0,0,2,4
"2020-03-23",17,30,0,0,3,3,26,2,1,0,0,0,0,0,0,0,0,0,1,0,1,1,0,0,0,0,0,0,-21.1791666666667,1199.20833333333,105.541666666667,-108.8,1732.73208333333,240.95652173913,0,0,0,3,8,6,0,11,2,0,0,0,0,0,0,0,0,0,0,0,0,0,0,0,0,1,0,0,0,0,0,0,0,0,0,0,0,0,2,1,13,2,0,0,0,1,5,4,0,0,0,0,3,0,1,0,0,0,1,6,0,5,9,1,0,6,9,0,1,0,6,0,0,0,5,3,0,0,0,8,0,0,0,0,5,4,4,4
"2020-03-24",20,35,0,1,9,10,31,2,0,0,1,0,0,0,0,0,0,0,1,0,3,3,0,0,0,0,1,1,40.9166666666667,1540.83333333333,91.6666666666667,-36.25,2024.79166666667,370.434782608696,0,20,0,8,6,5,1,11,5,1,0,0,0,0,0,0,0,0,0,1,0,0,0,0,0,0,0,0,2,0,0,0,0,0,0,0,0,0,0,3,17,0,0,0,0,5,4,7,0,0,0,0,11,0,1,0,0,0,0,0,0,8,15,1,0,4,10,0,0,0,10,0,0,0,17,3,0,0,0,0,0,0,2,0,1,1,7,9
"2020-03-25",14,28,0,0,4,4,23,1,0,0,1,0,1,0,2,0,0,0,0,0,0,0,0,0,0,0,1,1,52.6166666666667,924,85.1666666666667,-33.95,1414.8925,260.166666666667,0,28,0,3,6,5,0,11,0,1,0,0,0,0,0,0,0,0,0,0,0,0,0,0,0,0,0,0,0,0,0,0,1,0,0,0,0,1,0,1,12,1,0,0,0,1,3,6,0,0,0,0,12,0,1,0,0,0,0,0,0,0,6,0,0,8,5,0,2,0,7,0,0,0,12,1,0,0,0,0,0,0,1,1,5,3,2,2
"2020-03-26",12,24,0,0,5,5,19,1,0,1,0,0,0,0,3,0,0,0,0,0,1,1,0,0,0,0,0,0,74.1,855.5,83,14.3,1202.035,224,0,36,0,3,7,2,0,7,2,0,0,0,0,0,0,0,1,0,0,0,0,0,0,0,0,1,0,1,0,0,0,0,0,0,0,0,0,0,0,3,9,0,0,0,0,1,2,1,0,1,0,0,5,0,0,0,0,1,0,0,0,6,7,4,0,1,3,0,0,0,9,0,0,0,5,2,5,0,0,0,0,0,0,2,1,5,2,2
"2020-03-27",17,36,0,0,8,8,28,3,0,2,2,0,0,0,1,0,0,0,0,0,0,0,0,0,0,0,2,2,80.8916666666667,947.041666666667,93.5,-73.95,1706.87083333333,463.25,0,68,0,4,7,6,0,12,0,2,0,0,0,0,1,0,0,0,0,1,0,0,0,0,0,0,1,0,0,0,0,0,0,0,0,0,0,0,0,2,15,0,0,0,0,4,4,4,0,0,0,0,16,0,0,0,0,0,0,0,0,1,14,0,0,3,3,0,1,0,11,0,2,0,16,1,0,0,0,0,0,0,1,2,4,4,3,3
"2020-03-28",14,25,0,0,1,1,23,1,0,0,0,0,0,0,0,0,0,0,1,0,1,1,0,0,0,0,0,0,65.1583333333333,616,75.8333333333333,-94.0333333333333,1415.89,189.583333333333,14,70,0,1,9,4,0,10,1,0,0,0,0,0,0,0,0,0,0,0,0,0,0,0,0,0,0,0,0,1,0,0,1,1,0,0,0,0,0,2,11,1,0,0,0,3,2,4,0,0,0,0,14,0,0,0,0,0,0,0,0,0,8,0,0,6,2,0,1,0,11,0,0,0,12,2,0,0,0,0,0,0,3,2,3,2,3,1
"2020-03-29",10,21,0,0,2,2,18,0,0,1,0,0,0,2,0,0,0,0,0,0,0,0,0,0,0,0,0,0,48.2083333333333,760,53.75,5.5,1005.36666666667,195.454545454545,10,60,0,2,8,0,0,8,0,0,0,0,0,0,0,0,0,0,0,0,0,0,0,0,0,0,1,0,0,0,0,0,1,0,0,0,0,0,0,2,8,0,0,0,0,0,2,6,0,0,0,0,4,0,0,0,0,0,0,0,0,6,5,0,0,5,2,0,0,0,8,0,0,0,4,1,4,0,1,0,0,0,1,1,0,2,3,3
"2020-03-30",12,25,0,0,2,2,25,0,0,0,0,0,0,0,0,0,0,0,0,0,0,0,0,0,0,0,0,0,62.05,1075.5,62,43.1,1204.455,147.333333333333,0,0,0,2,10,0,0,11,0,0,0,0,0,0,0,0,1,0,0,0,0,0,0,0,0,0,0,0,0,0,0,0,0,0,0,0,0,0,0,1,11,0,0,0,0,0,2,6,0,0,0,0,2,0,0,0,0,0,0,0,0,10,8,2,0,2,6,0,2,0,4,0,0,0,3,0,9,0,0,0,0,0,0,1,2,2,6,1
"2020-03-31",12,20,0,0,5,5,15,0,0,0,1,0,2,1,0,0,0,0,1,0,0,0,0,2,2,0,1,1,42.85,727,116.5,-50,1212.475,37.5,0,12,0,4,5,3,0,6,0,1,0,0,0,0,0,0,0,0,0,0,0,0,0,0,0,1,1,0,0,0,0,0,0,0,1,0,0,1,1,2,7,3,0,0,0,0,1,5,0,0,0,0,11,0,0,0,0,0,0,0,0,1,10,0,0,2,5,0,0,0,7,0,0,0,12,0,0,0,0,0,0,0,2,2,2,3,2,1