"Date","NB_Accidents","NB_VEH_IMPLIQUES_ACCDN","NB_MORTS","NB_BLESSES_GRAVES","NB_BLESSES_LEGERS","NB_VICTIMES_TOTAL","nb_automobile_camion_leger","nb_camionLourd_tractRoutier","nb_outil_equipement","nb_tous_autobus_minibus","nb_bicyclette","nb_cyclomoteur","nb_motocyclette","nb_taxi","nb_urgence","nb_motoneige","nb_VHR","nb_autres_types","nb_veh_non_precise","NB_DECES_PIETON","NB_BLESSES_PIETON","NB_VICTIMES_PIETON","NB_DECES_MOTO","NB_BLESSES_MOTO","NB_VICTIMES_MOTO","NB_DECES_VELO","NB_BLESSES_VELO","NB_VICTIMES_VELO","Temp","Rel.Hum","Wind.Spd","Dew.Point.Temp","Stn_Press","Wind.Dir","weekdays","days","SeverityDeadly","SeverityLight Injury","SeverityMaterial High","SeverityMaterial Low","SeveritySevere Injury","as.factor(Accident_Type)31","as.factor(Accident_Type)32","as.factor(Accident_Type)33","as.factor(Accident_Type)34","as.factor(Accident_Type)35","as.factor(Accident_Type)36","as.factor(Accident_Type)37","as.factor(Accident_Type)38","as.factor(Accident_Type)39","as.factor(Accident_Type)40","as.factor(Accident_Type)41","as.factor(Accident_Type)42","as.factor(Accident_Type)43","as.factor(Accident_Type)44","as.factor(Accident_Type)45","as.factor(Accident_Type)46","as.factor(Accident_Type)47","as.factor(Accident_Type)48","as.factor(Accident_Type)49","as.factor(Accident_Type)50","as.factor(Accident_Type)51","as.factor(Accident_Type)52","as.factor(Accident_Type)53","as.factor(Accident_Type)54","as.factor(Accident_Type)55","as.factor(Accident_Type)59","as.factor(Accident_Type)71","as.factor(Accident_Type)72","as.factor(Accident_Type)73","as.factor(Accident_Type)74","as.factor(Accident_Type)75","as.factor(Accident_Type)99","Accident_CategoryFixed Object","Accident_CategoryMoving Object","Accident_CategoryNo Collision","Auth_Speed10","Auth_Speed100","Auth_Speed20","Auth_Speed30","Auth_Speed40","Auth_Speed50","Auth_Speed60","Auth_Speed70","Auth_Speed80","Auth_Speed90","Surface_CondDry","Surface_CondHard snow","Surface_CondIce","Surface_CondMud","Surface_CondOil","Surface_CondSand or gravel","Surface_CondSlush","Surface_CondSnow","Surface_CondWater accumulation","Surface_CondWet","IlluminationDay and clear","IlluminationDay and semi-dark","IlluminationNight and dark","IlluminationNight and lighted","EnvironmentCommercial","EnvironmentForest","EnvironmentIndustrial","EnvironmentPark","EnvironmentResidential","EnvironmentRural","EnvironmentSchool area","WeatherBlack Ice","WeatherClear Sky","WeatherCloudy","WeatherDrizzle","WeatherFoggy","WeatherHeavy Rain","WeatherSnow","WeatherSnowstorms","WeatherStrong Wind","cluster_id_0","cluster_id_1","cluster_id_2","cluster_id_3","cluster_id_4","cluster_id_5"
"2020-04-01",7,12,0,0,0,0,8,1,0,0,0,0,0,0,1,0,0,1,1,0,0,0,0,0,0,0,0,0,19.95,501.083333333333,61.5416666666667,-13.1833333333333,703.625416666667,18.0833333333333,0,14,0,0,4,3,0,4,0,0,0,0,0,0,0,0,0,0,1,0,0,0,0,0,0,1,0,0,0,0,0,0,0,0,0,0,0,0,0,2,4,0,0,0,0,1,0,1,0,0,0,0,6,0,1,0,0,0,0,0,0,0,4,1,0,1,3,0,0,0,4,0,0,0,5,1,0,0,0,0,0,0,1,1,1,2,1,1
"2020-04-02",13,22,0,0,1,1,17,1,0,0,0,0,0,1,3,0,0,0,0,0,1,1,0,0,0,0,0,0,49.6708333333333,1056.79166666667,31.4166666666667,11.05,1302.04208333333,89.8181818181818,0,39,0,1,3,9,0,8,1,0,0,0,0,0,0,0,0,0,1,0,0,0,0,0,0,0,0,0,1,0,0,0,1,0,0,0,0,0,0,3,9,0,1,0,0,0,3,5,0,0,0,0,8,0,0,0,0,0,0,0,0,5,10,0,0,3,6,0,0,0,7,0,0,0,6,1,6,0,0,0,0,0,0,0,2,1,3,7
"2020-04-03",11,21,0,0,1,1,18,1,0,0,0,0,1,0,0,0,0,0,1,0,1,1,0,0,0,0,0,0,71.9125,897.875,115.958333333333,38.3166666666667,1104.4275,22.9565217391304,0,44,0,1,8,2,0,9,1,0,0,0,0,0,0,0,1,0,0,0,0,0,0,0,0,0,0,0,0,0,0,0,0,0,0,0,0,0,0,1,10,0,1,0,0,1,1,3,0,0,0,0,5,0,0,0,0,0,0,0,0,6,8,0,0,3,7,0,0,0,4,0,0,0,3,0,8,0,0,0,0,0,1,2,1,3,2,2
"2020-04-04",14,25,0,0,4,4,23,0,0,0,1,0,0,0,1,0,0,0,0,0,2,2,0,0,0,0,1,1,96.8333333333333,945.583333333333,107.333333333333,15.5166666666667,1411.57916666667,77,14,70,0,4,7,3,0,9,2,1,0,0,0,0,0,0,0,0,0,0,0,0,0,0,0,1,0,0,0,0,0,0,0,0,0,0,0,0,0,1,12,0,0,0,0,1,5,3,0,0,0,0,13,0,0,0,0,0,0,0,0,1,9,1,1,3,2,0,1,1,10,0,0,0,14,0,0,0,0,0,0,0,1,0,3,6,2,2
"2020-04-05",9,17,0,0,2,2,15,1,0,0,0,0,0,0,0,0,0,0,1,0,0,0,0,0,0,0,0,0,73.7625,672,37.125,34.8375,905.71875,175.125,9,54,0,1,6,2,0,6,0,0,0,0,0,0,0,0,0,0,0,0,0,0,0,0,0,1,0,0,1,0,0,0,0,0,0,0,0,0,0,2,6,0,0,0,0,1,1,4,0,0,0,0,8,0,0,0,0,0,0,0,0,0,2,1,0,5,2,0,0,0,6,0,0,0,8,0,0,0,0,0,0,0,1,0,0,1,5,2
"2020-04-06",11,19,0,1,1,2,16,1,0,0,0,0,0,0,1,0,0,0,1,0,0,0,0,0,0,0,0,0,82.5916666666667,449.625,70.125,-63.1583333333333,1106.59541666667,271.791666666667,0,0,0,1,4,5,1,7,0,0,0,0,0,0,1,0,0,1,0,0,0,0,0,0,0,0,0,0,0,0,0,0,1,0,0,0,0,0,0,2,8,0,0,0,0,1,2,5,0,0,0,0,11,0,0,0,0,0,0,0,0,0,6,0,0,5,5,0,1,0,5,0,0,0,11,0,0,0,0,0,0,0,1,1,4,0,2,3
"2020-04-07",11,22,0,0,3,3,13,0,0,0,1,1,1,0,6,0,0,0,0,0,0,0,0,0,0,0,1,1,80.1625,392.791666666667,48.8888888888889,-83.9208333333333,1101.04958333333,146.666666666667,0,11,0,3,2,6,0,10,0,1,0,0,0,0,0,0,0,0,0,0,0,0,0,0,0,0,0,0,0,0,0,0,0,0,0,0,0,0,0,0,11,0,0,0,0,2,0,6,0,0,0,0,11,0,0,0,0,0,0,0,0,0,8,0,0,3,4,0,0,0,6,0,1,0,11,0,0,0,0,0,0,0,1,1,3,2,0,4
"2020-04-08",8,15,0,0,0,0,12,0,0,1,0,0,0,0,1,0,0,0,1,0,0,0,0,0,0,0,0,0,39.9,362.666666666667,50.934126984127,-50.8,795.906666666667,136.922680218332,0,16,0,0,4,4,0,7,0,0,0,0,0,0,0,0,0,0,0,0,0,0,0,0,0,0,0,0,0,0,0,0,1,0,0,0,0,0,0,1,7,0,1,0,0,2,1,0,0,0,0,0,8,0,0,0,0,0,0,0,0,0,6,0,0,1,3,0,1,0,3,0,0,0,4,3,0,0,0,0,0,0,3,0,2,3,0,0
"2020-04-09",12,33,0,0,3,3,32,0,0,0,0,0,0,0,0,0,0,0,1,0,1,1,0,0,0,0,0,0,40.9,883.5,76.4011904761905,-16.8,1178.655,205.384020327499,0,36,0,3,6,3,0,8,2,0,0,0,0,0,0,0,0,0,0,1,0,0,0,0,0,0,0,0,0,0,0,0,0,0,0,0,0,0,0,1,10,0,0,0,0,3,1,1,0,0,0,0,5,0,0,0,0,0,0,0,0,7,7,3,0,2,5,0,0,0,7,0,0,0,3,3,4,0,0,2,0,0,2,0,2,2,3,3
"2020-04-10",8,14,0,0,1,1,11,1,0,0,0,0,0,0,1,0,0,0,1,0,1,1,0,0,0,0,0,0,26.3,614,50.934126984127,-5.3,785.726666666667,136.922680218332,0,32,0,1,1,6,0,6,1,0,0,0,0,0,0,0,0,0,0,0,0,0,0,0,0,0,0,0,0,0,0,0,1,0,0,0,0,0,0,1,7,0,0,0,0,0,2,3,0,0,0,0,4,0,0,0,0,0,0,0,0,3,4,2,0,1,2,0,1,0,5,0,0,0,5,1,1,0,0,0,0,0,1,0,2,2,1,2
"2020-04-11",10,16,0,0,4,4,13,2,0,0,1,0,0,0,0,0,0,0,0,0,1,1,0,0,0,0,1,1,29.9166666666667,526.25,63.6676587301587,-60.4583333333333,998.604166666667,171.153350272916,10,50,0,3,3,4,0,4,0,1,0,0,0,0,0,0,1,0,0,0,0,0,0,0,0,3,0,0,0,0,0,0,1,0,0,0,0,0,0,5,5,0,0,0,0,1,3,0,0,0,0,0,10,0,0,0,0,0,0,0,0,0,10,0,0,0,5,0,0,0,5,0,0,0,9,1,0,0,0,0,0,0,1,0,2,5,2,0
"2020-04-12",6,12,0,0,2,2,11,0,0,1,0,0,0,0,0,0,0,0,0,0,1,1,0,0,0,0,0,0,49.55,317.25,38.2005952380952,-7.775,604.1575,102.692010163749,6,36,0,2,1,3,0,3,1,0,0,0,0,0,0,0,0,0,0,0,0,0,0,0,0,0,0,0,0,0,0,0,0,0,0,0,0,0,1,0,4,1,0,0,0,0,0,2,0,0,0,0,6,0,0,0,0,0,0,0,0,0,4,0,0,2,1,0,1,0,4,0,0,0,4,2,0,0,0,0,0,0,2,0,0,2,2,0
"2020-04-13",11,19,0,0,1,1,16,0,0,0,0,0,0,0,1,0,0,1,1,0,0,0,0,0,0,0,0,0,128.2875,869.916666666667,70.0344246031746,85.3416666666667,1089.99916666667,188.268685300207,0,0,0,1,6,4,0,8,0,0,0,0,0,0,0,0,0,0,0,0,0,0,0,0,0,1,0,0,0,0,0,0,1,0,0,0,0,0,1,2,8,1,1,0,0,0,3,3,0,0,0,0,6,0,0,0,0,0,0,0,0,5,5,0,0,6,3,0,0,0,7,0,0,0,6,0,3,0,0,0,0,2,0,1,4,2,3,1
"2020-04-14",13,23,0,0,2,2,19,1,0,0,0,1,0,0,0,0,0,0,2,0,1,1,0,0,0,0,0,0,63.05,575.25,82.7679563492064,-85.15,1305.28125,222.49935535479,0,13,0,2,8,3,0,10,1,0,0,0,0,0,0,0,0,0,0,0,0,0,0,0,0,1,0,0,0,0,0,0,0,0,0,0,0,0,0,1,11,0,0,0,0,2,2,3,1,0,0,0,11,0,0,0,0,0,0,0,0,1,10,1,0,1,3,0,2,0,7,0,0,0,12,0,0,0,0,0,0,0,1,0,4,1,2,5
"2020-04-15",10,18,0,0,4,4,13,1,0,0,1,1,0,0,1,0,0,0,1,0,0,0,0,0,0,0,1,1,23.5416666666667,515,63.6676587301587,-74.2083333333333,1002.54166666667,171.153350272916,0,20,0,4,4,2,0,8,0,0,0,0,0,0,0,0,1,0,0,0,0,0,0,0,0,0,0,0,0,0,0,0,1,0,0,0,0,0,0,2,8,0,0,0,0,3,1,4,1,0,0,0,10,0,0,0,0,0,0,0,0,0,8,0,0,1,1,0,1,0,8,0,0,0,9,0,0,0,0,0,0,1,0,0,3,5,1,1
"2020-04-16",11,19,0,0,2,2,15,0,0,0,1,0,0,0,2,0,0,0,1,0,0,0,0,0,0,0,0,0,13.8875,666.416666666667,70.0344246031746,-66.8708333333333,1106.71,188.268685300207,0,33,0,2,5,4,0,7,0,1,0,0,0,0,1,0,1,0,0,0,0,0,0,0,0,0,0,0,1,0,0,0,0,0,0,0,0,0,0,2,9,0,0,0,0,1,2,3,0,0,0,0,11,0,0,0,0,0,0,0,0,0,9,0,0,2,4,0,0,0,6,0,1,0,10,1,0,0,0,0,0,0,1,0,4,1,0,5
"2020-04-17",15,30,0,0,4,4,23,4,0,0,0,0,0,0,0,0,1,0,2,0,1,1,0,0,0,0,0,0,31.1875,772.5,95.5014880952381,-108,1511.74375,256.730025409373,0,60,0,4,5,6,0,13,1,0,0,0,0,0,0,0,0,0,0,0,0,0,0,0,0,1,0,0,0,0,0,0,0,0,0,0,0,0,0,1,14,0,0,0,0,3,2,2,0,0,0,0,14,0,0,0,0,0,0,1,0,0,12,1,0,2,4,0,1,0,10,0,0,0,13,2,0,0,0,0,0,0,0,2,3,2,2,6
"2020-04-18",16,39,0,0,0,0,35,2,0,0,0,0,1,1,0,0,0,0,0,0,0,0,0,0,0,0,0,0,81.5333333333333,760,101.868253968254,-94.6666666666667,1602.04666666667,273.845360436665,16,80,0,0,8,8,0,15,0,0,0,0,0,0,0,0,0,0,0,0,0,0,0,0,0,0,0,0,0,0,0,0,0,0,0,0,0,0,1,0,15,1,0,0,0,1,4,7,0,0,0,0,14,0,0,0,0,1,0,0,0,0,9,0,0,7,5,0,1,0,9,0,0,0,13,2,0,0,0,0,0,0,0,1,3,5,3,4
"2020-04-19",10,21,0,0,0,0,19,0,0,1,0,0,0,0,0,0,0,0,1,0,0,0,0,0,0,0,0,0,61.7916666666667,694.166666666667,63.6676587301587,6.95833333333333,993.908333333333,171.153350272916,10,60,0,0,8,2,0,9,0,0,0,0,0,0,0,0,1,0,0,0,0,0,0,0,0,0,0,0,0,0,0,0,0,0,0,0,0,0,0,1,9,0,1,0,0,1,1,4,0,0,0,0,6,0,0,0,0,0,0,0,0,4,4,2,0,4,1,0,0,1,8,0,0,0,4,3,3,0,0,0,0,0,0,0,2,3,3,2
"2020-04-20",14,26,0,0,1,1,22,1,1,1,0,0,0,1,0,0,0,0,0,0,1,1,0,0,0,0,0,0,20.8833333333333,561.166666666667,89.1347222222223,-160.591666666667,1398.24416666667,239.614690382082,0,0,0,1,7,6,0,12,1,0,0,0,0,0,0,0,0,0,1,0,0,0,0,0,0,0,0,0,0,0,0,0,0,0,0,0,0,0,0,1,13,0,0,0,0,0,0,7,0,0,0,0,14,0,0,0,0,0,0,0,0,0,12,1,0,1,9,0,1,0,4,0,0,0,14,0,0,0,0,0,0,0,0,1,5,1,2,5
"2020-04-21",16,33,0,1,5,6,26,3,0,0,0,0,0,0,1,0,0,0,3,0,0,0,0,0,0,0,0,0,51.6666666666667,916,101.868253968254,-74.9333333333333,1579.96666666667,273.845360436665,0,16,0,4,8,3,1,13,0,0,0,0,0,0,1,0,0,0,0,0,0,0,0,0,0,0,0,0,1,0,0,0,1,0,0,0,0,0,0,2,14,0,0,0,0,2,3,3,0,0,0,0,9,0,0,0,0,0,0,0,0,6,11,1,0,3,3,0,1,0,10,0,0,0,8,5,2,0,0,0,0,0,1,0,4,3,5,3
"2020-04-22",29,52,0,0,10,10,41,5,0,0,1,1,0,0,3,0,0,0,1,0,1,1,0,0,0,0,1,1,-42.2916666666667,1441.54166666667,184.63621031746,-315.254166666667,2888.19458333333,496.344715791455,0,58,0,8,12,9,0,21,1,1,0,0,0,0,0,0,0,1,0,0,0,0,0,0,0,0,1,0,0,0,0,0,2,0,0,0,0,0,1,4,23,1,0,0,0,3,3,8,2,0,0,0,24,0,2,0,0,0,0,0,0,0,21,2,0,3,9,0,6,0,11,0,0,0,21,5,0,0,0,0,0,0,1,1,7,5,4,11
"2020-04-23",11,20,0,0,4,4,19,1,0,0,0,0,0,0,0,0,0,0,0,0,1,1,0,0,0,0,0,0,16.9583333333333,285.541666666667,70.0344246031746,-180.125,1106.26083333333,188.268685300207,0,33,0,3,3,5,0,9,1,0,0,0,0,0,0,0,0,0,0,0,0,0,0,0,0,0,0,0,0,0,0,0,0,0,0,0,0,0,1,0,10,1,0,0,0,2,0,5,0,0,0,0,10,0,0,0,0,0,0,0,0,1,8,2,0,1,3,0,1,0,5,0,0,0,11,0,0,0,0,0,0,0,2,0,3,1,3,2
"2020-04-24",16,31,0,0,5,5,24,1,0,0,1,0,0,1,4,0,0,0,0,0,1,1,0,0,0,0,1,1,87.8666666666667,424,101.868253968254,-206.6,1606.07333333333,273.845360436665,0,64,0,4,8,4,0,10,3,1,0,0,0,0,0,0,0,0,1,0,0,0,0,0,0,0,0,0,0,0,0,0,1,0,0,0,0,0,0,2,14,0,0,0,0,1,3,7,0,0,0,0,16,0,0,0,0,0,0,0,0,0,12,0,0,4,6,0,1,0,9,0,0,0,14,1,0,0,0,0,0,0,1,1,1,4,2,7
"2020-04-25",18,32,0,1,8,9,27,0,0,0,1,0,2,1,1,0,0,0,0,0,1,1,0,1,1,0,1,1,161.55,417,114.601785714286,-206.025,1815.7725,308.076030491248,18,90,0,7,7,3,1,13,1,1,0,0,0,0,0,0,0,0,0,0,0,0,0,0,0,1,0,0,0,0,0,0,1,0,1,0,0,0,0,2,15,1,1,0,0,0,5,7,0,0,0,0,18,0,0,0,0,0,0,0,0,0,15,0,0,3,10,0,1,0,6,0,0,0,16,0,0,0,0,0,0,0,1,1,1,4,2,9
"2020-04-26",4,7,0,0,0,0,5,0,0,0,0,0,0,0,2,0,0,0,0,0,0,0,0,0,0,0,0,0,36.5166666666667,128.5,25.4670634920635,-27.2666666666667,404.048333333333,68.4613401091662,4,24,0,0,2,2,0,2,0,0,0,0,0,0,0,0,1,0,1,0,0,0,0,0,0,0,0,0,0,0,0,0,0,0,0,0,0,0,0,2,2,0,1,0,0,1,1,0,0,0,0,0,4,0,0,0,0,0,0,0,0,0,4,0,0,0,1,0,0,0,3,0,0,0,4,0,0,0,0,0,0,0,1,0,1,2,0,0
"2020-04-27",14,26,0,0,3,3,22,2,0,0,1,0,0,0,0,0,0,0,1,0,0,0,0,0,0,0,1,1,107.625,535.5,89.1347222222223,-80.4416666666667,1414.76416666667,239.614690382082,0,0,0,3,7,4,0,11,0,1,0,0,0,0,0,0,0,0,0,0,0,0,0,0,0,0,1,0,0,0,0,0,1,0,0,0,0,0,0,2,12,0,0,0,0,0,1,6,0,0,0,0,13,0,0,0,0,0,0,0,0,0,12,0,1,0,7,0,0,1,5,0,0,0,5,8,0,0,0,0,0,0,1,0,3,2,5,3
"2020-04-28",17,34,0,0,5,5,24,4,0,0,2,0,1,0,1,0,0,0,2,0,0,0,0,0,0,0,1,1,145.208333333333,621.208333333333,108.23501984127,-102.920833333333,1720.23,290.960695463956,0,17,0,5,6,6,0,13,0,2,0,0,0,0,0,0,0,0,1,0,0,0,0,0,0,0,0,0,0,0,0,0,1,0,0,0,0,0,0,2,15,0,0,0,0,3,4,5,0,0,0,0,17,0,0,0,0,0,0,0,0,0,14,0,0,3,7,0,1,0,9,0,0,0,15,2,0,0,0,0,0,0,1,0,4,4,4,4
"2020-04-29",20,40,0,0,4,4,32,2,0,0,1,0,0,0,3,0,0,0,2,0,0,0,0,0,0,0,0,0,246.5,725.833333333333,127.335317460317,-57.1666666666667,2025.35,342.306700545831,0,40,0,3,9,8,0,16,0,1,0,0,0,0,0,0,0,0,0,0,0,0,0,0,0,1,0,0,1,0,0,0,0,0,0,0,0,0,0,2,17,0,1,0,0,1,2,11,0,0,0,0,17,0,0,0,0,0,0,0,0,1,15,1,0,2,9,0,2,0,6,0,0,0,16,2,0,0,0,0,0,0,1,0,3,6,2,8
"2020-04-30",17,36,0,0,4,4,30,4,1,0,0,0,0,0,0,0,0,1,0,0,0,0,0,0,0,0,0,0,171.841666666667,1255.875,108.23501984127,95.2,1711.36875,290.960695463956,0,51,0,3,7,7,0,15,0,0,0,0,0,0,0,0,0,0,1,0,0,0,0,0,0,0,0,0,0,0,0,0,0,0,0,0,0,0,0,1,15,0,0,0,0,1,1,4,0,0,0,0,5,0,0,0,0,0,0,0,0,12,9,5,0,3,5,0,1,0,9,0,0,0,5,2,9,0,1,0,0,0,1,1,4,3,2,6
"2020-05-01",15,32,0,0,5,5,21,3,0,0,2,0,1,1,2,0,0,1,1,0,0,0,0,1,1,0,1,1,181.5,1104.375,95.5014880952381,110.4375,1497.25,256.730025409373,0,60,0,4,5,6,0,11,0,2,0,0,0,0,0,0,1,0,1,0,0,0,0,0,0,0,0,0,0,0,0,0,0,0,0,0,0,0,0,2,13,0,0,0,0,1,2,5,0,0,0,0,11,0,0,0,0,0,0,0,0,3,11,0,0,3,6,0,2,1,4,0,1,0,9,4,1,0,0,0,0,0,0,0,6,1,1,7
"2020-05-02",23,50,0,0,8,8,41,1,0,0,6,1,0,1,0,0,0,0,0,0,0,0,0,0,0,0,5,5,296.220833333333,1104,146.435615079365,38.525,2306.1525,393.652705627706,23,115,0,8,9,6,0,14,0,6,0,0,0,0,0,0,0,1,0,0,0,0,0,0,0,0,1,0,0,0,0,0,0,0,0,0,0,0,1,2,20,1,0,0,1,4,3,7,0,0,0,0,21,0,0,0,0,1,0,0,0,1,20,1,0,2,6,0,2,1,13,0,1,0,22,1,0,0,0,0,0,0,3,1,7,5,3,4
"2020-05-03",18,33,0,0,7,7,29,0,0,0,2,0,0,0,1,0,0,0,1,0,0,0,0,0,0,0,2,2,262.95,1107,114.601785714286,126.675,1790.055,308.076030491248,18,108,0,4,10,4,0,9,0,2,0,0,0,0,1,0,0,0,1,0,0,0,0,0,0,0,1,0,1,0,0,0,1,0,0,0,0,0,1,4,12,1,0,0,0,1,5,6,0,0,0,0,10,0,0,0,0,0,0,0,0,7,10,1,0,6,7,0,1,1,8,0,0,0,8,4,5,0,0,0,0,0,2,2,5,2,2,5
"2020-05-04",12,23,0,0,0,0,18,2,0,0,1,1,0,0,1,0,0,0,0,0,0,0,0,0,0,0,0,0,108.75,695.5,76.4011904761905,12.45,1197.455,205.384020327499,0,0,0,0,5,7,0,6,0,1,0,0,0,0,0,0,0,0,1,0,0,0,0,0,0,0,0,0,1,0,0,0,1,0,0,0,0,0,0,3,7,0,0,0,1,1,1,4,0,0,0,0,12,0,0,0,0,0,0,0,0,0,9,0,1,2,5,0,0,0,7,0,0,0,6,6,0,0,0,0,0,0,3,0,0,3,3,3
"2020-05-05",16,30,0,2,5,7,22,1,0,0,2,0,0,2,1,0,0,0,2,0,2,2,0,0,0,0,2,2,105.8,818,101.868253968254,-49.1333333333333,1606.71333333333,273.845360436665,0,16,0,5,5,4,2,9,1,2,0,0,0,0,0,0,0,0,0,0,0,0,0,0,0,1,0,0,0,0,0,0,1,0,1,0,0,0,0,2,12,1,0,0,0,2,3,5,0,0,0,0,15,0,0,0,0,0,0,0,0,0,11,0,0,4,7,0,2,0,7,0,0,0,14,1,0,0,0,0,0,0,1,1,3,2,4,5
"2020-05-06",17,30,0,0,1,1,24,3,0,0,0,0,1,0,0,0,0,0,2,0,0,0,0,1,1,0,0,0,169.645833333333,643.875,108.23501984127,-67.5041666666667,1705.12833333333,290.960695463956,0,34,0,1,10,6,0,11,0,0,0,0,0,0,0,0,1,0,0,0,0,0,0,0,0,0,0,1,1,0,0,0,1,0,0,0,0,0,1,4,11,1,0,0,0,0,5,3,0,0,0,0,17,0,0,0,0,0,0,0,0,0,11,0,0,6,8,0,0,1,8,0,0,0,17,0,0,0,0,0,0,0,3,0,4,2,5,3
"2020-05-07",20,38,0,0,6,6,34,0,0,0,2,0,0,0,1,0,0,0,1,0,2,2,0,0,0,0,2,2,193,768.333333333333,127.335317460317,-98.5,1993.19166666667,342.306700545831,0,60,0,6,10,4,0,14,2,2,0,0,0,0,0,1,0,0,0,0,0,0,0,0,0,1,0,0,0,0,0,0,0,0,0,0,0,0,0,1,19,0,0,0,0,1,6,7,0,0,0,0,15,0,0,0,0,0,0,0,0,5,12,1,0,7,7,0,1,0,12,0,0,0,15,3,2,0,0,0,0,0,1,2,4,6,2,5
"2020-05-08",25,43,0,1,5,6,35,3,0,1,0,0,0,0,1,0,0,0,3,0,3,3,0,0,0,0,0,0,79.7916666666667,1330.20833333333,159.169146825397,-141.25,2494.03125,427.883375682289,0,100,0,5,8,11,1,14,3,0,0,0,0,0,0,0,1,0,0,0,0,0,0,0,0,1,1,0,0,0,0,0,1,0,0,0,0,0,2,4,17,2,0,0,0,4,1,4,0,0,0,0,23,0,0,0,0,0,0,0,0,2,21,0,0,4,14,0,0,1,9,0,0,0,21,2,0,0,0,2,0,0,7,1,4,3,1,9
"2020-05-09",27,55,0,0,7,7,49,1,0,0,1,0,1,0,1,0,0,0,2,0,1,1,0,1,1,0,0,0,72.1125,1102.5,171.902678571429,-257.175,2690.51625,462.114045736872,27,135,0,7,14,6,0,22,1,1,0,0,0,0,0,0,0,0,0,1,0,0,0,0,0,0,1,0,0,0,0,0,0,0,0,0,0,0,0,2,24,0,0,0,0,6,4,7,1,0,0,1,26,0,0,0,0,0,0,0,0,1,19,1,0,7,11,0,1,0,15,0,0,0,23,4,0,0,0,0,0,0,2,1,5,5,6,8
"2020-05-10",10,19,0,0,2,2,19,0,0,0,0,0,0,0,0,0,0,0,0,0,0,0,0,0,0,0,0,0,58.3333333333333,485,63.6676587301587,-44.0416666666667,1000.9625,171.153350272916,10,60,0,2,4,4,0,8,0,0,0,0,0,0,0,0,0,0,0,0,0,0,0,0,0,1,0,0,0,0,0,0,0,0,0,0,0,1,0,1,8,1,0,0,0,2,3,3,0,0,0,0,10,0,0,0,0,0,0,0,0,0,7,0,0,2,3,0,0,0,6,0,1,0,7,3,0,0,0,0,0,0,0,0,1,3,2,4
"2020-05-11",23,45,0,1,6,7,33,4,1,2,0,2,1,0,0,0,0,0,2,0,2,2,0,1,1,0,0,0,143.079166666667,1308.125,146.435615079365,-44.275,2303.20083333333,393.652705627706,0,0,0,6,11,5,1,18,2,0,0,0,0,0,0,0,0,0,0,0,0,0,0,0,0,0,0,0,1,0,0,0,0,0,1,0,0,0,1,1,20,2,0,0,0,2,4,8,1,0,0,0,19,0,0,0,0,0,0,0,0,2,20,0,0,2,9,0,0,0,13,0,0,0,16,3,2,0,0,0,0,0,0,0,9,5,2,7
"2020-05-12",12,27,0,0,3,3,23,1,0,1,0,0,0,0,1,0,0,0,1,0,1,1,0,0,0,0,0,0,62.1,323.5,76.4011904761905,-152.8,1206.53,205.384020327499,0,12,0,3,4,5,0,9,1,0,0,0,0,0,0,1,0,0,0,0,0,0,0,0,0,0,0,0,0,0,0,0,0,0,0,0,0,0,1,0,11,1,0,0,0,0,1,4,0,0,0,0,12,0,0,0,0,0,0,0,0,0,12,0,0,0,8,0,1,0,2,0,0,0,12,0,0,0,0,0,0,0,2,0,2,2,4,2
"2020-05-13",20,43,0,0,6,6,34,5,0,1,1,0,1,0,0,0,0,0,1,0,0,0,0,1,1,0,1,1,171.166666666667,561.666666666667,127.335317460317,-189.833333333333,2025.525,342.306700545831,0,40,0,4,8,8,0,18,0,1,0,0,0,0,0,0,0,0,0,0,0,0,0,0,0,0,0,0,0,0,0,0,1,0,0,0,0,0,0,1,19,0,0,0,0,1,3,7,0,0,0,0,20,0,0,0,0,0,0,0,0,0,19,0,0,1,9,0,1,0,10,0,0,0,20,0,0,0,0,0,0,0,1,3,3,8,4,1
"2020-05-14",13,23,0,1,1,2,14,3,0,0,2,0,1,0,2,0,0,0,1,0,1,1,0,0,0,0,1,1,164.991666666667,417.083333333333,82.7679563492064,-64.35,1315.12333333333,222.49935535479,0,39,0,1,6,5,1,7,1,2,0,0,0,0,1,0,1,0,0,0,0,0,0,0,0,0,0,0,1,0,0,0,0,0,0,0,0,0,0,2,11,0,1,0,0,3,1,3,1,0,0,0,13,0,0,0,0,0,0,0,0,0,10,0,0,3,4,0,1,0,8,0,0,0,13,0,0,0,0,0,0,0,2,0,4,0,4,3
"2020-05-15",16,30,0,0,2,2,27,2,0,1,0,0,0,0,0,0,0,0,0,0,0,0,0,0,0,0,0,0,189.866666666667,1162.66666666667,101.868253968254,101.666666666667,1603.55333333333,273.845360436665,0,64,0,2,6,8,0,14,0,0,0,1,0,0,0,0,0,0,0,0,0,0,0,0,0,1,0,0,0,0,0,0,0,0,0,0,0,0,0,1,15,0,0,0,0,1,2,6,1,0,0,0,7,0,0,0,0,0,0,0,0,7,12,1,1,1,5,0,2,0,9,0,0,0,7,1,5,0,1,0,0,0,2,0,4,2,1,7
"2020-05-16",23,40,0,0,8,8,32,0,0,1,2,0,1,0,2,0,0,0,2,0,2,2,0,1,1,0,2,2,312.5125,1517.04166666667,146.435615079365,161.191666666667,2322.81791666667,393.652705627706,23,115,0,8,5,10,0,13,2,1,0,0,0,0,1,0,0,0,1,0,0,0,0,0,0,0,0,0,2,0,0,0,1,0,0,0,0,0,2,4,17,2,1,0,0,3,3,8,0,0,0,0,23,0,0,0,0,0,0,0,0,0,14,1,1,7,8,0,1,1,11,0,1,0,20,2,0,0,0,0,0,0,0,2,5,5,1,10