"Date","NB_Accidents","NB_VEH_IMPLIQUES_ACCDN","NB_MORTS","NB_BLESSES_GRAVES","NB_BLESSES_LEGERS","NB_VICTIMES_TOTAL","nb_automobile_camion_leger","nb_camionLourd_tractRoutier","nb_outil_equipement","nb_tous_autobus_minibus","nb_bicyclette","nb_cyclomoteur","nb_motocyclette","nb_taxi","nb_urgence","nb_motoneige","nb_VHR","nb_autres_types","nb_veh_non_precise","NB_DECES_PIETON","NB_BLESSES_PIETON","NB_VICTIMES_PIETON","NB_DECES_MOTO","NB_BLESSES_MOTO","NB_VICTIMES_MOTO","NB_DECES_VELO","NB_BLESSES_VELO","NB_VICTIMES_VELO","Temp","Rel.Hum","Wind.Spd","Dew.Point.Temp","Stn_Press","Wind.Dir","weekdays","days","SeverityDeadly","SeverityLight Injury","SeverityMaterial High","SeverityMaterial Low","SeveritySevere Injury","as.factor(Accident_Type)31","as.factor(Accident_Type)32","as.factor(Accident_Type)33","as.factor(Accident_Type)34","as.factor(Accident_Type)35","as.factor(Accident_Type)36","as.factor(Accident_Type)37","as.factor(Accident_Type)38","as.factor(Accident_Type)39","as.factor(Accident_Type)40","as.factor(Accident_Type)41","as.factor(Accident_Type)42","as.factor(Accident_Type)43","as.factor(Accident_Type)44","as.factor(Accident_Type)45","as.factor(Accident_Type)46","as.factor(Accident_Type)47","as.factor(Accident_Type)48","as.factor(Accident_Type)49","as.factor(Accident_Type)50","as.factor(Accident_Type)51","as.factor(Accident_Type)52","as.factor(Accident_Type)53","as.factor(Accident_Type)54","as.factor(Accident_Type)55","as.factor(Accident_Type)59","as.factor(Accident_Type)71","as.factor(Accident_Type)72","as.factor(Accident_Type)73","as.factor(Accident_Type)74","as.factor(Accident_Type)75","as.factor(Accident_Type)99","Accident_CategoryFixed Object","Accident_CategoryMoving Object","Accident_CategoryNo Collision","Auth_Speed10","Auth_Speed100","Auth_Speed20","Auth_Speed30","Auth_Speed40","Auth_Speed50","Auth_Speed60","Auth_Speed70","Auth_Speed80","Auth_Speed90","Surface_CondDry","Surface_CondHard snow","Surface_CondIce","Surface_CondMud","Surface_CondOil","Surface_CondSand or gravel","Surface_CondSlush","Surface_CondSnow","Surface_CondWater accumulation","Surface_CondWet","IlluminationDay and clear","IlluminationDay and semi-dark","IlluminationNight and dark","IlluminationNight and lighted","EnvironmentCommercial","EnvironmentForest","EnvironmentIndustrial","EnvironmentPark","EnvironmentResidential","EnvironmentRural","EnvironmentSchool area","WeatherBlack Ice","WeatherClear Sky","WeatherCloudy","WeatherDrizzle","WeatherFoggy","WeatherHeavy Rain","WeatherSnow","WeatherSnowstorms","WeatherStrong Wind","cluster_id_0","cluster_id_1","cluster_id_2","cluster_id_3","cluster_id_4","cluster_id_5"
"2020-05-17",14,27,0,0,3,3,23,0,0,0,0,0,0,0,2,0,0,0,2,0,0,0,0,0,0,0,0,0,215.833333333333,642.25,89.1347222222223,47.1333333333333,1421.56,239.614690382082,14,84,0,3,9,2,0,12,0,0,0,0,0,0,0,0,0,0,0,0,0,1,0,0,0,0,0,0,1,0,0,0,0,0,0,0,0,0,0,2,12,0,0,0,0,0,1,3,0,0,0,0,12,0,0,0,0,0,0,0,0,0,12,0,0,1,10,0,0,0,3,0,0,0,13,0,0,0,0,0,0,0,2,1,0,5,2,4
"2020-05-18",16,31,0,0,8,8,23,0,0,1,3,0,0,0,2,0,0,0,2,0,1,1,0,0,0,0,3,3,222.466666666667,386.666666666667,101.868253968254,-106.8,1625.91333333333,273.845360436665,0,0,0,5,6,5,0,11,1,3,0,0,0,0,0,0,0,0,0,0,0,0,0,0,0,0,0,0,0,0,0,0,0,0,0,0,0,0,0,0,15,0,0,0,0,2,2,4,0,0,0,0,16,0,0,0,0,0,0,0,0,0,13,0,0,3,5,0,1,0,10,0,0,0,16,0,0,0,0,0,0,0,2,0,2,6,3,3
"2020-05-19",30,55,0,0,7,7,43,4,0,0,3,1,2,0,1,0,0,0,1,0,0,0,0,1,1,0,3,3,424.75,1172.5,191.002976190476,-3.125,3057.7,513.460050818746,0,30,0,7,13,10,0,22,0,3,0,0,0,0,0,0,1,0,0,0,0,0,0,0,0,0,0,0,2,0,0,0,2,0,0,0,0,0,0,5,25,0,1,0,0,5,8,9,0,0,0,0,29,0,0,0,0,0,0,0,0,0,26,0,0,2,12,0,3,3,11,0,0,0,29,0,0,0,0,0,0,0,2,2,10,5,4,7
"2020-05-20",33,61,0,0,7,7,48,8,1,1,1,0,1,0,0,0,0,0,1,0,0,0,0,0,0,0,0,0,554.8125,1214.125,210.103273809524,40.975,3364.72125,564.806055900621,0,66,0,6,14,13,0,25,1,1,0,0,0,0,0,0,0,0,0,0,0,0,0,0,0,1,0,0,0,0,0,0,3,0,0,0,0,0,1,4,27,1,0,0,0,4,4,16,0,1,0,0,31,0,0,0,0,0,0,0,0,1,29,1,0,2,13,0,3,0,16,0,0,0,31,0,0,0,0,0,0,0,3,6,4,4,5,11
"2020-05-21",31,66,0,2,9,11,51,3,0,0,5,0,3,0,0,0,0,0,4,0,1,1,0,3,3,0,4,4,625.0375,891.25,197.369742063492,18.3416666666667,3144.73041666667,530.575385846038,0,93,0,8,11,10,2,20,2,5,0,0,0,0,0,0,1,1,0,0,0,0,0,0,0,0,0,0,0,0,0,0,0,0,0,0,0,0,0,2,27,0,0,0,0,4,8,8,0,0,0,0,30,0,0,0,0,0,0,0,0,0,24,2,0,4,9,0,5,0,14,0,1,0,30,0,0,0,0,0,0,0,3,3,12,2,7,4
"2020-05-22",28,58,0,0,13,13,49,2,0,1,3,1,0,0,1,0,0,1,0,0,1,1,0,0,0,0,3,3,604.1,819,178.269444444445,76.0666666666667,2819.86833333333,479.229380764163,0,112,0,12,11,5,0,20,1,4,0,0,0,0,0,0,0,0,0,0,0,0,0,0,0,0,0,0,1,0,0,0,1,0,0,0,0,0,1,2,25,1,0,0,0,3,5,6,1,0,0,0,28,0,0,0,0,0,0,0,0,0,23,0,0,5,11,0,1,0,15,0,1,0,28,0,0,0,0,0,0,0,1,0,8,9,4,6
"2020-05-23",24,49,0,0,8,8,42,0,0,0,2,0,0,1,3,0,0,0,1,0,1,1,0,0,0,0,2,2,419.7,694,152.802380952381,-22.9,2426.84,410.768040654997,24,120,0,7,11,6,0,17,1,3,0,0,0,0,0,0,1,0,0,0,0,0,0,0,0,0,0,0,0,0,0,0,2,0,0,0,0,0,0,3,21,0,0,0,0,2,7,7,0,0,0,0,24,0,0,0,0,0,0,0,0,0,16,0,0,8,7,0,2,1,13,0,0,0,24,0,0,0,0,0,0,0,1,1,3,4,4,11
"2020-05-24",25,48,0,0,11,11,38,0,0,0,5,0,1,2,1,0,0,0,1,0,1,1,0,2,2,0,4,4,458.020833333333,1063.54166666667,159.169146825397,123.75,2529.88541666667,427.883375682289,25,150,0,10,9,6,0,15,1,5,0,0,0,0,0,0,1,0,0,0,0,0,0,0,0,0,1,0,1,0,0,0,0,0,0,0,0,0,1,3,21,1,0,0,0,1,5,10,0,0,0,0,25,0,0,0,0,0,0,0,0,0,15,0,1,9,11,0,0,1,13,0,0,0,24,1,0,0,0,0,0,0,2,3,3,6,6,5
"2020-05-25",27,50,0,1,3,4,37,3,0,0,1,0,0,0,5,0,0,1,3,0,3,3,0,0,0,0,0,0,536.175,1522.125,171.902678571429,289.575,2725.99875,462.114045736872,0,0,0,3,9,14,1,19,4,1,0,0,0,0,0,0,0,0,0,0,0,0,0,0,0,1,0,0,0,0,0,0,1,0,0,0,0,0,1,2,24,1,0,0,0,2,6,8,0,0,0,0,27,0,0,0,0,0,0,0,0,0,24,1,0,2,13,0,2,0,10,0,0,0,22,5,0,0,0,0,0,0,0,2,10,6,5,4
"2020-05-26",40,70,0,0,13,13,57,6,0,0,3,0,1,0,1,0,0,1,1,0,3,3,0,1,1,0,3,3,1015.33333333333,2343.33333333333,254.670634920635,647.333333333333,4038.61666666667,684.613401091662,0,40,0,13,21,6,0,24,3,3,0,0,0,0,0,0,0,0,0,0,0,0,0,0,0,2,0,0,3,0,0,0,2,0,0,0,0,1,1,7,30,2,0,0,0,2,4,17,0,0,0,0,39,0,0,0,0,1,0,0,0,0,37,0,0,3,16,0,3,0,21,0,0,0,39,0,0,0,0,0,0,0,6,4,5,10,4,11
"2020-05-27",34,69,0,1,9,10,52,7,2,0,3,0,1,1,0,0,0,0,3,0,0,0,0,1,1,0,3,3,981.608333333333,1724.08333333333,216.47003968254,584.375,3429.52333333333,581.921390927913,0,68,0,9,17,7,1,28,0,3,0,0,0,0,0,0,0,0,0,0,0,0,0,0,0,0,0,0,1,0,0,0,1,0,0,0,0,0,0,2,31,0,0,0,0,3,4,9,1,0,0,0,34,0,0,0,0,0,0,0,0,0,26,1,0,7,18,0,2,0,13,0,0,0,33,1,0,0,0,0,0,0,3,1,14,2,5,9
"2020-05-28",29,60,0,2,11,13,48,5,0,1,2,1,0,1,1,0,0,0,1,0,3,3,0,0,0,0,2,2,753.6375,1718.25,184.63621031746,502.425,2918.36666666667,496.344715791455,0,87,0,8,10,9,2,20,4,2,0,0,0,0,0,0,0,0,0,0,0,0,0,0,0,0,0,0,3,0,0,0,0,0,0,0,0,0,0,3,26,0,1,0,0,6,4,4,0,0,0,0,29,0,0,0,0,0,0,0,0,0,24,0,1,4,9,0,1,0,18,0,1,0,25,4,0,0,0,0,0,0,4,0,4,8,5,8
"2020-05-29",27,53,0,0,9,9,43,4,0,0,2,0,1,0,2,0,0,0,1,0,0,0,0,1,1,0,2,2,674.325,1785.375,171.902678571429,479.475,2697.64875,462.114045736872,0,108,0,9,8,10,0,20,1,2,0,0,0,0,0,0,0,0,0,1,0,0,0,0,0,0,0,0,0,0,0,0,2,0,0,0,0,0,1,3,23,1,0,0,0,0,6,10,0,0,0,0,25,0,0,0,0,0,0,0,0,1,22,0,1,3,12,0,3,0,12,0,0,0,23,2,1,0,0,0,0,0,5,1,8,6,4,3
"2020-05-30",21,40,0,0,6,6,35,2,0,0,2,0,1,0,0,0,0,0,0,0,0,0,0,2,2,0,2,2,357.7875,1424.5,133.702083333333,220.4125,2099.8075,359.422035573123,21,105,0,4,10,7,0,14,1,2,0,0,0,0,0,0,0,0,0,0,0,0,0,0,0,1,0,0,0,0,0,0,1,0,0,0,0,0,2,2,17,2,0,0,0,0,5,8,0,0,0,0,14,0,0,0,0,0,0,0,0,5,16,1,0,3,6,0,0,1,12,0,1,0,14,3,3,0,0,0,0,0,1,0,6,3,5,6
"2020-05-31",28,48,0,0,5,5,39,2,0,0,2,0,1,0,1,0,0,0,3,0,3,3,0,0,0,0,0,0,245.7,1579.66666666667,178.269444444445,1.4,2828.11666666667,479.229380764163,28,168,0,5,15,8,0,18,2,2,0,0,0,0,0,0,1,0,0,0,0,0,0,0,0,1,0,0,0,0,0,0,2,0,0,0,0,0,0,4,22,0,0,0,0,3,6,5,1,0,0,0,22,0,0,0,0,0,0,0,0,3,19,1,0,7,9,1,1,1,16,0,0,0,18,5,3,0,0,0,0,0,0,0,7,10,6,5
"2020-06-01",35,63,0,1,7,8,53,3,0,1,2,0,0,0,3,0,0,0,1,0,2,2,0,0,0,0,2,2,334.979166666667,2391.66666666667,222.836805555556,130.958333333333,3537.58125,599.036725955204,0,0,0,6,15,13,1,26,2,1,0,0,0,0,0,0,0,0,2,0,0,0,0,0,0,0,1,0,1,0,0,0,1,0,0,0,0,0,0,5,29,0,0,0,0,3,6,15,0,0,0,0,32,0,0,0,0,0,0,0,0,3,26,0,1,7,14,0,7,1,12,0,1,0,31,1,2,0,0,0,0,0,2,3,11,6,3,10
"2020-06-02",38,71,0,0,11,11,56,7,1,0,1,0,2,1,0,0,0,0,3,0,3,3,0,1,1,0,1,1,469.775,2642.58333333333,241.937103174603,253.175,3815.39,650.382731037079,0,38,0,9,19,10,0,29,3,0,0,0,0,0,0,0,1,0,0,0,0,0,0,0,0,0,0,1,1,0,0,0,2,0,0,0,0,1,0,5,32,1,0,0,0,4,6,14,0,0,0,0,35,0,0,0,0,0,0,0,0,2,32,1,0,3,13,0,2,1,21,0,0,0,31,4,2,0,0,0,0,0,1,2,9,7,6,13
"2020-06-03",27,49,0,1,8,9,38,4,0,1,4,0,0,0,1,0,0,1,0,0,2,2,0,0,0,0,3,3,358.65,2334.375,171.902678571429,297.7875,2684.115,462.114045736872,0,54,0,8,10,8,1,17,2,4,0,0,0,0,0,0,0,0,2,0,0,0,0,0,0,0,0,0,1,0,0,0,0,0,0,0,0,0,1,3,23,1,0,0,0,4,6,7,1,0,0,0,24,0,0,0,0,0,0,0,0,2,19,1,0,7,9,0,2,0,15,0,1,0,21,3,2,0,0,0,0,0,2,3,9,3,4,6
"2020-06-04",34,63,0,2,10,12,49,4,0,0,5,1,1,1,2,0,0,0,0,0,1,1,0,1,1,0,5,5,649.258333333333,2219.91666666667,216.47003968254,399.358333333333,3393.4975,581.921390927913,0,102,0,9,16,7,2,21,1,4,0,0,0,0,2,0,0,1,0,0,0,0,0,0,0,0,2,0,1,0,0,0,1,0,0,0,0,0,1,5,28,1,0,0,0,3,6,16,0,0,0,0,33,0,0,0,0,0,0,0,0,0,30,1,0,2,17,0,0,0,15,0,0,0,31,1,0,0,0,0,0,0,2,1,14,4,8,5
"2020-06-05",44,94,0,1,18,19,74,7,0,0,7,0,2,1,1,0,0,0,2,0,3,3,0,2,2,0,7,7,1012.73333333333,2088.16666666667,280.137698412699,470.8,4397.56166666667,753.074741200828,0,176,0,17,18,8,1,28,3,6,0,0,0,1,0,1,0,0,1,0,0,0,0,0,0,0,1,0,0,0,0,0,0,0,0,0,0,0,2,2,39,2,1,0,0,8,12,13,0,0,0,0,41,0,0,0,0,0,0,0,0,1,40,0,0,3,16,0,1,2,23,0,2,0,41,0,1,0,0,0,0,0,2,5,12,10,4,11
"2020-06-06",38,81,0,0,15,15,64,4,0,3,4,0,3,1,1,0,0,0,1,0,0,0,0,2,2,0,3,3,754.933333333333,2468.41666666667,241.937103174603,474.683333333333,3795.04416666667,650.382731037079,38,190,0,11,16,11,0,32,0,1,0,0,0,0,0,0,0,0,0,0,0,0,0,0,0,0,0,0,0,0,0,0,1,0,0,0,0,1,3,1,33,4,0,0,0,6,4,14,0,0,0,0,32,0,0,0,0,0,0,0,0,6,28,2,0,8,17,0,3,0,17,0,1,0,30,4,4,0,0,0,0,0,5,3,6,7,4,13
"2020-06-07",30,57,0,0,3,3,44,2,0,0,3,0,0,0,2,0,0,0,6,0,1,1,0,0,0,0,1,1,517.75,1350,191.002976190476,133.875,3015.15,513.460050818746,30,180,0,3,16,11,0,22,1,3,0,0,0,0,0,0,1,0,0,0,0,0,0,0,0,2,0,0,0,0,0,0,1,0,0,0,0,0,0,4,26,0,1,0,0,3,6,12,1,0,0,0,30,0,0,0,0,0,0,0,0,0,21,2,0,7,12,0,1,0,15,0,1,0,29,1,0,0,0,0,0,0,1,1,8,5,9,6
"2020-06-08",32,73,0,1,17,18,59,5,0,0,3,0,2,0,2,0,0,0,2,0,2,2,0,1,1,0,2,2,565.866666666667,1293.33333333333,203.736507936508,115.6,3220.13333333333,547.69072087333,0,0,0,11,11,9,1,26,2,3,0,0,0,0,0,0,0,0,0,0,0,0,0,0,0,0,0,0,0,0,0,0,1,0,0,0,0,0,0,1,31,0,0,0,0,2,4,7,0,1,0,0,30,0,0,0,0,1,0,0,0,0,26,0,1,4,13,0,2,1,14,1,1,0,30,1,0,0,0,0,0,0,3,3,8,6,6,6
"2020-06-09",30,65,0,0,8,8,48,9,0,0,4,1,0,1,0,0,0,0,2,0,0,0,0,0,0,0,4,4,542.125,1592.5,191.002976190476,248.375,3014.525,513.460050818746,0,30,0,7,12,11,0,24,0,3,0,0,0,0,1,1,0,0,0,0,0,0,0,1,0,0,0,0,0,0,0,0,0,0,0,0,0,0,0,1,29,0,0,0,0,2,5,9,1,0,0,0,30,0,0,0,0,0,0,0,0,0,23,1,0,6,11,0,1,0,18,0,0,0,26,4,0,0,0,0,0,0,0,5,12,2,5,6
"2020-06-10",31,58,0,0,12,12,41,7,0,0,6,0,2,1,0,0,0,0,1,0,3,3,0,2,2,0,5,5,632.4,1897.52631578947,300.7,388.152631578947,3108.61473684211,585.9,0,62,0,12,15,4,0,17,3,6,0,0,0,0,0,0,0,1,0,1,0,0,0,0,0,0,0,0,0,0,0,0,1,0,0,0,0,0,0,3,26,0,0,0,1,5,7,11,0,0,0,0,30,0,0,0,0,0,0,0,0,0,23,0,0,7,13,0,2,0,15,0,0,0,28,2,0,0,0,0,0,0,2,1,4,9,6,9
"2020-06-11",50,105,0,1,14,15,81,12,1,1,4,0,2,0,2,0,0,0,2,0,1,1,0,0,0,0,2,2,1123.125,3058.33333333333,431.25,705.416666666667,5002.9375,1012.5,0,150,0,12,23,14,1,40,1,3,0,0,0,0,0,0,0,1,0,1,1,0,0,0,0,0,0,0,0,0,0,0,1,0,0,0,0,0,1,4,44,1,1,0,0,8,11,14,0,0,0,0,45,0,0,0,0,0,0,0,0,5,41,3,0,5,19,0,2,0,29,0,0,0,42,5,1,0,0,0,0,1,4,6,9,9,6,16
"2020-06-12",42,86,0,3,12,15,66,7,1,1,2,0,3,0,4,0,0,0,2,0,2,2,0,1,1,0,1,1,710.675,2231.25,337.75,289.275,4228.595,889,0,168,0,9,17,14,2,32,1,1,0,0,0,1,0,0,1,0,0,0,1,0,0,0,0,0,2,0,1,0,0,0,0,0,0,0,0,0,2,5,35,2,0,0,0,5,5,14,0,0,0,0,41,0,0,0,0,0,0,0,0,0,34,2,0,5,20,0,7,0,15,0,0,0,39,1,0,0,0,0,0,1,3,3,5,10,13,8
"2020-06-13",24,42,0,0,8,8,35,2,0,1,1,0,3,0,0,0,0,0,0,0,3,3,0,1,1,0,1,1,278.1,1376,124,80.2,2437.35,737,24,120,0,8,10,6,0,15,2,1,0,0,0,0,1,0,0,0,1,0,0,0,0,0,0,1,0,0,0,0,0,0,0,0,1,0,0,0,1,2,19,2,0,0,0,4,3,7,0,0,0,0,22,0,0,0,0,0,0,0,0,2,19,1,0,4,10,0,1,0,12,0,0,0,18,5,1,0,0,0,0,0,4,1,3,4,2,10
"2020-06-14",27,53,0,0,5,5,43,2,0,1,2,0,0,0,4,0,0,0,1,0,2,2,0,0,0,0,0,0,428.2875,1156.5,204.75,74.5875,2758.455,173.25,27,162,0,5,15,7,0,20,2,2,0,1,0,0,0,0,0,0,0,0,0,0,0,0,0,2,0,0,0,0,0,0,0,0,0,0,0,0,0,2,25,0,0,0,0,4,5,5,1,0,0,0,27,0,0,0,0,0,0,0,0,0,21,0,1,5,15,0,0,0,10,0,1,0,26,0,0,0,0,0,0,0,1,2,7,6,5,6
"2020-06-15",32,59,1,1,15,17,48,2,1,0,2,1,2,0,2,0,0,0,1,1,2,3,0,0,0,0,2,2,588,1354.66666666667,136,140.666666666667,3269.25333333333,498.666666666667,0,0,1,10,9,11,1,20,3,2,0,0,0,0,0,0,0,0,2,1,0,0,0,0,0,0,0,0,0,0,0,0,1,0,0,0,0,0,0,4,25,0,0,0,0,2,5,13,1,0,0,0,30,0,0,0,0,0,0,0,0,0,27,0,0,2,13,0,1,1,13,0,0,0,29,0,0,0,0,0,0,0,1,1,5,3,7,15
"2020-06-16",51,102,1,0,14,15,81,5,0,1,8,0,0,0,3,0,0,1,3,0,4,4,0,0,0,1,7,8,1129.65,1740.375,250.75,264.775,5195.4125,1213.375,0,51,1,13,23,14,0,35,4,6,0,0,0,0,0,0,0,0,1,1,0,0,0,0,0,0,0,0,0,0,0,0,1,0,0,0,0,0,2,3,45,2,0,0,0,3,4,23,1,0,0,0,50,0,0,0,0,1,0,0,0,0,41,1,1,8,24,0,3,2,21,0,0,0,51,0,0,0,0,0,0,0,4,4,14,10,10,9
"2020-06-17",52,105,0,1,17,18,79,7,0,1,10,1,2,1,1,0,0,0,3,0,2,2,0,1,1,0,8,8,1288.51666666667,1980.33333333333,260,479.266666666667,5272.30166666667,1263.16666666667,0,104,0,14,13,24,1,40,2,7,0,0,0,0,0,0,1,0,0,0,0,0,0,0,0,1,0,0,0,0,0,0,1,0,0,0,0,0,0,3,49,0,0,0,1,8,5,20,0,0,1,0,52,0,0,0,0,0,0,0,0,0,44,1,0,6,28,0,1,0,23,0,0,0,51,1,0,0,0,0,0,0,5,2,10,9,6,20
"2020-06-18",64,123,1,1,21,23,91,12,1,2,3,2,2,0,4,0,0,1,5,0,4,4,1,0,1,0,2,2,1729.86666666667,2410.66666666667,365.333333333333,696,6463.6,1578.66666666667,0,192,1,16,25,21,1,47,3,3,0,0,0,0,0,0,0,0,0,0,0,0,0,0,0,0,1,0,0,0,0,0,6,0,0,0,0,0,1,7,53,1,0,0,1,3,11,23,2,0,0,0,61,0,0,0,0,0,0,0,0,0,48,1,2,10,29,0,5,1,27,0,0,0,62,0,0,0,0,0,0,0,5,5,13,10,17,14
"2020-06-19",48,85,0,2,13,15,65,5,0,3,5,0,1,2,4,0,0,0,0,0,4,4,0,1,1,0,5,5,1304.4,2294,274,711.2,4834.8,1102,0,192,0,12,22,12,2,27,4,5,0,0,0,0,0,0,1,1,1,0,0,0,0,0,0,1,1,0,0,0,0,0,4,0,0,0,0,0,2,9,36,2,0,0,0,5,5,16,0,0,0,0,48,0,0,0,0,0,0,0,0,0,39,2,0,7,12,0,2,1,29,0,2,0,46,2,0,0,0,0,0,0,6,0,15,8,4,15
"2020-06-20",37,77,0,0,5,5,70,1,0,0,2,0,2,0,1,0,0,1,0,0,0,0,0,2,2,0,1,1,1030.45,1725.125,200.416666666667,552.070833333333,3722.13833333333,875.666666666667,37,185,0,5,24,8,0,33,0,2,0,0,0,0,0,0,0,0,0,0,0,0,0,0,0,0,0,0,0,0,0,0,1,0,0,0,0,1,0,1,35,1,0,0,0,1,7,18,0,1,0,0,36,0,0,0,0,0,0,0,0,1,32,0,0,4,21,0,3,0,13,0,0,0,37,0,0,0,0,0,0,0,7,2,7,6,6,9
"2020-06-21",34,65,0,2,11,13,55,0,0,0,4,1,0,0,2,0,0,0,3,0,4,4,0,0,0,0,3,3,938.258333333333,1816.16666666667,144.5,571.058333333333,3415.14416666667,723.916666666667,34,204,0,10,17,5,2,23,3,4,0,0,0,0,0,0,2,0,0,0,0,0,0,0,0,0,0,0,1,0,0,0,1,0,0,0,0,0,0,4,30,0,0,0,0,1,5,12,0,0,0,0,34,0,0,0,0,0,0,0,0,0,22,2,0,10,11,1,3,0,18,0,1,0,32,2,0,0,0,0,0,0,5,3,6,7,4,9
"2020-06-22",44,92,0,0,15,15,80,6,0,0,2,1,0,0,1,0,0,1,1,0,0,0,0,0,0,0,1,1,1253.45,2225.66666666667,216.333333333333,729.3,4411.09166666667,995.5,0,0,0,13,15,16,0,37,0,3,0,0,0,0,0,0,1,0,0,1,0,0,0,0,0,0,0,0,1,0,0,0,1,0,0,0,0,0,0,4,40,0,0,0,0,1,5,19,0,0,0,0,43,0,0,0,0,0,0,0,0,0,34,0,1,8,19,0,1,0,24,0,0,0,43,0,0,0,0,0,0,0,9,5,8,5,7,10
"2020-06-23",44,86,0,1,8,9,65,8,1,2,2,0,3,0,3,0,0,0,2,0,1,1,0,2,2,0,2,2,1166.36666666667,2828.83333333333,229.166666666667,822.616666666667,4381.77666666667,876.333333333333,0,44,0,8,19,16,1,34,1,1,0,0,0,0,0,1,1,0,1,1,1,0,0,0,0,2,0,0,0,0,0,0,0,0,0,0,0,0,1,6,37,1,0,0,0,3,2,15,0,0,0,0,38,0,0,0,0,0,0,0,0,6,38,1,0,4,21,0,2,0,21,0,0,0,36,4,3,0,0,0,0,0,6,3,11,7,4,13
"2020-06-24",17,35,0,0,5,5,28,0,0,0,0,0,1,0,4,0,0,0,2,0,0,0,0,0,0,0,0,0,365.358333333333,1102.875,131.041666666667,241.966666666667,1690.33125,348.5,0,34,0,3,8,6,0,15,0,0,0,0,0,0,0,0,0,0,0,0,0,0,0,0,0,0,0,0,0,0,0,0,0,0,0,0,0,0,1,0,15,1,0,0,0,1,2,7,0,0,0,0,15,0,0,0,0,0,0,0,0,0,11,0,0,5,8,0,0,0,8,0,0,0,13,2,0,0,0,0,0,0,0,0,7,2,3,5
"2020-06-25",49,95,0,0,12,12,69,12,0,0,4,0,0,1,4,0,0,2,3,0,0,0,0,0,0,0,4,4,983.470833333333,2713.375,343,521.2375,4904.655,1022.875,0,147,0,11,25,13,0,39,0,4,0,0,0,0,0,1,0,0,0,1,0,0,0,0,0,0,0,0,1,0,0,0,2,0,0,0,0,0,0,4,44,0,0,0,0,3,11,16,0,0,0,0,47,0,0,0,0,0,0,0,0,0,39,0,0,7,22,0,0,0,24,0,1,0,42,5,0,0,0,0,0,0,4,0,11,10,4,20
"2020-06-26",24,41,0,0,8,8,34,2,0,0,1,1,0,0,1,0,0,0,2,0,0,0,0,0,0,0,1,1,522.7,1326,167,290.3,2403.72,496,0,96,0,6,10,8,0,15,0,1,0,0,0,0,0,0,4,0,2,0,0,0,0,0,0,0,1,0,0,0,0,0,0,0,0,0,0,0,0,7,16,0,0,0,0,2,1,9,0,0,0,0,24,0,0,0,0,0,0,0,0,0,22,0,0,2,13,0,1,1,6,0,2,0,22,2,0,0,0,0,0,0,1,1,7,4,5,6
"2020-06-27",22,48,0,1,9,10,41,1,1,0,1,0,1,0,1,0,0,1,1,0,1,1,0,0,0,0,1,1,484.916666666667,1323.66666666667,103.583333333333,300.575,2193.47333333333,413.416666666667,22,110,0,5,11,5,1,17,0,1,0,0,0,0,1,0,2,0,0,0,0,0,0,0,0,0,0,0,0,0,0,0,0,0,0,0,0,0,0,2,19,0,0,0,0,3,3,4,1,0,0,0,15,0,0,0,0,1,0,0,0,3,13,1,0,6,6,0,1,2,11,0,0,0,11,6,2,0,0,0,0,0,4,1,5,3,5,4
"2020-06-28",34,64,0,0,11,11,57,2,0,1,1,1,1,0,0,0,0,0,1,0,0,0,0,1,1,0,1,1,727.6,2746.91666666667,131.75,602.65,3391.38666666667,750.833333333333,34,204,0,10,14,10,0,27,1,1,0,0,0,0,0,0,1,0,1,0,0,0,0,0,0,0,0,0,0,0,0,0,0,0,0,0,1,0,0,2,29,1,0,0,0,3,5,11,1,0,0,0,25,0,0,0,0,0,0,0,0,8,20,0,1,11,14,0,0,0,19,0,1,0,23,6,2,0,1,0,0,0,0,3,11,4,8,8
"2020-06-29",28,53,0,1,11,12,40,8,0,1,0,1,0,0,1,0,0,0,2,0,1,1,0,0,0,0,0,0,579.133333333333,2170,282.333333333333,461.183333333333,2811.81833333333,72.3333333333333,0,0,0,8,9,10,1,25,1,0,0,0,0,0,0,0,0,0,0,0,0,0,0,0,0,0,1,0,0,0,0,0,1,0,0,0,0,0,0,2,26,0,0,0,1,4,4,11,0,0,0,1,28,0,0,0,0,0,0,0,0,0,20,2,0,5,14,0,2,0,11,0,0,0,24,4,0,0,0,0,0,0,1,3,6,3,6,9
"2020-06-30",65,130,0,1,23,24,99,9,0,0,8,0,2,1,2,0,0,0,9,0,1,1,0,1,1,0,5,5,1350.91666666667,4815.41666666667,590.416666666667,1035.125,6542.46666666667,189.583333333333,0,65,0,18,22,24,1,50,1,6,0,0,0,0,0,0,1,0,1,0,0,0,0,0,0,0,2,0,1,0,0,0,0,0,1,0,0,0,1,5,57,2,0,0,0,3,11,22,2,0,0,0,62,0,0,0,0,0,0,0,0,1,51,2,1,10,33,0,3,0,26,0,0,0,54,9,0,0,0,0,0,0,4,6,23,12,9,11