"Date","NB_Accidents","NB_VEH_IMPLIQUES_ACCDN","NB_MORTS","NB_BLESSES_GRAVES","NB_BLESSES_LEGERS","NB_VICTIMES_TOTAL","nb_automobile_camion_leger","nb_camionLourd_tractRoutier","nb_outil_equipement","nb_tous_autobus_minibus","nb_bicyclette","nb_cyclomoteur","nb_motocyclette","nb_taxi","nb_urgence","nb_motoneige","nb_VHR","nb_autres_types","nb_veh_non_precise","NB_DECES_PIETON","NB_BLESSES_PIETON","NB_VICTIMES_PIETON","NB_DECES_MOTO","NB_BLESSES_MOTO","NB_VICTIMES_MOTO","NB_DECES_VELO","NB_BLESSES_VELO","NB_VICTIMES_VELO","Temp","Rel.Hum","Wind.Spd","Dew.Point.Temp","Stn_Press","Wind.Dir","weekdays","days","SeverityDeadly","SeverityLight Injury","SeverityMaterial High","SeverityMaterial Low","SeveritySevere Injury","as.factor(Accident_Type)31","as.factor(Accident_Type)32","as.factor(Accident_Type)33","as.factor(Accident_Type)34","as.factor(Accident_Type)35","as.factor(Accident_Type)36","as.factor(Accident_Type)37","as.factor(Accident_Type)38","as.factor(Accident_Type)39","as.factor(Accident_Type)40","as.factor(Accident_Type)41","as.factor(Accident_Type)42","as.factor(Accident_Type)43","as.factor(Accident_Type)44","as.factor(Accident_Type)45","as.factor(Accident_Type)46","as.factor(Accident_Type)47","as.factor(Accident_Type)48","as.factor(Accident_Type)49","as.factor(Accident_Type)50","as.factor(Accident_Type)51","as.factor(Accident_Type)52","as.factor(Accident_Type)53","as.factor(Accident_Type)54","as.factor(Accident_Type)55","as.factor(Accident_Type)59","as.factor(Accident_Type)71","as.factor(Accident_Type)72","as.factor(Accident_Type)73","as.factor(Accident_Type)74","as.factor(Accident_Type)75","as.factor(Accident_Type)99","Accident_CategoryFixed Object","Accident_CategoryMoving Object","Accident_CategoryNo Collision","Auth_Speed10","Auth_Speed100","Auth_Speed20","Auth_Speed30","Auth_Speed40","Auth_Speed50","Auth_Speed60","Auth_Speed70","Auth_Speed80","Auth_Speed90","Surface_CondDry","Surface_CondHard snow","Surface_CondIce","Surface_CondMud","Surface_CondOil","Surface_CondSand or gravel","Surface_CondSlush","Surface_CondSnow","Surface_CondWater accumulation","Surface_CondWet","IlluminationDay and clear","IlluminationDay and semi-dark","IlluminationNight and dark","IlluminationNight and lighted","EnvironmentCommercial","EnvironmentForest","EnvironmentIndustrial","EnvironmentPark","EnvironmentResidential","EnvironmentRural","EnvironmentSchool area","WeatherBlack Ice","WeatherClear Sky","WeatherCloudy","WeatherDrizzle","WeatherFoggy","WeatherHeavy Rain","WeatherSnow","WeatherSnowstorms","WeatherStrong Wind","cluster_id_0","cluster_id_1","cluster_id_2","cluster_id_3","cluster_id_4","cluster_id_5"
"2020-07-01",40,78,0,1,13,14,59,5,0,1,5,0,4,1,1,0,0,0,2,0,0,0,0,4,4,0,5,5,977.833333333333,2331.66666666667,273.333333333333,597.166666666667,4012.68333333333,390,0,80,0,11,14,14,1,29,1,5,0,0,0,0,0,0,0,1,0,1,0,0,0,0,0,0,1,0,0,0,0,0,1,0,0,0,0,0,0,4,35,0,0,0,0,1,10,16,0,0,0,0,40,0,0,0,0,0,0,0,0,0,29,0,2,8,15,0,0,0,24,0,0,0,38,2,0,0,0,0,0,0,4,2,11,6,4,13
"2020-07-02",40,78,0,0,6,6,59,6,0,1,4,0,1,0,5,0,0,0,2,0,2,2,0,0,0,0,2,2,1025.16666666667,2581.66666666667,191.666666666667,728,3997.41666666667,1040,0,120,0,6,20,14,0,29,3,4,0,0,0,0,0,1,0,0,0,1,0,0,0,0,0,2,0,0,0,0,0,0,0,0,0,0,0,0,0,3,37,0,0,0,0,7,3,16,0,1,0,0,40,0,0,0,0,0,0,0,0,0,34,0,0,6,18,0,2,0,17,1,2,0,35,5,0,0,0,0,0,0,4,5,9,4,6,12
"2020-07-03",39,82,0,0,13,13,64,2,0,0,8,1,1,0,0,0,0,1,5,0,0,0,0,0,0,0,8,8,947.8625,2226.25,277.875,560.3,3910.41625,385.125,0,156,0,12,14,13,0,25,0,8,0,0,0,0,1,0,0,0,0,0,0,0,0,0,0,0,0,0,0,0,0,0,2,0,0,0,0,0,0,2,34,0,0,0,1,4,5,16,0,0,0,0,38,0,0,0,0,0,0,0,0,0,28,2,0,8,19,0,1,0,19,0,0,0,36,1,0,0,0,0,0,0,5,1,9,8,4,12
"2020-07-04",31,63,1,1,21,23,56,2,0,0,2,0,2,0,0,0,0,0,1,0,1,1,0,2,2,0,2,2,789.466666666667,1016.54166666667,227.333333333333,234.695833333333,3111.94791666667,532.166666666667,31,155,1,13,9,7,1,26,1,1,0,0,0,0,0,0,0,0,0,1,0,0,0,0,0,0,0,0,1,0,0,0,0,0,0,0,0,0,1,2,28,1,0,0,0,1,4,13,1,0,0,0,30,0,0,0,0,0,0,0,0,0,24,0,0,7,14,0,3,1,13,0,0,0,29,1,0,0,0,0,0,0,3,2,8,6,3,9
"2020-07-05",31,60,1,0,9,10,48,1,0,2,3,1,2,0,0,0,0,0,3,0,0,0,1,0,1,0,2,2,711.8375,1471.20833333333,193.75,340.741666666667,3114.13083333333,643.25,31,186,1,6,13,11,0,22,2,3,0,0,0,0,0,0,0,0,1,1,0,0,0,0,0,0,0,0,1,0,0,0,0,0,0,0,0,0,0,3,27,0,0,0,0,4,5,10,0,0,0,0,31,0,0,0,0,0,0,0,0,0,24,0,0,6,11,0,0,1,19,0,0,0,27,1,0,0,0,0,0,0,1,1,7,10,4,8
"2020-07-06",34,68,0,0,10,10,55,6,2,1,3,0,0,1,0,0,0,0,0,0,3,3,0,0,0,0,0,0,812.316666666667,1607.91666666667,136,373.291666666667,3430.40166666667,647.416666666667,0,0,0,9,10,15,0,24,3,2,0,0,0,0,0,0,0,0,1,1,0,0,0,0,0,0,1,0,0,0,0,0,1,0,0,0,0,1,0,4,29,1,0,0,0,2,2,14,0,0,0,0,33,0,0,0,0,0,0,0,0,1,25,0,0,9,15,0,0,0,19,0,0,0,33,0,1,0,0,0,0,0,3,2,7,7,5,10
"2020-07-07",52,104,0,0,18,18,76,15,1,0,3,0,2,1,1,0,0,0,5,0,1,1,0,2,2,0,1,1,1358.28333333333,2708.33333333333,329.333333333333,792.566666666667,5232.825,951.166666666667,0,52,0,15,19,18,0,43,2,3,0,0,0,0,0,2,0,0,0,0,0,0,0,0,0,1,0,1,0,0,0,0,0,0,0,0,0,0,0,2,50,0,0,0,0,9,6,14,0,0,0,0,51,0,0,0,0,0,0,0,0,0,49,0,0,2,23,0,3,0,25,0,1,0,51,0,0,0,0,0,0,0,9,2,13,5,7,16
"2020-07-08",45,98,0,3,16,19,84,3,0,1,4,0,0,1,2,0,0,0,3,0,1,1,0,0,0,0,3,3,1132.125,3382.5,225,911.4375,4513.875,894.375,0,90,0,14,18,12,1,35,1,4,0,0,0,0,0,0,0,0,0,0,0,0,0,0,0,0,0,1,0,0,0,0,1,0,0,1,0,0,1,2,40,2,0,0,0,2,10,16,0,0,0,0,38,0,0,0,0,0,0,0,1,6,40,2,0,3,16,0,3,1,19,1,1,0,39,1,4,0,0,0,0,0,4,2,11,7,15,6
"2020-07-09",41,85,0,2,12,14,66,7,0,0,6,1,1,3,0,0,0,0,1,0,1,1,0,0,0,0,4,4,1140.14166666667,2687.20833333333,208.416666666667,832.470833333333,4117.63,809.75,0,123,0,8,17,14,2,32,1,5,0,0,0,0,0,0,0,1,0,1,0,0,0,0,0,0,0,0,0,0,0,0,0,0,0,0,0,0,1,2,38,1,0,0,0,0,10,12,0,0,0,0,41,0,0,0,0,0,0,0,0,0,37,2,0,2,20,0,3,0,17,0,0,0,41,0,0,0,0,0,0,0,3,1,13,7,6,11
"2020-07-10",50,95,0,2,15,17,75,9,0,2,2,1,0,0,2,0,0,0,4,0,1,1,0,0,0,0,2,2,1482.91666666667,2802.08333333333,335.416666666667,977.291666666667,5017.04166666667,902.083333333333,0,200,0,9,20,19,2,42,2,2,0,0,0,0,0,0,0,0,0,0,0,0,0,0,0,0,1,1,0,0,0,0,1,0,0,0,0,0,1,3,46,1,0,0,0,4,5,18,0,0,0,0,46,0,0,0,0,0,0,0,0,2,40,0,0,6,18,0,3,1,27,0,0,0,44,3,0,0,1,0,0,0,3,4,10,15,6,12
"2020-07-11",22,43,0,0,4,4,38,0,0,0,0,0,0,0,4,0,0,0,1,0,1,1,0,0,0,0,0,0,543.675,1770.08333333333,113.666666666667,462.916666666667,2185.2325,330,22,110,0,3,12,7,0,20,1,0,0,0,0,0,1,0,0,0,0,0,0,0,0,0,0,0,0,0,0,0,0,0,0,0,0,0,0,0,0,0,22,0,0,0,0,3,5,7,0,0,0,0,11,0,0,0,0,0,0,0,0,10,17,0,0,4,9,0,1,0,11,0,1,0,6,6,6,1,1,0,0,0,3,2,4,4,3,6
"2020-07-12",24,48,1,0,7,8,34,2,0,0,4,0,1,1,1,0,0,0,5,1,0,1,0,1,1,0,3,3,583.2,1774,133,457.8,2381.54,666,24,144,1,6,10,7,0,17,1,4,0,0,0,0,0,0,2,0,0,0,0,0,0,0,0,0,0,0,0,0,0,0,0,0,0,0,0,0,0,2,22,0,0,0,1,2,1,7,0,0,0,0,20,0,0,0,0,0,0,0,0,2,17,0,0,6,10,0,1,1,10,1,1,0,20,2,0,0,0,0,0,0,4,2,9,3,1,5
"2020-07-13",44,79,0,1,8,9,61,7,0,1,2,0,2,0,1,0,0,0,5,0,5,5,0,1,1,0,1,1,1038.76666666667,2643.66666666667,240.166666666667,667.333333333333,4397.56166666667,1054.16666666667,0,0,0,8,20,15,1,26,5,2,0,0,0,0,0,0,0,2,0,1,0,0,0,1,0,3,0,0,0,0,0,0,1,0,0,0,0,0,1,8,33,1,2,0,0,4,5,15,1,0,0,0,43,0,0,0,0,0,0,0,0,0,39,0,0,2,18,0,2,1,22,0,1,0,43,0,0,0,0,0,0,0,2,3,15,6,8,10
"2020-07-14",53,103,0,0,23,23,75,13,1,2,5,0,1,0,2,0,0,0,4,0,0,0,0,1,1,0,5,5,1135.525,3482.54166666667,499.083333333333,767.175,5337.67416666667,172.25,0,53,0,17,23,13,0,37,0,5,0,0,0,0,0,0,2,0,0,0,0,0,0,0,0,0,1,0,1,0,0,0,2,0,0,0,0,0,1,6,42,1,0,0,0,4,5,18,3,0,0,0,50,0,0,0,0,0,0,0,0,0,44,1,0,6,21,0,2,0,28,0,0,0,49,1,0,0,0,0,0,0,3,5,15,10,7,13
"2020-07-15",51,105,0,2,15,17,84,6,0,2,3,2,2,1,1,0,0,0,4,0,4,4,0,1,1,0,3,3,1071.2125,3157.75,367.625,674.475,5169.55125,308.125,0,102,0,15,21,13,2,40,4,2,0,0,0,0,0,0,0,0,0,0,0,0,0,0,0,1,0,0,0,0,0,0,0,0,1,0,0,0,1,1,46,2,0,0,0,4,11,25,0,0,0,0,48,0,0,0,0,1,0,0,0,0,42,3,0,4,22,0,5,1,22,0,0,0,49,0,0,0,0,0,0,0,4,4,6,15,11,11
"2020-07-16",43,88,0,0,13,13,67,8,0,1,5,1,2,0,1,0,0,1,2,0,0,0,0,1,1,0,3,3,1002.79583333333,3017.16666666667,317.125,750.529166666667,4350.90125,795.5,0,129,0,10,18,15,0,29,0,5,0,0,0,0,0,0,0,0,0,0,0,0,0,0,0,1,0,0,0,0,0,0,2,0,0,0,0,0,2,3,34,2,0,0,0,4,12,14,0,0,0,0,34,0,0,0,0,0,0,0,1,3,32,2,0,4,18,0,1,0,21,0,1,0,28,7,2,0,0,0,0,0,2,4,14,7,6,10
"2020-07-17",47,91,0,0,12,12,74,1,1,0,4,0,4,0,1,0,0,1,5,0,3,3,0,3,3,0,3,3,1036.74166666667,3632.70833333333,297.666666666667,824.654166666667,4728.2,1037.91666666667,0,188,0,12,22,13,0,33,4,3,0,0,0,1,0,0,0,1,1,1,0,0,0,0,0,1,0,0,0,0,0,0,1,0,1,0,0,0,0,5,41,1,0,0,0,2,7,24,0,0,0,0,31,0,0,0,0,1,0,0,0,14,35,3,1,6,25,0,3,0,16,0,1,0,31,6,6,0,2,0,0,0,3,3,7,12,10,12
"2020-07-18",24,47,0,0,10,10,38,1,0,0,4,0,0,1,2,0,0,0,1,0,1,1,0,0,0,0,4,4,620.1,1507,123,431.8,2413.13,571,24,120,0,9,12,3,0,18,1,3,0,0,0,0,0,0,0,0,1,0,0,0,0,0,0,0,0,0,0,0,0,0,1,0,0,0,0,0,0,2,22,0,0,0,0,3,5,6,1,0,0,0,23,0,0,0,0,0,0,0,0,0,16,0,0,7,10,0,1,0,12,0,0,0,23,0,0,0,0,0,0,0,2,1,6,5,4,6
"2020-07-19",28,56,0,0,7,7,52,1,0,0,1,0,0,1,0,0,0,0,1,0,1,1,0,0,0,0,1,1,747.833333333333,1925,187.833333333333,567,2795.96333333333,564.666666666667,28,168,0,5,14,9,0,22,1,1,0,0,0,0,0,0,0,0,0,0,0,0,0,0,0,0,0,0,0,0,0,0,0,0,0,0,0,0,1,0,24,1,0,0,0,1,4,8,1,0,0,0,27,0,0,0,0,0,0,0,0,0,10,0,0,16,8,0,3,0,16,1,0,0,24,3,0,0,0,0,0,0,4,1,4,6,6,7
"2020-07-20",25,49,0,1,9,10,36,5,0,1,2,0,1,0,0,0,0,0,4,0,1,1,0,1,1,0,1,1,632.916666666667,1690.625,145.833333333333,464.895833333333,2496.41666666667,509.375,0,0,0,9,6,9,1,20,1,1,0,0,0,0,0,0,0,0,0,0,0,0,0,0,0,0,0,0,0,0,0,0,0,0,1,0,0,0,1,0,22,2,0,0,0,2,1,10,1,0,0,0,25,0,0,0,0,0,0,0,0,0,21,0,0,4,10,0,1,0,14,0,0,0,24,1,0,0,0,0,0,0,1,3,3,2,6,10
"2020-07-21",39,77,0,0,8,8,55,8,0,1,4,1,2,1,0,0,0,0,5,0,0,0,0,1,1,0,2,2,847.6,2083.25,255.125,453.7,3929.23375,797.875,0,39,0,7,13,19,0,29,0,4,0,0,0,0,0,0,0,0,0,0,0,0,0,0,0,0,0,0,0,0,0,0,0,0,1,0,0,0,1,0,33,2,0,0,0,1,10,8,1,0,0,0,38,0,0,0,0,0,0,0,0,0,35,0,0,3,20,0,1,0,17,0,0,0,37,0,0,0,0,0,0,0,3,3,8,10,7,8
"2020-07-22",40,76,1,1,13,15,59,9,0,0,4,0,1,1,1,0,0,0,1,1,1,2,0,1,1,0,3,3,865.333333333333,2558.33333333333,203.333333333333,571,4030.16666666667,561.666666666667,0,80,1,10,16,12,1,28,2,4,0,0,0,0,0,0,0,0,1,1,0,1,0,0,0,1,0,0,0,0,0,0,0,0,0,0,0,0,1,4,34,1,0,0,0,3,10,10,0,0,0,0,37,0,0,0,0,1,0,0,0,1,33,2,0,5,17,0,2,2,18,0,0,0,33,5,1,0,0,0,0,0,2,1,15,10,4,8
"2020-07-23",35,66,0,0,8,8,51,6,0,0,3,1,1,0,3,0,0,0,1,0,0,0,0,0,0,0,3,3,760.8125,2550.625,231.875,577.354166666667,3523.34791666667,511.875,0,105,0,7,22,6,0,22,0,3,0,0,0,0,1,1,0,1,0,0,0,0,0,0,0,1,1,0,1,0,0,0,1,0,0,0,0,0,0,5,27,0,0,0,0,3,3,13,0,0,0,0,34,0,0,0,0,0,0,0,0,0,24,0,0,10,17,0,2,0,14,1,0,0,32,2,0,0,0,0,0,0,3,6,7,4,6,9
"2020-07-24",58,115,0,4,16,20,91,8,2,1,6,2,1,0,0,0,0,0,4,0,3,3,0,0,0,0,6,6,1404.56666666667,3093.33333333333,275.5,794.116666666667,5858.45916666667,1334,0,232,0,15,21,19,3,46,4,5,0,0,0,0,0,0,2,0,0,0,0,0,0,0,0,0,0,0,1,0,0,0,0,0,0,0,0,0,0,3,55,0,0,0,0,3,10,21,2,0,0,0,58,0,0,0,0,0,0,0,0,0,46,4,0,6,26,0,2,0,29,0,0,0,58,0,0,0,0,0,0,0,8,7,16,4,9,14
"2020-07-25",34,67,0,1,7,8,57,1,0,0,3,1,0,0,0,0,0,0,5,0,1,1,0,0,0,0,1,1,886.55,1600.83333333333,208.25,465.375,3425.0325,823.083333333333,34,170,0,6,13,14,1,24,1,3,0,0,0,0,0,0,0,0,0,0,0,0,0,0,0,1,0,0,2,0,0,0,1,0,0,0,0,0,0,4,28,0,1,0,1,3,3,13,0,0,0,0,33,0,0,0,0,0,0,0,0,0,25,1,1,6,12,0,1,0,18,0,2,0,33,0,0,0,0,0,0,0,2,3,8,5,6,10
"2020-07-26",24,50,0,0,10,10,42,2,0,1,1,0,2,0,1,0,0,0,1,0,0,0,0,1,1,0,1,1,631.7,1545,178,451.9,2401.16,458,24,144,0,8,10,6,0,20,0,1,0,0,0,0,0,1,0,0,0,1,0,0,0,0,0,0,0,0,0,0,0,0,0,0,0,0,0,1,0,1,22,1,0,0,0,2,4,11,0,0,0,0,16,0,0,0,0,0,0,0,0,8,16,4,1,3,12,0,1,0,10,0,1,0,14,3,5,0,2,0,0,0,1,3,8,4,5,3
"2020-07-27",40,79,1,0,8,9,65,5,0,0,2,0,0,0,4,0,0,0,3,1,2,3,0,0,0,0,2,2,1024.16666666667,3353.33333333333,183.333333333333,905.166666666667,3981.11666666667,878.333333333333,0,0,1,8,19,12,0,28,3,2,0,0,0,0,0,0,1,0,1,0,0,0,0,1,0,1,0,0,0,0,0,0,0,0,0,0,0,0,0,4,33,0,0,0,0,5,8,11,0,0,0,0,30,0,1,0,0,0,0,0,0,8,30,0,0,9,16,0,0,0,20,0,3,0,27,7,4,0,0,0,0,0,4,5,9,10,2,10
"2020-07-28",38,78,0,0,11,11,64,4,0,0,4,0,1,1,1,0,0,0,3,0,1,1,0,1,1,0,4,4,982.933333333333,2458.91666666667,232.75,692.233333333333,3786.62083333333,802.75,0,38,0,10,13,15,0,29,2,4,0,0,0,0,2,0,0,0,0,1,0,0,0,0,0,0,0,0,0,0,0,0,0,0,0,0,0,0,0,1,37,0,0,0,0,2,8,14,0,0,0,0,38,0,0,0,0,0,0,0,0,0,31,0,1,6,15,0,2,0,18,0,0,0,36,2,0,0,0,0,0,0,5,6,7,5,6,9
"2020-07-29",34,63,0,1,6,7,47,5,0,1,3,1,0,1,3,0,0,0,2,0,3,3,0,0,0,0,2,2,756.783333333333,2585.41666666667,147.333333333333,603.925,3403.06,816,0,68,0,5,17,11,1,19,4,3,0,0,0,0,0,0,0,0,2,2,0,0,0,0,0,0,0,1,1,0,0,0,0,0,0,0,0,0,0,6,26,0,1,0,0,3,6,12,0,0,0,0,27,0,0,0,0,0,0,0,0,6,28,1,0,4,12,0,3,1,16,0,0,0,23,6,4,0,0,0,0,0,4,3,9,4,2,12
"2020-07-30",46,86,0,1,17,18,65,4,0,0,8,2,0,1,3,0,0,0,3,0,1,1,0,0,0,0,8,8,1010.08333333333,3317.75,205.083333333333,750.758333333333,4603.105,1219,0,138,0,14,18,13,1,28,1,7,0,0,0,0,0,0,1,0,0,2,0,0,0,0,0,0,2,0,0,0,0,0,0,0,0,0,0,0,1,5,36,1,0,0,0,7,7,13,0,0,0,0,40,0,0,0,0,0,0,0,1,5,36,3,0,7,22,0,2,0,19,0,3,0,35,5,3,0,1,0,0,0,6,2,15,3,6,14
"2020-07-31",45,87,0,1,14,15,75,4,0,0,2,1,1,0,0,0,1,0,3,0,1,1,0,1,1,0,1,1,979.5,3238.125,191.25,727.5,4510.05,1008.75,0,180,0,11,23,10,1,35,1,2,0,0,0,0,0,0,1,1,0,0,0,0,0,0,0,0,0,1,0,0,0,0,1,0,0,0,0,0,0,4,38,0,0,0,0,2,7,19,0,0,0,0,39,0,1,0,0,0,0,0,1,3,34,3,0,7,25,0,1,0,18,0,0,0,39,2,2,0,0,0,0,0,7,7,7,7,4,13
"2020-08-01",33,67,0,0,12,12,51,1,0,0,5,1,1,2,1,0,0,2,3,0,0,0,0,0,0,0,3,3,807.2625,2033.625,130.625,535.15,3315.18,720.5,33,165,0,9,13,11,0,28,0,4,0,0,0,0,0,0,0,0,1,0,0,0,0,0,0,0,0,0,0,0,0,0,0,0,0,0,0,0,0,1,32,0,0,0,0,4,7,14,0,0,0,0,30,0,0,0,0,0,0,0,0,0,25,1,1,6,9,0,0,0,20,0,3,0,29,0,0,0,0,0,0,0,5,2,10,7,3,6
"2020-08-02",32,58,0,1,12,13,51,1,0,0,0,0,0,2,2,0,0,1,1,0,1,1,0,0,0,0,0,0,731.866666666667,2568,165.333333333333,612.8,3202.53333333333,566.666666666667,32,192,0,9,15,7,1,21,1,0,0,0,0,0,3,0,0,0,0,0,0,0,0,0,0,0,0,1,2,0,0,0,2,0,0,0,0,0,0,5,25,0,0,0,0,1,7,15,0,0,0,0,14,0,0,0,0,0,0,0,3,14,18,2,0,11,16,0,1,1,13,1,0,0,11,7,7,0,5,0,0,0,2,1,16,7,1,5
"2020-08-03",41,76,0,1,18,19,57,8,2,0,3,2,1,0,2,0,0,0,1,0,2,2,0,1,1,0,3,3,926.258333333333,3098.91666666667,234.041666666667,731.85,4108.90041666667,888.333333333333,0,0,0,16,10,14,1,25,2,3,0,0,1,0,0,0,1,2,1,0,0,0,0,2,0,0,0,0,0,0,0,0,3,0,0,0,0,0,0,9,31,0,0,0,0,3,7,12,0,0,0,0,35,0,0,0,0,0,0,0,0,6,34,0,0,7,16,0,4,1,18,0,2,0,33,6,2,0,0,0,0,0,5,4,10,5,3,14
"2020-08-04",47,86,1,2,15,18,62,9,0,7,1,1,0,4,0,0,0,0,2,0,4,4,0,0,0,0,1,1,930.795833333333,4181.04166666667,301.583333333333,840.7125,4718.74125,432.791666666667,0,47,1,13,21,11,1,35,4,0,0,0,0,0,0,0,0,0,1,0,0,1,0,0,0,0,0,0,1,0,0,0,1,0,0,0,0,0,1,4,39,1,0,0,0,4,16,12,0,0,0,0,9,0,0,0,0,0,0,0,0,38,24,10,1,12,21,0,2,0,24,0,0,0,10,1,28,0,8,0,0,0,3,3,17,10,3,11
"2020-08-05",41,86,0,0,12,12,71,9,0,0,3,0,1,0,1,0,0,0,1,0,2,2,0,1,1,0,3,3,859.120833333333,3011.79166666667,242.583333333333,643.016666666667,4110.89916666667,879.791666666667,0,82,0,11,20,10,0,31,1,3,0,0,0,0,0,0,1,0,1,0,0,0,0,0,0,1,1,0,0,0,0,0,0,0,0,0,0,0,0,4,35,0,1,0,0,4,4,14,1,0,0,0,36,0,0,0,0,1,0,0,0,3,35,0,0,5,22,0,3,0,14,0,1,0,33,6,1,0,0,0,0,0,3,1,10,8,7,12
"2020-08-06",47,93,0,0,13,13,75,5,0,1,4,1,1,0,0,0,0,1,5,0,0,0,0,1,1,0,3,3,936.866666666667,2943.375,242.833333333333,582.016666666667,4744.59125,1139.75,0,141,0,10,23,14,0,37,2,3,0,0,0,0,0,0,0,1,1,0,0,0,0,0,0,0,0,0,1,0,0,0,0,0,0,0,0,0,1,3,42,1,1,0,0,2,11,19,0,0,0,0,47,0,0,0,0,0,0,0,0,0,36,0,0,11,19,0,2,0,26,0,0,0,46,1,0,0,0,0,0,0,5,7,15,5,4,11
"2020-08-07",40,75,0,0,11,11,61,7,0,0,3,2,1,0,0,0,0,0,1,0,3,3,0,0,0,0,3,3,886.333333333333,2405,176.666666666667,542,4048.4,850,0,160,0,11,16,13,0,27,4,3,0,0,0,0,0,0,0,0,0,0,0,0,0,0,0,0,0,0,2,0,0,0,3,0,0,0,0,0,0,5,34,0,0,0,0,1,3,19,1,0,0,0,39,0,0,0,0,0,0,0,0,0,31,0,0,8,23,0,4,0,11,0,0,0,37,0,1,0,0,0,0,0,5,1,7,5,10,12
"2020-08-08",39,77,0,1,21,22,67,1,0,2,3,0,2,0,0,0,0,0,2,0,2,2,0,2,2,0,2,2,910.4875,2366,151.125,580.2875,3942.29875,950.625,39,195,0,15,16,7,1,25,0,3,0,0,0,0,0,1,1,0,0,1,0,0,0,0,0,1,1,0,1,0,0,0,0,0,0,0,0,0,0,5,29,0,0,0,0,3,10,13,1,1,0,0,38,0,0,0,0,0,0,0,0,0,23,1,0,14,13,0,3,2,20,0,1,0,37,1,0,0,0,0,0,0,2,2,10,8,9,8
"2020-08-09",28,55,0,3,4,7,42,4,0,1,2,0,1,0,3,0,0,1,1,0,1,1,0,0,0,0,0,0,640.85,2003.16666666667,128.333333333333,486.266666666667,2821.81666666667,647.5,28,168,0,2,13,11,2,20,2,2,0,0,0,0,0,0,0,0,0,0,0,0,0,1,0,1,0,0,1,0,0,0,0,0,0,0,0,0,1,3,24,1,1,0,0,2,8,9,0,0,0,0,24,0,0,0,0,0,0,0,0,2,18,1,0,7,13,0,1,0,13,0,0,0,18,7,1,0,0,0,0,0,4,2,4,5,7,6
"2020-08-10",37,78,0,1,18,19,62,4,0,1,5,0,1,2,1,0,0,0,2,0,1,1,0,1,1,0,3,3,882.295833333333,2758.04166666667,141.833333333333,697.295833333333,3719.64083333333,917.291666666667,0,0,0,13,10,13,1,26,1,5,0,0,0,0,0,1,0,0,0,0,0,0,0,0,0,0,0,0,0,0,0,0,1,0,1,0,0,0,1,1,33,2,0,0,0,2,5,13,0,0,0,0,35,0,0,0,0,0,0,0,0,0,28,2,1,5,17,0,3,0,16,0,0,0,35,1,0,0,0,0,0,0,2,2,8,5,8,12
"2020-08-11",40,73,0,0,9,9,52,10,0,1,2,0,0,0,5,0,0,0,3,0,1,1,0,0,0,0,2,2,1040.66666666667,2965,216.666666666667,827.333333333333,4004.68333333333,795,0,40,0,6,23,11,0,29,1,2,0,0,0,0,2,0,1,0,0,0,0,0,0,0,0,0,1,0,2,0,0,0,1,0,0,0,0,0,0,5,34,0,0,0,0,0,5,18,0,0,0,0,36,0,0,0,0,0,0,0,0,3,31,2,1,6,22,0,1,0,15,1,0,0,36,2,1,0,0,0,0,0,6,6,7,5,7,9
"2020-08-12",46,98,0,0,12,12,80,3,0,0,7,0,0,0,2,0,0,0,6,0,2,2,0,0,0,0,4,4,1133.325,3103.08333333333,266.416666666667,811.708333333333,4631.28,1178.75,0,92,0,12,15,19,0,35,2,7,0,0,0,0,0,0,1,0,0,0,0,0,0,0,0,0,0,0,0,0,0,0,0,0,0,0,0,0,0,1,44,0,0,0,0,4,11,12,1,0,0,0,45,0,0,0,0,0,0,0,0,0,37,0,0,8,14,0,8,0,24,0,0,0,44,1,0,0,0,0,0,0,3,4,13,13,8,5
"2020-08-13",48,87,0,0,11,11,63,8,0,2,5,1,0,1,2,0,0,0,5,0,3,3,0,0,0,0,4,4,1192.8,2728,230,742,4851.68,932,0,144,0,9,20,19,0,27,2,6,0,0,0,0,1,0,0,1,0,0,0,0,0,1,0,3,0,0,2,0,0,0,1,0,0,0,0,0,1,8,36,1,0,0,0,7,7,11,1,0,1,0,45,0,0,0,0,2,0,0,0,0,39,0,0,8,21,0,3,0,20,0,1,0,44,2,0,0,0,0,0,0,3,6,15,11,6,7
"2020-08-14",65,136,1,2,19,22,112,11,0,3,4,0,1,1,2,0,0,0,2,1,2,3,0,0,0,0,3,3,1469.54166666667,3642.70833333333,552.5,852.583333333333,6574.88541666667,281.666666666667,0,260,1,13,33,16,2,51,3,4,0,0,0,0,0,0,0,0,0,0,2,0,0,0,0,0,1,0,0,0,0,0,1,1,0,0,0,0,1,4,58,2,0,0,0,5,11,26,2,0,0,0,61,0,0,0,0,0,0,0,0,0,51,1,0,9,26,0,5,0,30,0,2,0,60,0,0,0,0,0,0,0,13,5,13,11,12,11
"2020-08-15",43,77,0,0,11,11,64,1,0,0,2,0,2,3,2,0,0,0,3,0,1,1,0,3,3,0,2,2,966.9625,2712.58333333333,333.25,636.220833333333,4340.5275,243.666666666667,43,215,0,8,25,10,0,30,1,2,0,0,0,0,1,0,0,2,0,2,0,0,0,0,0,1,1,0,0,0,0,0,1,0,0,0,0,0,2,7,34,2,0,0,0,4,8,14,0,0,0,1,41,0,0,0,0,0,0,0,0,0,29,0,2,9,20,0,2,0,19,0,0,0,41,0,0,0,0,0,0,0,8,4,10,11,3,7