"Date","NB_Accidents","NB_VEH_IMPLIQUES_ACCDN","NB_MORTS","NB_BLESSES_GRAVES","NB_BLESSES_LEGERS","NB_VICTIMES_TOTAL","nb_automobile_camion_leger","nb_camionLourd_tractRoutier","nb_outil_equipement","nb_tous_autobus_minibus","nb_bicyclette","nb_cyclomoteur","nb_motocyclette","nb_taxi","nb_urgence","nb_motoneige","nb_VHR","nb_autres_types","nb_veh_non_precise","NB_DECES_PIETON","NB_BLESSES_PIETON","NB_VICTIMES_PIETON","NB_DECES_MOTO","NB_BLESSES_MOTO","NB_VICTIMES_MOTO","NB_DECES_VELO","NB_BLESSES_VELO","NB_VICTIMES_VELO","Temp","Rel.Hum","Wind.Spd","Dew.Point.Temp","Stn_Press","Wind.Dir","weekdays","days","SeverityDeadly","SeverityLight Injury","SeverityMaterial High","SeverityMaterial Low","SeveritySevere Injury","as.factor(Accident_Type)31","as.factor(Accident_Type)32","as.factor(Accident_Type)33","as.factor(Accident_Type)34","as.factor(Accident_Type)35","as.factor(Accident_Type)36","as.factor(Accident_Type)37","as.factor(Accident_Type)38","as.factor(Accident_Type)39","as.factor(Accident_Type)40","as.factor(Accident_Type)41","as.factor(Accident_Type)42","as.factor(Accident_Type)43","as.factor(Accident_Type)44","as.factor(Accident_Type)45","as.factor(Accident_Type)46","as.factor(Accident_Type)47","as.factor(Accident_Type)48","as.factor(Accident_Type)49","as.factor(Accident_Type)50","as.factor(Accident_Type)51","as.factor(Accident_Type)52","as.factor(Accident_Type)53","as.factor(Accident_Type)54","as.factor(Accident_Type)55","as.factor(Accident_Type)59","as.factor(Accident_Type)71","as.factor(Accident_Type)72","as.factor(Accident_Type)73","as.factor(Accident_Type)74","as.factor(Accident_Type)75","as.factor(Accident_Type)99","Accident_CategoryFixed Object","Accident_CategoryMoving Object","Accident_CategoryNo Collision","Auth_Speed10","Auth_Speed100","Auth_Speed20","Auth_Speed30","Auth_Speed40","Auth_Speed50","Auth_Speed60","Auth_Speed70","Auth_Speed80","Auth_Speed90","Surface_CondDry","Surface_CondHard snow","Surface_CondIce","Surface_CondMud","Surface_CondOil","Surface_CondSand or gravel","Surface_CondSlush","Surface_CondSnow","Surface_CondWater accumulation","Surface_CondWet","IlluminationDay and clear","IlluminationDay and semi-dark","IlluminationNight and dark","IlluminationNight and lighted","EnvironmentCommercial","EnvironmentForest","EnvironmentIndustrial","EnvironmentPark","EnvironmentResidential","EnvironmentRural","EnvironmentSchool area","WeatherBlack Ice","WeatherClear Sky","WeatherCloudy","WeatherDrizzle","WeatherFoggy","WeatherHeavy Rain","WeatherSnow","WeatherSnowstorms","WeatherStrong Wind","cluster_id_0","cluster_id_1","cluster_id_2","cluster_id_3","cluster_id_4","cluster_id_5"
"2020-08-16",36,70,0,0,7,7,58,2,0,3,3,0,0,0,1,0,0,0,3,0,0,0,0,0,0,0,3,3,843.6,2257.5,255,561.9,3623.94,660,36,216,0,5,24,7,0,24,1,3,0,0,0,0,0,0,0,2,0,1,0,0,0,0,0,0,0,0,0,0,0,0,1,0,0,0,0,0,1,4,28,1,0,0,0,3,8,12,0,0,0,0,36,0,0,0,0,0,0,0,0,0,28,1,0,7,13,0,1,0,21,0,0,0,35,0,0,0,0,0,0,0,2,3,7,6,8,10
"2020-08-17",40,73,0,2,21,23,65,2,0,1,2,1,0,0,0,0,0,0,2,0,1,1,0,0,0,0,2,2,845.5,3116.66666666667,166.666666666667,680.666666666667,4006.53333333333,943.333333333333,0,0,0,14,16,9,1,27,2,2,0,0,0,0,0,0,0,2,0,0,1,0,0,0,0,2,1,0,0,0,0,0,3,0,0,0,0,0,0,9,31,0,0,0,0,3,12,14,1,0,0,1,34,0,0,0,0,0,0,0,0,6,30,2,0,8,20,0,3,1,16,0,0,0,27,7,4,0,2,0,0,0,2,1,13,8,7,9
"2020-08-18",40,69,0,1,10,11,56,5,0,2,2,0,1,0,2,0,0,0,1,0,3,3,0,1,1,0,1,1,791.666666666667,2750,183.333333333333,544.666666666667,3999.83333333333,1020,0,40,0,9,19,11,1,26,2,2,0,0,0,1,0,0,1,0,0,0,0,2,0,0,0,1,2,0,0,0,0,0,1,0,0,0,0,0,2,7,31,2,1,0,0,1,10,15,2,0,0,0,39,0,0,0,0,0,0,0,0,1,33,0,0,7,20,0,2,0,15,1,1,0,37,2,1,0,0,0,0,0,2,5,12,9,5,7
"2020-08-19",58,107,1,1,27,29,80,5,0,3,5,1,6,2,1,0,0,0,4,1,4,5,0,3,3,0,3,3,1019.59166666667,3692.66666666667,377,602.958333333333,5828.565,1715.83333333333,0,116,1,21,17,18,1,37,5,5,0,0,0,1,0,0,0,0,1,0,0,1,0,0,0,0,0,0,0,0,0,0,1,2,0,0,0,1,2,3,48,5,0,0,0,5,13,20,0,0,0,0,56,0,0,0,0,1,0,0,0,0,47,2,0,7,24,0,4,0,26,1,2,0,54,3,0,0,0,0,0,0,8,2,14,19,1,14
"2020-08-20",47,89,0,0,14,14,65,5,1,2,4,1,1,0,2,0,0,0,8,0,4,4,0,0,0,0,3,3,825.241666666667,2892.45833333333,207.583333333333,466.279166666667,4731.74458333333,1180.875,0,141,0,13,17,17,0,28,4,4,0,0,0,0,0,0,0,0,1,1,0,0,0,0,0,0,1,0,2,0,0,0,1,0,0,0,0,0,0,6,36,0,0,0,0,6,9,18,0,0,0,0,38,0,0,0,0,0,0,0,0,5,34,1,0,9,21,0,4,1,16,1,0,0,36,4,4,0,0,0,0,0,3,6,11,12,6,9
"2020-08-21",24,49,0,0,5,5,42,4,0,0,1,0,0,1,0,0,0,0,1,0,0,0,0,0,0,0,0,0,474.9,1951,107,393.7,2404.44,483,0,96,0,2,10,12,0,20,0,0,0,0,0,0,0,0,0,1,0,0,0,0,0,0,0,0,0,0,0,0,0,0,1,0,0,0,0,0,0,2,20,0,0,0,0,2,5,6,1,0,0,0,22,0,0,0,0,0,0,0,0,2,20,1,0,3,8,0,1,3,12,0,0,0,18,5,1,0,0,0,0,0,1,2,7,2,5,7
"2020-08-22",31,60,0,0,12,12,51,3,0,2,0,1,0,1,0,0,0,0,2,0,2,2,0,0,0,0,0,0,645.9625,2173.875,105.916666666667,450.6625,3113.66583333333,724.625,31,155,0,8,12,11,0,25,1,0,0,0,0,0,0,0,1,0,1,0,0,0,0,0,0,0,0,0,0,0,0,0,2,0,0,0,0,0,1,4,26,1,0,0,0,2,10,8,1,0,0,0,31,0,0,0,0,0,0,0,0,0,22,1,0,8,14,0,3,0,14,0,0,0,28,3,0,0,0,0,0,0,5,5,7,6,2,6
"2020-08-23",29,59,0,0,6,6,50,1,0,0,4,1,0,0,0,0,0,0,3,0,0,0,0,0,0,0,3,3,645.129166666667,2237.83333333333,118.416666666667,519.704166666667,2918.83791666667,733.458333333333,29,174,0,5,14,10,0,21,0,4,0,0,0,0,0,0,0,0,0,0,0,0,0,0,0,0,0,0,1,0,0,0,1,0,0,0,0,0,0,2,25,0,0,0,0,4,4,6,0,0,0,0,25,0,0,0,0,0,0,0,0,2,15,0,0,12,8,0,0,1,17,0,1,0,22,2,2,0,0,0,0,0,2,0,5,9,5,8
"2020-08-24",38,72,0,1,8,9,59,10,0,0,3,0,0,0,0,0,0,0,0,0,1,1,0,0,0,0,2,2,855.316666666667,3176.16666666667,159.916666666667,740.366666666667,3815.61166666667,904.083333333333,0,0,0,7,18,12,1,27,1,2,0,0,0,0,0,0,0,0,0,0,0,1,0,0,0,0,0,0,2,0,0,0,0,0,0,0,0,0,0,3,30,0,0,0,0,4,7,11,1,0,0,0,22,0,0,0,0,0,0,0,0,15,30,1,0,6,16,0,1,0,18,0,2,0,25,4,9,0,0,0,0,0,1,4,15,5,4,9
"2020-08-25",48,93,0,2,15,17,72,8,0,3,3,3,0,0,1,0,0,0,3,0,2,2,0,0,0,0,3,3,1006.8,3348,392,714.4,4792,1120,0,48,0,12,20,14,2,37,2,3,0,0,0,0,1,0,1,0,0,1,0,0,0,0,0,1,0,0,0,0,1,0,0,0,0,0,0,0,1,4,43,1,0,0,0,2,6,18,0,0,1,0,45,0,0,0,0,0,0,0,0,2,40,0,1,7,15,0,4,0,26,0,1,0,43,2,1,0,0,0,0,0,4,6,14,8,5,11
"2020-08-26",56,106,0,1,18,19,79,11,0,2,7,0,0,1,2,0,0,2,2,0,3,3,0,0,0,0,7,7,804.533333333333,3017,366.333333333333,277.666666666667,5622.44666666667,1267,0,112,0,17,22,16,1,38,3,7,0,0,0,0,0,1,1,0,2,0,0,0,0,0,0,1,0,0,0,0,0,0,1,0,0,0,0,0,1,5,49,1,0,1,0,7,6,20,2,0,0,0,55,0,0,0,0,0,0,0,0,0,39,2,0,14,20,0,5,0,27,0,1,0,54,1,0,0,0,0,0,0,8,4,15,11,7,11
"2020-08-27",40,85,0,0,13,13,68,3,0,2,4,0,1,1,0,0,0,0,6,0,1,1,0,1,1,0,3,3,598.833333333333,2393.33333333333,150,285,3994.88333333333,895.652173913044,0,120,0,11,18,11,0,31,1,4,0,0,0,0,1,0,2,0,0,0,0,0,0,0,0,0,0,0,0,0,0,0,0,0,0,0,0,0,1,2,37,1,2,0,0,3,10,14,0,0,0,0,38,0,0,0,0,0,0,0,0,0,32,1,0,5,16,0,1,0,22,0,0,0,37,1,0,0,0,0,0,0,6,2,11,4,6,11
"2020-08-28",36,71,0,0,12,12,52,5,0,1,4,1,0,1,3,0,0,1,3,0,3,3,0,0,0,0,3,3,637.5,2236.5,171,361.35,3600.48,993,0,144,0,11,18,7,0,26,3,3,0,0,0,0,0,0,1,0,0,0,0,0,0,0,0,0,1,0,1,0,0,0,0,0,0,0,0,0,0,3,32,0,0,0,0,1,10,11,0,0,0,0,34,0,0,0,0,0,0,0,0,0,25,0,1,8,23,0,1,0,10,0,1,0,34,0,0,0,0,0,0,0,3,4,10,6,4,9
"2020-08-29",42,85,0,0,11,11,75,5,0,0,1,1,0,0,0,0,0,0,3,0,0,0,0,0,0,0,1,1,662.375,3701.25,231,576.1,4157.9475,374.5,42,210,0,10,24,8,0,36,0,1,0,0,0,0,0,0,0,0,0,0,0,0,0,0,0,2,1,0,1,0,0,0,0,0,0,0,0,0,0,4,37,0,0,0,0,3,6,13,0,0,0,0,14,0,0,0,0,0,0,0,0,28,27,1,1,13,17,0,0,1,22,0,1,0,12,3,24,0,3,0,0,0,3,4,15,6,5,9
"2020-08-30",37,71,0,1,18,19,58,0,0,0,4,1,3,0,1,0,0,0,4,0,2,2,0,2,2,0,2,2,600.479166666667,2468.20833333333,288.291666666667,356.279166666667,3685.50833333333,775.458333333333,37,222,0,13,13,10,1,28,1,2,0,0,0,0,0,0,0,2,0,1,0,1,0,0,0,0,0,0,0,0,0,0,0,0,0,0,0,0,0,4,31,0,0,0,0,7,6,6,1,0,0,1,34,0,0,0,0,0,0,0,0,3,23,1,0,13,14,0,2,0,20,0,0,0,32,2,3,0,0,0,0,0,2,3,16,3,3,10
"2020-08-31",46,87,1,1,16,18,67,9,0,3,2,1,0,1,2,0,0,0,2,1,3,4,0,0,0,0,1,1,804.808333333333,2650.75,210.833333333333,396.558333333333,4640.26916666667,925.75,0,0,1,13,20,11,1,34,4,0,0,0,0,0,1,0,0,0,1,0,0,0,0,0,0,0,0,0,3,0,0,0,1,0,0,0,0,0,0,5,39,0,0,0,0,3,8,20,0,0,0,0,43,0,0,0,0,0,0,0,0,1,37,1,0,8,13,0,3,0,29,0,0,0,42,1,0,0,0,0,0,0,10,7,8,3,4,14
"2020-09-01",45,93,0,0,18,18,71,8,0,2,2,0,0,0,1,0,0,2,7,0,1,1,0,0,0,0,1,1,857.625,3354.375,253.125,648.1875,4538.00625,860.625,0,45,0,13,19,13,0,36,1,2,0,0,0,0,0,0,0,0,0,1,0,0,0,0,0,0,0,0,0,0,0,0,3,0,0,0,0,0,0,4,39,0,1,0,0,8,2,13,0,0,0,0,42,0,0,0,0,0,0,0,0,0,39,1,0,3,20,0,1,0,18,0,3,0,30,11,0,0,0,0,0,0,7,5,12,7,4,10
"2020-09-02",51,98,0,0,17,17,75,9,1,3,3,0,0,1,1,0,0,1,4,0,4,4,0,0,0,0,3,3,1043.375,4148,335.75,872.1,5092.86,971.125,0,102,0,15,19,17,0,33,5,4,0,1,0,0,0,0,0,2,0,1,0,0,0,0,0,1,1,0,1,0,0,0,0,0,0,0,0,0,0,6,43,0,0,0,1,5,10,18,0,0,0,0,31,0,0,0,0,0,0,0,0,19,32,3,0,16,20,0,3,0,27,0,1,0,15,24,11,0,0,0,0,0,4,4,4,12,10,17
"2020-09-03",60,120,0,0,27,27,98,9,0,2,3,0,1,2,2,0,0,0,3,0,7,7,0,1,1,0,1,1,1200.75,4415,315,880.75,5987.675,1292.5,0,180,0,20,21,19,0,43,6,2,0,0,0,0,1,0,0,1,0,1,0,0,0,0,0,1,0,0,2,0,0,0,1,0,0,0,0,0,1,6,52,1,1,0,0,5,8,20,0,1,0,0,58,0,0,0,0,0,0,0,0,1,47,1,0,11,26,0,4,1,24,1,3,0,55,3,0,0,0,0,0,0,7,1,15,13,11,13
"2020-09-04",66,127,0,0,20,20,92,9,0,5,6,0,4,2,5,0,0,1,3,0,4,4,0,3,3,0,2,2,1210.275,4006.75,445.5,683.925,6603.6025,1383.25,0,264,0,18,24,24,0,49,4,5,0,0,0,0,0,0,0,0,1,0,0,0,0,0,0,0,1,0,0,0,0,0,1,0,0,0,0,2,1,3,58,3,0,0,0,5,11,34,1,1,0,0,60,0,0,0,0,1,0,0,0,1,46,2,0,18,28,0,4,1,30,0,0,0,58,5,1,0,0,0,0,0,7,2,11,10,12,24
"2020-09-05",39,77,0,2,14,16,62,3,1,0,4,0,0,0,1,0,0,1,5,0,2,2,0,0,0,0,3,3,629.525,2486.25,190.125,343.85,3934.9375,950.625,39,195,0,10,17,10,2,26,2,5,0,0,0,0,0,0,1,0,0,2,0,0,1,0,0,0,0,0,0,0,0,0,1,0,0,0,0,0,0,5,33,0,1,0,0,4,5,10,0,0,0,0,33,0,0,0,0,0,0,0,0,3,23,0,1,15,13,0,1,1,24,0,0,0,33,4,1,0,0,0,0,0,1,4,9,5,5,15
"2020-09-06",34,67,0,0,9,9,62,0,0,0,0,0,0,0,3,0,0,0,2,0,2,2,0,0,0,0,0,0,549.525,2265.25,155.833333333333,325.408333333333,3439.68083333333,831.583333333333,34,204,0,7,19,8,0,27,2,0,0,0,0,0,0,0,0,2,0,1,0,0,0,0,0,0,1,0,1,0,0,0,0,0,0,0,0,0,0,5,29,0,0,0,0,0,5,16,1,0,0,0,33,0,0,0,0,0,0,0,0,1,19,0,1,14,15,0,2,0,16,0,0,0,32,2,0,0,0,0,0,0,2,4,5,8,5,10
"2020-09-07",30,56,0,0,9,9,48,0,0,2,3,0,0,1,0,0,0,0,2,0,3,3,0,0,0,0,1,1,587.875,2162.5,181.25,428.625,3009.4125,607.5,0,0,0,6,16,8,0,19,2,3,0,0,0,0,1,0,0,0,0,0,0,0,0,0,0,0,1,0,0,1,0,0,0,0,0,0,1,0,0,2,25,1,1,0,0,4,3,10,0,0,0,0,25,0,0,0,0,0,0,0,0,4,17,3,1,7,8,0,2,1,16,1,2,0,22,3,3,0,0,0,0,1,2,2,9,6,5,6
"2020-09-08",40,80,0,0,6,6,62,7,0,1,5,1,0,1,1,0,0,0,2,0,0,0,0,0,0,0,2,2,713.666666666667,2918.33333333333,241.666666666667,503.666666666667,4046.25,791.666666666667,0,40,0,6,19,15,0,28,1,5,0,0,0,0,1,0,0,0,0,0,0,0,0,0,0,0,0,0,0,0,0,0,1,0,0,0,0,0,0,1,35,0,0,0,0,5,8,9,0,0,0,0,31,0,0,0,0,1,0,0,0,8,30,2,1,7,20,0,3,0,17,0,0,0,25,6,7,0,0,0,0,0,4,3,10,9,3,11
"2020-09-09",51,101,0,2,15,17,79,7,1,0,5,1,0,1,2,0,0,1,4,0,2,2,0,0,0,0,4,4,729.0875,4296.75,459,593.5125,5187.23125,144.5,0,102,0,12,24,13,2,36,1,5,0,0,0,0,0,0,0,0,0,0,0,0,0,0,0,2,1,0,1,0,0,0,2,0,0,0,0,0,0,6,42,0,1,0,0,7,4,18,0,0,0,0,46,0,0,0,0,1,0,0,0,3,39,0,0,12,19,0,2,0,24,0,3,0,29,18,2,0,0,0,0,0,4,6,10,4,7,20
"2020-09-10",51,96,1,0,19,20,78,8,0,2,5,0,1,1,1,0,0,0,0,1,0,1,0,1,1,0,5,5,671.2875,4532.625,312.375,579.0625,5177.8175,467.5,0,153,1,17,19,14,0,39,2,5,0,0,0,0,0,0,2,0,0,1,0,0,0,0,0,1,0,0,0,0,0,0,0,0,0,0,0,0,1,4,46,1,0,0,0,6,7,16,0,0,0,1,30,0,0,0,0,0,0,0,0,17,33,5,2,10,25,0,5,0,18,0,2,0,20,21,7,1,0,0,0,0,4,5,7,19,7,9
"2020-09-11",44,85,0,0,16,16,68,10,1,1,3,0,0,1,0,0,0,0,1,0,1,1,0,0,0,0,2,2,567.6,2914.47619047619,284.952380952381,285.371428571429,4477.8380952381,641.142857142857,0,176,0,13,17,14,0,32,2,3,0,0,0,0,0,0,2,1,1,0,0,0,0,1,0,0,0,0,0,0,0,0,1,0,0,0,0,0,0,6,37,0,1,0,0,4,6,23,0,0,0,0,41,0,0,0,0,0,0,0,0,0,37,3,0,4,22,0,3,0,17,0,2,0,42,0,0,0,0,0,0,0,2,1,10,8,10,13
"2020-09-12",44,89,0,0,16,16,65,2,0,5,7,2,0,3,1,0,0,0,4,0,4,4,0,0,0,0,6,6,684.75,2861.83333333333,218.166666666667,377.116666666667,4470.82166666667,808.5,44,220,0,11,22,11,0,30,3,5,0,0,0,0,0,1,0,0,0,0,0,0,0,0,0,0,0,0,1,0,0,0,0,1,0,0,0,0,1,1,39,2,0,0,0,6,7,14,0,0,0,0,44,0,0,0,0,0,0,0,0,0,34,0,0,9,24,0,0,1,17,0,1,0,44,0,0,0,0,0,0,0,4,2,6,8,7,17
"2020-09-13",28,56,0,0,7,7,49,1,0,0,2,0,0,2,2,0,0,0,0,0,2,2,0,0,0,0,1,1,479.266666666667,2279.66666666667,191.333333333333,386.75,2812.285,532,28,168,0,5,15,8,0,18,2,2,0,0,0,0,0,0,2,0,0,1,0,0,0,1,0,0,0,0,0,0,0,0,1,0,0,0,0,0,0,5,22,0,0,0,0,0,5,14,0,0,0,0,12,0,1,0,0,0,0,0,0,15,14,2,0,12,14,0,0,0,14,0,0,0,11,8,8,0,1,0,0,0,1,1,10,2,2,12
"2020-09-14",32,62,0,0,9,9,49,4,0,1,3,1,1,2,0,0,0,0,1,0,1,1,0,2,2,0,3,3,430.133333333333,2005.33333333333,189.333333333333,195.066666666667,3240.2,857.333333333333,0,0,0,7,16,9,0,26,0,3,0,0,0,0,0,0,0,0,0,0,0,1,0,0,0,1,1,0,0,0,0,0,0,0,0,0,0,0,0,3,29,0,0,0,0,4,6,8,2,0,0,0,30,0,0,0,0,0,0,0,0,2,24,1,1,6,11,0,5,0,15,0,1,0,29,2,1,0,0,0,0,0,5,2,7,7,3,8
"2020-09-15",36,65,0,0,10,10,46,9,1,1,3,0,1,0,3,0,0,0,1,0,3,3,0,1,1,0,3,3,413.1,2139,172.5,135.9,3660.24,910.5,0,36,0,10,15,11,0,25,2,3,0,0,0,0,0,1,1,0,1,2,0,0,0,0,0,0,0,0,0,0,0,0,1,0,0,0,0,0,0,5,31,0,1,0,0,3,5,14,0,0,0,0,36,0,0,0,0,0,0,0,0,0,33,1,0,2,14,0,3,0,17,0,2,0,31,4,0,0,0,0,0,0,3,4,7,6,6,10
"2020-09-16",57,112,0,0,19,19,93,7,0,2,4,0,2,1,2,0,0,0,1,0,4,4,0,1,1,0,4,4,1007.95,3168.25,458.375,465.975,5726.10125,1123.375,0,114,0,14,24,19,0,43,3,4,0,0,0,0,0,0,0,0,0,0,0,0,0,0,0,1,1,0,1,0,0,0,0,0,0,0,0,0,2,3,50,2,0,0,0,4,11,17,1,0,0,0,56,0,0,0,0,0,0,0,0,0,44,1,0,12,28,0,4,0,23,0,1,0,55,1,0,0,0,0,0,0,5,4,16,8,7,17
"2020-09-17",44,80,0,0,6,6,57,8,1,1,2,0,1,4,2,0,0,0,4,0,0,0,0,1,1,0,1,1,614.716666666667,2469.5,286,231.55,4437.08833333333,762.666666666667,0,132,0,6,18,20,0,32,0,2,0,0,0,0,0,1,0,0,2,2,0,0,0,0,0,0,2,1,0,0,0,0,1,0,0,0,0,0,0,8,35,0,0,0,0,1,6,20,0,1,0,0,43,0,0,0,0,0,0,0,0,0,34,1,0,9,23,0,2,1,18,0,0,0,43,1,0,0,0,0,0,0,4,2,7,9,8,14
"2020-09-18",52,99,0,0,8,8,76,11,0,2,2,0,0,0,0,0,0,1,7,0,1,1,0,0,0,0,1,1,501.15,2613,431.166666666667,-30.9833333333333,5267.535,1063.83333333333,0,208,0,7,19,26,0,44,1,2,0,0,0,0,0,0,0,0,0,0,0,0,0,1,0,0,1,0,0,0,0,0,0,0,1,0,0,0,2,2,47,3,1,0,0,3,6,21,0,0,0,0,51,0,0,0,0,0,0,0,0,0,37,3,0,10,28,0,5,0,17,0,2,0,47,4,0,0,0,0,0,0,4,3,12,7,11,15
"2020-09-19",39,79,0,0,6,6,72,4,0,0,0,0,0,1,1,0,0,0,1,0,0,0,0,0,0,0,0,0,342.7125,1967.875,250.25,-45.175,3976.0175,729.625,39,195,0,4,25,10,0,35,0,0,0,0,0,0,0,0,2,0,0,0,0,0,0,0,0,0,0,0,0,0,0,0,1,0,0,0,0,0,0,3,35,0,0,0,0,1,6,15,0,0,0,0,38,0,0,0,0,0,0,0,0,0,28,1,0,9,18,0,3,0,16,0,1,0,38,0,0,0,0,0,0,0,4,7,7,3,5,13
"2020-09-20",37,73,0,1,10,11,59,2,0,1,2,0,1,2,2,0,0,0,4,0,3,3,0,1,1,0,1,1,355.508333333333,2042.70833333333,217.375,25.9,3796.24625,673.708333333333,37,222,0,7,14,15,1,29,3,1,0,0,0,0,0,0,1,0,1,0,0,0,0,0,0,1,0,0,0,0,0,0,0,0,0,0,0,0,0,3,33,0,0,0,0,4,7,15,0,0,0,0,35,0,0,0,0,0,0,0,0,0,28,0,0,7,17,0,3,0,15,0,0,0,34,0,0,0,0,0,0,0,4,1,9,6,6,11
"2020-09-21",42,83,0,1,16,17,66,5,0,1,4,0,1,0,3,0,0,0,3,0,4,4,0,1,1,0,3,3,448.525,2285.5,147,51.625,4307.3275,959,0,0,0,13,12,16,1,34,3,4,0,0,0,0,0,0,0,0,0,0,0,0,0,0,0,1,0,0,0,0,0,0,0,0,0,0,0,0,0,1,41,0,0,0,0,6,9,7,0,0,0,0,40,0,0,0,0,0,0,0,0,0,32,0,0,8,14,0,1,0,22,0,1,0,40,0,0,0,0,0,0,0,1,6,13,9,1,12
"2020-09-22",43,81,0,0,11,11,60,4,0,6,2,0,1,1,3,0,0,0,4,0,5,5,0,0,0,0,2,2,534.095833333333,2547.75,132.583333333333,184.004166666667,4349.50375,1049.91666666667,0,43,0,10,17,16,0,31,6,2,0,0,0,0,0,0,0,0,1,0,0,0,0,0,0,0,0,0,0,0,0,0,1,0,0,0,0,0,0,2,39,0,0,0,0,6,3,9,2,0,0,0,41,0,0,0,0,0,0,0,0,0,36,0,0,5,21,0,2,0,16,0,1,0,41,0,0,0,0,0,0,0,6,1,11,7,6,12
"2020-09-23",44,88,0,0,18,18,72,4,0,3,3,0,0,0,0,0,0,1,5,0,3,3,0,0,0,0,3,3,751.116666666667,2823.33333333333,280.5,443.116666666667,4398.22166666667,1089,0,88,0,16,12,16,0,35,2,3,0,0,0,0,0,0,0,0,0,1,0,0,0,0,0,0,0,0,0,0,0,0,0,0,0,0,0,0,2,1,40,2,0,0,0,5,5,15,0,0,0,0,41,0,0,0,0,1,0,0,0,0,34,0,0,7,15,0,4,0,20,1,0,0,40,2,0,0,0,0,0,0,4,3,6,6,9,16
"2020-09-24",56,113,0,0,18,18,79,7,3,1,9,1,3,2,4,0,0,0,4,0,1,1,0,2,2,0,8,8,907.9,3917.66666666667,347.666666666667,591.5,5621.46666666667,1463,0,168,0,17,25,14,0,41,1,9,0,0,0,0,1,0,0,0,0,1,0,0,0,0,0,0,2,0,0,0,0,0,0,0,0,0,0,0,1,3,52,1,0,0,0,6,11,15,0,0,0,0,49,0,0,0,0,1,0,0,0,4,44,1,1,9,23,0,2,1,25,1,3,0,44,6,3,0,0,0,0,0,8,1,15,11,5,16
"2020-09-25",47,89,1,0,10,11,64,11,0,2,3,0,2,0,1,0,0,0,6,0,1,1,0,1,1,0,2,2,584.758333333333,2962.95833333333,287.875,257.9125,4747.3525,511.125,0,188,1,9,24,13,0,35,1,3,0,0,0,0,0,0,0,1,1,0,0,2,0,0,0,0,1,0,0,0,0,0,1,0,0,0,0,1,0,6,39,1,0,0,0,4,8,19,1,0,0,0,43,0,0,0,0,0,0,0,0,1,32,1,1,11,25,0,3,2,15,0,1,0,38,6,0,0,0,0,0,0,7,3,11,4,9,13
"2020-09-26",58,113,0,3,28,31,97,2,0,1,4,2,4,1,0,0,0,0,2,0,3,3,0,3,3,0,2,2,1080.975,3731.33333333333,207.833333333333,662.891666666667,5834.24416666667,1076.78260869565,58,290,0,16,24,15,3,44,3,4,0,0,0,0,0,0,0,2,2,0,0,0,0,0,0,0,1,0,0,0,0,0,1,0,0,0,0,0,1,6,51,1,0,0,0,7,11,16,0,0,0,0,57,0,0,0,1,0,0,0,0,0,33,0,1,24,22,0,3,2,31,0,0,0,57,1,0,0,0,0,0,0,3,4,15,10,10,16
"2020-09-27",41,80,0,0,13,13,66,2,1,0,5,1,1,0,1,0,0,0,3,0,0,0,0,1,1,0,5,5,898.070833333333,2823.875,271.625,648.825,4105.79125,808.041666666667,41,246,0,10,16,15,0,30,0,4,0,0,0,0,0,1,0,0,0,0,0,0,0,0,0,0,0,0,2,0,0,0,1,0,1,0,0,0,0,3,35,1,2,0,0,3,5,12,0,0,0,1,38,0,0,0,0,0,0,0,0,0,24,1,0,14,15,0,3,0,22,0,0,0,37,1,0,0,0,0,0,0,1,2,10,6,8,14
"2020-09-28",39,72,0,3,9,12,61,6,0,0,1,0,0,2,2,0,0,0,0,0,5,5,0,0,0,0,1,1,812.9875,3189.875,195,686.2375,3900.66625,789.75,0,0,0,9,18,9,3,26,5,1,0,0,0,0,0,0,0,0,0,0,0,0,0,0,0,1,2,0,0,0,0,0,4,0,0,0,0,0,0,7,32,0,0,0,0,2,9,15,0,0,0,0,39,0,0,0,0,0,0,0,0,0,26,1,1,10,16,0,7,0,15,0,1,0,28,11,0,0,0,0,0,0,4,2,13,7,3,10
"2020-09-29",46,91,0,0,22,22,71,10,0,0,3,0,1,1,0,0,0,0,5,0,3,3,0,1,1,0,1,1,800.4,3994.33333333333,249.166666666667,696.325,4595.285,921.916666666667,0,46,0,17,16,13,0,30,4,3,0,0,0,0,0,0,2,2,0,0,0,2,0,0,0,0,0,0,1,0,0,0,0,0,0,0,0,0,0,7,37,0,1,0,0,1,8,16,1,0,0,0,13,0,0,0,0,0,0,0,0,30,33,8,0,4,21,0,7,0,16,0,1,0,7,9,25,0,2,0,0,0,7,1,11,6,7,14
"2020-09-30",58,110,0,0,19,19,84,6,0,2,7,1,0,0,2,0,0,1,7,0,2,2,0,0,0,0,6,6,796.775,4710.08333333333,343.166666666667,604.891666666667,5749.56416666667,1196.25,0,116,0,16,26,16,0,41,3,6,0,0,0,0,0,0,0,0,0,0,0,0,0,0,0,1,0,1,0,0,0,0,3,0,0,0,0,0,1,5,50,1,0,0,0,3,7,28,1,0,0,0,34,0,0,0,0,0,0,0,0,21,35,6,1,15,30,0,6,0,21,0,0,0,27,13,15,0,0,0,0,0,4,1,15,19,11,8