"Date","NB_Accidents","NB_VEH_IMPLIQUES_ACCDN","NB_MORTS","NB_BLESSES_GRAVES","NB_BLESSES_LEGERS","NB_VICTIMES_TOTAL","nb_automobile_camion_leger","nb_camionLourd_tractRoutier","nb_outil_equipement","nb_tous_autobus_minibus","nb_bicyclette","nb_cyclomoteur","nb_motocyclette","nb_taxi","nb_urgence","nb_motoneige","nb_VHR","nb_autres_types","nb_veh_non_precise","NB_DECES_PIETON","NB_BLESSES_PIETON","NB_VICTIMES_PIETON","NB_DECES_MOTO","NB_BLESSES_MOTO","NB_VICTIMES_MOTO","NB_DECES_VELO","NB_BLESSES_VELO","NB_VICTIMES_VELO","Temp","Rel.Hum","Wind.Spd","Dew.Point.Temp","Stn_Press","Wind.Dir","weekdays","days","SeverityDeadly","SeverityLight Injury","SeverityMaterial High","SeverityMaterial Low","SeveritySevere Injury","as.factor(Accident_Type)31","as.factor(Accident_Type)32","as.factor(Accident_Type)33","as.factor(Accident_Type)34","as.factor(Accident_Type)35","as.factor(Accident_Type)36","as.factor(Accident_Type)37","as.factor(Accident_Type)38","as.factor(Accident_Type)39","as.factor(Accident_Type)40","as.factor(Accident_Type)41","as.factor(Accident_Type)42","as.factor(Accident_Type)43","as.factor(Accident_Type)44","as.factor(Accident_Type)45","as.factor(Accident_Type)46","as.factor(Accident_Type)47","as.factor(Accident_Type)48","as.factor(Accident_Type)49","as.factor(Accident_Type)50","as.factor(Accident_Type)51","as.factor(Accident_Type)52","as.factor(Accident_Type)53","as.factor(Accident_Type)54","as.factor(Accident_Type)55","as.factor(Accident_Type)59","as.factor(Accident_Type)71","as.factor(Accident_Type)72","as.factor(Accident_Type)73","as.factor(Accident_Type)74","as.factor(Accident_Type)75","as.factor(Accident_Type)99","Accident_CategoryFixed Object","Accident_CategoryMoving Object","Accident_CategoryNo Collision","Auth_Speed10","Auth_Speed100","Auth_Speed20","Auth_Speed30","Auth_Speed40","Auth_Speed50","Auth_Speed60","Auth_Speed70","Auth_Speed80","Auth_Speed90","Surface_CondDry","Surface_CondHard snow","Surface_CondIce","Surface_CondMud","Surface_CondOil","Surface_CondSand or gravel","Surface_CondSlush","Surface_CondSnow","Surface_CondWater accumulation","Surface_CondWet","IlluminationDay and clear","IlluminationDay and semi-dark","IlluminationNight and dark","IlluminationNight and lighted","EnvironmentCommercial","EnvironmentForest","EnvironmentIndustrial","EnvironmentPark","EnvironmentResidential","EnvironmentRural","EnvironmentSchool area","WeatherBlack Ice","WeatherClear Sky","WeatherCloudy","WeatherDrizzle","WeatherFoggy","WeatherHeavy Rain","WeatherSnow","WeatherSnowstorms","WeatherStrong Wind","cluster_id_0","cluster_id_1","cluster_id_2","cluster_id_3","cluster_id_4","cluster_id_5"
"2020-10-01",43,88,0,2,11,13,66,6,0,4,6,0,1,1,2,0,0,0,2,0,2,2,0,1,1,0,3,3,612.033333333333,3119.29166666667,254.416666666667,398.2875,4297.43791666667,969.291666666667,0,129,0,10,21,10,2,31,2,6,0,0,0,0,0,0,1,0,0,0,0,0,0,0,0,1,1,0,0,0,0,0,0,0,0,0,0,1,0,3,39,1,0,0,0,3,7,19,0,0,0,0,27,0,0,0,0,0,0,0,0,16,25,3,0,14,18,0,3,0,19,1,1,0,25,7,11,0,0,0,0,0,7,6,9,5,5,11
"2020-10-02",34,66,0,0,6,6,60,3,0,1,0,0,0,0,1,0,0,0,1,0,3,3,0,0,0,0,0,0,379.666666666667,2967.91666666667,134.583333333333,310.108333333333,3418.11916666667,718.25,0,136,0,6,19,9,0,28,3,0,0,0,0,0,1,0,0,0,0,0,0,0,0,0,0,0,1,0,0,0,0,0,1,0,0,0,0,0,0,2,32,0,0,0,0,2,7,13,0,0,0,0,12,0,0,0,0,0,0,0,0,22,20,7,0,7,22,0,3,0,8,0,1,0,10,10,13,0,0,0,0,0,4,1,8,9,2,10
"2020-10-03",37,71,0,0,8,8,59,2,2,0,2,0,1,1,0,0,0,0,4,0,1,1,0,1,1,0,1,1,369.383333333333,2625.45833333333,157.25,172.204166666667,3746.66625,818.625,37,185,0,7,16,14,0,27,2,2,0,0,0,0,0,0,0,1,1,0,0,0,0,0,0,1,1,0,0,0,0,0,1,0,1,0,0,0,0,5,31,1,0,0,0,0,9,14,0,0,0,0,34,0,0,0,0,0,0,0,0,1,25,2,0,9,16,0,0,0,20,0,0,0,29,5,0,0,0,0,0,0,3,3,6,7,8,10
"2020-10-04",23,48,0,0,7,7,41,2,0,0,2,1,0,0,0,0,0,0,2,0,1,1,0,0,0,0,2,2,254.725,1626.29166666667,97.75,128.225,2332.3725,483.958333333333,23,138,0,4,11,8,0,20,1,2,0,0,0,0,0,0,0,0,0,0,0,0,0,0,0,0,0,0,0,0,0,0,0,0,0,0,0,0,0,0,23,0,0,0,0,4,9,5,0,0,0,0,21,0,0,0,0,0,0,0,0,0,14,2,0,5,9,0,0,0,12,0,0,0,19,2,0,0,0,0,0,0,0,3,8,4,2,6
"2020-10-05",28,68,0,0,9,9,53,5,1,1,1,1,1,1,0,0,0,0,4,0,1,1,0,1,1,0,1,1,353.033333333333,2049.83333333333,95.6666666666667,220.5,2828.89833333333,625.333333333333,0,0,0,7,9,12,0,24,1,1,0,0,0,0,0,0,0,0,1,0,0,0,0,0,0,1,0,0,0,0,0,0,0,0,0,0,0,0,0,2,26,0,0,0,0,5,11,7,0,0,0,0,27,0,0,0,0,0,0,0,0,1,23,0,0,4,9,0,0,0,17,0,2,0,24,4,0,0,0,0,0,0,3,3,8,4,2,8
"2020-10-06",54,100,2,0,15,17,79,6,0,2,3,2,3,0,1,0,0,0,4,0,2,2,0,2,2,0,1,1,731.475,3627,317.25,387.45,5423.445,1158.75,0,54,1,13,16,24,0,38,4,3,0,0,0,0,0,0,0,0,1,0,0,0,0,0,0,0,0,1,0,0,0,0,2,0,2,1,0,0,2,4,45,5,0,0,0,4,10,14,0,2,0,0,46,0,0,0,0,0,0,0,0,8,37,3,0,12,29,0,0,1,18,0,4,0,42,8,4,0,0,0,0,0,6,3,14,14,7,10
"2020-10-07",44,83,0,0,16,16,70,6,0,1,2,0,1,1,1,0,0,0,1,0,2,2,0,1,1,0,2,2,573.1,3432,232.833333333333,406.083333333333,4354.03833333333,855.130434782609,0,88,0,14,19,11,0,31,3,2,0,0,0,0,0,0,1,2,0,0,1,0,0,0,0,0,0,0,1,0,0,0,2,0,0,0,0,0,1,7,36,1,1,0,0,6,6,16,1,0,0,0,10,0,0,0,0,0,0,0,0,31,37,2,0,3,23,1,3,0,13,0,2,0,13,12,16,0,0,0,0,0,5,4,8,7,7,13
"2020-10-08",38,78,0,0,15,15,60,5,0,1,4,1,0,0,5,0,0,0,2,0,3,3,0,0,0,0,3,3,256.025,2251.5,269.166666666667,-30.5583333333333,3815.83333333333,780.583333333333,0,114,0,13,16,9,0,24,3,4,0,0,0,0,1,1,0,0,0,0,0,0,0,0,0,2,1,0,0,0,0,0,0,0,0,0,0,0,1,3,33,1,0,0,0,2,5,14,0,2,0,0,37,0,0,0,0,0,0,0,0,0,33,1,0,4,18,0,1,0,15,0,1,0,35,1,0,0,0,0,0,0,3,5,9,10,3,8
"2020-10-09",34,65,0,0,15,15,46,8,1,1,4,0,0,0,3,0,0,0,2,0,1,1,0,0,0,0,4,4,314.783333333333,1908.25,204,23.8,3428.74416666667,731,0,136,0,13,9,12,0,26,1,4,0,0,0,0,1,0,1,0,0,0,0,0,0,0,0,0,0,0,0,0,0,0,1,0,0,0,0,0,0,2,32,0,0,0,0,2,7,13,0,0,0,0,34,0,0,0,0,0,0,0,0,0,27,2,1,4,18,0,2,0,13,0,1,0,30,4,0,0,0,0,0,0,3,2,10,9,1,9
"2020-10-10",29,56,0,1,8,9,46,0,0,0,2,0,4,1,2,0,0,0,1,0,4,4,0,1,1,0,2,2,472.579166666667,1830.625,277.916666666667,264.625,2888.77458333333,530.458333333333,29,145,0,7,10,11,1,20,3,2,0,0,0,0,1,0,0,0,0,0,0,0,0,0,0,0,0,0,1,0,0,0,0,0,0,0,0,0,0,1,26,0,0,0,1,5,8,3,0,0,0,0,18,0,0,0,0,0,0,0,0,10,14,3,2,8,9,0,0,0,19,0,0,0,16,7,3,0,0,0,0,1,1,4,7,7,1,9
"2020-10-11",31,59,0,0,8,8,48,0,1,2,2,0,3,0,2,0,0,0,1,0,1,1,0,2,2,0,2,2,216.741666666667,1630.08333333333,218.291666666667,-69.8791666666667,3148.24375,275.125,31,186,0,8,12,11,0,21,1,2,0,0,0,0,0,0,0,0,1,0,0,0,0,0,0,1,1,0,1,0,0,0,1,0,0,0,0,1,1,5,24,2,0,0,0,1,5,10,0,0,0,0,31,0,0,0,0,0,0,0,0,0,16,1,0,13,12,0,5,1,13,0,0,0,28,3,0,0,0,0,0,0,2,2,5,6,4,12
"2020-10-12",16,27,0,0,9,9,22,1,0,1,1,1,0,0,0,0,0,1,0,0,1,1,0,0,0,0,1,1,146.2,846.666666666667,88.6666666666667,-7.86666666666667,1623.38666666667,218.666666666667,0,0,0,7,5,4,0,10,1,1,0,0,0,0,3,0,1,0,0,0,0,0,0,0,0,0,0,0,0,0,0,0,0,0,0,0,0,0,0,1,15,0,0,0,0,1,3,6,0,0,0,0,16,0,0,0,0,0,0,0,0,0,14,0,0,2,10,0,0,0,5,0,0,0,15,1,0,0,0,0,0,0,0,2,7,2,1,4
"2020-10-13",43,78,0,0,9,9,62,10,0,2,1,0,1,0,1,0,0,1,0,0,5,5,0,0,0,0,1,1,424.445833333333,3780.41666666667,250.833333333333,333.25,4322.59291666667,824.166666666667,0,43,0,9,22,12,0,28,5,1,0,1,0,0,0,0,0,0,3,0,1,0,0,0,0,0,0,0,0,0,0,0,2,0,0,0,0,0,0,6,35,0,0,0,0,10,4,16,0,0,0,0,4,0,0,0,0,0,0,0,1,38,21,8,0,14,11,0,6,0,22,1,2,0,5,0,37,0,1,0,0,0,8,2,15,6,5,7
"2020-10-14",47,89,1,1,8,10,69,10,0,0,3,0,0,1,2,0,0,0,4,1,3,4,0,0,0,0,1,1,507.6,3579.83333333333,197.791666666667,298.254166666667,4713.35583333333,1155.41666666667,0,94,1,7,29,9,1,33,4,3,0,0,0,0,1,0,1,1,1,0,0,0,0,0,0,1,0,0,0,0,0,0,0,0,0,0,0,0,1,4,41,1,1,0,0,6,6,11,2,0,0,0,43,0,0,0,0,0,0,0,0,1,36,1,0,7,22,0,7,0,13,1,3,0,38,6,0,0,0,0,0,0,9,0,7,6,11,14
"2020-10-15",50,95,0,1,7,8,74,12,0,2,2,0,0,1,3,0,0,0,1,0,3,3,0,0,0,0,2,2,690.416666666667,3200,327.083333333333,336.458333333333,5000.8125,968.75,0,150,0,6,23,20,1,37,3,2,0,0,0,0,0,0,0,0,0,1,0,0,0,0,0,1,1,0,2,0,0,0,1,0,0,0,0,0,0,6,42,0,0,0,0,6,8,16,1,0,0,0,42,0,0,0,0,0,0,0,0,8,34,3,0,11,15,0,8,0,25,0,2,0,33,8,8,0,0,0,0,0,6,1,14,10,5,14
"2020-10-16",49,97,0,0,10,10,78,12,0,1,0,0,1,1,1,0,0,1,2,0,2,2,0,1,1,0,0,0,474.483333333333,4301.79166666667,261.333333333333,379.1375,4945.22291666667,1045.33333333333,0,196,0,10,23,16,0,40,3,0,0,1,0,1,1,0,0,1,0,0,0,0,0,0,0,0,0,0,0,0,0,0,0,0,1,0,0,0,0,1,46,1,0,0,0,3,5,20,1,0,0,0,18,0,0,0,0,0,0,0,0,30,31,3,1,12,20,0,8,0,20,0,1,0,13,11,22,0,2,0,0,0,1,1,9,9,11,18
"2020-10-17",36,70,0,0,8,8,64,2,0,0,2,0,1,0,0,0,0,0,1,0,3,3,0,1,1,0,2,2,321,2272.5,187.5,65.25,3652.62,994.5,36,180,0,8,18,10,0,26,4,1,0,0,0,0,0,1,0,0,0,1,0,0,0,0,0,1,0,0,0,0,0,0,0,0,0,0,0,1,0,2,32,1,0,0,0,5,2,16,0,0,0,0,33,0,0,0,0,0,0,0,0,1,18,3,0,15,12,0,4,1,18,0,0,0,31,3,0,0,0,0,0,0,3,3,6,6,2,16
"2020-10-18",26,53,0,1,4,5,47,0,0,0,2,1,1,0,1,0,0,0,1,0,0,0,0,0,0,0,1,1,285.133333333333,1393.16666666667,197.166666666667,39.65,2645.68416666667,509.166666666667,26,156,0,4,13,8,1,16,0,2,0,0,0,0,0,0,1,0,1,0,0,0,0,0,0,3,1,0,0,0,0,0,0,0,0,0,0,0,0,6,18,0,1,0,0,4,6,4,0,0,0,0,24,0,0,0,0,0,0,0,0,0,12,0,1,10,11,0,0,0,12,0,0,0,13,10,0,0,0,0,0,0,3,1,8,7,3,4
"2020-10-19",32,61,0,0,8,8,40,9,0,1,2,1,0,0,4,0,0,0,4,0,1,1,0,0,0,0,1,1,347.733333333333,2510.66666666667,157.333333333333,225.6,3247.70666666667,602.666666666667,0,0,0,7,13,12,0,18,1,1,0,0,0,0,0,1,0,1,1,1,0,0,0,0,0,1,0,0,0,0,0,0,0,0,0,0,0,0,1,4,21,1,0,0,0,4,3,16,0,0,0,0,12,0,0,1,0,0,0,0,0,18,23,1,1,6,13,0,1,0,15,1,1,0,8,7,16,0,0,0,0,0,3,4,7,5,2,11
"2020-10-20",41,82,0,0,5,5,68,7,0,3,1,0,0,0,1,0,0,0,2,0,1,1,0,0,0,0,0,0,342.008333333333,3496.95833333333,254.541666666667,242.925,4160.25291666667,589.375,0,41,0,5,25,11,0,33,1,1,0,0,0,0,0,0,0,0,0,1,0,0,0,0,0,0,1,0,2,0,0,0,1,0,0,0,0,0,0,5,35,0,0,0,0,4,10,12,0,0,0,0,14,0,0,0,0,1,0,0,0,23,24,4,1,10,12,0,3,0,24,0,1,0,13,9,15,1,1,0,0,0,3,2,10,6,4,16
"2020-10-21",35,62,0,0,11,11,45,6,0,3,2,0,1,0,1,0,0,1,3,0,7,7,0,1,1,0,1,1,350.729166666667,3004.16666666667,207.083333333333,270.229166666667,3540.1625,424.375,0,70,0,11,17,7,0,21,7,1,0,0,0,0,0,0,0,0,1,0,0,0,0,0,0,0,1,0,0,0,0,0,1,0,0,0,0,0,1,3,29,1,0,0,0,1,7,13,0,0,0,0,7,0,0,0,0,0,0,0,0,28,23,6,0,6,20,0,0,0,13,0,1,0,5,10,20,0,0,0,0,0,4,0,8,11,5,7
"2020-10-22",42,77,0,1,9,10,60,7,2,2,3,0,0,0,2,0,0,0,1,0,4,4,0,0,0,0,2,2,466.025,3101,147,274.225,4265.8525,995.75,0,126,0,9,14,18,1,29,6,2,0,0,0,0,0,0,0,0,1,0,0,0,0,0,0,0,0,0,0,0,0,0,2,0,0,0,0,0,1,3,37,1,0,0,0,3,7,12,0,0,0,0,38,0,0,0,0,1,0,0,0,2,32,3,0,6,19,0,2,2,17,0,1,0,27,13,0,0,0,0,0,0,6,0,15,6,8,7
"2020-10-23",43,87,0,0,13,13,62,8,0,2,9,1,1,0,0,0,0,0,4,0,0,0,0,0,0,0,3,3,696.779166666667,3182,286.666666666667,492.170833333333,4327.89625,612.75,0,172,0,11,8,24,0,26,1,8,0,0,0,0,0,0,1,0,0,0,1,0,0,0,0,0,0,0,1,0,0,0,2,0,0,0,0,0,0,5,35,0,0,1,0,3,8,11,1,0,0,0,41,0,0,0,0,0,0,0,0,0,31,1,0,10,24,0,5,0,12,0,1,0,39,1,0,0,0,0,0,0,6,7,10,2,5,13
"2020-10-24",33,65,0,1,6,7,56,3,0,0,3,0,0,0,0,0,0,1,2,0,2,2,0,0,0,0,3,3,339.4875,2208.25,324.5,138.4625,3317.50375,738.375,33,165,0,6,18,8,1,20,2,3,0,0,0,0,0,0,0,0,1,0,0,0,0,0,0,0,2,0,1,1,0,0,3,0,0,0,0,0,0,8,25,0,0,0,0,1,9,4,1,0,0,0,28,0,0,0,0,0,0,0,0,4,24,1,0,8,13,0,2,0,18,0,0,0,25,4,4,0,0,0,0,0,4,6,7,4,4,8
"2020-10-25",23,47,0,2,4,6,43,1,0,0,0,0,1,1,1,0,0,0,0,0,1,1,0,1,1,0,0,0,86.0583333333333,1071.41666666667,171.541666666667,-160.7125,2341.48625,240.541666666667,23,138,0,3,14,4,2,16,1,0,0,0,0,0,0,0,0,1,0,0,0,0,0,0,0,0,1,0,1,0,0,0,1,0,0,0,0,0,1,4,17,1,0,0,0,3,4,10,0,0,0,0,21,0,0,1,0,0,0,0,1,0,14,2,0,7,9,0,4,0,9,0,0,0,18,5,0,0,0,0,0,0,1,2,3,6,2,9
"2020-10-26",40,69,0,0,13,13,53,4,0,1,0,1,0,0,5,0,0,1,4,0,6,6,0,0,0,0,0,0,136.166666666667,3313.33333333333,205,14.5,4051.15,463.333333333333,0,0,0,12,15,13,0,24,6,0,0,0,0,0,0,0,1,0,2,0,0,0,0,0,0,3,0,0,0,0,0,0,1,0,1,0,0,0,0,7,30,1,1,0,0,2,7,8,0,0,0,0,6,0,0,0,0,0,0,0,0,33,13,10,2,14,18,0,0,0,20,0,1,0,4,2,31,0,1,0,0,0,4,5,3,11,5,12
"2020-10-27",51,86,0,0,12,12,64,10,0,2,4,0,1,1,1,0,0,1,2,0,4,4,0,1,1,0,3,3,93.075,3536,295.375,-175.525,5172.8875,1175.125,0,51,0,12,23,16,0,29,6,2,0,0,0,0,1,0,2,2,3,0,0,0,0,0,0,1,1,0,0,1,0,0,2,0,1,0,0,0,0,12,38,1,0,0,0,7,6,20,0,0,0,0,47,0,0,0,0,0,0,0,0,4,39,2,0,9,22,0,5,0,22,0,2,0,42,5,2,0,1,0,0,0,5,8,5,6,13,14
"2020-10-28",35,66,0,0,9,9,49,5,0,4,1,0,1,0,2,0,0,1,3,0,1,1,0,1,1,0,1,1,144.958333333333,2587.08333333333,182.291666666667,-4.375,3520.78125,638.75,0,70,0,9,12,14,0,26,2,1,0,0,0,0,1,0,0,0,0,0,0,0,0,0,0,1,0,0,0,0,0,0,1,0,0,0,0,0,2,2,30,2,0,0,0,3,5,12,0,0,0,0,33,0,0,0,0,0,0,0,0,2,21,2,0,12,18,0,2,0,14,0,1,0,25,6,1,0,0,1,1,0,5,2,10,7,2,9
"2020-10-29",36,73,0,0,4,4,62,6,1,1,0,0,0,0,1,0,0,0,2,0,1,1,0,0,0,0,0,0,185.55,2305.5,264,-40.95,3613.89,435,0,108,0,4,16,16,0,31,1,0,0,0,0,0,0,0,0,1,0,0,0,0,0,0,0,0,1,0,2,0,0,0,0,0,0,0,0,0,0,4,32,0,0,0,1,3,4,16,0,0,0,0,35,0,0,0,0,0,0,0,0,1,22,4,1,8,16,0,1,1,16,0,1,0,28,8,0,0,0,0,0,0,2,1,6,6,6,15
"2020-10-30",58,111,0,0,15,15,88,14,0,0,0,0,2,0,3,0,0,0,4,0,3,3,0,2,2,0,0,0,-59.6916666666667,3550.08333333333,546.166666666667,-444.908333333333,5861.06916666667,328.666666666667,0,232,0,12,24,22,0,47,2,0,0,0,0,0,0,0,1,1,1,1,0,0,0,1,0,1,0,0,0,0,0,0,2,0,0,0,0,0,0,8,49,0,0,0,0,4,14,20,0,0,0,0,57,0,1,0,0,0,0,0,0,0,38,7,0,13,35,0,1,0,20,0,2,0,55,3,0,0,0,0,0,0,8,6,16,7,6,15
"2020-10-31",34,68,0,1,16,17,57,2,0,2,2,0,0,0,0,0,0,0,5,0,3,3,0,0,0,0,2,2,51.2833333333333,1991.83333333333,195.5,-206.691666666667,3466.48416666667,787.666666666667,34,170,0,11,14,8,1,22,3,2,0,0,0,0,0,0,1,1,0,1,0,0,0,0,0,0,0,0,1,0,0,0,0,0,0,0,0,0,1,4,27,1,0,0,0,1,8,8,0,0,0,0,30,0,0,0,0,0,0,0,0,2,21,2,0,9,11,0,0,0,19,0,0,0,30,1,0,0,0,0,0,0,5,4,9,9,0,7
"2020-11-01",19,47,0,0,6,6,42,1,0,0,1,1,0,0,1,0,0,0,1,0,0,0,0,0,0,0,1,1,93.3375,1391.75,159.125,9.2625,1899.08166666667,380.791666666667,19,114,0,5,10,4,0,16,0,1,0,0,0,0,0,0,0,0,0,0,0,0,0,0,0,0,0,0,0,0,0,0,0,0,1,0,0,0,0,0,17,1,1,0,0,3,5,4,1,0,0,0,8,0,0,0,0,0,0,0,0,10,5,2,0,11,7,0,0,0,10,0,1,0,8,4,6,0,0,0,0,0,2,0,5,2,2,8
"2020-11-02",57,111,0,0,16,16,95,10,0,0,0,0,0,0,0,0,0,0,6,0,4,4,0,0,0,0,0,0,20.6625,3769.125,534.375,-322.525,5656.65625,938.125,0,0,0,14,31,12,0,44,4,0,0,0,0,0,0,0,2,0,0,1,0,0,0,0,0,1,0,0,0,0,0,0,2,0,0,0,0,0,1,6,48,1,0,0,0,3,9,22,1,0,0,0,37,0,3,0,0,0,1,5,0,9,37,3,0,14,22,0,4,0,26,1,2,0,36,8,1,0,0,9,0,1,3,3,14,15,6,16
"2020-11-03",46,89,0,0,8,8,70,6,0,4,1,0,0,0,2,0,0,0,6,0,1,1,0,0,0,0,1,1,-23,2760,258.75,-345.575,4622.90416666667,875.916666666667,0,46,0,8,23,15,0,37,1,1,0,0,0,0,0,0,2,0,0,1,0,0,0,0,0,0,0,0,0,0,0,0,0,1,1,0,0,0,0,3,39,2,0,0,0,9,5,23,0,0,0,0,22,0,12,0,0,0,0,5,0,6,25,2,0,17,24,0,2,0,18,0,1,0,31,8,0,0,0,6,0,0,8,2,7,9,4,16
"2020-11-04",36,66,0,0,5,5,58,5,0,0,1,0,0,0,1,0,0,0,1,0,3,3,0,0,0,0,1,1,126.6,2392.5,225,-80.7,3656.28,720,0,72,0,5,15,16,0,23,4,1,0,0,0,0,0,0,1,0,1,0,0,0,0,0,0,2,0,0,0,0,0,0,3,0,0,0,0,0,0,7,28,0,0,0,0,6,8,10,0,0,0,0,33,0,1,0,0,0,0,0,0,1,26,2,1,6,16,0,3,0,15,0,1,0,33,0,0,0,0,0,0,0,1,3,8,8,2,14
"2020-11-05",52,95,0,1,15,16,76,9,0,2,3,0,1,0,0,0,0,0,4,0,5,5,0,1,1,0,2,2,617.5,3083.16666666667,305.5,187.416666666667,5259.30166666667,890.5,0,156,0,14,22,15,1,34,4,3,1,0,0,1,0,1,1,1,0,1,0,0,0,0,0,1,0,0,1,0,0,0,0,0,0,0,0,0,1,5,44,1,0,0,0,6,9,21,0,0,0,0,49,0,0,0,0,0,0,0,0,2,28,3,0,20,29,0,1,0,21,0,0,0,50,2,0,0,0,0,0,0,4,7,8,10,8,15
"2020-11-06",36,69,0,1,12,13,54,5,0,2,4,0,2,0,0,0,0,0,2,0,2,2,0,1,1,0,2,2,527.7,2116.5,286.5,238.65,3631.5,691.5,0,144,0,11,19,5,1,24,2,3,0,0,0,0,1,0,0,0,0,0,0,0,0,0,0,4,0,0,0,0,0,0,0,0,0,0,0,0,1,4,30,1,0,0,0,4,6,13,0,0,0,0,33,0,0,0,1,0,0,1,0,0,25,0,0,10,18,0,0,1,15,0,1,0,32,2,0,0,0,1,0,0,3,4,7,5,9,8
"2020-11-07",28,52,0,0,13,13,47,1,0,0,1,0,2,0,1,0,0,0,0,0,3,3,0,1,1,0,1,1,433.416666666667,1801.33333333333,191.333333333333,242.2,2830.15833333333,563.5,28,140,0,9,9,10,0,20,2,1,0,0,0,0,0,0,0,0,1,0,0,0,0,0,0,1,0,0,0,0,0,0,1,0,1,0,0,0,0,3,23,1,0,0,0,4,6,4,2,0,0,1,25,0,0,0,0,0,0,0,0,3,17,2,0,9,7,0,3,0,16,0,1,0,27,0,0,0,0,0,0,0,1,3,8,7,4,5
"2020-11-08",24,57,1,1,3,5,52,0,0,0,0,0,0,0,4,0,0,0,1,0,0,0,0,0,0,0,0,0,372.2,1394,171,171.2,2438.18,507,24,144,1,2,12,9,0,20,0,0,0,0,0,0,0,0,0,0,1,0,0,0,0,0,0,0,1,0,0,0,0,0,1,0,0,0,0,0,0,3,20,0,0,0,0,2,4,11,1,0,0,0,24,0,0,0,0,0,0,0,0,0,11,1,0,12,10,0,1,2,9,0,0,0,24,0,0,0,0,0,0,0,3,3,5,4,4,5
"2020-11-09",39,72,0,3,13,16,55,7,0,2,2,2,1,0,0,0,0,1,2,0,5,5,0,1,1,0,2,2,598.4875,2250.625,279.5,268.125,3957.24875,864.5,0,0,0,11,19,6,3,27,5,2,1,0,0,0,0,0,0,1,1,0,0,0,0,0,0,1,0,0,0,0,0,0,0,0,0,0,0,0,1,3,35,1,0,0,0,3,8,16,0,0,0,0,39,0,0,0,0,0,0,0,0,0,25,2,0,11,20,0,2,0,16,0,1,0,38,1,0,0,0,0,0,0,2,5,12,4,7,9
"2020-11-10",42,80,0,1,6,7,60,9,0,1,5,0,0,0,2,0,0,0,3,0,2,2,0,0,0,0,4,4,689.15,2588.25,267.75,369.775,4229.0675,806.75,0,42,0,5,19,17,1,29,3,4,0,0,0,0,0,1,1,0,0,0,1,0,0,1,0,0,0,0,0,0,0,0,1,0,0,0,0,0,0,4,37,0,0,0,0,5,6,14,0,0,0,0,42,0,0,0,0,0,0,0,0,0,30,4,0,7,18,0,0,1,21,0,1,0,40,1,0,0,0,0,0,0,5,3,7,9,4,14
"2020-11-11",38,74,0,0,11,11,58,5,0,1,3,0,1,0,3,0,0,0,3,0,1,1,0,1,1,0,3,3,618.45,2823.08333333333,278.666666666667,441.116666666667,3801.045,758.416666666667,0,76,0,10,15,13,0,27,1,3,0,0,0,1,0,0,0,1,0,0,0,0,0,0,0,0,1,0,0,0,0,0,0,0,0,0,0,0,2,2,32,2,0,0,0,6,8,10,0,0,0,0,28,0,0,0,0,0,0,0,0,8,19,4,0,14,19,0,2,0,16,0,1,0,18,16,2,0,0,0,0,0,5,4,10,7,4,8
"2020-11-12",37,83,0,0,11,11,74,3,0,0,3,1,0,0,0,0,0,0,2,0,3,3,0,0,0,0,3,3,228.9375,2341.79166666667,158.791666666667,-12.7958333333333,3736.24458333333,921.916666666667,0,111,0,10,15,12,0,28,3,2,0,0,0,0,0,0,1,0,0,0,0,0,0,0,0,1,1,0,0,0,0,0,0,0,0,0,0,0,0,3,33,0,0,0,0,6,7,10,0,0,0,0,36,0,0,0,0,0,0,0,0,0,23,2,0,11,18,0,0,0,16,0,2,0,33,3,0,0,0,0,0,0,4,1,7,4,6,15
"2020-11-13",55,109,0,2,17,19,90,7,0,1,2,0,2,0,2,0,0,0,5,0,5,5,0,2,2,0,1,1,215.645833333333,4202.91666666667,265.833333333333,5.49999999999999,5535.97916666667,822.708333333333,0,220,0,13,22,18,2,44,7,0,1,0,0,0,0,0,0,0,1,0,0,0,0,0,0,0,0,0,0,0,0,0,1,0,0,0,0,0,0,2,52,0,1,0,0,2,11,21,1,0,0,0,41,0,0,0,0,0,0,0,0,11,30,5,0,18,24,0,4,0,23,0,3,0,34,10,8,1,0,0,0,0,4,5,7,13,9,17
"2020-11-14",31,64,0,1,4,5,56,1,1,2,2,0,1,0,0,0,0,0,1,0,1,1,0,0,0,0,2,2,101.395833333333,2034.375,142.083333333333,-86.4125,3129.25625,715.583333333333,31,155,0,3,19,8,1,24,1,2,0,0,0,0,0,0,0,1,0,0,0,0,0,0,0,0,0,0,1,0,0,0,1,0,0,0,0,0,0,3,27,0,0,0,0,6,3,13,0,1,0,0,31,0,0,0,0,0,0,0,0,0,18,0,0,12,14,0,1,0,16,0,0,0,25,5,0,0,0,0,0,0,2,1,7,6,4,11
"2020-11-15",21,40,0,0,9,9,34,1,0,1,1,0,0,0,3,0,0,0,0,0,2,2,0,0,0,0,1,1,57.1375,1488.375,147,-46.2,2106.79,406.875,21,126,0,7,7,7,0,17,2,1,0,0,0,0,1,0,0,0,0,0,0,0,0,0,0,0,0,0,0,0,0,0,0,0,0,0,0,0,0,0,21,0,0,0,0,1,3,9,1,0,0,0,6,0,0,0,0,1,0,0,0,14,9,2,1,9,3,0,2,0,14,0,1,0,6,2,13,0,0,0,0,0,2,3,4,4,2,6