"Date","NB_Accidents","NB_VEH_IMPLIQUES_ACCDN","NB_MORTS","NB_BLESSES_GRAVES","NB_BLESSES_LEGERS","NB_VICTIMES_TOTAL","nb_automobile_camion_leger","nb_camionLourd_tractRoutier","nb_outil_equipement","nb_tous_autobus_minibus","nb_bicyclette","nb_cyclomoteur","nb_motocyclette","nb_taxi","nb_urgence","nb_motoneige","nb_VHR","nb_autres_types","nb_veh_non_precise","NB_DECES_PIETON","NB_BLESSES_PIETON","NB_VICTIMES_PIETON","NB_DECES_MOTO","NB_BLESSES_MOTO","NB_VICTIMES_MOTO","NB_DECES_VELO","NB_BLESSES_VELO","NB_VICTIMES_VELO","Temp","Rel.Hum","Wind.Spd","Dew.Point.Temp","Stn_Press","Wind.Dir","weekdays","days","SeverityDeadly","SeverityLight Injury","SeverityMaterial High","SeverityMaterial Low","SeveritySevere Injury","as.factor(Accident_Type)31","as.factor(Accident_Type)32","as.factor(Accident_Type)33","as.factor(Accident_Type)34","as.factor(Accident_Type)35","as.factor(Accident_Type)36","as.factor(Accident_Type)37","as.factor(Accident_Type)38","as.factor(Accident_Type)39","as.factor(Accident_Type)40","as.factor(Accident_Type)41","as.factor(Accident_Type)42","as.factor(Accident_Type)43","as.factor(Accident_Type)44","as.factor(Accident_Type)45","as.factor(Accident_Type)46","as.factor(Accident_Type)47","as.factor(Accident_Type)48","as.factor(Accident_Type)49","as.factor(Accident_Type)50","as.factor(Accident_Type)51","as.factor(Accident_Type)52","as.factor(Accident_Type)53","as.factor(Accident_Type)54","as.factor(Accident_Type)55","as.factor(Accident_Type)59","as.factor(Accident_Type)71","as.factor(Accident_Type)72","as.factor(Accident_Type)73","as.factor(Accident_Type)74","as.factor(Accident_Type)75","as.factor(Accident_Type)99","Accident_CategoryFixed Object","Accident_CategoryMoving Object","Accident_CategoryNo Collision","Auth_Speed10","Auth_Speed100","Auth_Speed20","Auth_Speed30","Auth_Speed40","Auth_Speed50","Auth_Speed60","Auth_Speed70","Auth_Speed80","Auth_Speed90","Surface_CondDry","Surface_CondHard snow","Surface_CondIce","Surface_CondMud","Surface_CondOil","Surface_CondSand or gravel","Surface_CondSlush","Surface_CondSnow","Surface_CondWater accumulation","Surface_CondWet","IlluminationDay and clear","IlluminationDay and semi-dark","IlluminationNight and dark","IlluminationNight and lighted","EnvironmentCommercial","EnvironmentForest","EnvironmentIndustrial","EnvironmentPark","EnvironmentResidential","EnvironmentRural","EnvironmentSchool area","WeatherBlack Ice","WeatherClear Sky","WeatherCloudy","WeatherDrizzle","WeatherFoggy","WeatherHeavy Rain","WeatherSnow","WeatherSnowstorms","WeatherStrong Wind","cluster_id_0","cluster_id_1","cluster_id_2","cluster_id_3","cluster_id_4","cluster_id_5"
"2020-11-16",41,75,0,0,8,8,58,13,1,0,0,0,0,0,1,0,0,0,2,0,4,4,0,0,0,0,0,0,236.945833333333,2717.95833333333,384.375,-3.92916666666667,4076.49333333333,825.125,0,0,0,7,17,17,0,29,4,0,0,0,0,0,1,0,1,0,0,0,0,0,0,0,0,1,0,0,0,0,0,0,3,0,0,0,0,0,0,5,34,0,0,0,0,1,10,13,1,0,0,0,29,0,0,0,0,0,0,0,0,8,23,3,1,12,16,0,1,0,19,0,4,0,17,13,5,0,0,0,0,3,5,4,9,8,6,9
"2020-11-17",31,56,0,0,6,6,45,5,0,0,0,1,0,0,2,0,0,0,3,0,2,2,0,0,0,0,0,0,13.3041666666667,1867.75,206.666666666667,-200.983333333333,3112.73583333333,729.791666666667,0,31,0,6,14,11,0,25,2,0,0,0,0,0,0,0,1,0,0,0,0,0,0,0,0,3,0,0,0,0,0,0,0,0,0,0,0,0,0,4,27,0,0,0,0,2,4,9,1,1,0,0,29,0,0,0,0,0,0,0,0,1,20,2,0,9,16,0,1,0,12,0,2,0,23,6,1,0,0,0,0,0,3,1,9,6,3,9
"2020-11-18",33,63,0,0,4,4,53,4,0,1,0,0,0,0,1,0,0,0,4,0,1,1,0,0,0,0,0,0,-160.05,1683,189.75,-447.0125,3368.92875,688.875,0,66,0,3,17,13,0,27,1,0,0,0,0,0,0,0,0,0,0,1,0,0,0,0,0,0,0,0,2,0,0,0,1,0,0,0,0,0,0,4,28,0,0,0,0,6,9,8,1,0,0,0,30,0,0,0,0,0,0,0,0,0,16,1,0,13,12,0,2,0,13,0,3,0,21,9,0,0,0,0,0,0,3,1,7,13,3,6
"2020-11-19",34,65,0,1,9,10,54,6,0,3,0,0,0,0,0,0,0,1,1,0,3,3,0,0,0,0,0,0,-3.825,2082.5,270.583333333333,-228.083333333333,3449.83833333333,664.416666666667,0,102,0,8,16,9,1,29,3,0,0,0,0,0,0,0,0,0,0,0,0,0,0,0,0,0,0,2,0,0,0,0,0,0,0,0,0,0,0,2,32,0,0,0,0,2,9,15,0,0,0,0,33,0,0,0,0,0,0,0,0,0,22,1,0,10,14,0,2,0,17,0,0,0,26,7,0,0,0,0,0,0,2,3,6,7,5,11
"2020-11-20",34,64,0,0,12,12,51,8,1,1,2,0,0,0,1,0,0,0,0,0,1,1,0,0,0,0,2,2,327.533333333333,1885.58333333333,228.083333333333,32.725,3425.44333333333,708.333333333333,0,136,0,11,15,8,0,24,1,2,0,0,0,0,1,0,1,0,1,0,0,0,0,0,0,0,0,0,0,0,0,0,2,0,0,0,0,0,1,4,28,1,0,0,1,4,5,13,0,1,0,0,33,0,0,0,0,0,0,0,0,1,21,0,1,12,12,0,6,1,12,0,2,0,28,6,0,0,0,0,0,0,3,1,4,8,10,8
"2020-11-21",29,59,0,0,5,5,53,1,0,1,1,0,0,0,0,0,0,0,3,0,0,0,0,0,0,0,1,1,134.85,1545.45833333333,203,-119.866666666667,2953.78291666667,472.458333333333,29,145,0,3,13,13,0,26,0,1,0,0,0,0,0,0,0,0,0,2,0,0,0,0,0,0,0,0,0,0,0,0,0,0,0,0,0,0,0,2,27,0,0,0,1,5,8,6,0,0,0,0,28,0,0,0,0,0,0,0,0,0,17,3,0,7,9,0,3,1,13,0,2,0,25,3,0,0,0,0,0,0,1,0,8,5,2,13
"2020-11-22",41,72,0,0,11,11,61,4,0,1,0,0,0,0,2,0,0,0,4,0,1,1,0,0,0,0,0,0,-33.1416666666667,3071.58333333333,213.541666666667,-201.070833333333,4188.4575,418.541666666667,41,246,0,9,19,13,0,28,1,0,0,0,0,0,0,0,1,2,3,0,0,0,0,0,0,1,2,0,0,0,0,0,2,0,0,0,0,0,0,11,29,0,1,0,0,5,7,13,1,0,0,0,19,0,0,0,0,0,4,13,0,5,12,5,0,24,16,0,5,0,20,0,0,0,17,3,2,0,0,17,2,0,6,3,10,11,1,10
"2020-11-23",28,53,0,0,10,10,42,7,2,1,0,0,0,0,0,0,0,0,1,0,1,1,0,0,0,0,0,0,49.4666666666667,2333.33333333333,159.833333333333,-23.45,2812.145,462,0,0,0,6,15,7,0,20,1,0,0,0,0,0,0,0,1,1,0,0,0,0,0,0,0,1,0,0,0,0,0,0,2,0,0,0,0,0,0,5,21,0,0,0,0,2,6,7,0,1,0,0,8,0,0,0,0,0,2,2,0,16,15,1,0,11,14,0,0,0,11,0,2,0,9,8,9,0,0,2,0,0,6,0,8,4,8,2
"2020-11-24",48,89,0,0,12,12,61,11,1,2,0,0,0,0,7,0,0,0,7,0,4,4,0,0,0,0,0,0,-145.2,2752,368,-496.4,4887,924,0,48,0,11,20,17,0,39,4,0,0,0,0,0,1,0,0,0,0,0,0,0,0,0,0,0,1,0,0,0,0,0,1,0,0,0,0,0,0,2,44,0,0,0,0,4,9,13,1,1,0,0,38,3,1,0,0,0,0,2,0,1,27,1,1,15,23,0,4,0,16,0,2,0,36,5,0,0,0,1,0,0,4,3,11,7,9,14
"2020-11-25",63,115,0,0,16,16,84,14,5,4,0,0,0,0,3,0,0,0,5,0,0,0,0,0,0,0,0,0,-148.3125,5339.25,370.125,-295.05,6392.61,979.125,0,126,0,12,35,16,0,44,1,0,0,0,0,0,0,0,1,3,2,2,0,0,0,0,0,3,1,0,0,0,0,0,3,0,0,0,0,0,2,15,45,2,0,0,0,5,14,26,1,1,0,0,1,1,2,0,0,0,7,45,0,5,44,6,0,13,27,0,9,0,26,0,0,0,8,16,1,0,0,37,1,0,6,0,17,18,6,16
"2020-11-26",44,87,0,0,11,11,69,8,3,2,0,0,0,0,2,0,0,0,3,0,4,4,0,0,0,0,0,0,62.15,4229.5,287.833333333333,37.4,4426.82166666667,380.695652173913,0,132,0,11,16,17,0,34,3,0,0,0,0,0,0,0,1,1,0,1,0,0,0,0,0,0,0,0,1,0,0,0,0,0,0,0,0,0,1,4,37,1,0,0,0,5,10,17,0,0,0,0,3,0,0,0,0,0,2,9,0,29,28,3,0,12,27,0,3,0,13,0,0,0,13,15,11,1,0,3,0,0,5,2,8,4,11,14
"2020-11-27",51,94,0,0,17,17,83,4,0,1,0,0,0,0,0,0,0,0,6,0,5,5,0,0,0,0,0,0,263.075,4490.125,199.75,168.9375,5134.87125,1253.75,0,204,0,13,17,21,0,39,5,0,0,0,0,0,0,0,0,1,1,0,0,0,0,0,1,1,0,0,0,0,0,0,1,0,0,0,0,0,1,5,44,1,1,0,0,6,7,21,0,0,0,0,24,0,0,0,0,0,0,1,0,24,30,5,0,13,24,0,2,0,22,0,0,0,30,13,4,0,0,0,0,0,2,6,12,7,7,17
"2020-11-28",29,55,0,0,8,8,50,2,0,0,0,0,0,0,1,0,0,0,2,0,2,2,0,0,0,0,0,0,134.366666666667,2414.25,152.25,57.275,2909.70291666667,689.958333333333,29,145,0,7,12,10,0,24,2,0,0,0,0,0,0,0,0,0,1,0,0,0,0,0,0,1,0,0,1,0,0,0,0,0,0,0,0,0,0,3,26,0,1,0,0,1,6,9,0,0,0,0,24,0,0,0,0,0,0,0,0,3,15,3,0,10,15,0,2,0,11,0,0,0,21,6,0,0,0,0,0,0,1,3,5,6,4,10
"2020-11-29",18,38,0,0,0,0,31,3,0,0,0,0,1,0,0,0,0,0,3,0,0,0,0,0,0,0,0,0,92.55,1309.5,94.5,10.725,1811.6475,366,18,108,0,0,8,10,0,15,0,0,0,0,0,0,0,1,0,0,1,0,0,0,0,0,0,0,0,0,0,0,0,0,0,0,0,0,0,0,0,1,16,0,1,0,0,3,1,2,0,0,0,0,17,0,0,0,0,0,0,0,0,1,12,1,0,5,9,0,0,0,9,0,0,0,12,6,0,0,0,0,0,0,1,1,5,2,5,4
"2020-11-30",35,60,0,0,15,15,50,4,0,3,0,0,0,0,1,0,0,0,2,0,9,9,0,0,0,0,0,0,185.5,2719.79166666667,265.416666666667,51.3333333333333,3494.93958333333,517.708333333333,0,0,0,14,14,7,0,23,8,0,0,1,0,0,0,0,0,0,1,0,0,0,0,0,0,0,1,0,0,0,0,0,0,0,0,0,0,0,0,2,32,0,0,0,0,6,8,13,0,0,0,0,12,0,0,0,0,0,0,0,0,22,12,4,0,17,15,0,2,0,15,0,2,0,8,6,18,0,1,0,0,0,3,0,5,5,13,9
"2020-12-01",49,86,0,1,8,9,66,9,2,0,2,0,0,0,1,0,0,0,6,0,4,4,0,0,0,0,2,2,354.025,4510.04166666667,296.041666666667,293.3875,4838.46416666667,600.25,0,49,0,8,20,20,1,31,5,2,0,1,0,0,1,0,1,0,0,0,0,0,0,0,0,2,0,0,3,0,0,0,1,0,0,0,1,0,0,7,40,1,0,0,0,3,12,20,2,0,0,0,13,0,0,0,0,0,0,0,0,32,18,9,0,21,18,0,6,0,23,0,1,0,12,11,23,1,0,0,0,0,4,3,12,8,11,11
"2020-12-02",37,71,0,0,15,15,60,5,0,1,3,0,0,0,1,0,0,0,1,0,3,3,0,0,0,0,2,2,64.75,2828.95833333333,265.166666666667,-71.5333333333333,3689.99458333333,761.583333333333,0,74,0,11,16,10,0,27,4,3,0,1,0,0,0,0,0,0,1,0,0,1,0,0,0,0,0,0,0,0,0,0,0,0,0,0,0,0,0,2,35,0,0,0,0,4,8,17,0,0,0,0,23,0,0,0,0,0,0,0,0,14,23,2,0,12,19,0,2,0,16,0,0,0,11,22,3,0,0,1,0,0,5,2,8,8,3,11
"2020-12-03",33,65,0,0,11,11,54,7,1,0,0,0,0,0,3,0,0,0,0,0,2,2,0,0,0,0,0,0,74.9375,2369.125,266.75,-75.9,3313.75,666.875,0,99,0,8,8,17,0,25,1,0,0,0,0,0,0,1,0,1,0,0,0,0,0,0,0,2,0,0,0,0,0,0,1,0,0,0,0,0,0,4,27,0,0,0,0,1,7,13,0,0,0,0,32,0,0,0,0,0,0,0,0,0,21,6,0,6,18,0,2,0,11,0,1,0,19,13,0,0,0,0,0,0,3,1,8,7,6,8
"2020-12-04",60,99,0,0,28,28,78,8,2,3,0,0,0,0,5,0,0,0,3,0,12,12,0,0,0,0,0,0,188.25,5057.5,402.5,40.5,6014.65,1260,0,240,0,23,26,11,0,36,12,0,0,0,0,0,0,0,1,0,0,1,1,0,0,1,0,3,0,0,1,0,0,0,1,0,0,0,0,0,3,9,48,3,1,0,0,0,24,19,1,0,0,0,10,0,0,0,0,0,0,1,0,48,17,11,0,30,30,0,4,0,19,1,4,0,15,9,32,1,0,1,0,0,3,1,14,15,8,19
"2020-12-05",29,54,1,0,4,5,45,4,0,1,1,0,0,0,2,0,0,0,1,1,1,2,0,0,0,0,0,0,30.2083333333333,2347.79166666667,304.5,-56.0666666666667,2909.19541666667,235.625,29,145,1,4,10,14,0,23,2,1,0,1,0,0,0,0,0,0,1,0,0,0,0,0,0,0,0,0,0,0,0,0,0,0,0,0,0,1,0,1,27,1,2,0,1,3,10,5,2,0,0,0,25,0,0,0,0,0,0,0,1,3,15,4,0,10,15,0,2,0,11,0,0,0,23,4,1,1,0,0,0,0,2,3,5,9,4,6
"2020-12-06",17,32,0,0,1,1,26,2,0,1,0,0,1,0,0,0,0,0,2,0,0,0,0,0,0,0,0,0,-44.0583333333333,1131.20833333333,123.25,-135.929166666667,1698.47708333333,400.208333333333,17,102,0,1,11,5,0,14,0,0,0,0,0,0,0,0,0,0,0,0,0,0,0,0,0,1,0,0,1,0,0,0,0,0,0,0,0,0,1,2,14,1,0,0,0,1,2,6,0,0,0,0,17,0,0,0,0,0,0,0,0,0,6,3,0,8,10,0,1,0,6,0,0,0,13,4,0,0,0,0,0,0,1,1,5,5,2,3
"2020-12-07",32,62,0,2,3,5,49,5,0,1,0,0,0,0,1,0,0,0,6,0,4,4,0,0,0,0,0,0,-116.8,2096,229.333333333333,-294.266666666667,3200.53333333333,885.333333333333,0,0,0,2,12,16,2,25,4,0,0,0,0,0,0,0,0,0,0,0,0,0,0,0,0,1,1,0,0,0,0,0,0,0,0,0,0,0,1,2,29,1,1,0,0,4,9,14,0,0,0,0,30,0,0,0,0,0,0,0,0,0,15,5,1,8,12,0,1,0,14,1,2,0,21,9,0,0,0,0,0,0,3,4,9,3,4,9
"2020-12-08",27,49,0,1,5,6,40,3,2,1,1,0,0,0,1,0,0,0,1,0,3,3,0,0,0,0,1,1,-128.475,1942.875,181.125,-243.5625,2702.03625,392.625,0,27,0,5,12,9,1,21,3,1,0,0,0,0,0,0,0,1,1,0,0,0,0,0,0,0,0,0,0,0,0,0,0,0,0,0,0,0,0,2,25,0,1,0,0,5,6,11,0,0,0,0,21,0,0,0,0,1,0,2,0,1,15,4,1,4,15,0,1,0,8,0,1,0,9,12,0,0,0,2,0,0,2,1,8,5,6,5
"2020-12-09",47,95,0,0,13,13,72,9,4,1,0,0,0,0,0,0,0,2,7,0,1,1,0,0,0,0,0,0,-99.2875,4139.91666666667,242.833333333333,-180.754166666667,4678.24291666667,947.833333333333,0,94,0,10,25,12,0,37,1,0,0,0,0,0,0,0,1,0,3,0,0,0,0,0,0,1,1,0,1,0,0,0,0,0,1,0,1,0,0,7,38,2,1,0,0,6,13,15,0,0,0,0,4,1,2,0,0,0,4,26,1,8,29,3,0,14,18,0,3,0,24,0,2,0,6,11,0,0,0,27,1,0,6,3,9,9,5,15
"2020-12-10",28,59,0,0,6,6,50,3,0,2,0,0,0,0,0,0,0,0,4,0,0,0,0,0,0,0,0,0,17.3833333333333,2224.83333333333,99.1666666666667,-72.3333333333333,2816.26333333333,560,0,84,0,6,17,5,0,24,0,0,0,0,0,0,1,0,1,0,1,0,0,0,0,0,0,0,0,0,0,0,0,0,1,0,0,0,0,0,0,3,25,0,1,0,0,4,5,12,0,0,0,0,12,0,2,0,0,0,0,2,0,9,22,1,0,4,12,0,2,0,12,0,0,0,17,8,0,0,0,1,0,0,3,2,6,6,2,9
"2020-12-11",30,57,0,0,12,12,43,5,0,2,1,0,0,0,1,0,0,1,4,0,0,0,0,0,0,0,1,1,65.625,2343.75,147.5,-37.5,3027.3625,458.75,0,120,0,10,10,10,0,24,0,1,0,0,0,0,0,0,1,0,0,0,0,0,0,0,0,1,0,0,1,0,0,0,1,0,0,0,0,0,1,4,25,1,0,0,0,5,8,12,0,0,0,0,25,0,0,0,0,0,0,0,0,4,17,3,0,9,16,0,3,0,10,0,0,0,16,14,0,0,0,0,0,0,1,2,6,5,4,12
"2020-12-12",16,24,0,0,3,3,22,0,0,1,0,0,0,0,0,0,0,0,1,0,1,1,0,0,0,0,0,0,22.8,1342,144.666666666667,-16.3333333333333,1615.80666666667,65.3333333333333,16,80,0,3,7,6,0,5,2,0,0,0,0,0,1,0,1,0,0,0,0,0,0,0,0,1,1,0,1,0,0,0,1,0,0,0,0,0,0,5,8,0,1,0,0,2,2,8,0,0,0,0,10,0,0,0,0,0,0,0,0,5,6,0,0,9,10,0,0,0,5,0,0,0,8,4,3,0,0,0,0,0,0,1,2,5,1,7
"2020-12-13",17,34,0,0,6,6,31,0,0,0,0,0,0,0,2,0,0,0,1,0,0,0,0,0,0,0,0,0,53.6916666666667,1315.375,116.166666666667,-8.57083333333333,1702.50041666667,336.458333333333,17,102,0,3,8,6,0,14,0,0,0,0,0,0,0,0,0,0,0,1,0,0,0,0,0,0,0,0,2,0,0,0,0,0,0,0,0,0,0,3,14,0,0,0,0,1,3,9,0,0,0,0,11,0,0,0,0,0,0,0,0,5,10,2,0,4,7,0,1,0,7,0,0,0,8,5,2,0,0,0,0,0,2,0,6,2,1,6
"2020-12-14",43,80,0,0,8,8,67,7,1,2,0,0,0,0,0,0,0,0,3,0,1,1,0,0,0,0,0,0,-117.354166666667,3228.58333333333,193.5,-282.545833333333,4318.07791666667,1135.91666666667,0,0,0,8,19,16,0,35,1,0,0,0,0,0,1,0,0,0,2,1,0,0,0,0,0,1,1,0,0,0,0,0,0,0,0,0,0,0,1,5,37,1,0,0,0,4,9,22,0,1,0,0,24,0,6,0,0,0,0,7,0,5,16,2,1,22,18,0,6,0,16,1,2,0,18,12,0,0,0,12,0,0,6,3,6,10,9,9
"2020-12-15",41,73,0,1,12,13,58,8,2,2,0,0,0,0,0,0,0,0,3,0,7,7,0,0,0,0,0,0,-419.908333333333,2154.20833333333,316.041666666667,-743.6375,4164.64333333333,869.541666666667,0,41,0,10,23,7,1,28,6,0,0,0,0,0,0,0,1,0,1,1,0,0,0,0,0,0,0,0,1,0,0,0,1,0,0,0,0,0,2,5,34,2,1,0,0,4,14,14,1,0,1,0,32,0,1,0,0,1,1,1,0,5,20,1,4,15,17,0,3,0,17,0,2,0,37,4,0,0,0,0,0,0,4,5,10,7,9,6
"2020-12-16",36,62,0,0,9,9,53,5,0,1,0,0,0,0,0,0,0,1,2,0,4,4,0,0,0,0,0,0,-552.6,2251.5,324,-752.85,3688.335,186,0,72,0,9,18,9,0,25,4,0,0,1,0,0,0,0,1,0,2,0,0,0,0,1,0,1,0,0,0,0,0,0,0,0,0,0,0,0,1,5,30,1,0,0,1,7,8,15,0,0,0,0,34,0,0,0,0,0,0,0,0,2,21,7,0,8,17,0,0,0,16,0,3,0,30,4,0,0,0,0,0,1,6,3,6,8,7,6
"2020-12-17",37,66,1,0,10,11,53,5,0,1,1,0,0,0,1,0,0,0,5,0,1,1,0,0,0,0,1,1,-388.345833333333,2295.54166666667,414.708333333333,-606.954166666667,3755.90083333333,103.291666666667,0,111,1,7,14,15,0,29,1,1,0,0,0,0,0,0,1,1,0,2,0,0,0,0,0,0,0,0,1,0,0,0,0,0,0,0,0,0,1,5,31,1,0,0,1,5,9,12,1,0,0,0,32,0,0,0,0,0,0,0,0,2,25,1,0,8,16,0,2,0,15,0,0,0,29,5,0,0,0,0,0,0,4,5,8,7,4,9
"2020-12-18",33,67,0,0,19,19,61,4,0,0,0,0,0,0,0,0,0,0,2,0,5,5,0,0,0,0,0,0,-312.4,1916.75,202.125,-545.1875,3364.9,446.875,0,132,0,16,10,7,0,26,5,0,0,0,0,0,0,0,0,0,1,0,0,0,0,0,0,0,0,0,0,0,0,0,0,0,0,0,0,0,0,1,31,0,0,0,0,3,7,17,0,0,0,0,29,1,1,0,0,0,0,0,0,2,24,1,0,7,17,0,2,0,14,0,0,0,32,1,0,0,0,0,0,0,5,3,6,8,5,6
"2020-12-19",18,33,0,0,3,3,32,1,0,0,0,0,0,0,0,0,0,0,0,0,2,2,0,0,0,0,0,0,-109.65,1268.25,87.75,-193.275,1832.025,376.5,18,90,0,3,9,6,0,14,2,0,0,0,0,0,0,0,0,1,0,0,0,0,0,0,0,0,0,0,0,0,0,0,0,0,0,0,0,0,0,1,16,0,0,0,0,2,5,9,0,0,0,0,16,0,0,0,0,0,0,0,0,0,13,0,0,3,12,0,1,0,4,0,0,0,16,0,0,0,0,0,0,0,3,1,2,4,3,5
"2020-12-20",17,33,0,0,2,2,26,1,3,0,0,0,0,0,1,0,0,0,2,0,1,1,0,0,0,0,0,0,-27.8375,1398.95833333333,109.791666666667,-73.2416666666667,1711.67333333333,295.375,17,102,0,2,8,7,0,14,1,0,0,0,0,0,0,0,0,0,0,0,0,0,0,0,0,0,0,0,0,0,0,0,0,0,0,0,0,0,0,0,15,0,1,0,0,2,7,4,0,0,0,0,2,1,1,0,0,0,0,10,0,3,5,3,0,9,4,0,0,0,12,0,1,0,5,2,0,0,0,10,0,0,1,1,4,7,1,3
"2020-12-21",31,63,0,1,10,11,49,7,0,0,1,0,0,0,0,0,0,0,6,0,1,1,0,0,0,0,0,0,41.4625,2678.91666666667,135.625,-22.0875,3096.79666666667,616.125,0,0,0,7,12,11,1,28,1,1,0,0,0,0,0,0,0,0,0,0,0,0,0,0,0,0,0,0,0,0,0,0,1,0,0,0,0,0,0,1,30,0,0,0,0,6,5,9,1,0,0,0,8,0,0,0,0,0,5,4,0,11,18,4,0,7,12,0,1,0,15,0,0,0,15,11,0,0,0,2,0,0,4,4,8,4,2,9
"2020-12-22",33,61,0,0,6,6,52,3,0,0,1,0,0,0,1,0,0,1,3,0,1,1,0,0,0,0,1,1,6.4625,2869.625,148.5,-59.125,3292.0525,836,0,33,0,5,17,11,0,23,1,1,0,0,0,0,1,0,1,1,0,0,1,0,0,0,0,2,1,0,0,0,0,0,1,0,0,0,0,0,0,7,26,0,0,0,0,3,15,10,0,1,0,0,7,1,0,0,0,0,2,10,0,12,15,4,1,12,14,0,3,1,14,0,0,0,12,6,1,1,0,9,1,0,3,4,5,5,4,12
"2020-12-23",25,48,0,0,9,9,40,3,1,1,0,0,0,0,0,0,0,0,3,0,2,2,0,0,0,0,0,0,-133.854166666667,1815.625,136.458333333333,-239.583333333333,2537.13541666667,519.791666666667,0,50,0,9,9,7,0,20,0,0,0,0,0,0,1,0,0,1,2,0,0,0,0,0,0,0,0,0,1,0,0,0,0,0,0,0,0,0,0,4,21,0,0,0,0,6,6,11,0,0,0,0,6,0,0,0,0,0,1,13,0,5,13,4,0,8,10,0,0,0,15,0,0,0,8,5,0,0,0,11,1,0,5,3,3,3,5,6
"2020-12-24",32,57,0,0,10,10,46,4,0,1,0,0,0,0,2,0,0,0,4,0,4,4,0,0,0,0,0,0,174.133333333333,2545.33333333333,262.666666666667,68.8,3209.53333333333,622.666666666667,0,96,0,8,18,6,0,23,4,0,0,0,0,0,0,0,0,1,2,1,0,0,0,0,0,1,0,0,0,0,0,0,0,0,0,0,0,0,0,5,27,0,0,0,0,2,12,16,0,0,0,0,4,0,0,0,0,0,0,2,0,24,14,1,0,15,15,0,2,0,14,0,0,0,3,4,20,0,1,2,0,0,2,1,9,2,4,14
"2020-12-25",12,21,0,0,6,6,21,0,0,0,0,0,0,0,0,0,0,0,0,0,4,4,0,0,0,0,0,0,91.6,1081,76.5,73.25,1185.01,240.5,0,48,0,5,4,3,0,5,4,0,0,0,0,0,0,0,0,1,0,1,0,0,0,0,0,0,0,0,0,0,0,0,0,0,0,0,0,0,0,2,9,0,0,0,0,1,1,7,0,0,0,0,0,0,0,0,0,1,0,2,0,9,2,1,0,9,6,0,0,0,6,0,0,0,1,0,5,0,0,4,1,0,2,3,4,0,1,2
"2020-12-26",10,19,0,0,0,0,18,0,0,0,0,0,0,0,0,0,0,1,0,0,0,0,0,0,0,0,0,0,-41,677.083333333333,68.3333333333333,-92.0833333333333,994.395833333334,229.583333333333,10,50,0,0,7,3,0,9,1,0,0,0,0,0,0,0,0,0,0,0,0,0,0,0,0,0,0,0,0,0,0,0,0,0,0,0,0,0,0,0,10,0,0,0,0,1,4,2,0,0,0,0,2,0,6,0,0,0,0,0,0,0,5,0,0,5,3,0,2,0,5,0,0,1,3,3,0,1,0,0,0,0,0,2,0,5,2,1
"2020-12-27",14,25,0,1,8,9,20,0,0,0,0,0,0,0,2,0,0,0,3,0,2,2,0,0,0,0,0,0,-86.275,921.083333333333,63.5833333333333,-161.758333333333,1416.47333333333,331.916666666667,14,84,0,4,4,5,1,11,2,0,0,0,0,0,0,0,0,0,0,0,0,0,0,0,0,0,0,0,0,0,0,0,0,0,0,0,0,0,0,0,13,0,1,0,0,0,6,3,0,0,0,0,7,0,3,0,0,0,0,0,0,3,6,1,0,6,3,0,0,1,9,0,0,0,10,2,1,0,0,0,0,0,0,0,4,3,4,3
"2020-12-28",15,27,0,0,3,3,23,1,0,0,1,0,0,0,0,0,0,0,2,0,1,1,0,0,0,0,1,1,13.1875,1060,128.75,-58.5625,1506.55625,286.25,0,0,0,3,9,3,0,8,1,1,0,0,0,0,0,0,0,0,1,0,0,0,0,0,0,1,0,0,0,0,0,0,0,0,0,0,0,1,0,2,10,1,0,0,0,3,3,5,0,0,0,0,4,0,3,0,0,0,0,0,0,6,7,1,0,5,4,0,0,0,6,1,1,0,7,4,0,0,0,2,0,0,0,2,1,3,4,5
"2020-12-29",23,40,0,1,8,9,37,3,0,0,0,0,0,0,0,0,0,0,0,0,5,5,0,0,0,0,0,0,-152.95,1369.45833333333,153.333333333333,-306.283333333333,2340.64291666667,552.958333333333,0,23,0,7,11,4,1,14,5,0,0,0,0,0,0,0,1,0,2,0,0,0,0,0,0,0,0,0,0,0,0,0,1,0,0,0,0,0,0,4,19,0,0,0,0,4,7,7,0,0,0,0,22,0,1,0,0,0,0,0,0,0,15,1,0,7,8,0,1,0,14,0,0,0,22,1,0,0,0,0,0,0,3,2,11,2,3,2
"2020-12-30",26,49,0,1,6,7,41,5,1,0,0,0,0,0,0,0,0,1,1,0,2,2,0,0,0,0,0,0,-104.758333333333,1964.08333333333,171.166666666667,-203.016666666667,2628.9575,486.416666666667,0,52,0,6,10,9,1,20,2,0,0,0,0,0,0,0,1,0,0,0,1,1,0,0,0,1,0,0,0,0,0,0,0,0,0,0,0,0,0,4,22,0,0,0,1,3,2,15,1,0,0,0,4,0,1,0,0,0,2,16,0,2,11,4,0,10,15,0,4,0,5,1,0,0,7,2,0,0,0,13,3,0,4,0,8,6,3,5
"2020-12-31",29,50,0,0,5,5,39,3,3,0,0,0,0,0,2,0,0,0,3,0,1,1,0,0,0,0,0,0,-6.17826086956522,1978.30434782609,152.565217391304,-161.013043478261,2921.46,549.739130434783,0,87,0,5,11,13,0,20,1,0,0,0,0,0,0,0,1,1,0,1,1,0,0,0,0,0,1,0,2,0,0,0,1,0,0,0,0,0,0,8,21,0,0,0,0,3,9,10,1,0,0,0,3,1,7,0,0,0,2,7,0,8,13,3,0,12,11,0,3,0,15,0,0,0,15,5,2,0,0,5,0,1,5,5,2,8,3,6